office,town,candidate,party,votes,vote_percent
Presidential Electors for,statewide,Harris and Walz,D,994287,56.38%
Presidential Electors for,statewide,Trump and Vance,R,739317,41.92%
Presidential Electors for,statewide,Stein and Ware,G,14316,0.81%
Presidential Electors for,statewide,Oliver and ter Maat,LI,6742,0.38%
Presidential Electors for,statewide,"Kennedy, Jr. and Shanahan",PC,8457,0.48%
Presidential Electors for,statewide,De la Cruz and Garcia,WI,257,0.01%
Presidential Electors for,statewide,Fox and McVay,WI,4,0.00%
Presidential Electors for,statewide,McNeil and McNeil,WI,0,0.00%
Presidential Electors for,statewide,Potus and Kennedy,WI,2,0.00%
Presidential Electors for,statewide,Ayyadurai and Ellis,WI,20,0.00%
Presidential Electors for,statewide,Sonski and Onak,WI,158,0.01%
Presidential Electors for,statewide,West and Abdullah,WI,127,0.01%
United States Senator,statewide,Christopher S. Murphy,D,955783,55.83%
United States Senator,statewide,Matthew M. Corey,R,679789,39.71%
United States Senator,statewide,Christopher S. Murphy,WF,47146,2.75%
United States Senator,statewide,Justin C. Paglino,G,14466,0.84%
United States Senator,statewide,Robert Finley Hyde,CGG,14901,0.87%
United States Senator,statewide,John Flynn,WI,7,0.00%
Representative in Congress 1,statewide,John B. Larson,D,197788,59.85%
Representative in Congress 1,statewide,Jim Griffin,R,115065,34.82%
Representative in Congress 1,statewide,John B. Larson,WF,10861,3.29%
Representative in Congress 1,statewide,Mary L. Sanders,G,6768,2.05%
Representative in Congress 2,statewide,Joe Courtney,D,218162,58.01%
Representative in Congress 2,statewide,Mike France,R,157878,41.98%
Representative in Congress 2,statewide,"Kenneth Kusmierski, Jr.",WI,3,0.00%
Representative in Congress 2,statewide,Jeffery Russell,WI,4,0.00%
Representative in Congress 3,statewide,Rosa L. DeLauro,D,196712,58.83%
Representative in Congress 3,statewide,Michael Massey,R,132464,39.62%
Representative in Congress 3,statewide,Michael Massey,IND,5058,1.51%
Representative in Congress 3,statewide,Leo Almoney,WI,0,0.00%
Representative in Congress 3,statewide,Omar Scott Antar,WI,2,0.00%
Representative in Congress 3,statewide,Shahd Omar,WI,124,0.04%
Representative in Congress 4,statewide,Jim Himes,D,200866,61.01%
Representative in Congress 4,statewide,Michael Goldstein,R,123094,37.39%
Representative in Congress 4,statewide,Benjamin Wesley,IND,5283,1.60%
Representative in Congress 5,statewide,Jahana Hayes,D,170243,50.72%
Representative in Congress 5,statewide,George Logan,R,156470,46.61%
Representative in Congress 5,statewide,Jahana Hayes,WF,8886,2.65%
Representative in Congress 5,statewide,Ahmad AJ Darwish,WI,76,0.02%
Representative in Congress 5,statewide,Bertram Ferguson,WI,3,0.00%
State Senator 1,statewide,John W. Fonfara,D,18512,87.29%
State Senator 1,statewide,Luis R. Delgado,G,2696,12.71%
State Senator 2,statewide,Douglas McCrory,D,30086,82.43%
State Senator 2,statewide,Kristin Hoffman,R,6411,17.57%
State Senator 3,statewide,Saud Anwar,D,25816,60.14%
State Senator 3,statewide,Matt Siracusa,R,15570,36.27%
State Senator 3,statewide,Saud Anwar,WF,1543,3.59%
State Senator 4,statewide,MD Rahman,D,31300,60.75%
State Senator 4,statewide,Stephen King,R,18422,35.76%
State Senator 4,statewide,MD Rahman,WF,1799,3.49%
State Senator 5,statewide,Derek Slap,D,36671,68.16%
State Senator 5,statewide,Kyla Zimmermann,R,17132,31.84%
State Senator 6,statewide,Rick Lopes,D,18860,54.66%
State Senator 6,statewide,Tremell Collins,R,14340,41.56%
State Senator 6,statewide,Rick Lopes,WF,1307,3.79%
State Senator 7,statewide,Cynthia Mangini,D,22410,43.13%
State Senator 7,statewide,John A. Kissel,R,27130,52.22%
State Senator 7,statewide,Cynthia Mangini,WF,1269,2.44%
State Senator 7,statewide,John A. Kissel,IND,1147,2.21%
State Senator 8,statewide,Paul Honig,D,27753,48.25%
State Senator 8,statewide,Lisa Seminara,R,27724,48.20%
State Senator 8,statewide,Paul Honig,WF,1137,1.98%
State Senator 8,statewide,Lisa Seminara,IND,910,1.58%
State Senator 9,statewide,Matthew Lesser,D,29321,82.59%
State Senator 9,statewide,Matthew Lesser,WF,3570,10.06%
State Senator 9,statewide,Matthew Lesser,IND,2609,7.35%
State Senator 10,statewide,Gary Winfield,D,19751,78.59%
State Senator 10,statewide,Nyrell Moore,R,4054,16.13%
State Senator 10,statewide,Gary Winfield,WF,997,3.97%
State Senator 10,statewide,Nyrell Moore,IND,330,1.31%
State Senator 11,statewide,Martin M. Looney,D,24283,77.77%
State Senator 11,statewide,Steven Orosco,R,6943,22.23%
State Senator 12,statewide,Christine Cohen,D,32624,53.35%
State Senator 12,statewide,Paul Crisci,R,26709,43.67%
State Senator 12,statewide,Christine Cohen,WF,1027,1.68%
State Senator 12,statewide,Christine Cohen,IND,796,1.30%
State Senator 13,statewide,Jan Hochadel,D,22710,51.16%
State Senator 13,statewide,Elain Cariati,R,19507,43.94%
State Senator 13,statewide,Jan Hochadel,WF,1111,2.50%
State Senator 13,statewide,Gwen Samuel,IND,1063,2.39%
State Senator 13,statewide,Gwen Samuel,WI,0,0.00%
State Senator 14,statewide,James Maroney,D,27256,53.55%
State Senator 14,statewide,Steven Johnstone,R,22396,44.00%
State Senator 14,statewide,James Maroney,IND,1245,2.45%
State Senator 15,statewide,Joan V. Hartley,D,17847,85.10%
State Senator 15,statewide,Joan V. Hartley,IND,3125,14.90%
State Senator 16,statewide,Christopher Robertson,D,21703,41.19%
State Senator 16,statewide,Rob Sampson,R,29813,56.58%
State Senator 16,statewide,Christopher Robertson,IND,1174,2.23%
State Senator 17,statewide,Jorge Cabrera,D,26983,82.01%
State Senator 17,statewide,Jorge Cabrera,WF,3453,10.50%
State Senator 17,statewide,Jorge Cabrera,IND,2465,7.49%
State Senator 18,statewide,Andrew M. Parrella,D,20217,40.97%
State Senator 18,statewide,Heather Somers,R,27461,55.66%
State Senator 18,statewide,Heather Somers,IND,1663,3.37%
State Senator 19,statewide,Catherine A. Osten,D,24664,52.19%
State Senator 19,statewide,Jason Guidone,R,20360,43.08%
State Senator 19,statewide,Catherine A. Osten,WF,1370,2.90%
State Senator 19,statewide,Catherine A. Osten,IND,868,1.84%
State Senator 20,statewide,Martha Marx,D,26599,53.60%
State Senator 20,statewide,Shaun Mastroianni,R,20842,42.00%
State Senator 20,statewide,Martha Marx,WF,1265,2.55%
State Senator 20,statewide,Shaun Mastroianni,IND,915,1.84%
State Senator 21,statewide,Kevin C. Kelly,R,36236,100.00%
State Senator 22,statewide,Sujata Gadkar-Wilcox,D,23957,57.46%
State Senator 22,statewide,Chris Carrena,R,16915,40.57%
State Senator 22,statewide,Robert Edward Halstead,IND,821,1.97%
State Senator 22,statewide,Louis Anthony Bevilacqua,WI,0,0.00%
State Senator 23,statewide,Herron Gaston,D,15198,73.91%
State Senator 23,statewide,Brian Banacowski,R,3969,19.30%
State Senator 23,statewide,Herron Gaston,WF,650,3.16%
State Senator 24,statewide,Julie Kushner,D,20501,51.12%
State Senator 24,statewide,Michelle Coelho,R,18006,44.90%
State Senator 24,statewide,Julie Kushner,WF,949,2.37%
State Senator 24,statewide,Michelle Coelho,IND,650,1.62%
State Senator 25,statewide,Bob Duff,D,28378,61.26%
State Senator 25,statewide,Martin Tagliaferro,R,16396,35.39%
State Senator 25,statewide,Bob Duff,WF,1551,3.35%
State Senator 26,statewide,Ceci Maher,D,35713,61.13%
State Senator 26,statewide,Kami Evans,R,21852,37.40%
State Senator 26,statewide,Kami Evans,IND,856,1.47%
State Senator 27,statewide,Pat Billie Miller,D,23980,62.31%
State Senator 27,statewide,Nicola Tarzia,R,14506,37.69%
State Senator 28,statewide,Rob Blanchard,D,27572,45.39%
State Senator 28,statewide,Tony Hwang,R,31717,52.21%
State Senator 28,statewide,Tony Hwang,IND,1455,2.40%
State Senator 29,statewide,Mae Flexer,D,19927,46.39%
State Senator 29,statewide,Chris Reddy,R,20796,48.41%
State Senator 29,statewide,Mae Flexer,WF,968,2.25%
State Senator 29,statewide,Mae Flexer,IND,490,1.14%
State Senator 29,statewide,Alice Leibowitz,G,778,1.81%
State Senator 30,statewide,Justin Potter,D,25879,46.09%
State Senator 30,statewide,Stephen G. Harding,R,29220,52.04%
State Senator 30,statewide,Stephen G. Harding,IND,1054,1.88%
State Senator 31,statewide,Henri Martin,R,33304,100.00%
State Senator 32,statewide,Jeff Desmarais,D,26256,42.78%
State Senator 32,statewide,Eric C. Berthel,R,35122,57.22%
State Senator 33,statewide,Norm Needleman,D,33138,54.10%
State Senator 33,statewide,Jeffery Duigou,R,26427,43.14%
State Senator 33,statewide,Norm Needleman,IND,1687,2.75%
State Senator 34,statewide,Brandi Mandato,D,23945,41.96%
State Senator 34,statewide,Paul Cicarella,R,30505,53.45%
State Senator 34,statewide,Brandi Mandato,WF,1034,1.81%
State Senator 34,statewide,Paul Cicarella,IND,1048,1.84%
State Senator 34,statewide,David A. Bedell,G,539,0.94%
State Senator 35,statewide,Merry C. Garrett,D,23841,44.10%
State Senator 35,statewide,Jeff Gordon,R,28613,52.92%
State Senator 35,statewide,Merry C. Garrett,WF,933,1.73%
State Senator 35,statewide,Merry C. Garrett,IND,679,1.26%
State Senator 36,statewide,Nick Simmons,D,26583,46.94%
State Senator 36,statewide,Ryan Fazio,R,29293,51.73%
State Senator 36,statewide,Nick Simmons,IND,751,1.33%
State Representative 1,statewide,Matthew Ritter,D,4961,100.00%
State Representative 2,statewide,Raghib Allie-Brennan,D,7007,55.44%
State Representative 2,statewide,Bradley M. Koltz,R,5310,42.01%
State Representative 2,statewide,Raghib Allie-Brennan,IND,323,2.56%
State Representative 3,statewide,Minnie Gonzalez,D,3354,100.00%
State Representative 4,statewide,Julio A. Concepcion,D,3519,100.00%
State Representative 5,statewide,Maryam Khan,D,8166,99.85%
State Representative 5,statewide,Tracy L. Funnye,WI,12,0.15%
State Representative 6,statewide,"James ""Jimmy"" Sanchez",D,4385,93.52%
State Representative 6,statewide,Alyssa Peterson,PC,304,6.48%
State Representative 7,statewide,Joshua M. Hall,D,4889,100.00%
State Representative 8,statewide,Nancy Hammarstrom,D,5657,39.01%
State Representative 8,statewide,Timothy Ackert,R,8580,59.17%
State Representative 8,statewide,Nancy Hammarstrom,WF,263,1.81%
State Representative 9,statewide,Jason Rojas,D,7419,100.00%
State Representative 10,statewide,Henry J. Genga,D,5470,68.77%
State Representative 10,statewide,Chris Tierinni,R,2484,31.23%
State Representative 11,statewide,Patrick Biggins,D,4969,69.37%
State Representative 11,statewide,Salema Davis,R,2194,30.63%
State Representative 12,statewide,Geoffrey Luxenberg,D,6361,62.55%
State Representative 12,statewide,Robert Cormier,R,3398,33.41%
State Representative 12,statewide,Geoffrey Luxenberg,WF,359,3.53%
State Representative 12,statewide,Joseph Arthur Young,PC,52,0.51%
State Representative 13,statewide,Jason Doucette,D,7518,63.63%
State Representative 13,statewide,Donna C Meier,R,3969,33.59%
State Representative 13,statewide,Jason Doucette,IND,328,2.78%
State Representative 14,statewide,"Steven King, Jr",D,5536,42.68%
State Representative 14,statewide,Tom Delnicki,R,6773,52.22%
State Representative 14,statewide,Tom Delnicki,IND,304,2.34%
State Representative 15,statewide,Bobby Gibson,D,10379,83.61%
State Representative 15,statewide,Quentin Johnson,R,2034,16.39%
State Representative 16,statewide,Melissa Osborne,D,9721,61.85%
State Representative 16,statewide,Michael Schulitz,R,5997,38.15%
State Representative 17,statewide,Eleni Kavros DeGraw,D,8681,59.09%
State Representative 17,statewide,Manju Gerber,R,5522,37.59%
State Representative 17,statewide,Eleni Kavros DeGraw,WF,275,1.87%
State Representative 17,statewide,Eleni Kavros DeGraw,IND,212,1.44%
State Representative 18,statewide,Jillian Gilchrest,D,10113,100.00%
State Representative 19,statewide,Tammy Exum,D,11481,100.00%
State Representative 20,statewide,Kate Farrar,D,8391,87.75%
State Representative 20,statewide,Kate Farrar,WF,1171,12.25%
State Representative 21,statewide,Mike Demicco,D,8392,61.12%
State Representative 21,statewide,Johnny Carrier,R,4834,35.21%
State Representative 21,statewide,Mike Demicco,WF,313,2.28%
State Representative 21,statewide,Mike Demicco,IND,192,1.40%
State Representative 22,statewide,Rebecca Martinez,D,5984,47.27%
State Representative 22,statewide,Francis Rexford Cooley,R,6108,48.25%
State Representative 22,statewide,Rebecca Martinez,WF,363,2.87%
State Representative 22,statewide,Rebecca Martinez,IND,204,1.61%
State Representative 23,statewide,Jane Wisialowski,D,7369,47.16%
State Representative 23,statewide,Devin R Carney,R,7758,49.65%
State Representative 23,statewide,Jane Wisialowski,WF,213,1.36%
State Representative 23,statewide,Devin R Carney,IND,286,1.83%
State Representative 24,statewide,"Emmanuel ""Manny"" Sanchez",D,4700,60.88%
State Representative 24,statewide,Alden Russell,R,2631,34.08%
State Representative 24,statewide,"Emmanuel ""Manny"" Sanchez",WF,362,4.69%
State Representative 24,statewide,Alfred P. Mayo,PC,27,0.35%
State Representative 25,statewide,"Robert ""Bobby"" Sanchez",D,3614,70.08%
State Representative 25,statewide,Jamie Vaughan,R,1543,29.92%
State Representative 26,statewide,David DeFronzo,D,4042,55.78%
State Representative 26,statewide,Barbara Marino,R,2910,40.16%
State Representative 26,statewide,David DeFronzo,WF,294,4.06%
State Representative 27,statewide,Gary Turco,D,7381,76.92%
State Representative 27,statewide,Gary Turco,WF,1106,11.53%
State Representative 27,statewide,Stephen P. Ellis,PC,1109,11.56%
State Representative 28,statewide,Amy Morrin Bello,D,7557,55.94%
State Representative 28,statewide,William Davidson,R,5480,40.56%
State Representative 28,statewide,Amy Morrin Bello,WF,473,3.50%
State Representative 29,statewide,Kerry Szeps Wood,D,6729,57.62%
State Representative 29,statewide,Edward V. Charamut,R,4950,42.38%
State Representative 30,statewide,Donna M. Veach,R,9344,100.00%
State Representative 31,statewide,Jill Barry,D,9367,88.57%
State Representative 31,statewide,Jill Barry,IND,1209,11.43%
State Representative 32,statewide,Christie M. Carpino,R,10215,100.00%
State Representative 33,statewide,Brandon Chafee,D,6510,75.87%
State Representative 33,statewide,Brandon Chafee,IND,1080,12.59%
State Representative 33,statewide,Robert Kyle Hoggard,WE,698,8.14%
State Representative 33,statewide,Christine Leigh Rebstock,PC,292,3.40%
State Representative 34,statewide,Richard E. Knotek,D,6530,44.86%
State Representative 34,statewide,Irene Haines,R,7730,53.11%
State Representative 34,statewide,David Brice Cassenti,IND,296,2.03%
State Representative 35,statewide,Cinzia Lettieri,D,6848,47.71%
State Representative 35,statewide,Chris Aniskovich,R,7019,48.90%
State Representative 35,statewide,Cinzia Lettieri,WF,254,1.77%
State Representative 35,statewide,Chris Aniskovich,IND,233,1.62%
State Representative 36,statewide,Renee LaMark Muir,D,8022,53.00%
State Representative 36,statewide,Kathryn Russell,R,7114,47.00%
State Representative 37,statewide,Nick Menapace,D,7405,48.18%
State Representative 37,statewide,Holly H. Cheeseman,R,7302,47.51%
State Representative 37,statewide,Nick Menapace,WF,330,2.15%
State Representative 37,statewide,Holly H. Cheeseman,IND,334,2.17%
State Representative 38,statewide,Nick Gauthier,D,6745,46.93%
State Representative 38,statewide,Kathleen M. McCarty,R,7100,49.39%
State Representative 38,statewide,Nick Gauthier,WF,320,2.23%
State Representative 38,statewide,Nick Gauthier,IND,209,1.45%
State Representative 39,statewide,Anthony Nolan,D,4803,73.02%
State Representative 39,statewide,Beloved Grace Carter,R,1273,19.35%
State Representative 39,statewide,Anthony Nolan,WF,502,7.63%
State Representative 40,statewide,Christine Conley,D,5682,60.69%
State Representative 40,statewide,Susan Deane-Shinbrot,R,3167,33.83%
State Representative 40,statewide,Christine Conley,WF,284,3.03%
State Representative 40,statewide,Christine Conley,IND,229,2.45%
State Representative 41,statewide,Aundre Bumgardner,D,8855,80.61%
State Representative 41,statewide,Aundre Bumgardner,WF,1368,12.45%
State Representative 41,statewide,Aundre Bumgardner,IND,762,6.94%
State Representative 42,statewide,Savet Constantine,D,7026,50.91%
State Representative 42,statewide,Kim Healy,R,6480,46.95%
State Representative 42,statewide,Kim Healy,IND,295,2.14%
State Representative 43,statewide,Ty Lamb,D,5679,42.12%
State Representative 43,statewide,Greg Howard,R,7805,57.88%
State Representative 44,statewide,Samantha Derenthal,D,3746,33.98%
State Representative 44,statewide,Anne Dubay Dauphinais,R,6982,63.34%
State Representative 44,statewide,Samantha Derenthal,IND,295,2.68%
State Representative 45,statewide,Kayla Thompson,D,4899,37.21%
State Representative 45,statewide,Brian L. Lanoue,R,8267,62.79%
State Representative 46,statewide,Derell Wilson,D,4468,60.86%
State Representative 46,statewide,Nicholas Casiano,R,2509,34.17%
State Representative 46,statewide,Derell Wilson,WF,365,4.97%
State Representative 47,statewide,Aaron Spruance,D,4872,37.35%
State Representative 47,statewide,Doug Dubitsky,R,8173,62.65%
State Representative 48,statewide,Christopher Rivers,D,6714,45.68%
State Representative 48,statewide,Mark DeCaprio,R,7506,51.06%
State Representative 48,statewide,Christopher Rivers,WF,304,2.07%
State Representative 48,statewide,Lance Lusignan,IND,175,1.19%
State Representative 49,statewide,Susan Johnson,D,4628,84.59%
State Representative 49,statewide,Susan Johnson,WF,843,15.41%
State Representative 50,statewide,Pat Boyd,D,9136,100.00%
State Representative 51,statewide,Renee LaPalme Waldron,D,4834,40.44%
State Representative 51,statewide,Chris Stewart,R,6519,54.54%
State Representative 51,statewide,Renee LaPalme Waldron,WF,338,2.83%
State Representative 51,statewide,Renee LaPalme Waldron,IND,262,2.19%
State Representative 52,statewide,Ethan R Werstler,D,6202,42.41%
State Representative 52,statewide,Kurt Vail,R,8421,57.59%
State Representative 53,statewide,Ann Bonney,D,5875,41.51%
State Representative 53,statewide,Tammy Nuccio,R,7761,54.83%
State Representative 53,statewide,Ann Bonney,WF,243,1.72%
State Representative 53,statewide,Tammy Nuccio,IND,275,1.94%
State Representative 54,statewide,Gregg Haddad,D,5292,70.71%
State Representative 54,statewide,Aaron Bowman,R,1933,25.83%
State Representative 54,statewide,Gregg Haddad,WF,259,3.46%
State Representative 55,statewide,Amanda Veneziano,D,6786,42.32%
State Representative 55,statewide,Steve Weir,R,8849,55.18%
State Representative 55,statewide,Amanda Veneziano,WF,222,1.38%
State Representative 55,statewide,Amanda Veneziano,IND,179,1.12%
State Representative 56,statewide,Kevin Brown,D,5869,56.65%
State Representative 56,statewide,Brian Motola,R,4096,39.54%
State Representative 56,statewide,Kevin Brown,WF,255,2.46%
State Representative 56,statewide,Kevin Brown,IND,140,1.35%
State Representative 57,statewide,Jaime S. Foster,D,6720,50.37%
State Representative 57,statewide,Jennifer Dzen,R,6261,46.93%
State Representative 57,statewide,Jaime S. Foster,IND,360,2.70%
State Representative 58,statewide,John Santanella,D,5389,53.57%
State Representative 58,statewide,Robert Hendrickson,R,4348,43.22%
State Representative 58,statewide,John Santanella,IND,322,3.20%
State Representative 59,statewide,Rick LeBorious,D,6021,49.27%
State Representative 59,statewide,Carol Hall,R,6199,50.73%
State Representative 60,statewide,Jane Garibay,D,8235,61.47%
State Representative 60,statewide,Lenworth Walker,R,4629,34.55%
State Representative 60,statewide,Jane Garibay,WF,364,2.72%
State Representative 60,statewide,Jane Garibay,IND,169,1.26%
State Representative 61,statewide,Michael Malloy,D,5656,40.58%
State Representative 61,statewide,Tami Zawistowski,R,8281,59.42%
State Representative 62,statewide,Kim Becker,D,6765,44.48%
State Representative 62,statewide,Mark W. Anderson,R,7921,52.08%
State Representative 62,statewide,Kim Becker,WF,272,1.79%
State Representative 62,statewide,Mark W. Anderson,IND,251,1.65%
State Representative 63,statewide,Jay M. Case,R,9448,100.00%
State Representative 64,statewide,Maria Horn,D,8675,61.82%
State Representative 64,statewide,Barbara L. Breor,R,4959,35.34%
State Representative 64,statewide,Maria Horn,WF,246,1.75%
State Representative 64,statewide,Maria Horn,IND,152,1.08%
State Representative 65,statewide,Michelle L. Cook,D,4632,49.71%
State Representative 65,statewide,Joe Canino,R,4686,50.29%
State Representative 66,statewide,Sharon Sherman,D,6673,43.92%
State Representative 66,statewide,Karen Reddington-Hughes,R,8522,56.08%
State Representative 67,statewide,Alexandra Thomas,D,4033,36.26%
State Representative 67,statewide,William Buckbee,R,6673,59.99%
State Representative 67,statewide,William Buckbee,IND,417,3.75%
State Representative 68,statewide,Joe Polletta,R,9905,100.00%
State Representative 69,statewide,Ed Edelson,D,6753,45.98%
State Representative 69,statewide,Jason Buchsbaum,R,7933,54.02%
State Representative 70,statewide,Jeff Litke,D,4257,41.72%
State Representative 70,statewide,Seth Bronko,R,5618,55.06%
State Representative 70,statewide,Jeff Litke,IND,328,3.21%
State Representative 71,statewide,William J. Pizzuto,R,6936,100.00%
State Representative 72,statewide,Larry B. Butler,D,3486,89.71%
State Representative 72,statewide,Larry B. Butler,IND,400,10.29%
State Representative 73,statewide,Ronald A Napoli Jr,D,4583,60.09%
State Representative 73,statewide,Abigail Pizarro,R,2560,33.56%
State Representative 73,statewide,Ronald A Napoli Jr,WF,265,3.47%
State Representative 73,statewide,Ronald A Napoli Jr,IND,219,2.87%
State Representative 74,statewide,Michael DiGiovancarlo,D,4817,100.00%
State Representative 75,statewide,Geraldo C. Reyes Jr.,D,2848,100.00%
State Representative 76,statewide,Stephen Simonin,D,4577,31.75%
State Representative 76,statewide,John Piscopo,R,9840,68.25%
State Representative 77,statewide,Cara C. Pavalock-D'Amato,R,6669,69.22%
State Representative 77,statewide,"Mary ""Mim"" Rydingsward",WF,1844,19.14%
State Representative 77,statewide,"Mary ""Mim"" Rydingsward",IND,1122,11.65%
State Representative 78,statewide,Joe Hoxha,R,8443,100.00%
State Representative 79,statewide,Mary B. Fortier,D,4806,51.66%
State Representative 79,statewide,David Schrager,R,4053,43.56%
State Representative 79,statewide,Mary B. Fortier,WF,286,3.07%
State Representative 79,statewide,Mary B. Fortier,IND,159,1.71%
State Representative 80,statewide,Gale L. Mastrofrancesco,R,10251,100.00%
State Representative 80,statewide,Ashley Kathleen Frazer,WI,0,0.00%
State Representative 81,statewide,Chris Poulos,D,7249,52.32%
State Representative 81,statewide,James E. Morelli Jr.,R,6098,44.01%
State Representative 81,statewide,Chris Poulos,IND,509,3.67%
State Representative 82,statewide,Michael D. Quinn,D,5723,56.52%
State Representative 82,statewide,Lamar Terrell,R,3995,39.45%
State Representative 82,statewide,Michael D. Quinn,WF,408,4.03%
State Representative 83,statewide,Jack Fazzino,D,6281,49.86%
State Representative 83,statewide,Joseph Vollano,R,5703,45.27%
State Representative 83,statewide,Jack Fazzino,WF,401,3.18%
State Representative 83,statewide,Jack Fazzino,IND,213,1.69%
State Representative 84,statewide,Hilda E. Santiago,D,4074,100.00%
State Representative 85,statewide,Mary M. Mushinsky,D,7571,52.12%
State Representative 85,statewide,"Jerry Farrell, Jr.",R,6358,43.77%
State Representative 85,statewide,Mary M. Mushinsky,WF,392,2.70%
State Representative 85,statewide,Mary M. Mushinsky,IND,205,1.41%
State Representative 86,statewide,Vincent J. Candelora,R,10043,100.00%
State Representative 87,statewide,Kieran Ahern,D,4251,29.31%
State Representative 87,statewide,David W. Yaccarino,R,10058,69.34%
State Representative 87,statewide,Kieran Ahern,WF,197,1.36%
State Representative 88,statewide,Joshua Elliott,D,6998,89.99%
State Representative 88,statewide,Joshua Elliott,WF,778,10.01%
State Representative 89,statewide,Lezlye Zupkus,R,10263,100.00%
State Representative 89,statewide,Stuart R. Korchin,WI,0,0.00%
State Representative 90,statewide,Rebecca Hyland,D,6974,43.87%
State Representative 90,statewide,Craig Fishbein,R,8336,52.44%
State Representative 90,statewide,Rebecca Hyland,WF,342,2.15%
State Representative 90,statewide,Craig Fishbein,IND,245,1.54%
State Representative 91,statewide,Laurie Sweet,D,7921,91.05%
State Representative 91,statewide,Laurie Sweet,WF,779,8.95%
State Representative 92,statewide,Patricia A. Dillon,D,6844,89.05%
State Representative 92,statewide,Morris Sumpter,R,842,10.95%
State Representative 93,statewide,Toni E. Walker,D,4760,100.00%
State Representative 94,statewide,Steven B. Winter,D,5936,100.00%
State Representative 95,statewide,Juan Candelaria,D,3454,100.00%
State Representative 96,statewide,Roland J. Lemar,D,6560,86.02%
State Representative 96,statewide,Andrea DiLieto Zola,R,956,12.54%
State Representative 96,statewide,Andrea DiLieto Zola,IND,110,1.44%
State Representative 97,statewide,Alphonse Paolillo Jr.,D,5610,74.24%
State Representative 97,statewide,Anthony Acri,R,1947,25.76%
State Representative 98,statewide,Moira Rader,D,9431,61.61%
State Representative 98,statewide,Richard S. DiNardo,R,5534,36.15%
State Representative 98,statewide,Moira Rader,WF,343,2.24%
State Representative 99,statewide,Joe Zullo,R,7840,100.00%
State Representative 100,statewide,Kai Juanna Belton,D,6353,58.64%
State Representative 100,statewide,Nigel Macon-Wilson,R,3949,36.45%
State Representative 100,statewide,Kai Juanna Belton,WF,532,4.91%
State Representative 101,statewide,John-Michael Parker,D,8428,55.36%
State Representative 101,statewide,Lisa Deane,R,6361,41.78%
State Representative 101,statewide,John-Michael Parker,WF,224,1.47%
State Representative 101,statewide,John-Michael Parker,IND,211,1.39%
State Representative 102,statewide,Robin Comey,D,6945,51.34%
State Representative 102,statewide,Ray Ingraham,R,6260,46.28%
State Representative 102,statewide,Robin Comey,WF,322,2.38%
State Representative 103,statewide,Liz Linehan,D,9696,100.00%
State Representative 104,statewide,Kara Rochelle,D,4604,49.31%
State Representative 104,statewide,David S Cassetti,R,4176,44.73%
State Representative 104,statewide,Kara Rochelle,WF,438,4.69%
State Representative 104,statewide,Thomas G. Egan,IND,118,1.26%
State Representative 105,statewide,Nicole Klarides-Ditria,R,9476,100.00%
State Representative 106,statewide,Michelle Embree Ku,D,7257,46.34%
State Representative 106,statewide,Mitch Bolinsky,R,8127,51.89%
State Representative 106,statewide,Michelle Embree Ku,IND,278,1.77%
State Representative 107,statewide,Aaron Zimmer,D,6339,44.58%
State Representative 107,statewide,Martin J. Foncello,R,7480,52.61%
State Representative 107,statewide,Aaron Zimmer,WF,220,1.55%
State Representative 107,statewide,Aaron Zimmer,IND,179,1.26%
State Representative 108,statewide,Anne Weisberg,D,5222,40.19%
State Representative 108,statewide,Patrick Callahan,R,7540,58.03%
State Representative 108,statewide,Anne Weisberg,WF,231,1.78%
State Representative 109,statewide,Farley A. Santos,D,4199,52.14%
State Representative 109,statewide,Brenda Santopolo Hefferon,R,3506,43.53%
State Representative 109,statewide,Farley A. Santos,WF,253,3.14%
State Representative 109,statewide,Farley A. Santos,IND,96,1.19%
State Representative 110,statewide,Bob Godfrey,D,3090,57.14%
State Representative 110,statewide,Austin Monteiro,R,2129,39.37%
State Representative 110,statewide,Bob Godfrey,WF,189,3.49%
State Representative 111,statewide,Aimee Berger-Girvalo,D,8128,57.88%
State Representative 111,statewide,Colette Kabasakalian,R,5647,40.21%
State Representative 111,statewide,Aimee Berger-Girvalo,IND,269,1.92%
State Representative 112,statewide,Beth Cliff,D,6153,41.55%
State Representative 112,statewide,Tony Scott,R,8328,56.24%
State Representative 112,statewide,Beth Cliff,WF,148,1.00%
State Representative 112,statewide,Beth Cliff,IND,179,1.21%
State Representative 113,statewide,Jason Perillo,R,9346,100.00%
State Representative 114,statewide,Mary Welander,D,7867,86.26%
State Representative 114,statewide,Mary Welander,IND,1253,13.74%
State Representative 115,statewide,William J. Heffernan III,D,5705,100.00%
State Representative 116,statewide,Trenee McGee,D,4521,100.00%
State Representative 117,statewide,MJ Shannon,D,6773,49.30%
State Representative 117,statewide,Raymond V. Collins III,R,6594,48.00%
State Representative 117,statewide,MJ Shannon,WF,186,1.35%
State Representative 117,statewide,MJ Shannon,IND,185,1.35%
State Representative 118,statewide,Frank Smith,D,6842,53.23%
State Representative 118,statewide,Mark Macchio,R,5618,43.71%
State Representative 118,statewide,Frank Smith,WF,394,3.07%
State Representative 119,statewide,Etan Hirsch,D,5534,42.63%
State Representative 119,statewide,Kathy Kennedy,R,7169,55.23%
State Representative 119,statewide,Kathy Kennedy,IND,278,2.14%
State Representative 120,statewide,Kaitlyn Shake,D,6569,51.33%
State Representative 120,statewide,Laura Dancho,R,5642,44.09%
State Representative 120,statewide,Kaitlyn Shake,WF,357,2.79%
State Representative 120,statewide,Laura Dancho,IND,229,1.79%
State Representative 121,statewide,Joseph P. Gresko,D,6572,66.46%
State Representative 121,statewide,Rafael Irizarry,R,3317,33.54%
State Representative 122,statewide,"Dorothy ""Dottie"" Lerner",D,6161,43.46%
State Representative 122,statewide,Ben McGorty,R,8016,56.54%
State Representative 123,statewide,Thomas Tesoro,D,6060,43.78%
State Representative 123,statewide,David J. Rutigliano,R,7311,52.82%
State Representative 123,statewide,Thomas Tesoro,WF,192,1.39%
State Representative 123,statewide,David J. Rutigliano,IND,278,2.01%
State Representative 124,statewide,"Andre Baker, Jr.",D,3696,74.65%
State Representative 124,statewide,Yoshiyahu Yisrael,R,908,18.34%
State Representative 125,statewide,Jason Bennett,D,6146,43.64%
State Representative 125,statewide,Tom O'Dea,R,7937,56.36%
State Representative 126,statewide,"Fred Gee, Jr.",D,5697,77.64%
State Representative 126,statewide,David R. Herz,R,1641,22.36%
State Representative 127,statewide,Marcus A. Brown,D,4474,100.00%
State Representative 128,statewide,Christopher Rosario,D,2407,77.80%
State Representative 128,statewide,Ramona Marquez,R,610,19.72%
State Representative 128,statewide,Angel M. Gonzalez,IND,77,2.49%
State Representative 129,statewide,Steve Stafstrom,D,4944,76.36%
State Representative 129,statewide,Francis Kalangala,R,1531,23.64%
State Representative 130,statewide,Antonio D. Felipe,D,3265,80.06%
State Representative 130,statewide,"Terry ""Cowboy"" Sullivan",R,813,19.94%
State Representative 131,statewide,Ellen S. Fox,D,5333,40.43%
State Representative 131,statewide,Arnold Jensen,R,7520,57.01%
State Representative 131,statewide,Ellen S. Fox,IND,338,2.56%
State Representative 132,statewide,Jennifer Leeper,D,7700,57.63%
State Representative 132,statewide,Alexis Harrison,R,5470,40.94%
State Representative 132,statewide,Alexis Harrison,IND,191,1.43%
State Representative 133,statewide,Cristin McCarthy Vahey,D,7740,62.30%
State Representative 133,statewide,Chris Verras,R,4271,34.38%
State Representative 133,statewide,Cristin McCarthy Vahey,WF,412,3.32%
State Representative 134,statewide,Sarah Keitt,D,6825,49.43%
State Representative 134,statewide,Melissa Longo,R,6609,47.86%
State Representative 134,statewide,Sarah Keitt,WF,175,1.27%
State Representative 134,statewide,Sarah Keitt,IND,199,1.44%
State Representative 135,statewide,Anne Hughes,D,8404,59.41%
State Representative 135,statewide,Christopher Peritore,R,5306,37.51%
State Representative 135,statewide,Anne Hughes,WF,169,1.19%
State Representative 135,statewide,Christopher Peritore,IND,266,1.88%
State Representative 136,statewide,Jonathan Steinberg,D,9435,67.63%
State Representative 136,statewide,John Bolton,R,4515,32.37%
State Representative 137,statewide,Kadeem Roberts,D,5733,63.18%
State Representative 137,statewide,Pietro Rotondo,R,3008,33.15%
State Representative 137,statewide,Kadeem Roberts,WF,333,3.67%
State Representative 138,statewide,Kenneth M. Gucker,D,4444,48.36%
State Representative 138,statewide,Rachel Chaleski,R,4361,47.45%
State Representative 138,statewide,Kenneth M. Gucker,WF,222,2.42%
State Representative 138,statewide,Rachel Chaleski,IND,163,1.77%
State Representative 139,statewide,Kevin Ryan,D,5479,50.74%
State Representative 139,statewide,Mark Adams,R,4895,45.33%
State Representative 139,statewide,Kevin Ryan,WF,280,2.59%
State Representative 139,statewide,Kevin Ryan,IND,145,1.34%
State Representative 140,statewide,Travis Simms,D,4721,70.40%
State Representative 140,statewide,Enrique Santiago,R,1715,25.57%
State Representative 140,statewide,Travis Simms,WF,270,4.03%
State Representative 141,statewide,Sheila Quinn,D,5626,41.86%
State Representative 141,statewide,Tracy Marra,R,7609,56.61%
State Representative 141,statewide,Tracy Marra,IND,206,1.53%
State Representative 142,statewide,Lucy Dathan,D,7952,88.10%
State Representative 142,statewide,Lucy Dathan,WF,1074,11.90%
State Representative 143,statewide,Dominique Johnson,D,7424,57.87%
State Representative 143,statewide,Peter Bang,R,4945,38.55%
State Representative 143,statewide,Dominique Johnson,WF,272,2.12%
State Representative 143,statewide,Dominique Johnson,IND,188,1.47%
State Representative 144,statewide,Hubert Delany,D,6345,64.47%
State Representative 144,statewide,Layne Rodney,R,3497,35.53%
State Representative 145,statewide,Corey P. Paris,D,4344,73.02%
State Representative 145,statewide,Fritz Blau,R,1441,24.22%
State Representative 145,statewide,Corey P. Paris,WF,164,2.76%
State Representative 146,statewide,Eilish Collins Main,D,5648,62.23%
State Representative 146,statewide,Jim Malerba,R,3259,35.91%
State Representative 146,statewide,Eilish Collins Main,IND,169,1.86%
State Representative 147,statewide,Matt Blumenthal,D,7246,60.95%
State Representative 147,statewide,Rudy Settimi,R,4642,39.05%
State Representative 148,statewide,Jonathan Jacobson,D,4910,64.55%
State Representative 148,statewide,Olga Anastos,R,2697,35.45%
State Representative 149,statewide,Rachel Khanna,D,6469,47.04%
State Representative 149,statewide,Tina Courpas,R,7124,51.80%
State Representative 149,statewide,Rachel Khanna,IND,159,1.16%
State Representative 150,statewide,Steve Meskers,D,6378,56.24%
State Representative 150,statewide,Paul Cappiali,R,4963,43.76%
State Representative 151,statewide,Hector Arzeno,D,6826,51.54%
State Representative 151,statewide,Tod Laudonia,R,6418,48.46%
Registrar of Voters,statewide,Susan K. Gray,D,5586,47.00%
Registrar of Voters,statewide,Cara Kate Gately,R,6300,53.00%
Registrar of Voters,statewide,Christy Miano,D,5169,45.11%
Registrar of Voters,statewide,Joan Veley,R,6290,54.89%
Registrar of Voters,statewide,Monica Di Costanzo,D,32281,60.90%
Registrar of Voters,statewide,Lucy Corelli,R,20722,39.10%
Registrar of Voters,statewide,Wendy Cahill,D,5695,53.81%
Registrar of Voters,statewide,Timothy Beeble,R,4889,46.19%
Registrar of Voters,statewide,Louise Sheedy,D,6312,48.36%
Registrar of Voters,statewide,Matthew R. Katra,R,6740,51.64%
Registrar of Voters,statewide,Christy Yaros,D,6434,57.56%
Registrar of Voters,statewide,"Ernest McNeill, Jr.",R,4744,42.44%
Registrar of Voters,statewide,Sharon Ann O'Connor,D,9557,83.47%
Registrar of Voters,statewide,Robert Ike,R,1892,16.53%
Registrar of Voters,statewide,Christine Psathas,D,1318,43.86%
Registrar of Voters,statewide,Suzanne G. Chapman,R,1687,56.14%
Registrar of Voters,statewide,Luis Daniel Rodriguez,D,4165,56.66%
Registrar of Voters,statewide,Kimberly Desaulniers,R,2837,38.59%
Registrar of Voters,statewide,Jessica Watson,G,349,4.75%
Registrar of Voters,statewide,Pennell Hamilton,D,3146,61.12%
Registrar of Voters,statewide,Anna Dickerson,R,2001,38.88%
Registrar of Voters,statewide,Daniel Lonegan,D,2841,45.75%
Registrar of Voters,statewide,Lisa M. Amatruda,R,3369,54.25%
Registrar of Voters,statewide,Anita M. Mips,D,11819,74.65%
Registrar of Voters,statewide,Victoria Virgo-Christie,R,4014,25.35%
Registrar of Voters,statewide,Stephen Barrett,D,889,38.67%
Registrar of Voters,statewide,Betsy M. Barrett,R,1410,61.33%
Registrar of Voters,statewide,Nancy J. McCormick,D,2639,99.51%
Registrar of Voters,statewide,Amy Roberts-Perry,WI,13,0.49%
Registrar of Voters,statewide,Karen A. Birck,D,6268,59.32%
Registrar of Voters,statewide,Annalisa Stravato-Favarolo,R,4298,40.68%
Registrar of Voters,statewide,Barbara Braunstein,D,1921,37.77%
Registrar of Voters,statewide,Deborah Jones,R,3165,62.23%
Registrar of Voters,statewide,Phillip Theroux,D,5087,51.63%
Registrar of Voters,statewide,Thomas Pugliese,R,4765,48.37%
Registrar of Voters,statewide,Linda J. Derick,D,985,49.60%
Registrar of Voters,statewide,Wallace Earle Barton Jr.,R,1001,50.40%
Registrar of Voters,statewide,John Feddern,D,3582,51.16%
Registrar of Voters,statewide,David Papcin,R,3420,48.84%
Registrar of Voters,statewide,Lauren L. Olson,D,1276,53.08%
Registrar of Voters,statewide,Colleen S. DePercio,R,1128,46.92%
Registrar of Voters,statewide,Karen Martin,D,1118,48.27%
Registrar of Voters,statewide,Steven Blackburn,R,1198,51.73%
Registrar of Voters,statewide,Jessica A. Krenesky,R,2684,99.52%
Registrar of Voters,statewide,Shawn Northrop,WI,13,0.48%
Registrar of Voters,statewide,Linda Sangermano,R,2232,99.78%
Registrar of Voters,statewide,Loreen Hegan,WI,5,0.22%
Registrar of Voters,statewide,Cynthia Zdanzukas,D,3441,53.47%
Registrar of Voters,statewide,Warren Humphrey,R,2994,46.53%
Registrar of Voters,statewide,Mark Vasil,D,3928,52.46%
Registrar of Voters,statewide,Lawrence P. Edwards,R,3559,47.54%
Registrar of Voters,statewide,Karen Odell,D,473,50.21%
Registrar of Voters,statewide,Sherri Gray,R,469,49.79%
Registrar of Voters,statewide,Nelisa Reagan,D,1730,50.97%
Registrar of Voters,statewide,Gayle J. Mulligan,R,1664,49.03%
Registrar of Voters,statewide,Jayne Ridgway,D,731,73.54%
Registrar of Voters,statewide,Brittany Mosimann,R,263,26.46%
Registrar of Voters,statewide,Elizabeth Gregan,D,1541,55.75%
Registrar of Voters,statewide,Claudia H. Hardy,R,1223,44.25%
Registrar of Voters,statewide,Wayne Hayes,D,1437,46.99%
Registrar of Voters,statewide,Michele Marin,R,1621,53.01%
Registrar of Voters,statewide,Martha Hansen,D,2690,48.81%
Registrar of Voters,statewide,Rebecca J. Wonneberger,R,2821,51.19%
Registrar of Voters,statewide,Theresa M. Latimer,D,3803,48.30%
Registrar of Voters,statewide,Rosemarie Hecht,R,4070,51.70%
Registrar of Voters,statewide,Melissa Ozols,D,2543,58.59%
Registrar of Voters,statewide,Barbara Ryan,R,1797,41.41%
Registrar of Voters,statewide,Jennifer L. Gauthier,D,2242,39.37%
Registrar of Voters,statewide,Cynthia Martin,R,3453,60.63%
Registrar of Voters,statewide,Kathleen Wessling,D,2502,46.33%
Registrar of Voters,statewide,Diana Cottrell,R,2898,53.67%
Registrar of Voters,statewide,Matthew Sweet,D,560,98.59%
Registrar of Voters,statewide,Patricia Raskauskas,WI,8,1.41%
Registrar of Voters,statewide,Elizabeth Fitzgerald,D,3124,52.91%
Registrar of Voters,statewide,Michele May,R,2780,47.09%
Registrar of Voters,statewide,Therese Duncan,D,1197,67.06%
Registrar of Voters,statewide,Sal Lilienthal,R,588,32.94%
Registrar of Voters,statewide,Dottie Wells,D,953,59.90%
Registrar of Voters,statewide,Judith Davies,R,638,40.10%
Registrar of Voters,statewide,Jim Newton,D,6815,58.89%
Registrar of Voters,statewide,Gregory Scalzo III,R,4757,41.11%
Registrar of Voters,statewide,Lawrence M. Sweeney,D,574,40.25%
Registrar of Voters,statewide,Maryann Petzold,R,852,59.75%
Registrar of Voters,statewide,Saquana Seltzer,D,1858,43.27%
Registrar of Voters,statewide,Catherine Farmer-McCann,R,2436,56.73%
Registrar of Voters,statewide,Danese Perron,D,681,100.00%
Registrar of Voters,statewide,Patricia Keilty,D,568,43.00%
Registrar of Voters,statewide,Rosemary Keilty,R,753,57.00%
Registrar of Voters,statewide,James Carew,D,5761,40.86%
Registrar of Voters,statewide,Jennifer Massini Vanacore,R,8337,59.14%
Registrar of Voters,statewide,Connie Berardi,D,1313,42.04%
Registrar of Voters,statewide,Emily Lewis,R,1810,57.96%
Registrar of Voters,statewide,Jennifer Datum,D,2882,56.09%
Registrar of Voters,statewide,Catherine Carter,R,2256,43.91%
Registrar of Voters,statewide,Susan Abram,D,4183,47.26%
Registrar of Voters,statewide,Beth Gasparini,R,4668,52.74%
Registrar of Voters,statewide,William T. Anderson,D,1264,53.86%
Registrar of Voters,statewide,John A. Charest,R,1083,46.14%
Registrar of Voters,statewide,Laurie Castronova,D,1094,40.85%
Registrar of Voters,statewide,Charles Raymond,R,1584,59.15%
Registrar of Voters,statewide,Katherine S. Blinstrubas,D,2009,35.17%
Registrar of Voters,statewide,Marianne Byrne,R,3704,64.83%
Registrar of Voters,statewide,Patricia J. Fondelheit,D,1817,44.14%
Registrar of Voters,statewide,Kimberley J D Simmons,R,2299,55.86%
Registrar of Voters,statewide,Lisa Bartro,D,3402,61.96%
Registrar of Voters,statewide,Michele L. Meschi,R,2089,38.04%
Registrar of Voters,statewide,Marel Rogers,D,947,63.47%
Registrar of Voters,statewide,Patricia A. Chamberlain,R,545,36.53%
Registrar of Voters,statewide,Sara Laughlin,D,1121,51.52%
Registrar of Voters,statewide,Andrea Maloney,R,1055,48.48%
Registrar of Voters,statewide,Gloriajean E. Sheiber,D,1882,34.36%
Registrar of Voters,statewide,David P. McCaffrey,R,3595,65.64%
Registrar of Voters,statewide,Jon Illinger,D,590,40.61%
Registrar of Voters,statewide,Barbara Richardson Crouch,R,863,59.39%
Registrar of Voters,statewide,Sue Armstrong,D,3050,76.61%
Registrar of Voters,statewide,Eleanor Canestrari,PC,931,23.39%
Registrar of Voters,statewide,Cathy Levine,D,510,26.87%
Registrar of Voters,statewide,Tammy Etheridge,R,1388,73.13%
Registrar of Voters,statewide,Tammy Daigneault,D,494,34.59%
Registrar of Voters,statewide,Belinda J. Wiese,R,934,65.41%
Registrar of Voters,statewide,John F. Morton,D,435,47.39%
Registrar of Voters,statewide,Richard Valine,R,483,52.61%
Registrar of Voters,statewide,Bigi Ebbin,D,5771,51.19%
Registrar of Voters,statewide,Patti Waters,R,5502,48.81%
Registrar of Voters,statewide,Darcy Barrera-Hawes,D,3894,64.38%
Registrar of Voters,statewide,Tammy Herzog Roberts,R,2154,35.62%
Registrar of Voters,statewide,Sandra W. Pierog,D,1605,52.31%
Registrar of Voters,statewide,Ross Lally,R,1463,47.69%
Registrar of Voters,statewide,Jeff Rowan,D,9342,56.22%
Registrar of Voters,statewide,"Darren ""Howie"" Lawler",R,7274,43.78%
Registrar of Voters,statewide,Leslie Ruggiero,D,4619,45.63%
Registrar of Voters,statewide,Catherine Iannone,R,5503,54.37%
Registrar of Voters,statewide,Richard Ives,D,1718,41.82%
Registrar of Voters,statewide,Jo Ann Gerardi-Voccio,R,2390,58.18%
Registrar of Voters,statewide,Christopher Komuves,D,469,39.41%
Registrar of Voters,statewide,Eugene V. Boomer Jr.,R,721,60.59%
Registrar of Voters,statewide,Sara Mussen,D,4559,50.10%
Registrar of Voters,statewide,Julianne Shilosky,R,4541,49.90%
Registrar of Voters,statewide,Sandye Simon,D,3561,49.04%
Registrar of Voters,statewide,Marilyn K. Powers,R,3700,50.96%
Registrar of Voters,statewide,Alice Kelly,D,4079,50.71%
Registrar of Voters,statewide,Bonnie Anderson,R,3964,49.29%
Registrar of Voters,statewide,David Smith,D,2508,52.81%
Registrar of Voters,statewide,Dori Wollen,R,2241,47.19%
Registrar of Voters,statewide,Christina Tetreault,D,9661,50.55%
Registrar of Voters,statewide,Thomas E. Kienzler,R,9448,49.44%
Registrar of Voters,statewide,James R. Hoyne,WI,2,0.01%
Registrar of Voters,statewide,Laura Wolfe,D,3645,51.58%
Registrar of Voters,statewide,Karen Antonucci,R,3422,48.42%
Registrar of Voters,statewide,Jeanne Rogers,D,9121,58.59%
Registrar of Voters,statewide,Kristen D. Venditti,R,6446,41.41%
Registrar of Voters,statewide,Sulema Perez-Pagan,D,603,99.50%
Registrar of Voters,statewide,Dayna McDermott Arriola,WI,3,0.50%
Registrar of Voters,statewide,Candace Crawford,D,1301,35.96%
Registrar of Voters,statewide,Deborah Shea,R,2317,64.04%
Registrar of Voters,statewide,Janice Thurlow,D,3241,41.80%
Registrar of Voters,statewide,Pamela Greenhalgh,R,4513,58.20%
Registrar of Voters,statewide,James Duncan,D,2389,46.94%
Registrar of Voters,statewide,Lynette Kyasky,R,2701,53.06%
Registrar of Voters,statewide,Kate Briggs,D,4879,44.68%
Registrar of Voters,statewide,Debra Dutches,R,6042,55.32%
Registrar of Voters,statewide,Elisa Beckett-Flores,D,3352,42.31%
Registrar of Voters,statewide,Daniel McDermott,R,4570,57.69%
Registrar of Voters,statewide,LeReine Frampton,D,8429,50.73%
Registrar of Voters,statewide,Erica Canfield,R,8187,49.27%
Registrar of Voters,statewide,Marlene K. Esposito,D,3170,40.05%
Registrar of Voters,statewide,Lisa Dostie Fitch,R,4746,59.95%
Registrar of Voters,statewide,Patricia Prendergast,D,4460,100.00%
Registrar of Voters,statewide,Roz Chviek,D,2475,36.82%
Registrar of Voters,statewide,Sonia S. Chapman,R,4246,63.18%
Registrar of Voters,statewide,Gregory G. Davis,D,716,49.04%
Registrar of Voters,statewide,Laura S. Miller,R,744,50.96%
Registrar of Voters,statewide,Sue W. Larsen,D,8322,59.50%
Registrar of Voters,statewide,Christine Shaher,R,5664,40.50%
Registrar of Voters,statewide,Karen O'Keefe,D,6702,60.81%
Registrar of Voters,statewide,Peggy Roberts,R,4320,39.19%
Registrar of Voters,statewide,A. Aileen Witkowski,D,1895,41.21%
Registrar of Voters,statewide,Francis J. McGarry,R,2703,58.79%
Registrar of Voters,statewide,Diane  Stengl,D,3874,32.89%
Registrar of Voters,statewide,Christine Shields,R,7905,67.11%
Registrar of Voters,statewide,James Crawford,D,2154,52.94%
Registrar of Voters,statewide,Megan E. Ruppenicker,R,1915,47.06%
Registrar of Voters,statewide,Karen Pfluger,D,836,36.73%
Registrar of Voters,statewide,Christine M. Reisel,R,1440,63.27%
Registrar of Voters,statewide,Kevin McCauley,D,13503,50.78%
Registrar of Voters,statewide,Jolene Lusitani,R,13088,49.22%
Registrar of Voters,statewide,Louise A. Pitney,D,2517,51.30%
Registrar of Voters,statewide,Thomas Lionetti,R,2389,48.70%
Registrar of Voters,statewide,Veronica Rosario,D,11810,70.08%
Registrar of Voters,statewide,Mary J. Mourey,R,5042,29.92%
Registrar of Voters,statewide,Richard A. DePalma,D,5986,46.86%
Registrar of Voters,statewide,Alberta Vitale,R,6788,53.14%
Registrar of Voters,statewide,Beth Kintner,D,8552,57.73%
Registrar of Voters,statewide,Ann Newbury,R,6261,42.27%
Registrar of Voters,statewide,Mary Hegarty,D,16289,49.68%
Registrar of Voters,statewide,Fred DeCaro III,R,16102,49.11%
Registrar of Voters,statewide,Fred DeCaro III,IND,396,1.21%
Registrar of Voters,statewide,Diana Mann,D,5153,99.25%
Registrar of Voters,statewide,Judy Johnson,WI,39,0.75%
Registrar of Voters,statewide,Ron Manizza,D,6271,73.61%
Registrar of Voters,statewide,Alfred E. Fratoni,R,2248,26.39%
Registrar of Voters,statewide,Staci M. Roy,D,12340,56.36%
Registrar of Voters,statewide,Suzanne S. Flynn,R,9555,43.64%
Registrar of Voters,statewide,Kerri Rowland,D,15747,54.16%
Registrar of Voters,statewide,Debra Fellenbaum,R,13327,45.84%
Registrar of Voters,statewide,JoAnn Merolla-Martin,D,7966,57.43%
Registrar of Voters,statewide,Dianne M. Slopak,R,5904,42.57%
Registrar of Voters,statewide,Janice Casey,D,4132,48.37%
Registrar of Voters,statewide,Valerie Spinaci,R,4411,51.63%
Registrar of Voters,statewide,Teresa Begnal,D,16717,56.57%
Registrar of Voters,statewide,Alexandra Desjardins,R,11626,39.34%
Registrar of Voters,statewide,Michael J. Telesca,IND,1207,4.08%
Registrar of Voters,statewide,Janet Sabovik,D,8916,41.05%
Registrar of Voters,statewide,Peter R. Pavone,R,12803,58.95%
Registrar of Voters,statewide,Mary McDonald,D,5761,47.40%
Registrar of Voters,statewide,Marie Papaioannou,R,6393,52.60%
Registrar of Voters,statewide,R. Michael Wyman,D,4477,50.47%
Registrar of Voters,statewide,Leonard A. Bach,R,4394,49.53%
Registrar of Voters,statewide,Chris Prue,D,7948,55.62%
Registrar of Voters,statewide,M. Lisa Moody,R,6342,44.38%
Registrar of Voters,statewide,Thomas Wolfer,D,13668,47.87%
Registrar of Voters,statewide,Joan Ives-Parisi,R,14882,52.13%
Registrar of Voters,statewide,Lois Pinney,R,1144,99.48%
Registrar of Voters,statewide,Denise E.S. Arturi,WI,6,0.52%
Registrar of Voters,statewide,Maria Susanin,D,8259,55.66%
Registrar of Voters,statewide,Carol Garvey-Hurley,R,6580,44.34%
Registrar of Voters,statewide,Willy Hyde,D,7917,48.22%
Registrar of Voters,statewide,Sylvia Nichols,R,8503,51.78%
Registrar of Voters,statewide,Heather A. Petit,D,2118,47.36%
Registrar of Voters,statewide,Jon Scagnelli,R,2354,52.64%
Registrar of Voters,statewide,Matt Waggner,D,18647,56.23%
Registrar of Voters,statewide,Cathy Politi,R,14517,43.77%
Registrar of Voters,statewide,Charles Murray,D,11779,57.20%
Registrar of Voters,statewide,Lisbeth Becker,R,8815,42.80%
Registrar of Voters,statewide,James R. Stevenson,D,16110,64.22%
Registrar of Voters,statewide,Timothy H. Becker,R,8975,35.78%
Registrar of Voters,statewide,Mary Hillman,D,4173,50.38%
Registrar of Voters,statewide,Jeff Rogers,R,4110,49.62%
Registrar of Voters,statewide,Lucian J. Pawlak,D,13213,64.52%
Registrar of Voters,statewide,Peter J. Gostin,R,7265,35.48%
Registrar of Voters,statewide,Elizabeth Orteig,D,5333,45.91%
Registrar of Voters,statewide,Joan McLaughlin,R,6282,54.09%
Registrar of Voters,statewide,Elaine D. Bedard,D,11964,47.36%
Registrar of Voters,statewide,"August A. Palmer, III",R,13298,52.64%
Registrar of Voters,statewide,James Simon,D,14464,57.72%
Registrar of Voters,statewide,Louis A. DeCilio,R,10593,42.28%
Registrar of Voters,statewide,Jacque Williams,D,6666,43.96%
Registrar of Voters,statewide,Frederick E. Jury,R,8497,56.04%
Registrar of Voters,statewide,Jean Rabinow,D,10630,49.41%
Registrar of Voters,statewide,Tracy S. Vonick,R,10885,50.59%
Registrar of Voters,statewide,Sherri Lepper,D,11599,61.26%
Registrar of Voters,statewide,Jo Ann Callegari,R,7334,38.74%
Registrar of Voters,statewide,Joan G. Bielizna,D,15123,52.60%
Registrar of Voters,statewide,Mary Ann Doran,R,13626,47.40%
Registrar of Voters,statewide,Stuart W. Wells III,D,23468,59.67%
Registrar of Voters,statewide,Diana Paladino Christopher,R,13992,35.57%
Registrar of Voters,statewide,Katherine Price Snedaker,IND,1872,4.76%
Registrar of Voters,statewide,Elizabeth Rousseau,D,24193,71.91%
Registrar of Voters,statewide,Beth Kyle,R,9450,28.09%
Registrar of Voters,statewide,"Giselle ""Gigi"" Feliciano",D,19983,79.87%
Registrar of Voters,statewide,Michael T. McGarry,R,3762,15.04%
Registrar of Voters,statewide,Samuel Martin Pudlin,WF,1273,5.09%
Registrar of Voters,statewide,Patricia A. Howard,D,24858,75.00%
Registrar of Voters,statewide,Linda A. Grace,R,8287,25.00%
Registrar of Voters,statewide,Shannel Evans,D,28305,80.13%
Registrar of Voters,statewide,Lisa Milone,R,5831,16.51%
Registrar of Voters,statewide,Paul A. Garlinghouse,G,1189,3.37%
Board of Education,statewide,Julienne Foy,D,32200,31.02%
Board of Education,statewide,Rebecca Hamman,R,26001,25.05%
Board of Education,statewide,Prasad Tunga,R,24382,23.49%
Board of Education,statewide,Luisa Duran,R,21215,20.44%
Board of Education,statewide,Julia Motte Dennis,PC,4530,55.79%
Board of Education,statewide,Vanessa Lucia D'Anna,PC,3491,42.99%
Board of Education,statewide,Jessica Patraw,WI,99,1.22%
Board of Education,statewide,Joanna Walsh,D,5678,24.26%
Board of Education,statewide,Michael Balzano,D,4983,21.29%
Board of Education,statewide,David Brown,R,6199,26.48%
Board of Education,statewide,Robin Nelson,R,6549,27.98%
Representative Town Meeting District 1,statewide,Priscilla Wong,PC,89,13.99%
Representative Town Meeting District 1,statewide,Linda Tavlarios,PC,82,12.89%
Representative Town Meeting District 1,statewide,John Sartorius,PC,84,13.21%
Representative Town Meeting District 1,statewide,William Clarkson,PC,74,11.64%
Representative Town Meeting District 1,statewide,Charles Powis,PC,75,11.79%
Representative Town Meeting District 1,statewide,Patrick Parr,PC,74,11.64%
Representative Town Meeting District 1,statewide,Diane Conologue,PC,75,11.79%
Representative Town Meeting District 1,statewide,Beatrice Clements,WI,77,12.11%
Representative Town Meeting District 1,statewide,Peter Drippe,WI,6,0.94%
Representative Town Meeting District 1-01,statewide,Priscilla Wong,PC,159,15.62%
Representative Town Meeting District 1-01,statewide,Linda Tavlarios,PC,153,15.03%
Representative Town Meeting District 1-01,statewide,John Sartorius,PC,147,14.44%
Representative Town Meeting District 1-01,statewide,William Clarkson,PC,140,13.75%
Representative Town Meeting District 1-01,statewide,Charles Powis,PC,134,13.16%
Representative Town Meeting District 1-01,statewide,Patrick Parr,PC,144,14.15%
Representative Town Meeting District 1-01,statewide,Diane Conologue,PC,141,13.85%
Representative Town Meeting District 1-02,statewide,Priscilla Wong,PC,638,16.13%
Representative Town Meeting District 1-02,statewide,Linda Tavlarios,PC,573,14.48%
Representative Town Meeting District 1-02,statewide,John Sartorius,PC,562,14.21%
Representative Town Meeting District 1-02,statewide,William Clarkson,PC,544,13.75%
Representative Town Meeting District 1-02,statewide,Charles Powis,PC,533,13.47%
Representative Town Meeting District 1-02,statewide,Patrick Parr,PC,536,13.55%
Representative Town Meeting District 1-02,statewide,Diane Conologue,PC,570,14.41%
Representative Town Meeting District 2,statewide,Emily Salmore,PC,705,12.88%
Representative Town Meeting District 2,statewide,Richard Aponte,PC,629,11.49%
Representative Town Meeting District 2,statewide,Michael Casolo,PC,710,12.97%
Representative Town Meeting District 2,statewide,Penelope Wilson,PC,643,11.75%
Representative Town Meeting District 2,statewide,Michael Wheeler,PC,660,12.06%
Representative Town Meeting District 2,statewide,Cheryl Russell,PC,643,11.75%
Representative Town Meeting District 2,statewide,Charles Teschner,PC,612,11.18%
Representative Town Meeting District 2,statewide,Liz Bacon,PC,738,13.48%
Representative Town Meeting District 2,statewide,Karen Knapp,WI,91,1.66%
Representative Town Meeting District 2,statewide,Kelly Scallon,WI,43,0.79%
Representative Town Meeting District 3,statewide,Jack Davis,PC,666,49.30%
Representative Town Meeting District 3,statewide,Jeff Crouse,PC,661,48.93%
Representative Town Meeting District 3,statewide,Paul Ferrone,WI,24,1.78%
Representative Town Meeting District 4,statewide,Jean Hsu,PC,833,31.70%
Representative Town Meeting District 4,statewide,Jan Raymond,PC,897,34.13%
Representative Town Meeting District 4,statewide,Brian Rayhill,PC,898,34.17%
Representative Town Meeting District 5,statewide,Ian Laird,PC,756,13.80%
Representative Town Meeting District 5,statewide,Mark Adiletta,PC,818,14.93%
Representative Town Meeting District 5,statewide,Ashley Guadano,PC,830,15.15%
Representative Town Meeting District 5,statewide,Doug Allen Bernacchi,PC,716,13.07%
Representative Town Meeting District 5,statewide,Beth Pope,PC,857,15.64%
Representative Town Meeting District 5,statewide,Curtis Butler,PC,703,12.83%
Representative Town Meeting District 5,statewide,David Bayne,PC,798,14.57%
Representative Town Meeting District 6,statewide,Rachel Taylor,PC,909,26.32%
Representative Town Meeting District 6,statewide,Frank Adelman,PC,834,24.15%
Representative Town Meeting District 6,statewide,John Visi,PC,880,25.48%
Representative Town Meeting District 6,statewide,Susan Lauritzen,PC,827,23.94%
Representative Town Meeting District 6,statewide,Violet Aldaia,WI,4,0.12%
Judge of Probate 15 To Fill Vacancy,statewide,Phrances Leverton Szewczyk,D,24451,100.00%
Judge of Probate 22 To Fill Vacancy,statewide,David Labriola,R,31600,100.00%
Judge of Probate 25 To Fill Vacancy,statewide,Sophia H. Shaikh,D,19110,100.00%
Judge of Probate 28 To Fill Vacancy,statewide,George A. Baker,D,12272,51.62%
Judge of Probate 28 To Fill Vacancy,statewide,Douglas T. Stearns,R,11500,48.38%
Judge of Probate 37 To Fill Vacancy,statewide,Michael Dolan,D,23388,100.00%
Judge of Probate 49 To Fill Vacancy,statewide,Kathy Caulfield,D,18845,56.20%
Judge of Probate 49 To Fill Vacancy,statewide,Daniel Ford,R,14685,43.80%
Town Council To Fill a Vacancy,statewide,Susan G. Boilard,D,2021,33.18%
Town Council To Fill a Vacancy,statewide,Thomas J. Zagurski,R,4070,66.82%
Presidential Electors for,Andover,Harris and Walz,D,1032,49.28%
Presidential Electors for,Andover,Trump and Vance,R,1035,49.43%
Presidential Electors for,Andover,Stein and Ware,G,9,0.43%
Presidential Electors for,Andover,Oliver and ter Maat,LI,6,0.29%
Presidential Electors for,Andover,"Kennedy, Jr. and Shanahan",PC,12,0.57%
Presidential Electors for,Andover,De la Cruz and Garcia,WI,0,0.00%
Presidential Electors for,Andover,Fox and McVay,WI,0,0.00%
Presidential Electors for,Andover,McNeil and McNeil,WI,0,0.00%
Presidential Electors for,Andover,Potus and Kennedy,WI,0,0.00%
Presidential Electors for,Andover,Ayyadurai and Ellis,WI,0,0.00%
Presidential Electors for,Andover,Sonski and Onak,WI,0,0.00%
Presidential Electors for,Andover,West and Abdullah,WI,0,0.00%
United States Senator,Andover,Christopher S. Murphy,D,977,47.73%
United States Senator,Andover,Matthew M. Corey,R,985,48.12%
United States Senator,Andover,Christopher S. Murphy,WF,58,2.83%
United States Senator,Andover,Justin C. Paglino,G,12,0.59%
United States Senator,Andover,Robert Finley Hyde,CGG,15,0.73%
United States Senator,Andover,John Flynn,WI,0,0.00%
Representative in Congress 2,Andover,Joe Courtney,D,1076,52.90%
Representative in Congress 2,Andover,Mike France,R,958,47.10%
Representative in Congress 2,Andover,"Kenneth Kusmierski, Jr.",WI,0,0.00%
Representative in Congress 2,Andover,Jeffery Russell,WI,0,0.00%
State Senator 4,Andover,MD Rahman,D,973,48.50%
State Senator 4,Andover,Stephen King,R,976,48.65%
State Senator 4,Andover,MD Rahman,WF,57,2.84%
State Representative 55,Andover,Amanda Veneziano,D,816,40.38%
State Representative 55,Andover,Steve Weir,R,1156,57.20%
State Representative 55,Andover,Amanda Veneziano,WF,30,1.48%
State Representative 55,Andover,Amanda Veneziano,IND,19,0.94%
Registrar of Voters,Andover,Linda J. Derick,D,985,49.60%
Registrar of Voters,Andover,Wallace Earle Barton Jr.,R,1001,50.40%
Presidential Electors for,Ansonia,Harris and Walz,D,3860,49.42%
Presidential Electors for,Ansonia,Trump and Vance,R,3838,49.14%
Presidential Electors for,Ansonia,Stein and Ware,G,59,0.76%
Presidential Electors for,Ansonia,Oliver and ter Maat,LI,19,0.24%
Presidential Electors for,Ansonia,"Kennedy, Jr. and Shanahan",PC,34,0.44%
Presidential Electors for,Ansonia,De la Cruz and Garcia,WI,1,0.01%
Presidential Electors for,Ansonia,Fox and McVay,WI,0,0.00%
Presidential Electors for,Ansonia,McNeil and McNeil,WI,0,0.00%
Presidential Electors for,Ansonia,Potus and Kennedy,WI,0,0.00%
Presidential Electors for,Ansonia,Ayyadurai and Ellis,WI,0,0.00%
Presidential Electors for,Ansonia,Sonski and Onak,WI,0,0.00%
Presidential Electors for,Ansonia,West and Abdullah,WI,0,0.00%
United States Senator,Ansonia,Christopher S. Murphy,D,3769,51.06%
United States Senator,Ansonia,Matthew M. Corey,R,3116,42.21%
United States Senator,Ansonia,Christopher S. Murphy,WF,310,4.20%
United States Senator,Ansonia,Justin C. Paglino,G,70,0.95%
United States Senator,Ansonia,Robert Finley Hyde,CGG,117,1.58%
United States Senator,Ansonia,John Flynn,WI,0,0.00%
Representative in Congress 3,Ansonia,Rosa L. DeLauro,D,4040,55.06%
Representative in Congress 3,Ansonia,Michael Massey,R,3145,42.86%
Representative in Congress 3,Ansonia,Michael Massey,IND,151,2.06%
Representative in Congress 3,Ansonia,Leo Almoney,WI,0,0.00%
Representative in Congress 3,Ansonia,Omar Scott Antar,WI,0,0.00%
Representative in Congress 3,Ansonia,Shahd Omar,WI,1,0.01%
State Senator 17,Ansonia,Jorge Cabrera,D,4058,80.88%
State Senator 17,Ansonia,Jorge Cabrera,WF,567,11.30%
State Senator 17,Ansonia,Jorge Cabrera,IND,392,7.81%
State Representative 104,Ansonia,Kara Rochelle,D,3709,48.36%
State Representative 104,Ansonia,David S Cassetti,R,3506,45.71%
State Representative 104,Ansonia,Kara Rochelle,WF,364,4.75%
State Representative 104,Ansonia,Thomas G. Egan,IND,91,1.19%
Registrar of Voters,Ansonia,John Feddern,D,3582,51.16%
Registrar of Voters,Ansonia,David Papcin,R,3420,48.84%
Presidential Electors for,Ashford,Harris and Walz,D,1304,51.50%
Presidential Electors for,Ashford,Trump and Vance,R,1182,46.68%
Presidential Electors for,Ashford,Stein and Ware,G,18,0.71%
Presidential Electors for,Ashford,Oliver and ter Maat,LI,15,0.59%
Presidential Electors for,Ashford,"Kennedy, Jr. and Shanahan",PC,13,0.51%
Presidential Electors for,Ashford,De la Cruz and Garcia,WI,0,0.00%
Presidential Electors for,Ashford,Fox and McVay,WI,0,0.00%
Presidential Electors for,Ashford,McNeil and McNeil,WI,0,0.00%
Presidential Electors for,Ashford,Potus and Kennedy,WI,0,0.00%
Presidential Electors for,Ashford,Ayyadurai and Ellis,WI,0,0.00%
Presidential Electors for,Ashford,Sonski and Onak,WI,0,0.00%
Presidential Electors for,Ashford,West and Abdullah,WI,0,0.00%
United States Senator,Ashford,Christopher S. Murphy,D,1240,50.22%
United States Senator,Ashford,Matthew M. Corey,R,1106,44.80%
United States Senator,Ashford,Christopher S. Murphy,WF,73,2.96%
United States Senator,Ashford,Justin C. Paglino,G,28,1.13%
United States Senator,Ashford,Robert Finley Hyde,CGG,22,0.89%
United States Senator,Ashford,John Flynn,WI,0,0.00%
Representative in Congress 2,Ashford,Joe Courtney,D,1380,56.05%
Representative in Congress 2,Ashford,Mike France,R,1082,43.95%
Representative in Congress 2,Ashford,"Kenneth Kusmierski, Jr.",WI,0,0.00%
Representative in Congress 2,Ashford,Jeffery Russell,WI,0,0.00%
State Senator 35,Ashford,Merry C. Garrett,D,1133,46.11%
State Senator 35,Ashford,Jeff Gordon,R,1230,50.06%
State Senator 35,Ashford,Merry C. Garrett,WF,54,2.20%
State Senator 35,Ashford,Merry C. Garrett,IND,40,1.63%
State Representative 50,Ashford,Pat Boyd,D,1521,100.00%
Registrar of Voters,Ashford,Lauren L. Olson,D,1276,53.08%
Registrar of Voters,Ashford,Colleen S. DePercio,R,1128,46.92%
Presidential Electors for,Avon,Harris and Walz,D,7012,60.37%
Presidential Electors for,Avon,Trump and Vance,R,4382,37.72%
Presidential Electors for,Avon,Stein and Ware,G,109,0.94%
Presidential Electors for,Avon,Oliver and ter Maat,LI,59,0.51%
Presidential Electors for,Avon,"Kennedy, Jr. and Shanahan",PC,46,0.40%
Presidential Electors for,Avon,De la Cruz and Garcia,WI,4,0.03%
Presidential Electors for,Avon,Fox and McVay,WI,0,0.00%
Presidential Electors for,Avon,McNeil and McNeil,WI,0,0.00%
Presidential Electors for,Avon,Potus and Kennedy,WI,0,0.00%
Presidential Electors for,Avon,Ayyadurai and Ellis,WI,0,0.00%
Presidential Electors for,Avon,Sonski and Onak,WI,2,0.02%
Presidential Electors for,Avon,West and Abdullah,WI,2,0.02%
United States Senator,Avon,Christopher S. Murphy,D,6750,58.58%
United States Senator,Avon,Matthew M. Corey,R,4400,38.19%
United States Senator,Avon,Christopher S. Murphy,WF,194,1.68%
United States Senator,Avon,Justin C. Paglino,G,98,0.85%
United States Senator,Avon,Robert Finley Hyde,CGG,80,0.69%
United States Senator,Avon,John Flynn,WI,0,0.00%
Representative in Congress 5,Avon,Jahana Hayes,D,6531,56.84%
Representative in Congress 5,Avon,George Logan,R,4768,41.49%
Representative in Congress 5,Avon,Jahana Hayes,WF,189,1.64%
Representative in Congress 5,Avon,Ahmad AJ Darwish,WI,3,0.03%
Representative in Congress 5,Avon,Bertram Ferguson,WI,0,0.00%
State Senator 8,Avon,Paul Honig,D,5937,52.04%
State Senator 8,Avon,Lisa Seminara,R,5148,45.13%
State Senator 8,Avon,Paul Honig,WF,170,1.49%
State Senator 8,Avon,Lisa Seminara,IND,153,1.34%
State Representative 17,Avon,Eleni Kavros DeGraw,D,5070,62.12%
State Representative 17,Avon,Manju Gerber,R,2839,34.79%
State Representative 17,Avon,Eleni Kavros DeGraw,WF,140,1.72%
State Representative 17,Avon,Eleni Kavros DeGraw,IND,112,1.37%
State Representative 19,Avon,Tammy Exum,D,1686,100.00%
Registrar of Voters,Avon,Christy Yaros,D,6434,57.56%
Registrar of Voters,Avon,"Ernest McNeill, Jr.",R,4744,42.44%
Presidential Electors for,Barkhamsted,Harris and Walz,D,1127,46.78%
Presidential Electors for,Barkhamsted,Trump and Vance,R,1239,51.43%
Presidential Electors for,Barkhamsted,Stein and Ware,G,15,0.62%
Presidential Electors for,Barkhamsted,Oliver and ter Maat,LI,14,0.58%
Presidential Electors for,Barkhamsted,"Kennedy, Jr. and Shanahan",PC,14,0.58%
Presidential Electors for,Barkhamsted,De la Cruz and Garcia,WI,0,0.00%
Presidential Electors for,Barkhamsted,Fox and McVay,WI,0,0.00%
Presidential Electors for,Barkhamsted,McNeil and McNeil,WI,0,0.00%
Presidential Electors for,Barkhamsted,Potus and Kennedy,WI,0,0.00%
Presidential Electors for,Barkhamsted,Ayyadurai and Ellis,WI,0,0.00%
Presidential Electors for,Barkhamsted,Sonski and Onak,WI,0,0.00%
Presidential Electors for,Barkhamsted,West and Abdullah,WI,0,0.00%
United States Senator,Barkhamsted,Christopher S. Murphy,D,1075,45.59%
United States Senator,Barkhamsted,Matthew M. Corey,R,1194,50.64%
United States Senator,Barkhamsted,Christopher S. Murphy,WF,47,1.99%
United States Senator,Barkhamsted,Justin C. Paglino,G,11,0.47%
United States Senator,Barkhamsted,Robert Finley Hyde,CGG,31,1.31%
United States Senator,Barkhamsted,John Flynn,WI,0,0.00%
Representative in Congress 1,Barkhamsted,John B. Larson,D,1084,46.15%
Representative in Congress 1,Barkhamsted,Jim Griffin,R,1176,50.06%
Representative in Congress 1,Barkhamsted,John B. Larson,WF,52,2.21%
Representative in Congress 1,Barkhamsted,Mary L. Sanders,G,37,1.58%
State Senator 8,Barkhamsted,Paul Honig,D,986,42.05%
State Senator 8,Barkhamsted,Lisa Seminara,R,1270,54.16%
State Senator 8,Barkhamsted,Paul Honig,WF,45,1.92%
State Senator 8,Barkhamsted,Lisa Seminara,IND,44,1.88%
State Representative 62,Barkhamsted,Kim Becker,D,972,41.50%
State Representative 62,Barkhamsted,Mark W. Anderson,R,1287,54.95%
State Representative 62,Barkhamsted,Kim Becker,WF,37,1.58%
State Representative 62,Barkhamsted,Mark W. Anderson,IND,46,1.96%
Registrar of Voters,Barkhamsted,Karen Martin,D,1118,48.27%
Registrar of Voters,Barkhamsted,Steven Blackburn,R,1198,51.73%
Presidential Electors for,Beacon Falls,Harris and Walz,D,1533,40.76%
Presidential Electors for,Beacon Falls,Trump and Vance,R,2169,57.67%
Presidential Electors for,Beacon Falls,Stein and Ware,G,15,0.40%
Presidential Electors for,Beacon Falls,Oliver and ter Maat,LI,19,0.51%
Presidential Electors for,Beacon Falls,"Kennedy, Jr. and Shanahan",PC,24,0.64%
Presidential Electors for,Beacon Falls,De la Cruz and Garcia,WI,1,0.03%
Presidential Electors for,Beacon Falls,Fox and McVay,WI,0,0.00%
Presidential Electors for,Beacon Falls,McNeil and McNeil,WI,0,0.00%
Presidential Electors for,Beacon Falls,Potus and Kennedy,WI,0,0.00%
Presidential Electors for,Beacon Falls,Ayyadurai and Ellis,WI,0,0.00%
Presidential Electors for,Beacon Falls,Sonski and Onak,WI,0,0.00%
Presidential Electors for,Beacon Falls,West and Abdullah,WI,0,0.00%
United States Senator,Beacon Falls,Christopher S. Murphy,D,1479,40.40%
United States Senator,Beacon Falls,Matthew M. Corey,R,1984,54.19%
United States Senator,Beacon Falls,Christopher S. Murphy,WF,111,3.03%
United States Senator,Beacon Falls,Justin C. Paglino,G,36,0.98%
United States Senator,Beacon Falls,Robert Finley Hyde,CGG,49,1.34%
United States Senator,Beacon Falls,John Flynn,WI,2,0.05%
Representative in Congress 3,Beacon Falls,Rosa L. DeLauro,D,1554,42.92%
Representative in Congress 3,Beacon Falls,Michael Massey,R,1993,55.04%
Representative in Congress 3,Beacon Falls,Michael Massey,IND,74,2.04%
Representative in Congress 3,Beacon Falls,Leo Almoney,WI,0,0.00%
Representative in Congress 3,Beacon Falls,Omar Scott Antar,WI,0,0.00%
Representative in Congress 3,Beacon Falls,Shahd Omar,WI,0,0.00%
State Senator 17,Beacon Falls,Jorge Cabrera,D,1608,72.14%
State Senator 17,Beacon Falls,Jorge Cabrera,WF,336,15.07%
State Senator 17,Beacon Falls,Jorge Cabrera,IND,285,12.79%
State Representative 105,Beacon Falls,Nicole Klarides-Ditria,R,2737,100.00%
Registrar of Voters,Beacon Falls,Jessica A. Krenesky,R,2684,99.52%
Registrar of Voters,Beacon Falls,Shawn Northrop,WI,13,0.48%
Presidential Electors for,Berlin,Harris and Walz,D,5559,44.58%
Presidential Electors for,Berlin,Trump and Vance,R,6701,53.74%
Presidential Electors for,Berlin,Stein and Ware,G,88,0.71%
Presidential Electors for,Berlin,Oliver and ter Maat,LI,46,0.37%
Presidential Electors for,Berlin,"Kennedy, Jr. and Shanahan",PC,73,0.59%
Presidential Electors for,Berlin,De la Cruz and Garcia,WI,2,0.02%
Presidential Electors for,Berlin,Fox and McVay,WI,0,0.00%
Presidential Electors for,Berlin,McNeil and McNeil,WI,0,0.00%
Presidential Electors for,Berlin,Potus and Kennedy,WI,0,0.00%
Presidential Electors for,Berlin,Ayyadurai and Ellis,WI,0,0.00%
Presidential Electors for,Berlin,Sonski and Onak,WI,0,0.00%
Presidential Electors for,Berlin,West and Abdullah,WI,1,0.01%
United States Senator,Berlin,Christopher S. Murphy,D,5354,44.77%
United States Senator,Berlin,Matthew M. Corey,R,6131,51.26%
United States Senator,Berlin,Christopher S. Murphy,WF,299,2.50%
United States Senator,Berlin,Justin C. Paglino,G,86,0.72%
United States Senator,Berlin,Robert Finley Hyde,CGG,90,0.75%
United States Senator,Berlin,John Flynn,WI,0,0.00%
Representative in Congress 1,Berlin,John B. Larson,D,5387,45.51%
Representative in Congress 1,Berlin,Jim Griffin,R,5947,50.25%
Representative in Congress 1,Berlin,John B. Larson,WF,310,2.62%
Representative in Congress 1,Berlin,Mary L. Sanders,G,192,1.62%
State Senator 6,Berlin,Rick Lopes,D,5076,43.51%
State Senator 6,Berlin,Tremell Collins,R,6283,53.86%
State Senator 6,Berlin,Rick Lopes,WF,307,2.63%
State Representative 30,Berlin,Donna M. Veach,R,5510,100.00%
State Representative 83,Berlin,Jack Fazzino,D,1772,45.38%
State Representative 83,Berlin,Joseph Vollano,R,1935,49.55%
State Representative 83,Berlin,Jack Fazzino,WF,136,3.48%
State Representative 83,Berlin,Jack Fazzino,IND,62,1.59%
Registrar of Voters,Berlin,Christy Miano,D,5169,45.11%
Registrar of Voters,Berlin,Joan Veley,R,6290,54.89%
Board of Education,Berlin,Julia Motte Dennis,PC,4530,55.79%
Board of Education,Berlin,Vanessa Lucia D'Anna,PC,3491,42.99%
Board of Education,Berlin,Jessica Patraw,WI,99,1.22%
Presidential Electors for,Bethany,Harris and Walz,D,1788,50.32%
Presidential Electors for,Bethany,Trump and Vance,R,1688,47.51%
Presidential Electors for,Bethany,Stein and Ware,G,37,1.04%
Presidential Electors for,Bethany,Oliver and ter Maat,LI,18,0.51%
Presidential Electors for,Bethany,"Kennedy, Jr. and Shanahan",PC,21,0.59%
Presidential Electors for,Bethany,De la Cruz and Garcia,WI,0,0.00%
Presidential Electors for,Bethany,Fox and McVay,WI,0,0.00%
Presidential Electors for,Bethany,McNeil and McNeil,WI,0,0.00%
Presidential Electors for,Bethany,Potus and Kennedy,WI,0,0.00%
Presidential Electors for,Bethany,Ayyadurai and Ellis,WI,0,0.00%
Presidential Electors for,Bethany,Sonski and Onak,WI,1,0.03%
Presidential Electors for,Bethany,West and Abdullah,WI,0,0.00%
United States Senator,Bethany,Christopher S. Murphy,D,1714,49.30%
United States Senator,Bethany,Matthew M. Corey,R,1610,46.30%
United States Senator,Bethany,Christopher S. Murphy,WF,94,2.70%
United States Senator,Bethany,Justin C. Paglino,G,33,0.95%
United States Senator,Bethany,Robert Finley Hyde,CGG,26,0.75%
United States Senator,Bethany,John Flynn,WI,0,0.00%
Representative in Congress 3,Bethany,Rosa L. DeLauro,D,1792,51.61%
Representative in Congress 3,Bethany,Michael Massey,R,1622,46.72%
Representative in Congress 3,Bethany,Michael Massey,IND,57,1.64%
Representative in Congress 3,Bethany,Leo Almoney,WI,0,0.00%
Representative in Congress 3,Bethany,Omar Scott Antar,WI,0,0.00%
Representative in Congress 3,Bethany,Shahd Omar,WI,1,0.03%
State Senator 17,Bethany,Jorge Cabrera,D,1814,80.12%
State Senator 17,Bethany,Jorge Cabrera,WF,227,10.03%
State Senator 17,Bethany,Jorge Cabrera,IND,223,9.85%
State Representative 89,Bethany,Lezlye Zupkus,R,2325,100.00%
State Representative 89,Bethany,Stuart R. Korchin,WI,0,0.00%
Judge of Probate 37 To Fill Vacancy,Bethany,Michael Dolan,D,2162,100.00%
Presidential Electors for,Bethel,Harris and Walz,D,5977,53.79%
Presidential Electors for,Bethel,Trump and Vance,R,4950,44.55%
Presidential Electors for,Bethel,Stein and Ware,G,76,0.68%
Presidential Electors for,Bethel,Oliver and ter Maat,LI,44,0.40%
Presidential Electors for,Bethel,"Kennedy, Jr. and Shanahan",PC,57,0.51%
Presidential Electors for,Bethel,De la Cruz and Garcia,WI,2,0.02%
Presidential Electors for,Bethel,Fox and McVay,WI,0,0.00%
Presidential Electors for,Bethel,McNeil and McNeil,WI,0,0.00%
Presidential Electors for,Bethel,Potus and Kennedy,WI,0,0.00%
Presidential Electors for,Bethel,Ayyadurai and Ellis,WI,0,0.00%
Presidential Electors for,Bethel,Sonski and Onak,WI,4,0.04%
Presidential Electors for,Bethel,West and Abdullah,WI,1,0.01%
United States Senator,Bethel,Christopher S. Murphy,D,5785,53.49%
United States Senator,Bethel,Matthew M. Corey,R,4545,42.02%
United States Senator,Bethel,Christopher S. Murphy,WF,311,2.88%
United States Senator,Bethel,Justin C. Paglino,G,73,0.67%
United States Senator,Bethel,Robert Finley Hyde,CGG,101,0.93%
United States Senator,Bethel,John Flynn,WI,0,0.00%
Representative in Congress 5,Bethel,Jahana Hayes,D,5649,52.12%
Representative in Congress 5,Bethel,George Logan,R,4854,44.79%
Representative in Congress 5,Bethel,Jahana Hayes,WF,323,2.98%
Representative in Congress 5,Bethel,Ahmad AJ Darwish,WI,12,0.11%
Representative in Congress 5,Bethel,Bertram Ferguson,WI,0,0.00%
State Senator 28,Bethel,Rob Blanchard,D,2288,47.45%
State Senator 28,Bethel,Tony Hwang,R,2419,50.17%
State Senator 28,Bethel,Tony Hwang,IND,115,2.38%
State Senator 32,Bethel,Jeff Desmarais,D,3147,54.03%
State Senator 32,Bethel,Eric C. Berthel,R,2678,45.97%
State Representative 2,Bethel,Raghib Allie-Brennan,D,4514,56.43%
State Representative 2,Bethel,Bradley M. Koltz,R,3238,40.48%
State Representative 2,Bethel,Raghib Allie-Brennan,IND,247,3.09%
State Representative 107,Bethel,Aaron Zimmer,D,1282,47.52%
State Representative 107,Bethel,Martin J. Foncello,R,1334,49.44%
State Representative 107,Bethel,Aaron Zimmer,WF,46,1.70%
State Representative 107,Bethel,Aaron Zimmer,IND,36,1.33%
Registrar of Voters,Bethel,Wendy Cahill,D,5695,53.81%
Registrar of Voters,Bethel,Timothy Beeble,R,4889,46.19%
Presidential Electors for,Bethlehem,Harris and Walz,D,909,38.32%
Presidential Electors for,Bethlehem,Trump and Vance,R,1436,60.54%
Presidential Electors for,Bethlehem,Stein and Ware,G,16,0.67%
Presidential Electors for,Bethlehem,Oliver and ter Maat,LI,5,0.21%
Presidential Electors for,Bethlehem,"Kennedy, Jr. and Shanahan",PC,5,0.21%
Presidential Electors for,Bethlehem,De la Cruz and Garcia,WI,1,0.04%
Presidential Electors for,Bethlehem,Fox and McVay,WI,0,0.00%
Presidential Electors for,Bethlehem,McNeil and McNeil,WI,0,0.00%
Presidential Electors for,Bethlehem,Potus and Kennedy,WI,0,0.00%
Presidential Electors for,Bethlehem,Ayyadurai and Ellis,WI,0,0.00%
Presidential Electors for,Bethlehem,Sonski and Onak,WI,0,0.00%
Presidential Electors for,Bethlehem,West and Abdullah,WI,0,0.00%
United States Senator,Bethlehem,Christopher S. Murphy,D,866,37.30%
United States Senator,Bethlehem,Matthew M. Corey,R,1390,59.86%
United States Senator,Bethlehem,Christopher S. Murphy,WF,37,1.59%
United States Senator,Bethlehem,Justin C. Paglino,G,12,0.52%
United States Senator,Bethlehem,Robert Finley Hyde,CGG,17,0.73%
United States Senator,Bethlehem,John Flynn,WI,0,0.00%
Representative in Congress 5,Bethlehem,Jahana Hayes,D,863,36.99%
Representative in Congress 5,Bethlehem,George Logan,R,1435,61.51%
Representative in Congress 5,Bethlehem,Jahana Hayes,WF,35,1.50%
Representative in Congress 5,Bethlehem,Ahmad AJ Darwish,WI,0,0.00%
Representative in Congress 5,Bethlehem,Bertram Ferguson,WI,0,0.00%
State Senator 30,Bethlehem,Justin Potter,D,280,37.09%
State Senator 30,Bethlehem,Stephen G. Harding,R,467,61.85%
State Senator 30,Bethlehem,Stephen G. Harding,IND,8,1.06%
State Senator 32,Bethlehem,Jeff Desmarais,D,558,36.00%
State Senator 32,Bethlehem,Eric C. Berthel,R,992,64.00%
State Representative 66,Bethlehem,Sharon Sherman,D,816,35.59%
State Representative 66,Bethlehem,Karen Reddington-Hughes,R,1477,64.41%
Registrar of Voters,Bethlehem,Karen Pfluger,D,836,36.73%
Registrar of Voters,Bethlehem,Christine M. Reisel,R,1440,63.27%
Judge of Probate 22 To Fill Vacancy,Bethlehem,David Labriola,R,1665,100.00%
Presidential Electors for,Bloomfield,Harris and Walz,D,10237,83.79%
Presidential Electors for,Bloomfield,Trump and Vance,R,1854,15.18%
Presidential Electors for,Bloomfield,Stein and Ware,G,67,0.55%
Presidential Electors for,Bloomfield,Oliver and ter Maat,LI,25,0.20%
Presidential Electors for,Bloomfield,"Kennedy, Jr. and Shanahan",PC,34,0.28%
Presidential Electors for,Bloomfield,De la Cruz and Garcia,WI,0,0.00%
Presidential Electors for,Bloomfield,Fox and McVay,WI,0,0.00%
Presidential Electors for,Bloomfield,McNeil and McNeil,WI,0,0.00%
Presidential Electors for,Bloomfield,Potus and Kennedy,WI,0,0.00%
Presidential Electors for,Bloomfield,Ayyadurai and Ellis,WI,0,0.00%
Presidential Electors for,Bloomfield,Sonski and Onak,WI,0,0.00%
Presidential Electors for,Bloomfield,West and Abdullah,WI,0,0.00%
United States Senator,Bloomfield,Christopher S. Murphy,D,9815,82.35%
United States Senator,Bloomfield,Matthew M. Corey,R,1644,13.79%
United States Senator,Bloomfield,Christopher S. Murphy,WF,282,2.37%
United States Senator,Bloomfield,Justin C. Paglino,G,81,0.68%
United States Senator,Bloomfield,Robert Finley Hyde,CGG,97,0.81%
United States Senator,Bloomfield,John Flynn,WI,0,0.00%
Representative in Congress 1,Bloomfield,John B. Larson,D,9683,82.35%
Representative in Congress 1,Bloomfield,Jim Griffin,R,1630,13.86%
Representative in Congress 1,Bloomfield,John B. Larson,WF,270,2.30%
Representative in Congress 1,Bloomfield,Mary L. Sanders,G,175,1.49%
State Senator 2,Bloomfield,Douglas McCrory,D,8679,84.67%
State Senator 2,Bloomfield,Kristin Hoffman,R,1571,15.33%
State Senator 5,Bloomfield,Derek Slap,D,1043,77.20%
State Senator 5,Bloomfield,Kyla Zimmermann,R,308,22.80%
State Representative 15,Bloomfield,Bobby Gibson,D,9751,84.13%
State Representative 15,Bloomfield,Quentin Johnson,R,1840,15.87%
Registrar of Voters,Bloomfield,Sharon Ann O'Connor,D,9557,83.47%
Registrar of Voters,Bloomfield,Robert Ike,R,1892,16.53%
Presidential Electors for,Bolton,Harris and Walz,D,1649,52.02%
Presidential Electors for,Bolton,Trump and Vance,R,1459,46.03%
Presidential Electors for,Bolton,Stein and Ware,G,22,0.69%
Presidential Electors for,Bolton,Oliver and ter Maat,LI,21,0.66%
Presidential Electors for,Bolton,"Kennedy, Jr. and Shanahan",PC,16,0.50%
Presidential Electors for,Bolton,De la Cruz and Garcia,WI,3,0.09%
Presidential Electors for,Bolton,Fox and McVay,WI,0,0.00%
Presidential Electors for,Bolton,McNeil and McNeil,WI,0,0.00%
Presidential Electors for,Bolton,Potus and Kennedy,WI,0,0.00%
Presidential Electors for,Bolton,Ayyadurai and Ellis,WI,0,0.00%
Presidential Electors for,Bolton,Sonski and Onak,WI,0,0.00%
Presidential Electors for,Bolton,West and Abdullah,WI,0,0.00%
United States Senator,Bolton,Christopher S. Murphy,D,1570,50.21%
United States Senator,Bolton,Matthew M. Corey,R,1441,46.08%
United States Senator,Bolton,Christopher S. Murphy,WF,72,2.30%
United States Senator,Bolton,Justin C. Paglino,G,17,0.54%
United States Senator,Bolton,Robert Finley Hyde,CGG,27,0.86%
United States Senator,Bolton,John Flynn,WI,0,0.00%
Representative in Congress 2,Bolton,Joe Courtney,D,1717,55.39%
Representative in Congress 2,Bolton,Mike France,R,1383,44.61%
Representative in Congress 2,Bolton,"Kenneth Kusmierski, Jr.",WI,0,0.00%
Representative in Congress 2,Bolton,Jeffery Russell,WI,0,0.00%
State Senator 4,Bolton,MD Rahman,D,1552,50.32%
State Senator 4,Bolton,Stephen King,R,1440,46.69%
State Senator 4,Bolton,MD Rahman,WF,92,2.98%
State Representative 8,Bolton,Nancy Hammarstrom,D,622,45.24%
State Representative 8,Bolton,Timothy Ackert,R,724,52.65%
State Representative 8,Bolton,Nancy Hammarstrom,WF,29,2.11%
State Representative 55,Bolton,Amanda Veneziano,D,766,45.03%
State Representative 55,Bolton,Steve Weir,R,888,52.20%
State Representative 55,Bolton,Amanda Veneziano,WF,33,1.94%
State Representative 55,Bolton,Amanda Veneziano,IND,14,0.82%
Registrar of Voters,Bolton,Sandra W. Pierog,D,1605,52.31%
Registrar of Voters,Bolton,Ross Lally,R,1463,47.69%
Presidential Electors for,Bozrah,Harris and Walz,D,685,42.95%
Presidential Electors for,Bozrah,Trump and Vance,R,885,55.49%
Presidential Electors for,Bozrah,Stein and Ware,G,7,0.44%
Presidential Electors for,Bozrah,Oliver and ter Maat,LI,12,0.75%
Presidential Electors for,Bozrah,"Kennedy, Jr. and Shanahan",PC,6,0.38%
Presidential Electors for,Bozrah,De la Cruz and Garcia,WI,0,0.00%
Presidential Electors for,Bozrah,Fox and McVay,WI,0,0.00%
Presidential Electors for,Bozrah,McNeil and McNeil,WI,0,0.00%
Presidential Electors for,Bozrah,Potus and Kennedy,WI,0,0.00%
Presidential Electors for,Bozrah,Ayyadurai and Ellis,WI,0,0.00%
Presidential Electors for,Bozrah,Sonski and Onak,WI,0,0.00%
Presidential Electors for,Bozrah,West and Abdullah,WI,0,0.00%
United States Senator,Bozrah,Christopher S. Murphy,D,657,42.61%
United States Senator,Bozrah,Matthew M. Corey,R,784,50.84%
United States Senator,Bozrah,Christopher S. Murphy,WF,61,3.96%
United States Senator,Bozrah,Justin C. Paglino,G,11,0.71%
United States Senator,Bozrah,Robert Finley Hyde,CGG,29,1.88%
United States Senator,Bozrah,John Flynn,WI,0,0.00%
Representative in Congress 2,Bozrah,Joe Courtney,D,811,52.46%
Representative in Congress 2,Bozrah,Mike France,R,735,47.54%
Representative in Congress 2,Bozrah,"Kenneth Kusmierski, Jr.",WI,0,0.00%
Representative in Congress 2,Bozrah,Jeffery Russell,WI,0,0.00%
State Senator 20,Bozrah,Martha Marx,D,646,42.11%
State Senator 20,Bozrah,Shaun Mastroianni,R,816,53.19%
State Senator 20,Bozrah,Martha Marx,WF,34,2.22%
State Senator 20,Bozrah,Shaun Mastroianni,IND,38,2.48%
State Representative 48,Bozrah,Christopher Rivers,D,624,40.55%
State Representative 48,Bozrah,Mark DeCaprio,R,861,55.95%
State Representative 48,Bozrah,Christopher Rivers,WF,34,2.21%
State Representative 48,Bozrah,Lance Lusignan,IND,20,1.30%
Presidential Electors for,Branford,Harris and Walz,D,9898,56.78%
Presidential Electors for,Branford,Trump and Vance,R,7251,41.60%
Presidential Electors for,Branford,Stein and Ware,G,124,0.71%
Presidential Electors for,Branford,Oliver and ter Maat,LI,78,0.45%
Presidential Electors for,Branford,"Kennedy, Jr. and Shanahan",PC,74,0.42%
Presidential Electors for,Branford,De la Cruz and Garcia,WI,1,0.01%
Presidential Electors for,Branford,Fox and McVay,WI,0,0.00%
Presidential Electors for,Branford,McNeil and McNeil,WI,0,0.00%
Presidential Electors for,Branford,Potus and Kennedy,WI,0,0.00%
Presidential Electors for,Branford,Ayyadurai and Ellis,WI,0,0.00%
Presidential Electors for,Branford,Sonski and Onak,WI,3,0.02%
Presidential Electors for,Branford,West and Abdullah,WI,2,0.01%
United States Senator,Branford,Christopher S. Murphy,D,9734,56.98%
United States Senator,Branford,Matthew M. Corey,R,6710,39.28%
United States Senator,Branford,Christopher S. Murphy,WF,398,2.33%
United States Senator,Branford,Justin C. Paglino,G,146,0.85%
United States Senator,Branford,Robert Finley Hyde,CGG,95,0.56%
United States Senator,Branford,John Flynn,WI,0,0.00%
Representative in Congress 3,Branford,Rosa L. DeLauro,D,9855,58.02%
Representative in Congress 3,Branford,Michael Massey,R,6916,40.72%
Representative in Congress 3,Branford,Michael Massey,IND,214,1.26%
Representative in Congress 3,Branford,Leo Almoney,WI,0,0.00%
Representative in Congress 3,Branford,Omar Scott Antar,WI,0,0.00%
Representative in Congress 3,Branford,Shahd Omar,WI,0,0.00%
State Senator 12,Branford,Christine Cohen,D,9130,53.59%
State Senator 12,Branford,Paul Crisci,R,7382,43.33%
State Senator 12,Branford,Christine Cohen,WF,321,1.88%
State Senator 12,Branford,Christine Cohen,IND,204,1.20%
State Representative 98,Branford,Moira Rader,D,1878,55.12%
State Representative 98,Branford,Richard S. DiNardo,R,1475,43.29%
State Representative 98,Branford,Moira Rader,WF,54,1.58%
State Representative 102,Branford,Robin Comey,D,6945,51.34%
State Representative 102,Branford,Ray Ingraham,R,6260,46.28%
State Representative 102,Branford,Robin Comey,WF,322,2.38%
Registrar of Voters,Branford,Jeff Rowan,D,9342,56.22%
Registrar of Voters,Branford,"Darren ""Howie"" Lawler",R,7274,43.78%
Presidential Electors for,Bridgeport,Harris and Walz,D,26992,72.71%
Presidential Electors for,Bridgeport,Trump and Vance,R,9707,26.15%
Presidential Electors for,Bridgeport,Stein and Ware,G,247,0.67%
Presidential Electors for,Bridgeport,Oliver and ter Maat,LI,61,0.16%
Presidential Electors for,Bridgeport,"Kennedy, Jr. and Shanahan",PC,113,0.30%
Presidential Electors for,Bridgeport,De la Cruz and Garcia,WI,1,0.00%
Presidential Electors for,Bridgeport,Fox and McVay,WI,0,0.00%
Presidential Electors for,Bridgeport,McNeil and McNeil,WI,0,0.00%
Presidential Electors for,Bridgeport,Potus and Kennedy,WI,0,0.00%
Presidential Electors for,Bridgeport,Ayyadurai and Ellis,WI,0,0.00%
Presidential Electors for,Bridgeport,Sonski and Onak,WI,0,0.00%
Presidential Electors for,Bridgeport,West and Abdullah,WI,1,0.00%
United States Senator,Bridgeport,Christopher S. Murphy,D,25245,73.38%
United States Senator,Bridgeport,Matthew M. Corey,R,7386,21.47%
United States Senator,Bridgeport,Christopher S. Murphy,WF,1027,2.99%
United States Senator,Bridgeport,Justin C. Paglino,G,331,0.96%
United States Senator,Bridgeport,Robert Finley Hyde,CGG,416,1.21%
United States Senator,Bridgeport,John Flynn,WI,0,0.00%
Representative in Congress 4,Bridgeport,Jim Himes,D,25842,75.53%
Representative in Congress 4,Bridgeport,Michael Goldstein,R,7591,22.19%
Representative in Congress 4,Bridgeport,Benjamin Wesley,IND,780,2.28%
State Senator 22,Bridgeport,Sujata Gadkar-Wilcox,D,11487,70.53%
State Senator 22,Bridgeport,Chris Carrena,R,4399,27.01%
State Senator 22,Bridgeport,Robert Edward Halstead,IND,401,2.46%
State Senator 22,Bridgeport,Louis Anthony Bevilacqua,WI,0,0.00%
State Senator 23,Bridgeport,Herron Gaston,D,13250,74.49%
State Senator 23,Bridgeport,Brian Banacowski,R,3345,18.80%
State Senator 23,Bridgeport,Herron Gaston,WF,541,3.04%
State Representative 124,Bridgeport,"Andre Baker, Jr.",D,3696,74.65%
State Representative 124,Bridgeport,Yoshiyahu Yisrael,R,908,18.34%
State Representative 126,Bridgeport,"Fred Gee, Jr.",D,5697,77.64%
State Representative 126,Bridgeport,David R. Herz,R,1641,22.36%
State Representative 127,Bridgeport,Marcus A. Brown,D,4474,100.00%
State Representative 128,Bridgeport,Christopher Rosario,D,2407,77.80%
State Representative 128,Bridgeport,Ramona Marquez,R,610,19.72%
State Representative 128,Bridgeport,Angel M. Gonzalez,IND,77,2.49%
State Representative 129,Bridgeport,Steve Stafstrom,D,4944,76.36%
State Representative 129,Bridgeport,Francis Kalangala,R,1531,23.64%
State Representative 130,Bridgeport,Antonio D. Felipe,D,3265,80.06%
State Representative 130,Bridgeport,"Terry ""Cowboy"" Sullivan",R,813,19.94%
State Representative 133,Bridgeport,Cristin McCarthy Vahey,D,1127,67.08%
State Representative 133,Bridgeport,Chris Verras,R,498,29.64%
State Representative 133,Bridgeport,Cristin McCarthy Vahey,WF,55,3.27%
Registrar of Voters,Bridgeport,Patricia A. Howard,D,24858,75.00%
Registrar of Voters,Bridgeport,Linda A. Grace,R,8287,25.00%
Presidential Electors for,Bridgewater,Harris and Walz,D,607,51.66%
Presidential Electors for,Bridgewater,Trump and Vance,R,548,46.64%
Presidential Electors for,Bridgewater,Stein and Ware,G,7,0.60%
Presidential Electors for,Bridgewater,Oliver and ter Maat,LI,3,0.26%
Presidential Electors for,Bridgewater,"Kennedy, Jr. and Shanahan",PC,8,0.68%
Presidential Electors for,Bridgewater,De la Cruz and Garcia,WI,2,0.17%
Presidential Electors for,Bridgewater,Fox and McVay,WI,0,0.00%
Presidential Electors for,Bridgewater,McNeil and McNeil,WI,0,0.00%
Presidential Electors for,Bridgewater,Potus and Kennedy,WI,0,0.00%
Presidential Electors for,Bridgewater,Ayyadurai and Ellis,WI,0,0.00%
Presidential Electors for,Bridgewater,Sonski and Onak,WI,0,0.00%
Presidential Electors for,Bridgewater,West and Abdullah,WI,0,0.00%
United States Senator,Bridgewater,Christopher S. Murphy,D,580,50.66%
United States Senator,Bridgewater,Matthew M. Corey,R,527,46.03%
United States Senator,Bridgewater,Christopher S. Murphy,WF,25,2.18%
United States Senator,Bridgewater,Justin C. Paglino,G,9,0.79%
United States Senator,Bridgewater,Robert Finley Hyde,CGG,4,0.35%
United States Senator,Bridgewater,John Flynn,WI,0,0.00%
Representative in Congress 5,Bridgewater,Jahana Hayes,D,577,49.91%
Representative in Congress 5,Bridgewater,George Logan,R,551,47.66%
Representative in Congress 5,Bridgewater,Jahana Hayes,WF,28,2.42%
Representative in Congress 5,Bridgewater,Ahmad AJ Darwish,WI,0,0.00%
Representative in Congress 5,Bridgewater,Bertram Ferguson,WI,0,0.00%
State Senator 32,Bridgewater,Jeff Desmarais,D,578,51.38%
State Senator 32,Bridgewater,Eric C. Berthel,R,547,48.62%
State Representative 69,Bridgewater,Ed Edelson,D,540,47.66%
State Representative 69,Bridgewater,Jason Buchsbaum,R,593,52.34%
Presidential Electors for,Bristol,Harris and Walz,D,14125,49.15%
Presidential Electors for,Bristol,Trump and Vance,R,14218,49.48%
Presidential Electors for,Bristol,Stein and Ware,G,144,0.50%
Presidential Electors for,Bristol,Oliver and ter Maat,LI,108,0.38%
Presidential Electors for,Bristol,"Kennedy, Jr. and Shanahan",PC,123,0.43%
Presidential Electors for,Bristol,De la Cruz and Garcia,WI,3,0.01%
Presidential Electors for,Bristol,Fox and McVay,WI,0,0.00%
Presidential Electors for,Bristol,McNeil and McNeil,WI,0,0.00%
Presidential Electors for,Bristol,Potus and Kennedy,WI,1,0.00%
Presidential Electors for,Bristol,Ayyadurai and Ellis,WI,10,0.03%
Presidential Electors for,Bristol,Sonski and Onak,WI,3,0.01%
Presidential Electors for,Bristol,West and Abdullah,WI,2,0.01%
United States Senator,Bristol,Christopher S. Murphy,D,13460,48.35%
United States Senator,Bristol,Matthew M. Corey,R,12918,46.40%
United States Senator,Bristol,Christopher S. Murphy,WF,861,3.09%
United States Senator,Bristol,Justin C. Paglino,G,245,0.88%
United States Senator,Bristol,Robert Finley Hyde,CGG,354,1.27%
United States Senator,Bristol,John Flynn,WI,0,0.00%
Representative in Congress 1,Bristol,John B. Larson,D,13450,49.03%
Representative in Congress 1,Bristol,Jim Griffin,R,12359,45.05%
Representative in Congress 1,Bristol,John B. Larson,WF,985,3.59%
Representative in Congress 1,Bristol,Mary L. Sanders,G,638,2.33%
State Senator 31,Bristol,Henri Martin,R,17949,100.00%
State Representative 77,Bristol,Cara C. Pavalock-D'Amato,R,6669,69.22%
State Representative 77,Bristol,"Mary ""Mim"" Rydingsward",WF,1844,19.14%
State Representative 77,Bristol,"Mary ""Mim"" Rydingsward",IND,1122,11.65%
State Representative 78,Bristol,Joe Hoxha,R,3808,100.00%
State Representative 79,Bristol,Mary B. Fortier,D,4806,51.66%
State Representative 79,Bristol,David Schrager,R,4053,43.56%
State Representative 79,Bristol,Mary B. Fortier,WF,286,3.07%
State Representative 79,Bristol,Mary B. Fortier,IND,159,1.71%
Registrar of Voters,Bristol,Kevin McCauley,D,13503,50.78%
Registrar of Voters,Bristol,Jolene Lusitani,R,13088,49.22%
Presidential Electors for,Brookfield,Harris and Walz,D,5029,47.17%
Presidential Electors for,Brookfield,Trump and Vance,R,5458,51.19%
Presidential Electors for,Brookfield,Stein and Ware,G,83,0.78%
Presidential Electors for,Brookfield,Oliver and ter Maat,LI,38,0.36%
Presidential Electors for,Brookfield,"Kennedy, Jr. and Shanahan",PC,53,0.50%
Presidential Electors for,Brookfield,De la Cruz and Garcia,WI,0,0.00%
Presidential Electors for,Brookfield,Fox and McVay,WI,0,0.00%
Presidential Electors for,Brookfield,McNeil and McNeil,WI,0,0.00%
Presidential Electors for,Brookfield,Potus and Kennedy,WI,0,0.00%
Presidential Electors for,Brookfield,Ayyadurai and Ellis,WI,0,0.00%
Presidential Electors for,Brookfield,Sonski and Onak,WI,0,0.00%
Presidential Electors for,Brookfield,West and Abdullah,WI,1,0.01%
United States Senator,Brookfield,Christopher S. Murphy,D,4898,47.12%
United States Senator,Brookfield,Matthew M. Corey,R,5091,48.98%
United States Senator,Brookfield,Christopher S. Murphy,WF,262,2.52%
United States Senator,Brookfield,Justin C. Paglino,G,81,0.78%
United States Senator,Brookfield,Robert Finley Hyde,CGG,61,0.59%
United States Senator,Brookfield,John Flynn,WI,2,0.02%
Representative in Congress 5,Brookfield,Jahana Hayes,D,4750,45.74%
Representative in Congress 5,Brookfield,George Logan,R,5364,51.65%
Representative in Congress 5,Brookfield,Jahana Hayes,WF,247,2.38%
Representative in Congress 5,Brookfield,Ahmad AJ Darwish,WI,24,0.23%
Representative in Congress 5,Brookfield,Bertram Ferguson,WI,0,0.00%
State Senator 30,Brookfield,Justin Potter,D,3269,38.86%
State Senator 30,Brookfield,Stephen G. Harding,R,4964,59.01%
State Senator 30,Brookfield,Stephen G. Harding,IND,179,2.13%
State Senator 32,Brookfield,Jeff Desmarais,D,902,46.54%
State Senator 32,Brookfield,Eric C. Berthel,R,1036,53.46%
State Representative 107,Brookfield,Aaron Zimmer,D,4471,43.47%
State Representative 107,Brookfield,Martin J. Foncello,R,5535,53.82%
State Representative 107,Brookfield,Aaron Zimmer,WF,155,1.51%
State Representative 107,Brookfield,Aaron Zimmer,IND,124,1.21%
Registrar of Voters,Brookfield,Leslie Ruggiero,D,4619,45.63%
Registrar of Voters,Brookfield,Catherine Iannone,R,5503,54.37%
Presidential Electors for,Brooklyn,Harris and Walz,D,1872,42.90%
Presidential Electors for,Brooklyn,Trump and Vance,R,2426,55.59%
Presidential Electors for,Brooklyn,Stein and Ware,G,19,0.44%
Presidential Electors for,Brooklyn,Oliver and ter Maat,LI,23,0.53%
Presidential Electors for,Brooklyn,"Kennedy, Jr. and Shanahan",PC,24,0.55%
Presidential Electors for,Brooklyn,De la Cruz and Garcia,WI,0,0.00%
Presidential Electors for,Brooklyn,Fox and McVay,WI,0,0.00%
Presidential Electors for,Brooklyn,McNeil and McNeil,WI,0,0.00%
Presidential Electors for,Brooklyn,Potus and Kennedy,WI,0,0.00%
Presidential Electors for,Brooklyn,Ayyadurai and Ellis,WI,0,0.00%
Presidential Electors for,Brooklyn,Sonski and Onak,WI,0,0.00%
Presidential Electors for,Brooklyn,West and Abdullah,WI,0,0.00%
United States Senator,Brooklyn,Christopher S. Murphy,D,1829,43.35%
United States Senator,Brooklyn,Matthew M. Corey,R,2172,51.48%
United States Senator,Brooklyn,Christopher S. Murphy,WF,140,3.32%
United States Senator,Brooklyn,Justin C. Paglino,G,28,0.66%
United States Senator,Brooklyn,Robert Finley Hyde,CGG,50,1.19%
United States Senator,Brooklyn,John Flynn,WI,0,0.00%
Representative in Congress 2,Brooklyn,Joe Courtney,D,2052,48.57%
Representative in Congress 2,Brooklyn,Mike France,R,2173,51.43%
Representative in Congress 2,Brooklyn,"Kenneth Kusmierski, Jr.",WI,0,0.00%
Representative in Congress 2,Brooklyn,Jeffery Russell,WI,0,0.00%
State Senator 29,Brooklyn,Mae Flexer,D,1656,39.21%
State Senator 29,Brooklyn,Chris Reddy,R,2417,57.23%
State Senator 29,Brooklyn,Mae Flexer,WF,65,1.54%
State Senator 29,Brooklyn,Mae Flexer,IND,31,0.73%
State Senator 29,Brooklyn,Alice Leibowitz,G,54,1.28%
State Representative 47,Brooklyn,Aaron Spruance,D,380,37.48%
State Representative 47,Brooklyn,Doug Dubitsky,R,634,62.52%
State Representative 50,Brooklyn,Pat Boyd,D,1924,100.00%
Registrar of Voters,Brooklyn,Richard Ives,D,1718,41.82%
Registrar of Voters,Brooklyn,Jo Ann Gerardi-Voccio,R,2390,58.18%
Presidential Electors for,Burlington,Harris and Walz,D,2782,48.01%
Presidential Electors for,Burlington,Trump and Vance,R,2919,50.37%
Presidential Electors for,Burlington,Stein and Ware,G,25,0.43%
Presidential Electors for,Burlington,Oliver and ter Maat,LI,31,0.53%
Presidential Electors for,Burlington,"Kennedy, Jr. and Shanahan",PC,35,0.60%
Presidential Electors for,Burlington,De la Cruz and Garcia,WI,2,0.03%
Presidential Electors for,Burlington,Fox and McVay,WI,0,0.00%
Presidential Electors for,Burlington,McNeil and McNeil,WI,0,0.00%
Presidential Electors for,Burlington,Potus and Kennedy,WI,0,0.00%
Presidential Electors for,Burlington,Ayyadurai and Ellis,WI,0,0.00%
Presidential Electors for,Burlington,Sonski and Onak,WI,1,0.02%
Presidential Electors for,Burlington,West and Abdullah,WI,0,0.00%
United States Senator,Burlington,Christopher S. Murphy,D,2689,47.09%
United States Senator,Burlington,Matthew M. Corey,R,2845,49.82%
United States Senator,Burlington,Christopher S. Murphy,WF,113,1.98%
United States Senator,Burlington,Justin C. Paglino,G,29,0.51%
United States Senator,Burlington,Robert Finley Hyde,CGG,34,0.60%
United States Senator,Burlington,John Flynn,WI,0,0.00%
Representative in Congress 5,Burlington,Jahana Hayes,D,2546,44.47%
Representative in Congress 5,Burlington,George Logan,R,3073,53.68%
Representative in Congress 5,Burlington,Jahana Hayes,WF,106,1.85%
Representative in Congress 5,Burlington,Ahmad AJ Darwish,WI,0,0.00%
Representative in Congress 5,Burlington,Bertram Ferguson,WI,0,0.00%
State Senator 5,Burlington,Derek Slap,D,2664,47.57%
State Senator 5,Burlington,Kyla Zimmermann,R,2936,52.43%
State Representative 76,Burlington,Stephen Simonin,D,2174,38.72%
State Representative 76,Burlington,John Piscopo,R,3441,61.28%
Presidential Electors for,Canaan,Harris and Walz,D,451,68.75%
Presidential Electors for,Canaan,Trump and Vance,R,198,30.18%
Presidential Electors for,Canaan,Stein and Ware,G,1,0.15%
Presidential Electors for,Canaan,Oliver and ter Maat,LI,3,0.46%
Presidential Electors for,Canaan,"Kennedy, Jr. and Shanahan",PC,3,0.46%
Presidential Electors for,Canaan,De la Cruz and Garcia,WI,0,0.00%
Presidential Electors for,Canaan,Fox and McVay,WI,0,0.00%
Presidential Electors for,Canaan,McNeil and McNeil,WI,0,0.00%
Presidential Electors for,Canaan,Potus and Kennedy,WI,0,0.00%
Presidential Electors for,Canaan,Ayyadurai and Ellis,WI,0,0.00%
Presidential Electors for,Canaan,Sonski and Onak,WI,0,0.00%
Presidential Electors for,Canaan,West and Abdullah,WI,0,0.00%
United States Senator,Canaan,Christopher S. Murphy,D,428,66.56%
United States Senator,Canaan,Matthew M. Corey,R,180,27.99%
United States Senator,Canaan,Christopher S. Murphy,WF,29,4.51%
United States Senator,Canaan,Justin C. Paglino,G,2,0.31%
United States Senator,Canaan,Robert Finley Hyde,CGG,4,0.62%
United States Senator,Canaan,John Flynn,WI,0,0.00%
Representative in Congress 5,Canaan,Jahana Hayes,D,424,65.43%
Representative in Congress 5,Canaan,George Logan,R,195,30.09%
Representative in Congress 5,Canaan,Jahana Hayes,WF,29,4.48%
Representative in Congress 5,Canaan,Ahmad AJ Darwish,WI,0,0.00%
Representative in Congress 5,Canaan,Bertram Ferguson,WI,0,0.00%
State Senator 30,Canaan,Justin Potter,D,432,67.82%
State Senator 30,Canaan,Stephen G. Harding,R,189,29.67%
State Senator 30,Canaan,Stephen G. Harding,IND,16,2.51%
State Representative 64,Canaan,Maria Horn,D,424,65.43%
State Representative 64,Canaan,Barbara L. Breor,R,187,28.86%
State Representative 64,Canaan,Maria Horn,WF,28,4.32%
State Representative 64,Canaan,Maria Horn,IND,9,1.39%
Presidential Electors for,Canterbury,Harris and Walz,D,1137,36.68%
Presidential Electors for,Canterbury,Trump and Vance,R,1904,61.42%
Presidential Electors for,Canterbury,Stein and Ware,G,16,0.52%
Presidential Electors for,Canterbury,Oliver and ter Maat,LI,10,0.32%
Presidential Electors for,Canterbury,"Kennedy, Jr. and Shanahan",PC,29,0.94%
Presidential Electors for,Canterbury,De la Cruz and Garcia,WI,1,0.03%
Presidential Electors for,Canterbury,Fox and McVay,WI,0,0.00%
Presidential Electors for,Canterbury,McNeil and McNeil,WI,0,0.00%
Presidential Electors for,Canterbury,Potus and Kennedy,WI,0,0.00%
Presidential Electors for,Canterbury,Ayyadurai and Ellis,WI,0,0.00%
Presidential Electors for,Canterbury,Sonski and Onak,WI,2,0.06%
Presidential Electors for,Canterbury,West and Abdullah,WI,1,0.03%
United States Senator,Canterbury,Christopher S. Murphy,D,1099,36.71%
United States Senator,Canterbury,Matthew M. Corey,R,1755,58.62%
United States Senator,Canterbury,Christopher S. Murphy,WF,87,2.91%
United States Senator,Canterbury,Justin C. Paglino,G,14,0.47%
United States Senator,Canterbury,Robert Finley Hyde,CGG,39,1.30%
United States Senator,Canterbury,John Flynn,WI,0,0.00%
Representative in Congress 2,Canterbury,Joe Courtney,D,1291,43.02%
Representative in Congress 2,Canterbury,Mike France,R,1710,56.98%
Representative in Congress 2,Canterbury,"Kenneth Kusmierski, Jr.",WI,0,0.00%
Representative in Congress 2,Canterbury,Jeffery Russell,WI,0,0.00%
State Senator 29,Canterbury,Mae Flexer,D,978,32.75%
State Senator 29,Canterbury,Chris Reddy,R,1906,63.83%
State Senator 29,Canterbury,Mae Flexer,WF,43,1.44%
State Senator 29,Canterbury,Mae Flexer,IND,22,0.74%
State Senator 29,Canterbury,Alice Leibowitz,G,37,1.24%
State Representative 47,Canterbury,Aaron Spruance,D,1002,33.69%
State Representative 47,Canterbury,Doug Dubitsky,R,1972,66.31%
Registrar of Voters,Canterbury,Linda Sangermano,R,2232,99.78%
Registrar of Voters,Canterbury,Loreen Hegan,WI,5,0.22%
Presidential Electors for,Canton,Harris and Walz,D,3848,57.73%
Presidential Electors for,Canton,Trump and Vance,R,2692,40.38%
Presidential Electors for,Canton,Stein and Ware,G,49,0.74%
Presidential Electors for,Canton,Oliver and ter Maat,LI,39,0.59%
Presidential Electors for,Canton,"Kennedy, Jr. and Shanahan",PC,31,0.47%
Presidential Electors for,Canton,De la Cruz and Garcia,WI,3,0.05%
Presidential Electors for,Canton,Fox and McVay,WI,0,0.00%
Presidential Electors for,Canton,McNeil and McNeil,WI,0,0.00%
Presidential Electors for,Canton,Potus and Kennedy,WI,0,0.00%
Presidential Electors for,Canton,Ayyadurai and Ellis,WI,1,0.02%
Presidential Electors for,Canton,Sonski and Onak,WI,2,0.03%
Presidential Electors for,Canton,West and Abdullah,WI,1,0.02%
United States Senator,Canton,Christopher S. Murphy,D,3687,55.91%
United States Senator,Canton,Matthew M. Corey,R,2677,40.59%
United States Senator,Canton,Christopher S. Murphy,WF,137,2.08%
United States Senator,Canton,Justin C. Paglino,G,44,0.67%
United States Senator,Canton,Robert Finley Hyde,CGG,50,0.76%
United States Senator,Canton,John Flynn,WI,0,0.00%
Representative in Congress 5,Canton,Jahana Hayes,D,3585,54.38%
Representative in Congress 5,Canton,George Logan,R,2865,43.46%
Representative in Congress 5,Canton,Jahana Hayes,WF,143,2.17%
Representative in Congress 5,Canton,Ahmad AJ Darwish,WI,0,0.00%
Representative in Congress 5,Canton,Bertram Ferguson,WI,0,0.00%
State Senator 8,Canton,Paul Honig,D,3300,50.33%
State Senator 8,Canton,Lisa Seminara,R,3028,46.18%
State Senator 8,Canton,Paul Honig,WF,135,2.06%
State Senator 8,Canton,Lisa Seminara,IND,94,1.43%
State Representative 17,Canton,Eleni Kavros DeGraw,D,3611,55.31%
State Representative 17,Canton,Manju Gerber,R,2683,41.09%
State Representative 17,Canton,Eleni Kavros DeGraw,WF,135,2.07%
State Representative 17,Canton,Eleni Kavros DeGraw,IND,100,1.53%
Registrar of Voters,Canton,Cynthia Zdanzukas,D,3441,53.47%
Registrar of Voters,Canton,Warren Humphrey,R,2994,46.53%
Presidential Electors for,Chaplin,Harris and Walz,D,535,42.77%
Presidential Electors for,Chaplin,Trump and Vance,R,695,55.56%
Presidential Electors for,Chaplin,Stein and Ware,G,13,1.04%
Presidential Electors for,Chaplin,Oliver and ter Maat,LI,3,0.24%
Presidential Electors for,Chaplin,"Kennedy, Jr. and Shanahan",PC,5,0.40%
Presidential Electors for,Chaplin,De la Cruz and Garcia,WI,0,0.00%
Presidential Electors for,Chaplin,Fox and McVay,WI,0,0.00%
Presidential Electors for,Chaplin,McNeil and McNeil,WI,0,0.00%
Presidential Electors for,Chaplin,Potus and Kennedy,WI,0,0.00%
Presidential Electors for,Chaplin,Ayyadurai and Ellis,WI,0,0.00%
Presidential Electors for,Chaplin,Sonski and Onak,WI,0,0.00%
Presidential Electors for,Chaplin,West and Abdullah,WI,0,0.00%
United States Senator,Chaplin,Christopher S. Murphy,D,531,43.63%
United States Senator,Chaplin,Matthew M. Corey,R,628,51.60%
United States Senator,Chaplin,Christopher S. Murphy,WF,37,3.04%
United States Senator,Chaplin,Justin C. Paglino,G,9,0.74%
United States Senator,Chaplin,Robert Finley Hyde,CGG,12,0.99%
United States Senator,Chaplin,John Flynn,WI,0,0.00%
Representative in Congress 2,Chaplin,Joe Courtney,D,619,50.90%
Representative in Congress 2,Chaplin,Mike France,R,597,49.10%
Representative in Congress 2,Chaplin,"Kenneth Kusmierski, Jr.",WI,0,0.00%
Representative in Congress 2,Chaplin,Jeffery Russell,WI,0,0.00%
State Senator 35,Chaplin,Merry C. Garrett,D,486,40.47%
State Senator 35,Chaplin,Jeff Gordon,R,678,56.45%
State Senator 35,Chaplin,Merry C. Garrett,WF,22,1.83%
State Senator 35,Chaplin,Merry C. Garrett,IND,15,1.25%
State Representative 47,Chaplin,Aaron Spruance,D,477,39.68%
State Representative 47,Chaplin,Doug Dubitsky,R,725,60.32%
Registrar of Voters,Chaplin,Christopher Komuves,D,469,39.41%
Registrar of Voters,Chaplin,Eugene V. Boomer Jr.,R,721,60.59%
Judge of Probate 28 To Fill Vacancy,Chaplin,George A. Baker,D,481,40.83%
Judge of Probate 28 To Fill Vacancy,Chaplin,Douglas T. Stearns,R,697,59.17%
Presidential Electors for,Cheshire,Harris and Walz,D,9390,54.49%
Presidential Electors for,Cheshire,Trump and Vance,R,7498,43.51%
Presidential Electors for,Cheshire,Stein and Ware,G,159,0.92%
Presidential Electors for,Cheshire,Oliver and ter Maat,LI,83,0.48%
Presidential Electors for,Cheshire,"Kennedy, Jr. and Shanahan",PC,98,0.57%
Presidential Electors for,Cheshire,De la Cruz and Garcia,WI,4,0.02%
Presidential Electors for,Cheshire,Fox and McVay,WI,0,0.00%
Presidential Electors for,Cheshire,McNeil and McNeil,WI,0,0.00%
Presidential Electors for,Cheshire,Potus and Kennedy,WI,0,0.00%
Presidential Electors for,Cheshire,Ayyadurai and Ellis,WI,0,0.00%
Presidential Electors for,Cheshire,Sonski and Onak,WI,1,0.01%
Presidential Electors for,Cheshire,West and Abdullah,WI,0,0.00%
United States Senator,Cheshire,Christopher S. Murphy,D,9164,53.80%
United States Senator,Cheshire,Matthew M. Corey,R,7255,42.59%
United States Senator,Cheshire,Christopher S. Murphy,WF,386,2.27%
United States Senator,Cheshire,Justin C. Paglino,G,120,0.70%
United States Senator,Cheshire,Robert Finley Hyde,CGG,108,0.63%
United States Senator,Cheshire,John Flynn,WI,0,0.00%
Representative in Congress 5,Cheshire,Jahana Hayes,D,8722,51.91%
Representative in Congress 5,Cheshire,George Logan,R,7722,45.96%
Representative in Congress 5,Cheshire,Jahana Hayes,WF,358,2.13%
Representative in Congress 5,Cheshire,Ahmad AJ Darwish,WI,0,0.00%
Representative in Congress 5,Cheshire,Bertram Ferguson,WI,0,0.00%
State Senator 13,Cheshire,Jan Hochadel,D,6011,49.45%
State Senator 13,Cheshire,Elain Cariati,R,5745,47.26%
State Senator 13,Cheshire,Jan Hochadel,WF,215,1.77%
State Senator 13,Cheshire,Gwen Samuel,IND,184,1.51%
State Senator 13,Cheshire,Gwen Samuel,WI,0,0.00%
State Senator 16,Cheshire,Christopher Robertson,D,2150,47.49%
State Senator 16,Cheshire,Rob Sampson,R,2284,50.45%
State Senator 16,Cheshire,Christopher Robertson,IND,93,2.05%
State Representative 83,Cheshire,Jack Fazzino,D,1169,50.43%
State Representative 83,Cheshire,Joseph Vollano,R,1067,46.03%
State Representative 83,Cheshire,Jack Fazzino,WF,37,1.60%
State Representative 83,Cheshire,Jack Fazzino,IND,45,1.94%
State Representative 89,Cheshire,Lezlye Zupkus,R,2653,100.00%
State Representative 89,Cheshire,Stuart R. Korchin,WI,0,0.00%
State Representative 103,Cheshire,Liz Linehan,D,7076,100.00%
Registrar of Voters,Cheshire,Willy Hyde,D,7917,48.22%
Registrar of Voters,Cheshire,Sylvia Nichols,R,8503,51.78%
Presidential Electors for,Chester,Harris and Walz,D,1666,64.60%
Presidential Electors for,Chester,Trump and Vance,R,866,33.58%
Presidential Electors for,Chester,Stein and Ware,G,15,0.58%
Presidential Electors for,Chester,Oliver and ter Maat,LI,9,0.35%
Presidential Electors for,Chester,"Kennedy, Jr. and Shanahan",PC,20,0.78%
Presidential Electors for,Chester,De la Cruz and Garcia,WI,1,0.04%
Presidential Electors for,Chester,Fox and McVay,WI,0,0.00%
Presidential Electors for,Chester,McNeil and McNeil,WI,0,0.00%
Presidential Electors for,Chester,Potus and Kennedy,WI,0,0.00%
Presidential Electors for,Chester,Ayyadurai and Ellis,WI,0,0.00%
Presidential Electors for,Chester,Sonski and Onak,WI,2,0.08%
Presidential Electors for,Chester,West and Abdullah,WI,0,0.00%
United States Senator,Chester,Christopher S. Murphy,D,1601,63.51%
United States Senator,Chester,Matthew M. Corey,R,815,32.33%
United States Senator,Chester,Christopher S. Murphy,WF,71,2.82%
United States Senator,Chester,Justin C. Paglino,G,18,0.71%
United States Senator,Chester,Robert Finley Hyde,CGG,16,0.63%
United States Senator,Chester,John Flynn,WI,0,0.00%
Representative in Congress 2,Chester,Joe Courtney,D,1710,67.99%
Representative in Congress 2,Chester,Mike France,R,804,31.97%
Representative in Congress 2,Chester,"Kenneth Kusmierski, Jr.",WI,1,0.04%
Representative in Congress 2,Chester,Jeffery Russell,WI,0,0.00%
State Senator 33,Chester,Norm Needleman,D,1647,65.59%
State Senator 33,Chester,Jeffery Duigou,R,793,31.58%
State Senator 33,Chester,Norm Needleman,IND,71,2.83%
State Representative 36,Chester,Renee LaMark Muir,D,1543,61.92%
State Representative 36,Chester,Kathryn Russell,R,949,38.08%
Presidential Electors for,Clinton,Harris and Walz,D,4318,54.02%
Presidential Electors for,Clinton,Trump and Vance,R,3550,44.41%
Presidential Electors for,Clinton,Stein and Ware,G,49,0.61%
Presidential Electors for,Clinton,Oliver and ter Maat,LI,37,0.46%
Presidential Electors for,Clinton,"Kennedy, Jr. and Shanahan",PC,40,0.50%
Presidential Electors for,Clinton,De la Cruz and Garcia,WI,0,0.00%
Presidential Electors for,Clinton,Fox and McVay,WI,0,0.00%
Presidential Electors for,Clinton,McNeil and McNeil,WI,0,0.00%
Presidential Electors for,Clinton,Potus and Kennedy,WI,0,0.00%
Presidential Electors for,Clinton,Ayyadurai and Ellis,WI,0,0.00%
Presidential Electors for,Clinton,Sonski and Onak,WI,0,0.00%
Presidential Electors for,Clinton,West and Abdullah,WI,0,0.00%
United States Senator,Clinton,Christopher S. Murphy,D,4205,54.06%
United States Senator,Clinton,Matthew M. Corey,R,3257,41.87%
United States Senator,Clinton,Christopher S. Murphy,WF,185,2.38%
United States Senator,Clinton,Justin C. Paglino,G,68,0.87%
United States Senator,Clinton,Robert Finley Hyde,CGG,63,0.81%
United States Senator,Clinton,John Flynn,WI,0,0.00%
Representative in Congress 2,Clinton,Joe Courtney,D,4467,57.89%
Representative in Congress 2,Clinton,Mike France,R,3250,42.11%
Representative in Congress 2,Clinton,"Kenneth Kusmierski, Jr.",WI,0,0.00%
Representative in Congress 2,Clinton,Jeffery Russell,WI,0,0.00%
State Senator 33,Clinton,Norm Needleman,D,4193,54.46%
State Senator 33,Clinton,Jeffery Duigou,R,3324,43.17%
State Senator 33,Clinton,Norm Needleman,IND,182,2.36%
State Representative 35,Clinton,Cinzia Lettieri,D,3698,47.57%
State Representative 35,Clinton,Chris Aniskovich,R,3805,48.95%
State Representative 35,Clinton,Cinzia Lettieri,WF,127,1.63%
State Representative 35,Clinton,Chris Aniskovich,IND,144,1.85%
Registrar of Voters,Clinton,Mark Vasil,D,3928,52.46%
Registrar of Voters,Clinton,Lawrence P. Edwards,R,3559,47.54%
Presidential Electors for,Colchester,Harris and Walz,D,5002,52.61%
Presidential Electors for,Colchester,Trump and Vance,R,4332,45.57%
Presidential Electors for,Colchester,Stein and Ware,G,47,0.49%
Presidential Electors for,Colchester,Oliver and ter Maat,LI,57,0.60%
Presidential Electors for,Colchester,"Kennedy, Jr. and Shanahan",PC,69,0.73%
Presidential Electors for,Colchester,De la Cruz and Garcia,WI,0,0.00%
Presidential Electors for,Colchester,Fox and McVay,WI,0,0.00%
Presidential Electors for,Colchester,McNeil and McNeil,WI,0,0.00%
Presidential Electors for,Colchester,Potus and Kennedy,WI,0,0.00%
Presidential Electors for,Colchester,Ayyadurai and Ellis,WI,0,0.00%
Presidential Electors for,Colchester,Sonski and Onak,WI,0,0.00%
Presidential Electors for,Colchester,West and Abdullah,WI,0,0.00%
United States Senator,Colchester,Christopher S. Murphy,D,4869,52.40%
United States Senator,Colchester,Matthew M. Corey,R,4019,43.25%
United States Senator,Colchester,Christopher S. Murphy,WF,275,2.96%
United States Senator,Colchester,Justin C. Paglino,G,54,0.58%
United States Senator,Colchester,Robert Finley Hyde,CGG,75,0.81%
United States Senator,Colchester,John Flynn,WI,0,0.00%
Representative in Congress 2,Colchester,Joe Courtney,D,5465,58.93%
Representative in Congress 2,Colchester,Mike France,R,3809,41.07%
Representative in Congress 2,Colchester,"Kenneth Kusmierski, Jr.",WI,0,0.00%
Representative in Congress 2,Colchester,Jeffery Russell,WI,0,0.00%
State Senator 33,Colchester,Norm Needleman,D,4806,51.99%
State Senator 33,Colchester,Jeffery Duigou,R,4197,45.40%
State Senator 33,Colchester,Norm Needleman,IND,241,2.61%
State Representative 48,Colchester,Christopher Rivers,D,4519,49.18%
State Representative 48,Colchester,Mark DeCaprio,R,4348,47.32%
State Representative 48,Colchester,Christopher Rivers,WF,207,2.25%
State Representative 48,Colchester,Lance Lusignan,IND,114,1.24%
Registrar of Voters,Colchester,Sara Mussen,D,4559,50.10%
Registrar of Voters,Colchester,Julianne Shilosky,R,4541,49.90%
Judge of Probate 28 To Fill Vacancy,Colchester,George A. Baker,D,4950,54.50%
Judge of Probate 28 To Fill Vacancy,Colchester,Douglas T. Stearns,R,4132,45.50%
Presidential Electors for,Colebrook,Harris and Walz,D,403,41.80%
Presidential Electors for,Colebrook,Trump and Vance,R,548,56.85%
Presidential Electors for,Colebrook,Stein and Ware,G,7,0.73%
Presidential Electors for,Colebrook,Oliver and ter Maat,LI,3,0.31%
Presidential Electors for,Colebrook,"Kennedy, Jr. and Shanahan",PC,3,0.31%
Presidential Electors for,Colebrook,De la Cruz and Garcia,WI,0,0.00%
Presidential Electors for,Colebrook,Fox and McVay,WI,0,0.00%
Presidential Electors for,Colebrook,McNeil and McNeil,WI,0,0.00%
Presidential Electors for,Colebrook,Potus and Kennedy,WI,0,0.00%
Presidential Electors for,Colebrook,Ayyadurai and Ellis,WI,0,0.00%
Presidential Electors for,Colebrook,Sonski and Onak,WI,0,0.00%
Presidential Electors for,Colebrook,West and Abdullah,WI,0,0.00%
United States Senator,Colebrook,Christopher S. Murphy,D,395,41.93%
United States Senator,Colebrook,Matthew M. Corey,R,513,54.46%
United States Senator,Colebrook,Christopher S. Murphy,WF,24,2.55%
United States Senator,Colebrook,Justin C. Paglino,G,4,0.42%
United States Senator,Colebrook,Robert Finley Hyde,CGG,6,0.64%
United States Senator,Colebrook,John Flynn,WI,0,0.00%
Representative in Congress 1,Colebrook,John B. Larson,D,395,42.16%
Representative in Congress 1,Colebrook,Jim Griffin,R,502,53.58%
Representative in Congress 1,Colebrook,John B. Larson,WF,29,3.09%
Representative in Congress 1,Colebrook,Mary L. Sanders,G,11,1.17%
State Senator 8,Colebrook,Paul Honig,D,352,37.21%
State Senator 8,Colebrook,Lisa Seminara,R,565,59.73%
State Senator 8,Colebrook,Paul Honig,WF,18,1.90%
State Senator 8,Colebrook,Lisa Seminara,IND,11,1.16%
State Representative 63,Colebrook,Jay M. Case,R,693,100.00%
Registrar of Voters,Colebrook,Karen Odell,D,473,50.21%
Registrar of Voters,Colebrook,Sherri Gray,R,469,49.79%
Presidential Electors for,Columbia,Harris and Walz,D,1787,50.67%
Presidential Electors for,Columbia,Trump and Vance,R,1678,47.58%
Presidential Electors for,Columbia,Stein and Ware,G,17,0.48%
Presidential Electors for,Columbia,Oliver and ter Maat,LI,30,0.85%
Presidential Electors for,Columbia,"Kennedy, Jr. and Shanahan",PC,14,0.40%
Presidential Electors for,Columbia,De la Cruz and Garcia,WI,0,0.00%
Presidential Electors for,Columbia,Fox and McVay,WI,0,0.00%
Presidential Electors for,Columbia,McNeil and McNeil,WI,0,0.00%
Presidential Electors for,Columbia,Potus and Kennedy,WI,0,0.00%
Presidential Electors for,Columbia,Ayyadurai and Ellis,WI,0,0.00%
Presidential Electors for,Columbia,Sonski and Onak,WI,0,0.00%
Presidential Electors for,Columbia,West and Abdullah,WI,1,0.03%
United States Senator,Columbia,Christopher S. Murphy,D,1706,49.91%
United States Senator,Columbia,Matthew M. Corey,R,1584,46.34%
United States Senator,Columbia,Christopher S. Murphy,WF,79,2.31%
United States Senator,Columbia,Justin C. Paglino,G,23,0.67%
United States Senator,Columbia,Robert Finley Hyde,CGG,26,0.76%
United States Senator,Columbia,John Flynn,WI,0,0.00%
Representative in Congress 2,Columbia,Joe Courtney,D,1893,54.89%
Representative in Congress 2,Columbia,Mike France,R,1556,45.11%
Representative in Congress 2,Columbia,"Kenneth Kusmierski, Jr.",WI,0,0.00%
Representative in Congress 2,Columbia,Jeffery Russell,WI,0,0.00%
State Senator 19,Columbia,Catherine A. Osten,D,1673,48.46%
State Senator 19,Columbia,Jason Guidone,R,1661,48.12%
State Senator 19,Columbia,Catherine A. Osten,WF,68,1.97%
State Senator 19,Columbia,Catherine A. Osten,IND,50,1.45%
State Representative 8,Columbia,Nancy Hammarstrom,D,1386,40.31%
State Representative 8,Columbia,Timothy Ackert,R,1999,58.14%
State Representative 8,Columbia,Nancy Hammarstrom,WF,53,1.54%
Registrar of Voters,Columbia,Nelisa Reagan,D,1730,50.97%
Registrar of Voters,Columbia,Gayle J. Mulligan,R,1664,49.03%
Presidential Electors for,Cornwall,Harris and Walz,D,732,70.79%
Presidential Electors for,Cornwall,Trump and Vance,R,280,27.08%
Presidential Electors for,Cornwall,Stein and Ware,G,14,1.35%
Presidential Electors for,Cornwall,Oliver and ter Maat,LI,3,0.29%
Presidential Electors for,Cornwall,"Kennedy, Jr. and Shanahan",PC,4,0.39%
Presidential Electors for,Cornwall,De la Cruz and Garcia,WI,1,0.10%
Presidential Electors for,Cornwall,Fox and McVay,WI,0,0.00%
Presidential Electors for,Cornwall,McNeil and McNeil,WI,0,0.00%
Presidential Electors for,Cornwall,Potus and Kennedy,WI,0,0.00%
Presidential Electors for,Cornwall,Ayyadurai and Ellis,WI,0,0.00%
Presidential Electors for,Cornwall,Sonski and Onak,WI,0,0.00%
Presidential Electors for,Cornwall,West and Abdullah,WI,0,0.00%
United States Senator,Cornwall,Christopher S. Murphy,D,705,69.32%
United States Senator,Cornwall,Matthew M. Corey,R,272,26.75%
United States Senator,Cornwall,Christopher S. Murphy,WF,24,2.36%
United States Senator,Cornwall,Justin C. Paglino,G,15,1.47%
United States Senator,Cornwall,Robert Finley Hyde,CGG,1,0.10%
United States Senator,Cornwall,John Flynn,WI,0,0.00%
Representative in Congress 5,Cornwall,Jahana Hayes,D,690,67.91%
Representative in Congress 5,Cornwall,George Logan,R,296,29.13%
Representative in Congress 5,Cornwall,Jahana Hayes,WF,30,2.95%
Representative in Congress 5,Cornwall,Ahmad AJ Darwish,WI,0,0.00%
Representative in Congress 5,Cornwall,Bertram Ferguson,WI,0,0.00%
State Senator 30,Cornwall,Justin Potter,D,697,70.26%
State Senator 30,Cornwall,Stephen G. Harding,R,284,28.63%
State Senator 30,Cornwall,Stephen G. Harding,IND,11,1.11%
State Representative 64,Cornwall,Maria Horn,D,702,68.89%
State Representative 64,Cornwall,Barbara L. Breor,R,275,26.99%
State Representative 64,Cornwall,Maria Horn,WF,26,2.55%
State Representative 64,Cornwall,Maria Horn,IND,16,1.57%
Registrar of Voters,Cornwall,Jayne Ridgway,D,731,73.54%
Registrar of Voters,Cornwall,Brittany Mosimann,R,263,26.46%
Presidential Electors for,Coventry,Harris and Walz,D,3808,49.97%
Presidential Electors for,Coventry,Trump and Vance,R,3681,48.31%
Presidential Electors for,Coventry,Stein and Ware,G,43,0.56%
Presidential Electors for,Coventry,Oliver and ter Maat,LI,50,0.66%
Presidential Electors for,Coventry,"Kennedy, Jr. and Shanahan",PC,38,0.50%
Presidential Electors for,Coventry,De la Cruz and Garcia,WI,0,0.00%
Presidential Electors for,Coventry,Fox and McVay,WI,0,0.00%
Presidential Electors for,Coventry,McNeil and McNeil,WI,0,0.00%
Presidential Electors for,Coventry,Potus and Kennedy,WI,0,0.00%
Presidential Electors for,Coventry,Ayyadurai and Ellis,WI,0,0.00%
Presidential Electors for,Coventry,Sonski and Onak,WI,0,0.00%
Presidential Electors for,Coventry,West and Abdullah,WI,0,0.00%
United States Senator,Coventry,Christopher S. Murphy,D,3657,49.05%
United States Senator,Coventry,Matthew M. Corey,R,3480,46.67%
United States Senator,Coventry,Christopher S. Murphy,WF,189,2.53%
United States Senator,Coventry,Justin C. Paglino,G,76,1.02%
United States Senator,Coventry,Robert Finley Hyde,CGG,54,0.72%
United States Senator,Coventry,John Flynn,WI,0,0.00%
Representative in Congress 2,Coventry,Joe Courtney,D,4071,54.70%
Representative in Congress 2,Coventry,Mike France,R,3372,45.30%
Representative in Congress 2,Coventry,"Kenneth Kusmierski, Jr.",WI,0,0.00%
Representative in Congress 2,Coventry,Jeffery Russell,WI,0,0.00%
State Senator 35,Coventry,Merry C. Garrett,D,3244,44.23%
State Senator 35,Coventry,Jeff Gordon,R,3886,52.98%
State Senator 35,Coventry,Merry C. Garrett,WF,123,1.68%
State Senator 35,Coventry,Merry C. Garrett,IND,82,1.12%
State Representative 8,Coventry,Nancy Hammarstrom,D,2743,36.68%
State Representative 8,Coventry,Timothy Ackert,R,4605,61.58%
State Representative 8,Coventry,Nancy Hammarstrom,WF,130,1.74%
Registrar of Voters,Coventry,Sandye Simon,D,3561,49.04%
Registrar of Voters,Coventry,Marilyn K. Powers,R,3700,50.96%
Judge of Probate 25 To Fill Vacancy,Coventry,Sophia H. Shaikh,D,4411,100.00%
Presidential Electors for,Cromwell,Harris and Walz,D,4635,53.61%
Presidential Electors for,Cromwell,Trump and Vance,R,3816,44.14%
Presidential Electors for,Cromwell,Stein and Ware,G,77,0.89%
Presidential Electors for,Cromwell,Oliver and ter Maat,LI,50,0.58%
Presidential Electors for,Cromwell,"Kennedy, Jr. and Shanahan",PC,62,0.72%
Presidential Electors for,Cromwell,De la Cruz and Garcia,WI,2,0.02%
Presidential Electors for,Cromwell,Fox and McVay,WI,0,0.00%
Presidential Electors for,Cromwell,McNeil and McNeil,WI,0,0.00%
Presidential Electors for,Cromwell,Potus and Kennedy,WI,0,0.00%
Presidential Electors for,Cromwell,Ayyadurai and Ellis,WI,0,0.00%
Presidential Electors for,Cromwell,Sonski and Onak,WI,1,0.01%
Presidential Electors for,Cromwell,West and Abdullah,WI,3,0.03%
United States Senator,Cromwell,Christopher S. Murphy,D,4459,52.93%
United States Senator,Cromwell,Matthew M. Corey,R,3582,42.52%
United States Senator,Cromwell,Christopher S. Murphy,WF,230,2.73%
United States Senator,Cromwell,Justin C. Paglino,G,75,0.89%
United States Senator,Cromwell,Robert Finley Hyde,CGG,79,0.94%
United States Senator,Cromwell,John Flynn,WI,0,0.00%
Representative in Congress 1,Cromwell,John B. Larson,D,4428,53.41%
Representative in Congress 1,Cromwell,Jim Griffin,R,3472,41.88%
Representative in Congress 1,Cromwell,John B. Larson,WF,235,2.83%
Representative in Congress 1,Cromwell,Mary L. Sanders,G,155,1.87%
State Senator 9,Cromwell,Matthew Lesser,D,4680,83.83%
State Senator 9,Cromwell,Matthew Lesser,WF,427,7.65%
State Senator 9,Cromwell,Matthew Lesser,IND,476,8.53%
State Representative 32,Cromwell,Christie M. Carpino,R,6075,100.00%
Registrar of Voters,Cromwell,Alice Kelly,D,4079,50.71%
Registrar of Voters,Cromwell,Bonnie Anderson,R,3964,49.29%
Judge of Probate 15 To Fill Vacancy,Cromwell,Phrances Leverton Szewczyk,D,5219,100.00%
Presidential Electors for,Danbury,Harris and Walz,D,16318,53.15%
Presidential Electors for,Danbury,Trump and Vance,R,13971,45.50%
Presidential Electors for,Danbury,Stein and Ware,G,191,0.62%
Presidential Electors for,Danbury,Oliver and ter Maat,LI,87,0.28%
Presidential Electors for,Danbury,"Kennedy, Jr. and Shanahan",PC,137,0.45%
Presidential Electors for,Danbury,De la Cruz and Garcia,WI,0,0.00%
Presidential Electors for,Danbury,Fox and McVay,WI,0,0.00%
Presidential Electors for,Danbury,McNeil and McNeil,WI,0,0.00%
Presidential Electors for,Danbury,Potus and Kennedy,WI,0,0.00%
Presidential Electors for,Danbury,Ayyadurai and Ellis,WI,0,0.00%
Presidential Electors for,Danbury,Sonski and Onak,WI,0,0.00%
Presidential Electors for,Danbury,West and Abdullah,WI,0,0.00%
United States Senator,Danbury,Christopher S. Murphy,D,16061,54.16%
United States Senator,Danbury,Matthew M. Corey,R,12258,41.34%
United States Senator,Danbury,Christopher S. Murphy,WF,840,2.83%
United States Senator,Danbury,Justin C. Paglino,G,215,0.73%
United States Senator,Danbury,Robert Finley Hyde,CGG,280,0.94%
United States Senator,Danbury,John Flynn,WI,1,0.00%
Representative in Congress 5,Danbury,Jahana Hayes,D,15761,53.37%
Representative in Congress 5,Danbury,George Logan,R,12904,43.70%
Representative in Congress 5,Danbury,Jahana Hayes,WF,863,2.92%
Representative in Congress 5,Danbury,Ahmad AJ Darwish,WI,1,0.00%
Representative in Congress 5,Danbury,Bertram Ferguson,WI,1,0.00%
State Senator 24,Danbury,Julie Kushner,D,15392,51.59%
State Senator 24,Danbury,Michelle Coelho,R,13171,44.15%
State Senator 24,Danbury,Julie Kushner,WF,766,2.57%
State Senator 24,Danbury,Michelle Coelho,IND,504,1.69%
State Representative 2,Danbury,Raghib Allie-Brennan,D,2493,53.72%
State Representative 2,Danbury,Bradley M. Koltz,R,2072,44.65%
State Representative 2,Danbury,Raghib Allie-Brennan,IND,76,1.64%
State Representative 108,Danbury,Anne Weisberg,D,1028,47.42%
State Representative 108,Danbury,Patrick Callahan,R,1099,50.69%
State Representative 108,Danbury,Anne Weisberg,WF,41,1.89%
State Representative 109,Danbury,Farley A. Santos,D,4199,52.14%
State Representative 109,Danbury,Brenda Santopolo Hefferon,R,3506,43.53%
State Representative 109,Danbury,Farley A. Santos,WF,253,3.14%
State Representative 109,Danbury,Farley A. Santos,IND,96,1.19%
State Representative 110,Danbury,Bob Godfrey,D,3090,57.14%
State Representative 110,Danbury,Austin Monteiro,R,2129,39.37%
State Representative 110,Danbury,Bob Godfrey,WF,189,3.49%
State Representative 138,Danbury,Kenneth M. Gucker,D,4444,48.36%
State Representative 138,Danbury,Rachel Chaleski,R,4361,47.45%
State Representative 138,Danbury,Kenneth M. Gucker,WF,222,2.42%
State Representative 138,Danbury,Rachel Chaleski,IND,163,1.77%
Registrar of Voters,Danbury,Joan G. Bielizna,D,15123,52.60%
Registrar of Voters,Danbury,Mary Ann Doran,R,13626,47.40%
Presidential Electors for,Darien,Harris and Walz,D,6988,58.62%
Presidential Electors for,Darien,Trump and Vance,R,4732,39.69%
Presidential Electors for,Darien,Stein and Ware,G,56,0.47%
Presidential Electors for,Darien,Oliver and ter Maat,LI,94,0.79%
Presidential Electors for,Darien,"Kennedy, Jr. and Shanahan",PC,49,0.41%
Presidential Electors for,Darien,De la Cruz and Garcia,WI,2,0.02%
Presidential Electors for,Darien,Fox and McVay,WI,0,0.00%
Presidential Electors for,Darien,McNeil and McNeil,WI,0,0.00%
Presidential Electors for,Darien,Potus and Kennedy,WI,0,0.00%
Presidential Electors for,Darien,Ayyadurai and Ellis,WI,0,0.00%
Presidential Electors for,Darien,Sonski and Onak,WI,0,0.00%
Presidential Electors for,Darien,West and Abdullah,WI,0,0.00%
United States Senator,Darien,Christopher S. Murphy,D,6271,51.18%
United States Senator,Darien,Matthew M. Corey,R,5788,47.24%
United States Senator,Darien,Christopher S. Murphy,WF,121,0.99%
United States Senator,Darien,Justin C. Paglino,G,44,0.36%
United States Senator,Darien,Robert Finley Hyde,CGG,28,0.23%
United States Senator,Darien,John Flynn,WI,0,0.00%
Representative in Congress 4,Darien,Jim Himes,D,6439,52.69%
Representative in Congress 4,Darien,Michael Goldstein,R,5653,46.26%
Representative in Congress 4,Darien,Benjamin Wesley,IND,128,1.05%
State Senator 25,Darien,Bob Duff,D,2985,49.81%
State Senator 25,Darien,Martin Tagliaferro,R,2930,48.89%
State Senator 25,Darien,Bob Duff,WF,78,1.30%
State Senator 26,Darien,Ceci Maher,D,1122,50.07%
State Senator 26,Darien,Kami Evans,R,1104,49.26%
State Senator 26,Darien,Kami Evans,IND,15,0.67%
State Senator 27,Darien,Pat Billie Miller,D,1677,44.44%
State Senator 27,Darien,Nicola Tarzia,R,2097,55.56%
State Representative 125,Darien,Jason Bennett,D,188,35.34%
State Representative 125,Darien,Tom O'Dea,R,344,64.66%
State Representative 141,Darien,Sheila Quinn,D,4640,39.91%
State Representative 141,Darien,Tracy Marra,R,6820,58.66%
State Representative 141,Darien,Tracy Marra,IND,166,1.43%
Registrar of Voters,Darien,Susan K. Gray,D,5586,47.00%
Registrar of Voters,Darien,Cara Kate Gately,R,6300,53.00%
Board of Education,Darien,Joanna Walsh,D,5678,24.26%
Board of Education,Darien,Michael Balzano,D,4983,21.29%
Board of Education,Darien,David Brown,R,6199,26.48%
Board of Education,Darien,Robin Nelson,R,6549,27.98%
Representative Town Meeting District 1,Darien,Priscilla Wong,PC,89,13.99%
Representative Town Meeting District 1,Darien,Linda Tavlarios,PC,82,12.89%
Representative Town Meeting District 1,Darien,John Sartorius,PC,84,13.21%
Representative Town Meeting District 1,Darien,William Clarkson,PC,74,11.64%
Representative Town Meeting District 1,Darien,Charles Powis,PC,75,11.79%
Representative Town Meeting District 1,Darien,Patrick Parr,PC,74,11.64%
Representative Town Meeting District 1,Darien,Diane Conologue,PC,75,11.79%
Representative Town Meeting District 1,Darien,Beatrice Clements,WI,77,12.11%
Representative Town Meeting District 1,Darien,Peter Drippe,WI,6,0.94%
Representative Town Meeting District 1-01,Darien,Priscilla Wong,PC,159,15.62%
Representative Town Meeting District 1-01,Darien,Linda Tavlarios,PC,153,15.03%
Representative Town Meeting District 1-01,Darien,John Sartorius,PC,147,14.44%
Representative Town Meeting District 1-01,Darien,William Clarkson,PC,140,13.75%
Representative Town Meeting District 1-01,Darien,Charles Powis,PC,134,13.16%
Representative Town Meeting District 1-01,Darien,Patrick Parr,PC,144,14.15%
Representative Town Meeting District 1-01,Darien,Diane Conologue,PC,141,13.85%
Representative Town Meeting District 1-02,Darien,Priscilla Wong,PC,638,16.13%
Representative Town Meeting District 1-02,Darien,Linda Tavlarios,PC,573,14.48%
Representative Town Meeting District 1-02,Darien,John Sartorius,PC,562,14.21%
Representative Town Meeting District 1-02,Darien,William Clarkson,PC,544,13.75%
Representative Town Meeting District 1-02,Darien,Charles Powis,PC,533,13.47%
Representative Town Meeting District 1-02,Darien,Patrick Parr,PC,536,13.55%
Representative Town Meeting District 1-02,Darien,Diane Conologue,PC,570,14.41%
Representative Town Meeting District 2,Darien,Emily Salmore,PC,705,12.88%
Representative Town Meeting District 2,Darien,Richard Aponte,PC,629,11.49%
Representative Town Meeting District 2,Darien,Michael Casolo,PC,710,12.97%
Representative Town Meeting District 2,Darien,Penelope Wilson,PC,643,11.75%
Representative Town Meeting District 2,Darien,Michael Wheeler,PC,660,12.06%
Representative Town Meeting District 2,Darien,Cheryl Russell,PC,643,11.75%
Representative Town Meeting District 2,Darien,Charles Teschner,PC,612,11.18%
Representative Town Meeting District 2,Darien,Liz Bacon,PC,738,13.48%
Representative Town Meeting District 2,Darien,Karen Knapp,WI,91,1.66%
Representative Town Meeting District 2,Darien,Kelly Scallon,WI,43,0.79%
Representative Town Meeting District 3,Darien,Jack Davis,PC,666,49.30%
Representative Town Meeting District 3,Darien,Jeff Crouse,PC,661,48.93%
Representative Town Meeting District 3,Darien,Paul Ferrone,WI,24,1.78%
Representative Town Meeting District 4,Darien,Jean Hsu,PC,833,31.70%
Representative Town Meeting District 4,Darien,Jan Raymond,PC,897,34.13%
Representative Town Meeting District 4,Darien,Brian Rayhill,PC,898,34.17%
Representative Town Meeting District 5,Darien,Ian Laird,PC,756,13.80%
Representative Town Meeting District 5,Darien,Mark Adiletta,PC,818,14.93%
Representative Town Meeting District 5,Darien,Ashley Guadano,PC,830,15.15%
Representative Town Meeting District 5,Darien,Doug Allen Bernacchi,PC,716,13.07%
Representative Town Meeting District 5,Darien,Beth Pope,PC,857,15.64%
Representative Town Meeting District 5,Darien,Curtis Butler,PC,703,12.83%
Representative Town Meeting District 5,Darien,David Bayne,PC,798,14.57%
Representative Town Meeting District 6,Darien,Rachel Taylor,PC,909,26.32%
Representative Town Meeting District 6,Darien,Frank Adelman,PC,834,24.15%
Representative Town Meeting District 6,Darien,John Visi,PC,880,25.48%
Representative Town Meeting District 6,Darien,Susan Lauritzen,PC,827,23.94%
Representative Town Meeting District 6,Darien,Violet Aldaia,WI,4,0.12%
Presidential Electors for,Deep River,Harris and Walz,D,1735,60.31%
Presidential Electors for,Deep River,Trump and Vance,R,1097,38.13%
Presidential Electors for,Deep River,Stein and Ware,G,12,0.42%
Presidential Electors for,Deep River,Oliver and ter Maat,LI,14,0.49%
Presidential Electors for,Deep River,"Kennedy, Jr. and Shanahan",PC,19,0.66%
Presidential Electors for,Deep River,De la Cruz and Garcia,WI,0,0.00%
Presidential Electors for,Deep River,Fox and McVay,WI,0,0.00%
Presidential Electors for,Deep River,McNeil and McNeil,WI,0,0.00%
Presidential Electors for,Deep River,Potus and Kennedy,WI,0,0.00%
Presidential Electors for,Deep River,Ayyadurai and Ellis,WI,0,0.00%
Presidential Electors for,Deep River,Sonski and Onak,WI,0,0.00%
Presidential Electors for,Deep River,West and Abdullah,WI,0,0.00%
United States Senator,Deep River,Christopher S. Murphy,D,1673,58.87%
United States Senator,Deep River,Matthew M. Corey,R,1028,36.17%
United States Senator,Deep River,Christopher S. Murphy,WF,90,3.17%
United States Senator,Deep River,Justin C. Paglino,G,27,0.95%
United States Senator,Deep River,Robert Finley Hyde,CGG,24,0.84%
United States Senator,Deep River,John Flynn,WI,0,0.00%
Representative in Congress 2,Deep River,Joe Courtney,D,1775,63.12%
Representative in Congress 2,Deep River,Mike France,R,1037,36.88%
Representative in Congress 2,Deep River,"Kenneth Kusmierski, Jr.",WI,0,0.00%
Representative in Congress 2,Deep River,Jeffery Russell,WI,0,0.00%
State Senator 33,Deep River,Norm Needleman,D,1698,60.02%
State Senator 33,Deep River,Jeffery Duigou,R,1028,36.34%
State Senator 33,Deep River,Norm Needleman,IND,103,3.64%
State Representative 36,Deep River,Renee LaMark Muir,D,1485,52.53%
State Representative 36,Deep River,Kathryn Russell,R,1342,47.47%
Registrar of Voters,Deep River,Elizabeth Gregan,D,1541,55.75%
Registrar of Voters,Deep River,Claudia H. Hardy,R,1223,44.25%
Presidential Electors for,Derby,Harris and Walz,D,2581,48.04%
Presidential Electors for,Derby,Trump and Vance,R,2732,50.85%
Presidential Electors for,Derby,Stein and Ware,G,30,0.56%
Presidential Electors for,Derby,Oliver and ter Maat,LI,16,0.30%
Presidential Electors for,Derby,"Kennedy, Jr. and Shanahan",PC,13,0.24%
Presidential Electors for,Derby,De la Cruz and Garcia,WI,0,0.00%
Presidential Electors for,Derby,Fox and McVay,WI,0,0.00%
Presidential Electors for,Derby,McNeil and McNeil,WI,0,0.00%
Presidential Electors for,Derby,Potus and Kennedy,WI,0,0.00%
Presidential Electors for,Derby,Ayyadurai and Ellis,WI,0,0.00%
Presidential Electors for,Derby,Sonski and Onak,WI,0,0.00%
Presidential Electors for,Derby,West and Abdullah,WI,1,0.02%
United States Senator,Derby,Christopher S. Murphy,D,2511,49.05%
United States Senator,Derby,Matthew M. Corey,R,2310,45.13%
United States Senator,Derby,Christopher S. Murphy,WF,181,3.54%
United States Senator,Derby,Justin C. Paglino,G,43,0.84%
United States Senator,Derby,Robert Finley Hyde,CGG,74,1.45%
United States Senator,Derby,John Flynn,WI,0,0.00%
Representative in Congress 3,Derby,Rosa L. DeLauro,D,2724,53.47%
Representative in Congress 3,Derby,Michael Massey,R,2276,44.68%
Representative in Congress 3,Derby,Michael Massey,IND,93,1.83%
Representative in Congress 3,Derby,Leo Almoney,WI,0,0.00%
Representative in Congress 3,Derby,Omar Scott Antar,WI,0,0.00%
Representative in Congress 3,Derby,Shahd Omar,WI,1,0.02%
State Senator 17,Derby,Jorge Cabrera,D,2724,76.41%
State Senator 17,Derby,Jorge Cabrera,WF,504,14.14%
State Senator 17,Derby,Jorge Cabrera,IND,337,9.45%
State Representative 104,Derby,Kara Rochelle,D,895,53.72%
State Representative 104,Derby,David S Cassetti,R,670,40.22%
State Representative 104,Derby,Kara Rochelle,WF,74,4.44%
State Representative 104,Derby,Thomas G. Egan,IND,27,1.62%
State Representative 105,Derby,Nicole Klarides-Ditria,R,223,100.00%
State Representative 114,Derby,Mary Welander,D,1654,80.45%
State Representative 114,Derby,Mary Welander,IND,402,19.55%
Registrar of Voters,Derby,Louise A. Pitney,D,2517,51.30%
Registrar of Voters,Derby,Thomas Lionetti,R,2389,48.70%
Presidential Electors for,Durham,Harris and Walz,D,2217,47.11%
Presidential Electors for,Durham,Trump and Vance,R,2382,50.62%
Presidential Electors for,Durham,Stein and Ware,G,43,0.91%
Presidential Electors for,Durham,Oliver and ter Maat,LI,35,0.74%
Presidential Electors for,Durham,"Kennedy, Jr. and Shanahan",PC,27,0.57%
Presidential Electors for,Durham,De la Cruz and Garcia,WI,1,0.02%
Presidential Electors for,Durham,Fox and McVay,WI,0,0.00%
Presidential Electors for,Durham,McNeil and McNeil,WI,0,0.00%
Presidential Electors for,Durham,Potus and Kennedy,WI,0,0.00%
Presidential Electors for,Durham,Ayyadurai and Ellis,WI,0,0.00%
Presidential Electors for,Durham,Sonski and Onak,WI,0,0.00%
Presidential Electors for,Durham,West and Abdullah,WI,1,0.02%
United States Senator,Durham,Christopher S. Murphy,D,2122,46.06%
United States Senator,Durham,Matthew M. Corey,R,2304,50.01%
United States Senator,Durham,Christopher S. Murphy,WF,114,2.47%
United States Senator,Durham,Justin C. Paglino,G,34,0.74%
United States Senator,Durham,Robert Finley Hyde,CGG,33,0.72%
United States Senator,Durham,John Flynn,WI,0,0.00%
Representative in Congress 3,Durham,Rosa L. DeLauro,D,2185,49.10%
Representative in Congress 3,Durham,Michael Massey,R,2193,49.28%
Representative in Congress 3,Durham,Michael Massey,IND,72,1.62%
Representative in Congress 3,Durham,Leo Almoney,WI,0,0.00%
Representative in Congress 3,Durham,Omar Scott Antar,WI,0,0.00%
Representative in Congress 3,Durham,Shahd Omar,WI,0,0.00%
State Senator 12,Durham,Christine Cohen,D,1408,47.70%
State Senator 12,Durham,Paul Crisci,R,1448,49.05%
State Senator 12,Durham,Christine Cohen,WF,48,1.63%
State Senator 12,Durham,Christine Cohen,IND,48,1.63%
State Senator 34,Durham,Brandi Mandato,D,578,36.40%
State Senator 34,Durham,Paul Cicarella,R,943,59.38%
State Senator 34,Durham,Brandi Mandato,WF,26,1.64%
State Senator 34,Durham,Paul Cicarella,IND,26,1.64%
State Senator 34,Durham,David A. Bedell,G,15,0.94%
State Representative 86,Durham,Vincent J. Candelora,R,863,100.00%
State Representative 101,Durham,John-Michael Parker,D,1592,47.40%
State Representative 101,Durham,Lisa Deane,R,1653,49.21%
State Representative 101,Durham,John-Michael Parker,WF,57,1.70%
State Representative 101,Durham,John-Michael Parker,IND,57,1.70%
Registrar of Voters,Durham,Heather A. Petit,D,2118,47.36%
Registrar of Voters,Durham,Jon Scagnelli,R,2354,52.64%
Judge of Probate 15 To Fill Vacancy,Durham,Phrances Leverton Szewczyk,D,2578,100.00%
Presidential Electors for,Eastford,Harris and Walz,D,445,41.67%
Presidential Electors for,Eastford,Trump and Vance,R,599,56.09%
Presidential Electors for,Eastford,Stein and Ware,G,5,0.47%
Presidential Electors for,Eastford,Oliver and ter Maat,LI,7,0.66%
Presidential Electors for,Eastford,"Kennedy, Jr. and Shanahan",PC,12,1.12%
Presidential Electors for,Eastford,De la Cruz and Garcia,WI,0,0.00%
Presidential Electors for,Eastford,Fox and McVay,WI,0,0.00%
Presidential Electors for,Eastford,McNeil and McNeil,WI,0,0.00%
Presidential Electors for,Eastford,Potus and Kennedy,WI,0,0.00%
Presidential Electors for,Eastford,Ayyadurai and Ellis,WI,0,0.00%
Presidential Electors for,Eastford,Sonski and Onak,WI,0,0.00%
Presidential Electors for,Eastford,West and Abdullah,WI,0,0.00%
United States Senator,Eastford,Christopher S. Murphy,D,413,39.83%
United States Senator,Eastford,Matthew M. Corey,R,565,54.48%
United States Senator,Eastford,Christopher S. Murphy,WF,35,3.38%
United States Senator,Eastford,Justin C. Paglino,G,6,0.58%
United States Senator,Eastford,Robert Finley Hyde,CGG,18,1.74%
United States Senator,Eastford,John Flynn,WI,0,0.00%
Representative in Congress 2,Eastford,Joe Courtney,D,484,46.27%
Representative in Congress 2,Eastford,Mike France,R,562,53.73%
Representative in Congress 2,Eastford,"Kenneth Kusmierski, Jr.",WI,0,0.00%
Representative in Congress 2,Eastford,Jeffery Russell,WI,0,0.00%
State Senator 35,Eastford,Merry C. Garrett,D,352,33.88%
State Senator 35,Eastford,Jeff Gordon,R,651,62.66%
State Senator 35,Eastford,Merry C. Garrett,WF,19,1.83%
State Senator 35,Eastford,Merry C. Garrett,IND,17,1.64%
State Representative 50,Eastford,Pat Boyd,D,621,100.00%
Presidential Electors for,East Granby,Harris and Walz,D,1678,52.34%
Presidential Electors for,East Granby,Trump and Vance,R,1462,45.60%
Presidential Electors for,East Granby,Stein and Ware,G,25,0.78%
Presidential Electors for,East Granby,Oliver and ter Maat,LI,22,0.69%
Presidential Electors for,East Granby,"Kennedy, Jr. and Shanahan",PC,19,0.59%
Presidential Electors for,East Granby,De la Cruz and Garcia,WI,0,0.00%
Presidential Electors for,East Granby,Fox and McVay,WI,0,0.00%
Presidential Electors for,East Granby,McNeil and McNeil,WI,0,0.00%
Presidential Electors for,East Granby,Potus and Kennedy,WI,0,0.00%
Presidential Electors for,East Granby,Ayyadurai and Ellis,WI,0,0.00%
Presidential Electors for,East Granby,Sonski and Onak,WI,0,0.00%
Presidential Electors for,East Granby,West and Abdullah,WI,0,0.00%
United States Senator,East Granby,Christopher S. Murphy,D,1604,51.30%
United States Senator,East Granby,Matthew M. Corey,R,1388,44.39%
United States Senator,East Granby,Christopher S. Murphy,WF,70,2.24%
United States Senator,East Granby,Justin C. Paglino,G,35,1.12%
United States Senator,East Granby,Robert Finley Hyde,CGG,30,0.96%
United States Senator,East Granby,John Flynn,WI,0,0.00%
Representative in Congress 1,East Granby,John B. Larson,D,1593,51.32%
Representative in Congress 1,East Granby,Jim Griffin,R,1376,44.33%
Representative in Congress 1,East Granby,John B. Larson,WF,79,2.55%
Representative in Congress 1,East Granby,Mary L. Sanders,G,56,1.80%
State Senator 7,East Granby,Cynthia Mangini,D,1375,44.23%
State Senator 7,East Granby,John A. Kissel,R,1597,51.37%
State Senator 7,East Granby,Cynthia Mangini,WF,68,2.19%
State Senator 7,East Granby,John A. Kissel,IND,69,2.22%
State Representative 61,East Granby,Michael Malloy,D,1356,43.49%
State Representative 61,East Granby,Tami Zawistowski,R,1762,56.51%
Registrar of Voters,East Granby,Wayne Hayes,D,1437,46.99%
Registrar of Voters,East Granby,Michele Marin,R,1621,53.01%
Presidential Electors for,East Haddam,Harris and Walz,D,2902,50.17%
Presidential Electors for,East Haddam,Trump and Vance,R,2781,48.08%
Presidential Electors for,East Haddam,Stein and Ware,G,39,0.67%
Presidential Electors for,East Haddam,Oliver and ter Maat,LI,23,0.40%
Presidential Electors for,East Haddam,"Kennedy, Jr. and Shanahan",PC,37,0.64%
Presidential Electors for,East Haddam,De la Cruz and Garcia,WI,1,0.02%
Presidential Electors for,East Haddam,Fox and McVay,WI,0,0.00%
Presidential Electors for,East Haddam,McNeil and McNeil,WI,0,0.00%
Presidential Electors for,East Haddam,Potus and Kennedy,WI,0,0.00%
Presidential Electors for,East Haddam,Ayyadurai and Ellis,WI,1,0.02%
Presidential Electors for,East Haddam,Sonski and Onak,WI,0,0.00%
Presidential Electors for,East Haddam,West and Abdullah,WI,0,0.00%
United States Senator,East Haddam,Christopher S. Murphy,D,2794,49.73%
United States Senator,East Haddam,Matthew M. Corey,R,2634,46.89%
United States Senator,East Haddam,Christopher S. Murphy,WF,111,1.98%
United States Senator,East Haddam,Justin C. Paglino,G,42,0.75%
United States Senator,East Haddam,Robert Finley Hyde,CGG,37,0.66%
United States Senator,East Haddam,John Flynn,WI,0,0.00%
Representative in Congress 2,East Haddam,Joe Courtney,D,3031,53.74%
Representative in Congress 2,East Haddam,Mike France,R,2609,46.26%
Representative in Congress 2,East Haddam,"Kenneth Kusmierski, Jr.",WI,0,0.00%
Representative in Congress 2,East Haddam,Jeffery Russell,WI,0,0.00%
State Senator 33,East Haddam,Norm Needleman,D,2823,50.16%
State Senator 33,East Haddam,Jeffery Duigou,R,2653,47.14%
State Senator 33,East Haddam,Norm Needleman,IND,152,2.70%
State Representative 34,East Haddam,Richard E. Knotek,D,2566,45.57%
State Representative 34,East Haddam,Irene Haines,R,2948,52.35%
State Representative 34,East Haddam,David Brice Cassenti,IND,117,2.08%
Registrar of Voters,East Haddam,Martha Hansen,D,2690,48.81%
Registrar of Voters,East Haddam,Rebecca J. Wonneberger,R,2821,51.19%
Presidential Electors for,East Hampton,Harris and Walz,D,4061,49.52%
Presidential Electors for,East Hampton,Trump and Vance,R,4006,48.85%
Presidential Electors for,East Hampton,Stein and Ware,G,33,0.40%
Presidential Electors for,East Hampton,Oliver and ter Maat,LI,37,0.45%
Presidential Electors for,East Hampton,"Kennedy, Jr. and Shanahan",PC,62,0.76%
Presidential Electors for,East Hampton,De la Cruz and Garcia,WI,1,0.01%
Presidential Electors for,East Hampton,Fox and McVay,WI,0,0.00%
Presidential Electors for,East Hampton,McNeil and McNeil,WI,0,0.00%
Presidential Electors for,East Hampton,Potus and Kennedy,WI,0,0.00%
Presidential Electors for,East Hampton,Ayyadurai and Ellis,WI,0,0.00%
Presidential Electors for,East Hampton,Sonski and Onak,WI,0,0.00%
Presidential Electors for,East Hampton,West and Abdullah,WI,1,0.01%
United States Senator,East Hampton,Christopher S. Murphy,D,3965,49.31%
United States Senator,East Hampton,Matthew M. Corey,R,3728,46.36%
United States Senator,East Hampton,Christopher S. Murphy,WF,221,2.75%
United States Senator,East Hampton,Justin C. Paglino,G,52,0.65%
United States Senator,East Hampton,Robert Finley Hyde,CGG,75,0.93%
United States Senator,East Hampton,John Flynn,WI,0,0.00%
Representative in Congress 2,East Hampton,Joe Courtney,D,4339,54.16%
Representative in Congress 2,East Hampton,Mike France,R,3673,45.84%
Representative in Congress 2,East Hampton,"Kenneth Kusmierski, Jr.",WI,0,0.00%
Representative in Congress 2,East Hampton,Jeffery Russell,WI,0,0.00%
State Senator 33,East Hampton,Norm Needleman,D,3945,49.47%
State Senator 33,East Hampton,Jeffery Duigou,R,3784,47.45%
State Senator 33,East Hampton,Norm Needleman,IND,245,3.07%
State Representative 34,East Hampton,Richard E. Knotek,D,3573,44.76%
State Representative 34,East Hampton,Irene Haines,R,4262,53.40%
State Representative 34,East Hampton,David Brice Cassenti,IND,147,1.84%
Registrar of Voters,East Hampton,Theresa M. Latimer,D,3803,48.30%
Registrar of Voters,East Hampton,Rosemarie Hecht,R,4070,51.70%
Presidential Electors for,East Hartford,Harris and Walz,D,12504,68.40%
Presidential Electors for,East Hartford,Trump and Vance,R,5550,30.36%
Presidential Electors for,East Hartford,Stein and Ware,G,129,0.71%
Presidential Electors for,East Hartford,Oliver and ter Maat,LI,35,0.19%
Presidential Electors for,East Hartford,"Kennedy, Jr. and Shanahan",PC,62,0.34%
Presidential Electors for,East Hartford,De la Cruz and Garcia,WI,0,0.00%
Presidential Electors for,East Hartford,Fox and McVay,WI,0,0.00%
Presidential Electors for,East Hartford,McNeil and McNeil,WI,0,0.00%
Presidential Electors for,East Hartford,Potus and Kennedy,WI,0,0.00%
Presidential Electors for,East Hartford,Ayyadurai and Ellis,WI,0,0.00%
Presidential Electors for,East Hartford,Sonski and Onak,WI,0,0.00%
Presidential Electors for,East Hartford,West and Abdullah,WI,0,0.00%
United States Senator,East Hartford,Christopher S. Murphy,D,11898,67.46%
United States Senator,East Hartford,Matthew M. Corey,R,4731,26.82%
United States Senator,East Hartford,Christopher S. Murphy,WF,634,3.59%
United States Senator,East Hartford,Justin C. Paglino,G,146,0.83%
United States Senator,East Hartford,Robert Finley Hyde,CGG,229,1.30%
United States Senator,East Hartford,John Flynn,WI,0,0.00%
Representative in Congress 1,East Hartford,John B. Larson,D,11964,68.73%
Representative in Congress 1,East Hartford,Jim Griffin,R,4335,24.90%
Representative in Congress 1,East Hartford,John B. Larson,WF,738,4.24%
Representative in Congress 1,East Hartford,Mary L. Sanders,G,370,2.13%
State Senator 3,East Hartford,Saud Anwar,D,11663,68.27%
State Senator 3,East Hartford,Matt Siracusa,R,4775,27.95%
State Senator 3,East Hartford,Saud Anwar,WF,646,3.78%
State Representative 9,East Hartford,Jason Rojas,D,3639,100.00%
State Representative 10,East Hartford,Henry J. Genga,D,5470,68.77%
State Representative 10,East Hartford,Chris Tierinni,R,2484,31.23%
State Representative 11,East Hartford,Patrick Biggins,D,3195,70.81%
State Representative 11,East Hartford,Salema Davis,R,1317,29.19%
Registrar of Voters,East Hartford,Veronica Rosario,D,11810,70.08%
Registrar of Voters,East Hartford,Mary J. Mourey,R,5042,29.92%
Presidential Electors for,East Haven,Harris and Walz,D,6116,43.73%
Presidential Electors for,East Haven,Trump and Vance,R,7728,55.26%
Presidential Electors for,East Haven,Stein and Ware,G,61,0.44%
Presidential Electors for,East Haven,Oliver and ter Maat,LI,33,0.24%
Presidential Electors for,East Haven,"Kennedy, Jr. and Shanahan",PC,47,0.34%
Presidential Electors for,East Haven,De la Cruz and Garcia,WI,0,0.00%
Presidential Electors for,East Haven,Fox and McVay,WI,0,0.00%
Presidential Electors for,East Haven,McNeil and McNeil,WI,0,0.00%
Presidential Electors for,East Haven,Potus and Kennedy,WI,0,0.00%
Presidential Electors for,East Haven,Ayyadurai and Ellis,WI,0,0.00%
Presidential Electors for,East Haven,Sonski and Onak,WI,0,0.00%
Presidential Electors for,East Haven,West and Abdullah,WI,1,0.01%
United States Senator,East Haven,Christopher S. Murphy,D,5979,45.03%
United States Senator,East Haven,Matthew M. Corey,R,6647,50.06%
United States Senator,East Haven,Christopher S. Murphy,WF,461,3.47%
United States Senator,East Haven,Justin C. Paglino,G,79,0.60%
United States Senator,East Haven,Robert Finley Hyde,CGG,111,0.84%
United States Senator,East Haven,John Flynn,WI,0,0.00%
Representative in Congress 3,East Haven,Rosa L. DeLauro,D,6357,48.04%
Representative in Congress 3,East Haven,Michael Massey,R,6716,50.75%
Representative in Congress 3,East Haven,Michael Massey,IND,161,1.22%
Representative in Congress 3,East Haven,Leo Almoney,WI,0,0.00%
Representative in Congress 3,East Haven,Omar Scott Antar,WI,0,0.00%
Representative in Congress 3,East Haven,Shahd Omar,WI,0,0.00%
State Senator 12,East Haven,Christine Cohen,D,1276,45.30%
State Senator 12,East Haven,Paul Crisci,R,1456,51.69%
State Senator 12,East Haven,Christine Cohen,WF,58,2.06%
State Senator 12,East Haven,Christine Cohen,IND,27,0.96%
State Senator 34,East Haven,Brandi Mandato,D,4022,39.02%
State Senator 34,East Haven,Paul Cicarella,R,5793,56.20%
State Senator 34,East Haven,Brandi Mandato,WF,186,1.80%
State Senator 34,East Haven,Paul Cicarella,IND,204,1.98%
State Senator 34,East Haven,David A. Bedell,G,103,1.00%
State Representative 86,East Haven,Vincent J. Candelora,R,1564,100.00%
State Representative 99,East Haven,Joe Zullo,R,7840,100.00%
Registrar of Voters,East Haven,Richard A. DePalma,D,5986,46.86%
Registrar of Voters,East Haven,Alberta Vitale,R,6788,53.14%
Presidential Electors for,East Lyme,Harris and Walz,D,7272,61.67%
Presidential Electors for,East Lyme,Trump and Vance,R,4326,36.69%
Presidential Electors for,East Lyme,Stein and Ware,G,71,0.60%
Presidential Electors for,East Lyme,Oliver and ter Maat,LI,57,0.48%
Presidential Electors for,East Lyme,"Kennedy, Jr. and Shanahan",PC,65,0.55%
Presidential Electors for,East Lyme,De la Cruz and Garcia,WI,0,0.00%
Presidential Electors for,East Lyme,Fox and McVay,WI,0,0.00%
Presidential Electors for,East Lyme,McNeil and McNeil,WI,0,0.00%
Presidential Electors for,East Lyme,Potus and Kennedy,WI,0,0.00%
Presidential Electors for,East Lyme,Ayyadurai and Ellis,WI,0,0.00%
Presidential Electors for,East Lyme,Sonski and Onak,WI,0,0.00%
Presidential Electors for,East Lyme,West and Abdullah,WI,0,0.00%
United States Senator,East Lyme,Christopher S. Murphy,D,7031,60.96%
United States Senator,East Lyme,Matthew M. Corey,R,4051,35.13%
United States Senator,East Lyme,Christopher S. Murphy,WF,298,2.58%
United States Senator,East Lyme,Justin C. Paglino,G,69,0.60%
United States Senator,East Lyme,Robert Finley Hyde,CGG,84,0.73%
United States Senator,East Lyme,John Flynn,WI,0,0.00%
Representative in Congress 2,East Lyme,Joe Courtney,D,7705,66.91%
Representative in Congress 2,East Lyme,Mike France,R,3811,33.09%
Representative in Congress 2,East Lyme,"Kenneth Kusmierski, Jr.",WI,0,0.00%
Representative in Congress 2,East Lyme,Jeffery Russell,WI,0,0.00%
State Senator 20,East Lyme,Martha Marx,D,6384,55.89%
State Senator 20,East Lyme,Shaun Mastroianni,R,4614,40.40%
State Senator 20,East Lyme,Martha Marx,WF,229,2.00%
State Senator 20,East Lyme,Shaun Mastroianni,IND,195,1.71%
State Representative 37,East Lyme,Nick Menapace,D,5754,50.01%
State Representative 37,East Lyme,Holly H. Cheeseman,R,5265,45.76%
State Representative 37,East Lyme,Nick Menapace,WF,232,2.02%
State Representative 37,East Lyme,Holly H. Cheeseman,IND,255,2.22%
Presidential Electors for,Easton,Harris and Walz,D,2627,53.92%
Presidential Electors for,Easton,Trump and Vance,R,2141,43.94%
Presidential Electors for,Easton,Stein and Ware,G,45,0.92%
Presidential Electors for,Easton,Oliver and ter Maat,LI,25,0.51%
Presidential Electors for,Easton,"Kennedy, Jr. and Shanahan",PC,31,0.64%
Presidential Electors for,Easton,De la Cruz and Garcia,WI,3,0.06%
Presidential Electors for,Easton,Fox and McVay,WI,0,0.00%
Presidential Electors for,Easton,McNeil and McNeil,WI,0,0.00%
Presidential Electors for,Easton,Potus and Kennedy,WI,0,0.00%
Presidential Electors for,Easton,Ayyadurai and Ellis,WI,0,0.00%
Presidential Electors for,Easton,Sonski and Onak,WI,0,0.00%
Presidential Electors for,Easton,West and Abdullah,WI,0,0.00%
United States Senator,Easton,Christopher S. Murphy,D,2585,53.88%
United States Senator,Easton,Matthew M. Corey,R,2125,44.29%
United States Senator,Easton,Christopher S. Murphy,WF,26,0.54%
United States Senator,Easton,Justin C. Paglino,G,42,0.88%
United States Senator,Easton,Robert Finley Hyde,CGG,20,0.42%
United States Senator,Easton,John Flynn,WI,0,0.00%
Representative in Congress 4,Easton,Jim Himes,D,2563,53.52%
Representative in Congress 4,Easton,Michael Goldstein,R,2134,44.56%
Representative in Congress 4,Easton,Benjamin Wesley,IND,92,1.92%
State Senator 28,Easton,Rob Blanchard,D,2058,42.88%
State Senator 28,Easton,Tony Hwang,R,2695,56.15%
State Senator 28,Easton,Tony Hwang,IND,47,0.98%
State Representative 112,Easton,Beth Cliff,D,1120,48.63%
State Representative 112,Easton,Tony Scott,R,1133,49.20%
State Representative 112,Easton,Beth Cliff,WF,21,0.91%
State Representative 112,Easton,Beth Cliff,IND,29,1.26%
State Representative 135,Easton,Anne Hughes,D,1265,51.03%
State Representative 135,Easton,Christopher Peritore,R,1212,48.89%
State Representative 135,Easton,Anne Hughes,WF,2,0.08%
State Representative 135,Easton,Christopher Peritore,IND,0,0.00%
Registrar of Voters,Easton,David Smith,D,2508,52.81%
Registrar of Voters,Easton,Dori Wollen,R,2241,47.19%
Presidential Electors for,East Windsor,Harris and Walz,D,2977,50.77%
Presidential Electors for,East Windsor,Trump and Vance,R,2815,48.00%
Presidential Electors for,East Windsor,Stein and Ware,G,32,0.55%
Presidential Electors for,East Windsor,Oliver and ter Maat,LI,12,0.20%
Presidential Electors for,East Windsor,"Kennedy, Jr. and Shanahan",PC,27,0.46%
Presidential Electors for,East Windsor,De la Cruz and Garcia,WI,1,0.02%
Presidential Electors for,East Windsor,Fox and McVay,WI,0,0.00%
Presidential Electors for,East Windsor,McNeil and McNeil,WI,0,0.00%
Presidential Electors for,East Windsor,Potus and Kennedy,WI,0,0.00%
Presidential Electors for,East Windsor,Ayyadurai and Ellis,WI,0,0.00%
Presidential Electors for,East Windsor,Sonski and Onak,WI,0,0.00%
Presidential Electors for,East Windsor,West and Abdullah,WI,0,0.00%
United States Senator,East Windsor,Christopher S. Murphy,D,2802,47.91%
United States Senator,East Windsor,Matthew M. Corey,R,2727,46.63%
United States Senator,East Windsor,Christopher S. Murphy,WF,200,3.42%
United States Senator,East Windsor,Justin C. Paglino,G,48,0.82%
United States Senator,East Windsor,Robert Finley Hyde,CGG,71,1.21%
United States Senator,East Windsor,John Flynn,WI,0,0.00%
Representative in Congress 1,East Windsor,John B. Larson,D,2860,51.36%
Representative in Congress 1,East Windsor,Jim Griffin,R,2390,42.92%
Representative in Congress 1,East Windsor,John B. Larson,WF,214,3.84%
Representative in Congress 1,East Windsor,Mary L. Sanders,G,104,1.87%
State Senator 3,East Windsor,Saud Anwar,D,2820,50.87%
State Senator 3,East Windsor,Matt Siracusa,R,2505,45.19%
State Senator 3,East Windsor,Saud Anwar,WF,218,3.93%
State Representative 57,East Windsor,Jaime S. Foster,D,1234,47.76%
State Representative 57,East Windsor,Jennifer Dzen,R,1268,49.07%
State Representative 57,East Windsor,Jaime S. Foster,IND,82,3.17%
State Representative 59,East Windsor,Rick LeBorious,D,1572,51.44%
State Representative 59,East Windsor,Carol Hall,R,1484,48.56%
Presidential Electors for,Ellington,Harris and Walz,D,4733,49.58%
Presidential Electors for,Ellington,Trump and Vance,R,4666,48.88%
Presidential Electors for,Ellington,Stein and Ware,G,59,0.62%
Presidential Electors for,Ellington,Oliver and ter Maat,LI,26,0.27%
Presidential Electors for,Ellington,"Kennedy, Jr. and Shanahan",PC,60,0.63%
Presidential Electors for,Ellington,De la Cruz and Garcia,WI,1,0.01%
Presidential Electors for,Ellington,Fox and McVay,WI,0,0.00%
Presidential Electors for,Ellington,McNeil and McNeil,WI,0,0.00%
Presidential Electors for,Ellington,Potus and Kennedy,WI,0,0.00%
Presidential Electors for,Ellington,Ayyadurai and Ellis,WI,0,0.00%
Presidential Electors for,Ellington,Sonski and Onak,WI,1,0.01%
Presidential Electors for,Ellington,West and Abdullah,WI,0,0.00%
United States Senator,Ellington,Christopher S. Murphy,D,4575,49.05%
United States Senator,Ellington,Matthew M. Corey,R,4393,47.09%
United States Senator,Ellington,Christopher S. Murphy,WF,231,2.48%
United States Senator,Ellington,Justin C. Paglino,G,51,0.55%
United States Senator,Ellington,Robert Finley Hyde,CGG,78,0.84%
United States Senator,Ellington,John Flynn,WI,0,0.00%
Representative in Congress 2,Ellington,Joe Courtney,D,4950,53.38%
Representative in Congress 2,Ellington,Mike France,R,4323,46.61%
Representative in Congress 2,Ellington,"Kenneth Kusmierski, Jr.",WI,0,0.00%
Representative in Congress 2,Ellington,Jeffery Russell,WI,1,0.01%
State Senator 3,Ellington,Saud Anwar,D,3086,52.07%
State Senator 3,Ellington,Matt Siracusa,R,2661,44.90%
State Senator 3,Ellington,Saud Anwar,WF,180,3.04%
State Senator 7,Ellington,Cynthia Mangini,D,478,39.47%
State Senator 7,Ellington,John A. Kissel,R,682,56.32%
State Senator 7,Ellington,Cynthia Mangini,WF,32,2.64%
State Senator 7,Ellington,John A. Kissel,IND,19,1.57%
State Senator 35,Ellington,Merry C. Garrett,D,846,40.69%
State Senator 35,Ellington,Jeff Gordon,R,1183,56.90%
State Senator 35,Ellington,Merry C. Garrett,WF,31,1.49%
State Senator 35,Ellington,Merry C. Garrett,IND,19,0.91%
State Representative 57,Ellington,Jaime S. Foster,D,4671,50.08%
State Representative 57,Ellington,Jennifer Dzen,R,4418,47.36%
State Representative 57,Ellington,Jaime S. Foster,IND,239,2.56%
Presidential Electors for,Enfield,Harris and Walz,D,10317,50.70%
Presidential Electors for,Enfield,Trump and Vance,R,9718,47.75%
Presidential Electors for,Enfield,Stein and Ware,G,131,0.64%
Presidential Electors for,Enfield,Oliver and ter Maat,LI,81,0.40%
Presidential Electors for,Enfield,"Kennedy, Jr. and Shanahan",PC,97,0.48%
Presidential Electors for,Enfield,De la Cruz and Garcia,WI,2,0.01%
Presidential Electors for,Enfield,Fox and McVay,WI,0,0.00%
Presidential Electors for,Enfield,McNeil and McNeil,WI,0,0.00%
Presidential Electors for,Enfield,Potus and Kennedy,WI,0,0.00%
Presidential Electors for,Enfield,Ayyadurai and Ellis,WI,0,0.00%
Presidential Electors for,Enfield,Sonski and Onak,WI,4,0.02%
Presidential Electors for,Enfield,West and Abdullah,WI,1,0.00%
United States Senator,Enfield,Christopher S. Murphy,D,9912,50.53%
United States Senator,Enfield,Matthew M. Corey,R,8638,44.03%
United States Senator,Enfield,Christopher S. Murphy,WF,662,3.37%
United States Senator,Enfield,Justin C. Paglino,G,172,0.88%
United States Senator,Enfield,Robert Finley Hyde,CGG,234,1.19%
United States Senator,Enfield,John Flynn,WI,0,0.00%
Representative in Congress 2,Enfield,Joe Courtney,D,10762,55.73%
Representative in Congress 2,Enfield,Mike France,R,8550,44.27%
Representative in Congress 2,Enfield,"Kenneth Kusmierski, Jr.",WI,0,0.00%
Representative in Congress 2,Enfield,Jeffery Russell,WI,0,0.00%
State Senator 7,Enfield,Cynthia Mangini,D,8887,45.56%
State Senator 7,Enfield,John A. Kissel,R,9590,49.17%
State Senator 7,Enfield,Cynthia Mangini,WF,559,2.87%
State Senator 7,Enfield,John A. Kissel,IND,469,2.40%
State Representative 58,Enfield,John Santanella,D,5389,53.57%
State Representative 58,Enfield,Robert Hendrickson,R,4348,43.22%
State Representative 58,Enfield,John Santanella,IND,322,3.20%
State Representative 59,Enfield,Rick LeBorious,D,4449,48.55%
State Representative 59,Enfield,Carol Hall,R,4715,51.45%
Registrar of Voters,Enfield,Christina Tetreault,D,9661,50.55%
Registrar of Voters,Enfield,Thomas E. Kienzler,R,9448,49.44%
Registrar of Voters,Enfield,James R. Hoyne,WI,2,0.01%
Presidential Electors for,Essex,Harris and Walz,D,2892,63.90%
Presidential Electors for,Essex,Trump and Vance,R,1554,34.33%
Presidential Electors for,Essex,Stein and Ware,G,26,0.57%
Presidential Electors for,Essex,Oliver and ter Maat,LI,27,0.60%
Presidential Electors for,Essex,"Kennedy, Jr. and Shanahan",PC,26,0.57%
Presidential Electors for,Essex,De la Cruz and Garcia,WI,1,0.02%
Presidential Electors for,Essex,Fox and McVay,WI,0,0.00%
Presidential Electors for,Essex,McNeil and McNeil,WI,0,0.00%
Presidential Electors for,Essex,Potus and Kennedy,WI,0,0.00%
Presidential Electors for,Essex,Ayyadurai and Ellis,WI,0,0.00%
Presidential Electors for,Essex,Sonski and Onak,WI,0,0.00%
Presidential Electors for,Essex,West and Abdullah,WI,0,0.00%
United States Senator,Essex,Christopher S. Murphy,D,2826,63.09%
United States Senator,Essex,Matthew M. Corey,R,1539,34.36%
United States Senator,Essex,Christopher S. Murphy,WF,74,1.65%
United States Senator,Essex,Justin C. Paglino,G,17,0.38%
United States Senator,Essex,Robert Finley Hyde,CGG,23,0.51%
United States Senator,Essex,John Flynn,WI,0,0.00%
Representative in Congress 2,Essex,Joe Courtney,D,2966,66.47%
Representative in Congress 2,Essex,Mike France,R,1496,33.53%
Representative in Congress 2,Essex,"Kenneth Kusmierski, Jr.",WI,0,0.00%
Representative in Congress 2,Essex,Jeffery Russell,WI,0,0.00%
State Senator 33,Essex,Norm Needleman,D,2957,66.29%
State Senator 33,Essex,Jeffery Duigou,R,1356,30.40%
State Senator 33,Essex,Norm Needleman,IND,148,3.32%
State Representative 36,Essex,Renee LaMark Muir,D,2601,59.22%
State Representative 36,Essex,Kathryn Russell,R,1791,40.78%
Registrar of Voters,Essex,Melissa Ozols,D,2543,58.59%
Registrar of Voters,Essex,Barbara Ryan,R,1797,41.41%
Presidential Electors for,Fairfield,Harris and Walz,D,21492,61.72%
Presidential Electors for,Fairfield,Trump and Vance,R,12693,36.45%
Presidential Electors for,Fairfield,Stein and Ware,G,273,0.78%
Presidential Electors for,Fairfield,Oliver and ter Maat,LI,156,0.45%
Presidential Electors for,Fairfield,"Kennedy, Jr. and Shanahan",PC,194,0.56%
Presidential Electors for,Fairfield,De la Cruz and Garcia,WI,3,0.01%
Presidential Electors for,Fairfield,Fox and McVay,WI,0,0.00%
Presidential Electors for,Fairfield,McNeil and McNeil,WI,0,0.00%
Presidential Electors for,Fairfield,Potus and Kennedy,WI,0,0.00%
Presidential Electors for,Fairfield,Ayyadurai and Ellis,WI,0,0.00%
Presidential Electors for,Fairfield,Sonski and Onak,WI,5,0.01%
Presidential Electors for,Fairfield,West and Abdullah,WI,6,0.02%
United States Senator,Fairfield,Christopher S. Murphy,D,20589,60.24%
United States Senator,Fairfield,Matthew M. Corey,R,12540,36.69%
United States Senator,Fairfield,Christopher S. Murphy,WF,591,1.73%
United States Senator,Fairfield,Justin C. Paglino,G,262,0.77%
United States Senator,Fairfield,Robert Finley Hyde,CGG,197,0.58%
United States Senator,Fairfield,John Flynn,WI,0,0.00%
Representative in Congress 4,Fairfield,Jim Himes,D,20750,61.24%
Representative in Congress 4,Fairfield,Michael Goldstein,R,12626,37.26%
Representative in Congress 4,Fairfield,Benjamin Wesley,IND,509,1.50%
State Senator 28,Fairfield,Rob Blanchard,D,15745,46.04%
State Senator 28,Fairfield,Tony Hwang,R,17571,51.38%
State Senator 28,Fairfield,Tony Hwang,IND,882,2.58%
State Representative 132,Fairfield,Jennifer Leeper,D,7700,57.63%
State Representative 132,Fairfield,Alexis Harrison,R,5470,40.94%
State Representative 132,Fairfield,Alexis Harrison,IND,191,1.43%
State Representative 133,Fairfield,Cristin McCarthy Vahey,D,6613,61.56%
State Representative 133,Fairfield,Chris Verras,R,3773,35.12%
State Representative 133,Fairfield,Cristin McCarthy Vahey,WF,357,3.32%
State Representative 134,Fairfield,Sarah Keitt,D,4839,49.84%
State Representative 134,Fairfield,Melissa Longo,R,4640,47.79%
State Representative 134,Fairfield,Sarah Keitt,WF,106,1.09%
State Representative 134,Fairfield,Sarah Keitt,IND,124,1.28%
Registrar of Voters,Fairfield,Matt Waggner,D,18647,56.23%
Registrar of Voters,Fairfield,Cathy Politi,R,14517,43.77%
Judge of Probate 49 To Fill Vacancy,Fairfield,Kathy Caulfield,D,18845,56.20%
Judge of Probate 49 To Fill Vacancy,Fairfield,Daniel Ford,R,14685,43.80%
Presidential Electors for,Farmington,Harris and Walz,D,9058,58.68%
Presidential Electors for,Farmington,Trump and Vance,R,6055,39.23%
Presidential Electors for,Farmington,Stein and Ware,G,156,1.01%
Presidential Electors for,Farmington,Oliver and ter Maat,LI,70,0.45%
Presidential Electors for,Farmington,"Kennedy, Jr. and Shanahan",PC,84,0.54%
Presidential Electors for,Farmington,De la Cruz and Garcia,WI,7,0.05%
Presidential Electors for,Farmington,Fox and McVay,WI,0,0.00%
Presidential Electors for,Farmington,McNeil and McNeil,WI,0,0.00%
Presidential Electors for,Farmington,Potus and Kennedy,WI,0,0.00%
Presidential Electors for,Farmington,Ayyadurai and Ellis,WI,0,0.00%
Presidential Electors for,Farmington,Sonski and Onak,WI,6,0.04%
Presidential Electors for,Farmington,West and Abdullah,WI,0,0.00%
United States Senator,Farmington,Christopher S. Murphy,D,8854,58.28%
United States Senator,Farmington,Matthew M. Corey,R,5783,38.07%
United States Senator,Farmington,Christopher S. Murphy,WF,331,2.18%
United States Senator,Farmington,Justin C. Paglino,G,126,0.83%
United States Senator,Farmington,Robert Finley Hyde,CGG,97,0.64%
United States Senator,Farmington,John Flynn,WI,0,0.00%
Representative in Congress 5,Farmington,Jahana Hayes,D,8575,56.38%
Representative in Congress 5,Farmington,George Logan,R,6319,41.55%
Representative in Congress 5,Farmington,Jahana Hayes,WF,308,2.03%
Representative in Congress 5,Farmington,Ahmad AJ Darwish,WI,6,0.04%
Representative in Congress 5,Farmington,Bertram Ferguson,WI,0,0.00%
State Senator 5,Farmington,Derek Slap,D,7485,58.75%
State Senator 5,Farmington,Kyla Zimmermann,R,5255,41.25%
State Senator 6,Farmington,Rick Lopes,D,1149,55.89%
State Senator 6,Farmington,Tremell Collins,R,861,41.88%
State Senator 6,Farmington,Rick Lopes,WF,46,2.24%
State Representative 21,Farmington,Mike Demicco,D,8392,61.12%
State Representative 21,Farmington,Johnny Carrier,R,4834,35.21%
State Representative 21,Farmington,Mike Demicco,WF,313,2.28%
State Representative 21,Farmington,Mike Demicco,IND,192,1.40%
State Representative 22,Farmington,Rebecca Martinez,D,717,52.22%
State Representative 22,Farmington,Francis Rexford Cooley,R,620,45.16%
State Representative 22,Farmington,Rebecca Martinez,WF,20,1.46%
State Representative 22,Farmington,Rebecca Martinez,IND,16,1.17%
Registrar of Voters,Farmington,Beth Kintner,D,8552,57.73%
Registrar of Voters,Farmington,Ann Newbury,R,6261,42.27%
Presidential Electors for,Franklin,Harris and Walz,D,545,44.60%
Presidential Electors for,Franklin,Trump and Vance,R,663,54.26%
Presidential Electors for,Franklin,Stein and Ware,G,5,0.41%
Presidential Electors for,Franklin,Oliver and ter Maat,LI,5,0.41%
Presidential Electors for,Franklin,"Kennedy, Jr. and Shanahan",PC,4,0.33%
Presidential Electors for,Franklin,De la Cruz and Garcia,WI,0,0.00%
Presidential Electors for,Franklin,Fox and McVay,WI,0,0.00%
Presidential Electors for,Franklin,McNeil and McNeil,WI,0,0.00%
Presidential Electors for,Franklin,Potus and Kennedy,WI,0,0.00%
Presidential Electors for,Franklin,Ayyadurai and Ellis,WI,0,0.00%
Presidential Electors for,Franklin,Sonski and Onak,WI,0,0.00%
Presidential Electors for,Franklin,West and Abdullah,WI,0,0.00%
United States Senator,Franklin,Christopher S. Murphy,D,542,46.01%
United States Senator,Franklin,Matthew M. Corey,R,593,50.34%
United States Senator,Franklin,Christopher S. Murphy,WF,22,1.87%
United States Senator,Franklin,Justin C. Paglino,G,4,0.34%
United States Senator,Franklin,Robert Finley Hyde,CGG,17,1.44%
United States Senator,Franklin,John Flynn,WI,0,0.00%
Representative in Congress 2,Franklin,Joe Courtney,D,625,52.92%
Representative in Congress 2,Franklin,Mike France,R,556,47.08%
Representative in Congress 2,Franklin,"Kenneth Kusmierski, Jr.",WI,0,0.00%
Representative in Congress 2,Franklin,Jeffery Russell,WI,0,0.00%
State Senator 19,Franklin,Catherine A. Osten,D,550,46.69%
State Senator 19,Franklin,Jason Guidone,R,580,49.24%
State Senator 19,Franklin,Catherine A. Osten,WF,33,2.80%
State Senator 19,Franklin,Catherine A. Osten,IND,15,1.27%
State Representative 48,Franklin,Christopher Rivers,D,476,40.72%
State Representative 48,Franklin,Mark DeCaprio,R,664,56.80%
State Representative 48,Franklin,Christopher Rivers,WF,15,1.28%
State Representative 48,Franklin,Lance Lusignan,IND,14,1.20%
Presidential Electors for,Glastonbury,Harris and Walz,D,13185,61.34%
Presidential Electors for,Glastonbury,Trump and Vance,R,7902,36.76%
Presidential Electors for,Glastonbury,Stein and Ware,G,188,0.87%
Presidential Electors for,Glastonbury,Oliver and ter Maat,LI,112,0.52%
Presidential Electors for,Glastonbury,"Kennedy, Jr. and Shanahan",PC,102,0.47%
Presidential Electors for,Glastonbury,De la Cruz and Garcia,WI,4,0.02%
Presidential Electors for,Glastonbury,Fox and McVay,WI,0,0.00%
Presidential Electors for,Glastonbury,McNeil and McNeil,WI,0,0.00%
Presidential Electors for,Glastonbury,Potus and Kennedy,WI,0,0.00%
Presidential Electors for,Glastonbury,Ayyadurai and Ellis,WI,0,0.00%
Presidential Electors for,Glastonbury,Sonski and Onak,WI,1,0.00%
Presidential Electors for,Glastonbury,West and Abdullah,WI,0,0.00%
United States Senator,Glastonbury,Christopher S. Murphy,D,12652,59.71%
United States Senator,Glastonbury,Matthew M. Corey,R,7823,36.92%
United States Senator,Glastonbury,Christopher S. Murphy,WF,424,2.00%
United States Senator,Glastonbury,Justin C. Paglino,G,171,0.81%
United States Senator,Glastonbury,Robert Finley Hyde,CGG,119,0.56%
United States Senator,Glastonbury,John Flynn,WI,0,0.00%
Representative in Congress 1,Glastonbury,John B. Larson,D,4370,62.22%
Representative in Congress 1,Glastonbury,Jim Griffin,R,2399,34.16%
Representative in Congress 1,Glastonbury,John B. Larson,WF,150,2.14%
Representative in Congress 1,Glastonbury,Mary L. Sanders,G,104,1.48%
Representative in Congress 2,Glastonbury,Joe Courtney,D,8685,61.81%
Representative in Congress 2,Glastonbury,Mike France,R,5364,38.18%
Representative in Congress 2,Glastonbury,"Kenneth Kusmierski, Jr.",WI,0,0.00%
Representative in Congress 2,Glastonbury,Jeffery Russell,WI,1,0.01%
State Senator 4,Glastonbury,MD Rahman,D,12443,59.42%
State Senator 4,Glastonbury,Stephen King,R,7944,37.94%
State Senator 4,Glastonbury,MD Rahman,WF,554,2.65%
State Representative 13,Glastonbury,Jason Doucette,D,2682,61.14%
State Representative 13,Glastonbury,Donna C Meier,R,1595,36.36%
State Representative 13,Glastonbury,Jason Doucette,IND,110,2.51%
State Representative 31,Glastonbury,Jill Barry,D,9367,88.57%
State Representative 31,Glastonbury,Jill Barry,IND,1209,11.43%
State Representative 55,Glastonbury,Amanda Veneziano,D,1047,44.48%
State Representative 55,Glastonbury,Steve Weir,R,1255,53.31%
State Representative 55,Glastonbury,Amanda Veneziano,WF,24,1.02%
State Representative 55,Glastonbury,Amanda Veneziano,IND,28,1.19%
Registrar of Voters,Glastonbury,Charles Murray,D,11779,57.20%
Registrar of Voters,Glastonbury,Lisbeth Becker,R,8815,42.80%
Presidential Electors for,Goshen,Harris and Walz,D,910,43.35%
Presidential Electors for,Goshen,Trump and Vance,R,1154,54.98%
Presidential Electors for,Goshen,Stein and Ware,G,18,0.86%
Presidential Electors for,Goshen,Oliver and ter Maat,LI,13,0.62%
Presidential Electors for,Goshen,"Kennedy, Jr. and Shanahan",PC,4,0.19%
Presidential Electors for,Goshen,De la Cruz and Garcia,WI,0,0.00%
Presidential Electors for,Goshen,Fox and McVay,WI,0,0.00%
Presidential Electors for,Goshen,McNeil and McNeil,WI,0,0.00%
Presidential Electors for,Goshen,Potus and Kennedy,WI,0,0.00%
Presidential Electors for,Goshen,Ayyadurai and Ellis,WI,0,0.00%
Presidential Electors for,Goshen,Sonski and Onak,WI,0,0.00%
Presidential Electors for,Goshen,West and Abdullah,WI,0,0.00%
United States Senator,Goshen,Christopher S. Murphy,D,882,42.61%
United States Senator,Goshen,Matthew M. Corey,R,1126,54.40%
United States Senator,Goshen,Christopher S. Murphy,WF,37,1.79%
United States Senator,Goshen,Justin C. Paglino,G,10,0.48%
United States Senator,Goshen,Robert Finley Hyde,CGG,15,0.72%
United States Senator,Goshen,John Flynn,WI,0,0.00%
Representative in Congress 5,Goshen,Jahana Hayes,D,871,41.79%
Representative in Congress 5,Goshen,George Logan,R,1179,56.57%
Representative in Congress 5,Goshen,Jahana Hayes,WF,34,1.63%
Representative in Congress 5,Goshen,Ahmad AJ Darwish,WI,0,0.00%
Representative in Congress 5,Goshen,Bertram Ferguson,WI,0,0.00%
State Senator 30,Goshen,Justin Potter,D,809,39.23%
State Senator 30,Goshen,Stephen G. Harding,R,1224,59.36%
State Senator 30,Goshen,Stephen G. Harding,IND,29,1.41%
State Representative 64,Goshen,Maria Horn,D,821,39.53%
State Representative 64,Goshen,Barbara L. Breor,R,1212,58.35%
State Representative 64,Goshen,Maria Horn,WF,24,1.16%
State Representative 64,Goshen,Maria Horn,IND,20,0.96%
Presidential Electors for,Granby,Harris and Walz,D,4108,55.83%
Presidential Electors for,Granby,Trump and Vance,R,3118,42.38%
Presidential Electors for,Granby,Stein and Ware,G,32,0.43%
Presidential Electors for,Granby,Oliver and ter Maat,LI,52,0.71%
Presidential Electors for,Granby,"Kennedy, Jr. and Shanahan",PC,46,0.63%
Presidential Electors for,Granby,De la Cruz and Garcia,WI,1,0.01%
Presidential Electors for,Granby,Fox and McVay,WI,0,0.00%
Presidential Electors for,Granby,McNeil and McNeil,WI,0,0.00%
Presidential Electors for,Granby,Potus and Kennedy,WI,0,0.00%
Presidential Electors for,Granby,Ayyadurai and Ellis,WI,0,0.00%
Presidential Electors for,Granby,Sonski and Onak,WI,1,0.01%
Presidential Electors for,Granby,West and Abdullah,WI,0,0.00%
United States Senator,Granby,Christopher S. Murphy,D,3882,53.71%
United States Senator,Granby,Matthew M. Corey,R,3063,42.38%
United States Senator,Granby,Christopher S. Murphy,WF,165,2.28%
United States Senator,Granby,Justin C. Paglino,G,40,0.55%
United States Senator,Granby,Robert Finley Hyde,CGG,78,1.08%
United States Senator,Granby,John Flynn,WI,0,0.00%
Representative in Congress 1,Granby,John B. Larson,D,3860,53.84%
Representative in Congress 1,Granby,Jim Griffin,R,3031,42.28%
Representative in Congress 1,Granby,John B. Larson,WF,168,2.34%
Representative in Congress 1,Granby,Mary L. Sanders,G,110,1.53%
State Senator 7,Granby,Cynthia Mangini,D,2602,42.82%
State Senator 7,Granby,John A. Kissel,R,3247,53.44%
State Senator 7,Granby,Cynthia Mangini,WF,123,2.02%
State Senator 7,Granby,John A. Kissel,IND,104,1.71%
State Senator 8,Granby,Paul Honig,D,207,44.14%
State Senator 8,Granby,Lisa Seminara,R,249,53.09%
State Senator 8,Granby,Paul Honig,WF,8,1.71%
State Senator 8,Granby,Lisa Seminara,IND,5,1.07%
State Representative 62,Granby,Kim Becker,D,3619,50.17%
State Representative 62,Granby,Mark W. Anderson,R,3355,46.51%
State Representative 62,Granby,Kim Becker,WF,140,1.94%
State Representative 62,Granby,Mark W. Anderson,IND,100,1.39%
Registrar of Voters,Granby,Laura Wolfe,D,3645,51.58%
Registrar of Voters,Granby,Karen Antonucci,R,3422,48.42%
Presidential Electors for,Greenwich,Harris and Walz,D,19603,57.34%
Presidential Electors for,Greenwich,Trump and Vance,R,14122,41.31%
Presidential Electors for,Greenwich,Stein and Ware,G,162,0.47%
Presidential Electors for,Greenwich,Oliver and ter Maat,LI,168,0.49%
Presidential Electors for,Greenwich,"Kennedy, Jr. and Shanahan",PC,129,0.38%
Presidential Electors for,Greenwich,De la Cruz and Garcia,WI,2,0.01%
Presidential Electors for,Greenwich,Fox and McVay,WI,1,0.00%
Presidential Electors for,Greenwich,McNeil and McNeil,WI,0,0.00%
Presidential Electors for,Greenwich,Potus and Kennedy,WI,0,0.00%
Presidential Electors for,Greenwich,Ayyadurai and Ellis,WI,0,0.00%
Presidential Electors for,Greenwich,Sonski and Onak,WI,1,0.00%
Presidential Electors for,Greenwich,West and Abdullah,WI,1,0.00%
United States Senator,Greenwich,Christopher S. Murphy,D,18424,54.68%
United States Senator,Greenwich,Matthew M. Corey,R,14638,43.44%
United States Senator,Greenwich,Christopher S. Murphy,WF,367,1.09%
United States Senator,Greenwich,Justin C. Paglino,G,145,0.43%
United States Senator,Greenwich,Robert Finley Hyde,CGG,122,0.36%
United States Senator,Greenwich,John Flynn,WI,0,0.00%
Representative in Congress 4,Greenwich,Jim Himes,D,18964,56.16%
Representative in Congress 4,Greenwich,Michael Goldstein,R,14466,42.84%
Representative in Congress 4,Greenwich,Benjamin Wesley,IND,335,0.99%
State Senator 36,Greenwich,Nick Simmons,D,15405,45.88%
State Senator 36,Greenwich,Ryan Fazio,R,17731,52.80%
State Senator 36,Greenwich,Nick Simmons,IND,443,1.32%
State Representative 149,Greenwich,Rachel Khanna,D,3703,42.89%
State Representative 149,Greenwich,Tina Courpas,R,4838,56.03%
State Representative 149,Greenwich,Rachel Khanna,IND,93,1.08%
State Representative 150,Greenwich,Steve Meskers,D,6378,56.24%
State Representative 150,Greenwich,Paul Cappiali,R,4963,43.76%
State Representative 151,Greenwich,Hector Arzeno,D,6826,51.54%
State Representative 151,Greenwich,Tod Laudonia,R,6418,48.46%
Registrar of Voters,Greenwich,Mary Hegarty,D,16289,49.68%
Registrar of Voters,Greenwich,Fred DeCaro III,R,16102,49.11%
Registrar of Voters,Greenwich,Fred DeCaro III,IND,396,1.21%
Presidential Electors for,Griswold,Harris and Walz,D,2443,39.91%
Presidential Electors for,Griswold,Trump and Vance,R,3591,58.66%
Presidential Electors for,Griswold,Stein and Ware,G,24,0.39%
Presidential Electors for,Griswold,Oliver and ter Maat,LI,27,0.44%
Presidential Electors for,Griswold,"Kennedy, Jr. and Shanahan",PC,35,0.57%
Presidential Electors for,Griswold,De la Cruz and Garcia,WI,0,0.00%
Presidential Electors for,Griswold,Fox and McVay,WI,0,0.00%
Presidential Electors for,Griswold,McNeil and McNeil,WI,0,0.00%
Presidential Electors for,Griswold,Potus and Kennedy,WI,0,0.00%
Presidential Electors for,Griswold,Ayyadurai and Ellis,WI,0,0.00%
Presidential Electors for,Griswold,Sonski and Onak,WI,2,0.03%
Presidential Electors for,Griswold,West and Abdullah,WI,0,0.00%
United States Senator,Griswold,Christopher S. Murphy,D,2351,40.03%
United States Senator,Griswold,Matthew M. Corey,R,3169,53.96%
United States Senator,Griswold,Christopher S. Murphy,WF,234,3.98%
United States Senator,Griswold,Justin C. Paglino,G,34,0.58%
United States Senator,Griswold,Robert Finley Hyde,CGG,85,1.45%
United States Senator,Griswold,John Flynn,WI,0,0.00%
Representative in Congress 2,Griswold,Joe Courtney,D,2847,48.34%
Representative in Congress 2,Griswold,Mike France,R,3042,51.66%
Representative in Congress 2,Griswold,"Kenneth Kusmierski, Jr.",WI,0,0.00%
Representative in Congress 2,Griswold,Jeffery Russell,WI,0,0.00%
State Senator 18,Griswold,Andrew M. Parrella,D,1773,30.24%
State Senator 18,Griswold,Heather Somers,R,3863,65.89%
State Senator 18,Griswold,Heather Somers,IND,227,3.87%
State Representative 45,Griswold,Kayla Thompson,D,2028,34.70%
State Representative 45,Griswold,Brian L. Lanoue,R,3817,65.30%
Registrar of Voters,Griswold,Jennifer L. Gauthier,D,2242,39.37%
Registrar of Voters,Griswold,Cynthia Martin,R,3453,60.63%
Presidential Electors for,Groton,Harris and Walz,D,10284,60.81%
Presidential Electors for,Groton,Trump and Vance,R,6296,37.23%
Presidential Electors for,Groton,Stein and Ware,G,135,0.80%
Presidential Electors for,Groton,Oliver and ter Maat,LI,91,0.54%
Presidential Electors for,Groton,"Kennedy, Jr. and Shanahan",PC,102,0.60%
Presidential Electors for,Groton,De la Cruz and Garcia,WI,2,0.01%
Presidential Electors for,Groton,Fox and McVay,WI,0,0.00%
Presidential Electors for,Groton,McNeil and McNeil,WI,0,0.00%
Presidential Electors for,Groton,Potus and Kennedy,WI,0,0.00%
Presidential Electors for,Groton,Ayyadurai and Ellis,WI,0,0.00%
Presidential Electors for,Groton,Sonski and Onak,WI,1,0.01%
Presidential Electors for,Groton,West and Abdullah,WI,2,0.01%
United States Senator,Groton,Christopher S. Murphy,D,9832,60.57%
United States Senator,Groton,Matthew M. Corey,R,5532,34.08%
United States Senator,Groton,Christopher S. Murphy,WF,530,3.26%
United States Senator,Groton,Justin C. Paglino,G,158,0.97%
United States Senator,Groton,Robert Finley Hyde,CGG,181,1.12%
United States Senator,Groton,John Flynn,WI,0,0.00%
Representative in Congress 2,Groton,Joe Courtney,D,10976,67.51%
Representative in Congress 2,Groton,Mike France,R,5282,32.49%
Representative in Congress 2,Groton,"Kenneth Kusmierski, Jr.",WI,0,0.00%
Representative in Congress 2,Groton,Jeffery Russell,WI,0,0.00%
State Senator 18,Groton,Andrew M. Parrella,D,7940,49.23%
State Senator 18,Groton,Heather Somers,R,7569,46.93%
State Senator 18,Groton,Heather Somers,IND,618,3.83%
State Representative 40,Groton,Christine Conley,D,4448,58.59%
State Representative 40,Groton,Susan Deane-Shinbrot,R,2712,35.72%
State Representative 40,Groton,Christine Conley,WF,239,3.15%
State Representative 40,Groton,Christine Conley,IND,193,2.54%
State Representative 41,Groton,Aundre Bumgardner,D,5540,76.25%
State Representative 41,Groton,Aundre Bumgardner,WF,1229,16.91%
State Representative 41,Groton,Aundre Bumgardner,IND,497,6.84%
Registrar of Voters,Groton,Jeanne Rogers,D,9121,58.59%
Registrar of Voters,Groton,Kristen D. Venditti,R,6446,41.41%
Presidential Electors for,Guilford,Harris and Walz,D,9334,64.40%
Presidential Electors for,Guilford,Trump and Vance,R,4943,34.10%
Presidential Electors for,Guilford,Stein and Ware,G,95,0.66%
Presidential Electors for,Guilford,Oliver and ter Maat,LI,61,0.42%
Presidential Electors for,Guilford,"Kennedy, Jr. and Shanahan",PC,61,0.42%
Presidential Electors for,Guilford,De la Cruz and Garcia,WI,0,0.00%
Presidential Electors for,Guilford,Fox and McVay,WI,0,0.00%
Presidential Electors for,Guilford,McNeil and McNeil,WI,0,0.00%
Presidential Electors for,Guilford,Potus and Kennedy,WI,0,0.00%
Presidential Electors for,Guilford,Ayyadurai and Ellis,WI,0,0.00%
Presidential Electors for,Guilford,Sonski and Onak,WI,0,0.00%
Presidential Electors for,Guilford,West and Abdullah,WI,0,0.00%
United States Senator,Guilford,Christopher S. Murphy,D,8999,63.28%
United States Senator,Guilford,Matthew M. Corey,R,4647,32.67%
United States Senator,Guilford,Christopher S. Murphy,WF,370,2.60%
United States Senator,Guilford,Justin C. Paglino,G,150,1.05%
United States Senator,Guilford,Robert Finley Hyde,CGG,56,0.39%
United States Senator,Guilford,John Flynn,WI,0,0.00%
Representative in Congress 3,Guilford,Rosa L. DeLauro,D,9083,64.26%
Representative in Congress 3,Guilford,Michael Massey,R,4847,34.29%
Representative in Congress 3,Guilford,Michael Massey,IND,204,1.44%
Representative in Congress 3,Guilford,Leo Almoney,WI,0,0.00%
Representative in Congress 3,Guilford,Omar Scott Antar,WI,0,0.00%
Representative in Congress 3,Guilford,Shahd Omar,WI,0,0.00%
State Senator 12,Guilford,Christine Cohen,D,8743,61.73%
State Senator 12,Guilford,Paul Crisci,R,4962,35.03%
State Senator 12,Guilford,Christine Cohen,WF,249,1.76%
State Senator 12,Guilford,Christine Cohen,IND,210,1.48%
State Representative 86,Guilford,Vincent J. Candelora,R,1289,100.00%
State Representative 98,Guilford,Moira Rader,D,7553,63.47%
State Representative 98,Guilford,Richard S. DiNardo,R,4059,34.11%
State Representative 98,Guilford,Moira Rader,WF,289,2.43%
Presidential Electors for,Haddam,Harris and Walz,D,2640,46.98%
Presidential Electors for,Haddam,Trump and Vance,R,2892,51.47%
Presidential Electors for,Haddam,Stein and Ware,G,21,0.37%
Presidential Electors for,Haddam,Oliver and ter Maat,LI,27,0.48%
Presidential Electors for,Haddam,"Kennedy, Jr. and Shanahan",PC,35,0.62%
Presidential Electors for,Haddam,De la Cruz and Garcia,WI,1,0.02%
Presidential Electors for,Haddam,Fox and McVay,WI,0,0.00%
Presidential Electors for,Haddam,McNeil and McNeil,WI,0,0.00%
Presidential Electors for,Haddam,Potus and Kennedy,WI,0,0.00%
Presidential Electors for,Haddam,Ayyadurai and Ellis,WI,0,0.00%
Presidential Electors for,Haddam,Sonski and Onak,WI,2,0.04%
Presidential Electors for,Haddam,West and Abdullah,WI,1,0.02%
United States Senator,Haddam,Christopher S. Murphy,D,2530,45.97%
United States Senator,Haddam,Matthew M. Corey,R,2754,50.04%
United States Senator,Haddam,Christopher S. Murphy,WF,147,2.67%
United States Senator,Haddam,Justin C. Paglino,G,34,0.62%
United States Senator,Haddam,Robert Finley Hyde,CGG,39,0.71%
United States Senator,Haddam,John Flynn,WI,0,0.00%
Representative in Congress 2,Haddam,Joe Courtney,D,2755,50.30%
Representative in Congress 2,Haddam,Mike France,R,2722,49.70%
Representative in Congress 2,Haddam,"Kenneth Kusmierski, Jr.",WI,0,0.00%
Representative in Congress 2,Haddam,Jeffery Russell,WI,0,0.00%
State Senator 33,Haddam,Norm Needleman,D,2577,47.24%
State Senator 33,Haddam,Jeffery Duigou,R,2727,49.99%
State Senator 33,Haddam,Norm Needleman,IND,151,2.77%
State Representative 36,Haddam,Renee LaMark Muir,D,2393,44.11%
State Representative 36,Haddam,Kathryn Russell,R,3032,55.89%
Registrar of Voters,Haddam,Kathleen Wessling,D,2502,46.33%
Registrar of Voters,Haddam,Diana Cottrell,R,2898,53.67%
Presidential Electors for,Hamden,Harris and Walz,D,20222,72.88%
Presidential Electors for,Hamden,Trump and Vance,R,7066,25.46%
Presidential Electors for,Hamden,Stein and Ware,G,280,1.01%
Presidential Electors for,Hamden,Oliver and ter Maat,LI,69,0.25%
Presidential Electors for,Hamden,"Kennedy, Jr. and Shanahan",PC,94,0.34%
Presidential Electors for,Hamden,De la Cruz and Garcia,WI,7,0.03%
Presidential Electors for,Hamden,Fox and McVay,WI,0,0.00%
Presidential Electors for,Hamden,McNeil and McNeil,WI,0,0.00%
Presidential Electors for,Hamden,Potus and Kennedy,WI,0,0.00%
Presidential Electors for,Hamden,Ayyadurai and Ellis,WI,0,0.00%
Presidential Electors for,Hamden,Sonski and Onak,WI,8,0.03%
Presidential Electors for,Hamden,West and Abdullah,WI,2,0.01%
United States Senator,Hamden,Christopher S. Murphy,D,19094,71.33%
United States Senator,Hamden,Matthew M. Corey,R,6266,23.41%
United States Senator,Hamden,Christopher S. Murphy,WF,864,3.23%
United States Senator,Hamden,Justin C. Paglino,G,322,1.20%
United States Senator,Hamden,Robert Finley Hyde,CGG,221,0.83%
United States Senator,Hamden,John Flynn,WI,0,0.00%
Representative in Congress 3,Hamden,Rosa L. DeLauro,D,19960,74.37%
Representative in Congress 3,Hamden,Michael Massey,R,6496,24.20%
Representative in Congress 3,Hamden,Michael Massey,IND,375,1.40%
Representative in Congress 3,Hamden,Leo Almoney,WI,0,0.00%
Representative in Congress 3,Hamden,Omar Scott Antar,WI,2,0.01%
Representative in Congress 3,Hamden,Shahd Omar,WI,6,0.02%
State Senator 11,Hamden,Martin M. Looney,D,9777,74.11%
State Senator 11,Hamden,Steven Orosco,R,3416,25.89%
State Senator 17,Hamden,Jorge Cabrera,D,9814,88.97%
State Senator 17,Hamden,Jorge Cabrera,WF,786,7.13%
State Senator 17,Hamden,Jorge Cabrera,IND,431,3.91%
State Representative 88,Hamden,Joshua Elliott,D,6998,89.99%
State Representative 88,Hamden,Joshua Elliott,WF,778,10.01%
State Representative 91,Hamden,Laurie Sweet,D,7921,91.05%
State Representative 91,Hamden,Laurie Sweet,WF,779,8.95%
State Representative 94,Hamden,Steven B. Winter,D,2752,100.00%
State Representative 103,Hamden,Liz Linehan,D,1540,100.00%
State Representative 114,Hamden,Mary Welander,D,620,91.45%
State Representative 114,Hamden,Mary Welander,IND,58,8.55%
Judge of Probate 37 To Fill Vacancy,Hamden,Michael Dolan,D,21226,100.00%
Presidential Electors for,Hampton,Harris and Walz,D,541,48.43%
Presidential Electors for,Hampton,Trump and Vance,R,564,50.49%
Presidential Electors for,Hampton,Stein and Ware,G,3,0.27%
Presidential Electors for,Hampton,Oliver and ter Maat,LI,3,0.27%
Presidential Electors for,Hampton,"Kennedy, Jr. and Shanahan",PC,6,0.54%
Presidential Electors for,Hampton,De la Cruz and Garcia,WI,0,0.00%
Presidential Electors for,Hampton,Fox and McVay,WI,0,0.00%
Presidential Electors for,Hampton,McNeil and McNeil,WI,0,0.00%
Presidential Electors for,Hampton,Potus and Kennedy,WI,0,0.00%
Presidential Electors for,Hampton,Ayyadurai and Ellis,WI,0,0.00%
Presidential Electors for,Hampton,Sonski and Onak,WI,0,0.00%
Presidential Electors for,Hampton,West and Abdullah,WI,0,0.00%
United States Senator,Hampton,Christopher S. Murphy,D,525,48.48%
United States Senator,Hampton,Matthew M. Corey,R,521,48.11%
United States Senator,Hampton,Christopher S. Murphy,WF,25,2.31%
United States Senator,Hampton,Justin C. Paglino,G,6,0.55%
United States Senator,Hampton,Robert Finley Hyde,CGG,6,0.55%
United States Senator,Hampton,John Flynn,WI,0,0.00%
Representative in Congress 2,Hampton,Joe Courtney,D,575,52.61%
Representative in Congress 2,Hampton,Mike France,R,518,47.39%
Representative in Congress 2,Hampton,"Kenneth Kusmierski, Jr.",WI,0,0.00%
Representative in Congress 2,Hampton,Jeffery Russell,WI,0,0.00%
State Senator 35,Hampton,Merry C. Garrett,D,440,40.67%
State Senator 35,Hampton,Jeff Gordon,R,606,56.01%
State Senator 35,Hampton,Merry C. Garrett,WF,20,1.85%
State Senator 35,Hampton,Merry C. Garrett,IND,16,1.48%
State Representative 50,Hampton,Pat Boyd,D,616,100.00%
Registrar of Voters,Hampton,Sulema Perez-Pagan,D,603,99.50%
Registrar of Voters,Hampton,Dayna McDermott Arriola,WI,3,0.50%
Judge of Probate 28 To Fill Vacancy,Hampton,George A. Baker,D,475,45.32%
Judge of Probate 28 To Fill Vacancy,Hampton,Douglas T. Stearns,R,573,54.68%
Presidential Electors for,Hartford,Harris and Walz,D,23418,81.78%
Presidential Electors for,Hartford,Trump and Vance,R,4884,17.06%
Presidential Electors for,Hartford,Stein and Ware,G,197,0.69%
Presidential Electors for,Hartford,Oliver and ter Maat,LI,49,0.17%
Presidential Electors for,Hartford,"Kennedy, Jr. and Shanahan",PC,86,0.30%
Presidential Electors for,Hartford,De la Cruz and Garcia,WI,0,0.00%
Presidential Electors for,Hartford,Fox and McVay,WI,0,0.00%
Presidential Electors for,Hartford,McNeil and McNeil,WI,0,0.00%
Presidential Electors for,Hartford,Potus and Kennedy,WI,0,0.00%
Presidential Electors for,Hartford,Ayyadurai and Ellis,WI,0,0.00%
Presidential Electors for,Hartford,Sonski and Onak,WI,0,0.00%
Presidential Electors for,Hartford,West and Abdullah,WI,0,0.00%
United States Senator,Hartford,Christopher S. Murphy,D,21246,80.29%
United States Senator,Hartford,Matthew M. Corey,R,3559,13.45%
United States Senator,Hartford,Christopher S. Murphy,WF,1070,4.04%
United States Senator,Hartford,Justin C. Paglino,G,297,1.12%
United States Senator,Hartford,Robert Finley Hyde,CGG,290,1.10%
United States Senator,Hartford,John Flynn,WI,0,0.00%
Representative in Congress 1,Hartford,John B. Larson,D,20811,80.17%
Representative in Congress 1,Hartford,Jim Griffin,R,3427,13.20%
Representative in Congress 1,Hartford,John B. Larson,WF,1054,4.06%
Representative in Congress 1,Hartford,Mary L. Sanders,G,668,2.57%
State Senator 1,Hartford,John W. Fonfara,D,10583,89.23%
State Senator 1,Hartford,Luis R. Delgado,G,1277,10.77%
State Senator 2,Hartford,Douglas McCrory,D,10854,90.07%
State Senator 2,Hartford,Kristin Hoffman,R,1196,9.93%
State Representative 1,Hartford,Matthew Ritter,D,4961,100.00%
State Representative 3,Hartford,Minnie Gonzalez,D,3354,100.00%
State Representative 4,Hartford,Julio A. Concepcion,D,3519,100.00%
State Representative 5,Hartford,Maryam Khan,D,1621,100.00%
State Representative 5,Hartford,Tracy L. Funnye,WI,0,0.00%
State Representative 6,Hartford,"James ""Jimmy"" Sanchez",D,3976,93.44%
State Representative 6,Hartford,Alyssa Peterson,PC,279,6.56%
State Representative 7,Hartford,Joshua M. Hall,D,4889,100.00%
Registrar of Voters,Hartford,"Giselle ""Gigi"" Feliciano",D,19983,79.87%
Registrar of Voters,Hartford,Michael T. McGarry,R,3762,15.04%
Registrar of Voters,Hartford,Samuel Martin Pudlin,WF,1273,5.09%
Presidential Electors for,Hartland,Harris and Walz,D,430,32.92%
Presidential Electors for,Hartland,Trump and Vance,R,855,65.47%
Presidential Electors for,Hartland,Stein and Ware,G,4,0.31%
Presidential Electors for,Hartland,Oliver and ter Maat,LI,2,0.15%
Presidential Electors for,Hartland,"Kennedy, Jr. and Shanahan",PC,12,0.92%
Presidential Electors for,Hartland,De la Cruz and Garcia,WI,0,0.00%
Presidential Electors for,Hartland,Fox and McVay,WI,0,0.00%
Presidential Electors for,Hartland,McNeil and McNeil,WI,0,0.00%
Presidential Electors for,Hartland,Potus and Kennedy,WI,0,0.00%
Presidential Electors for,Hartland,Ayyadurai and Ellis,WI,0,0.00%
Presidential Electors for,Hartland,Sonski and Onak,WI,3,0.23%
Presidential Electors for,Hartland,West and Abdullah,WI,0,0.00%
United States Senator,Hartland,Christopher S. Murphy,D,396,31.03%
United States Senator,Hartland,Matthew M. Corey,R,831,65.13%
United States Senator,Hartland,Christopher S. Murphy,WF,23,1.80%
United States Senator,Hartland,Justin C. Paglino,G,11,0.86%
United States Senator,Hartland,Robert Finley Hyde,CGG,15,1.18%
United States Senator,Hartland,John Flynn,WI,0,0.00%
Representative in Congress 1,Hartland,John B. Larson,D,395,31.30%
Representative in Congress 1,Hartland,Jim Griffin,R,801,63.47%
Representative in Congress 1,Hartland,John B. Larson,WF,44,3.49%
Representative in Congress 1,Hartland,Mary L. Sanders,G,22,1.74%
State Senator 8,Hartland,Paul Honig,D,370,29.04%
State Senator 8,Hartland,Lisa Seminara,R,848,66.56%
State Senator 8,Hartland,Paul Honig,WF,24,1.88%
State Senator 8,Hartland,Lisa Seminara,IND,32,2.51%
State Representative 62,Hartland,Kim Becker,D,356,27.70%
State Representative 62,Hartland,Mark W. Anderson,R,861,67.00%
State Representative 62,Hartland,Kim Becker,WF,27,2.10%
State Representative 62,Hartland,Mark W. Anderson,IND,41,3.19%
Registrar of Voters,Hartland,Matthew Sweet,D,560,98.59%
Registrar of Voters,Hartland,Patricia Raskauskas,WI,8,1.41%
Presidential Electors for,Harwinton,Harris and Walz,D,1421,37.56%
Presidential Electors for,Harwinton,Trump and Vance,R,2315,61.19%
Presidential Electors for,Harwinton,Stein and Ware,G,16,0.42%
Presidential Electors for,Harwinton,Oliver and ter Maat,LI,11,0.29%
Presidential Electors for,Harwinton,"Kennedy, Jr. and Shanahan",PC,20,0.53%
Presidential Electors for,Harwinton,De la Cruz and Garcia,WI,0,0.00%
Presidential Electors for,Harwinton,Fox and McVay,WI,0,0.00%
Presidential Electors for,Harwinton,McNeil and McNeil,WI,0,0.00%
Presidential Electors for,Harwinton,Potus and Kennedy,WI,0,0.00%
Presidential Electors for,Harwinton,Ayyadurai and Ellis,WI,0,0.00%
Presidential Electors for,Harwinton,Sonski and Onak,WI,0,0.00%
Presidential Electors for,Harwinton,West and Abdullah,WI,0,0.00%
United States Senator,Harwinton,Christopher S. Murphy,D,1355,37.61%
United States Senator,Harwinton,Matthew M. Corey,R,2120,58.84%
United States Senator,Harwinton,Christopher S. Murphy,WF,80,2.22%
United States Senator,Harwinton,Justin C. Paglino,G,20,0.56%
United States Senator,Harwinton,Robert Finley Hyde,CGG,28,0.78%
United States Senator,Harwinton,John Flynn,WI,0,0.00%
Representative in Congress 5,Harwinton,Jahana Hayes,D,1342,36.10%
Representative in Congress 5,Harwinton,George Logan,R,2291,61.64%
Representative in Congress 5,Harwinton,Jahana Hayes,WF,84,2.26%
Representative in Congress 5,Harwinton,Ahmad AJ Darwish,WI,0,0.00%
Representative in Congress 5,Harwinton,Bertram Ferguson,WI,0,0.00%
State Senator 8,Harwinton,Paul Honig,D,772,35.64%
State Senator 8,Harwinton,Lisa Seminara,R,1302,60.11%
State Senator 8,Harwinton,Paul Honig,WF,62,2.86%
State Senator 8,Harwinton,Lisa Seminara,IND,30,1.39%
State Senator 31,Harwinton,Henri Martin,R,1130,100.00%
State Representative 76,Harwinton,Stephen Simonin,D,1144,31.14%
State Representative 76,Harwinton,John Piscopo,R,2530,68.86%
Registrar of Voters,Harwinton,Candace Crawford,D,1301,35.96%
Registrar of Voters,Harwinton,Deborah Shea,R,2317,64.04%
Presidential Electors for,Hebron,Harris and Walz,D,3253,52.93%
Presidential Electors for,Hebron,Trump and Vance,R,2795,45.48%
Presidential Electors for,Hebron,Stein and Ware,G,37,0.60%
Presidential Electors for,Hebron,Oliver and ter Maat,LI,23,0.37%
Presidential Electors for,Hebron,"Kennedy, Jr. and Shanahan",PC,37,0.60%
Presidential Electors for,Hebron,De la Cruz and Garcia,WI,1,0.02%
Presidential Electors for,Hebron,Fox and McVay,WI,0,0.00%
Presidential Electors for,Hebron,McNeil and McNeil,WI,0,0.00%
Presidential Electors for,Hebron,Potus and Kennedy,WI,0,0.00%
Presidential Electors for,Hebron,Ayyadurai and Ellis,WI,0,0.00%
Presidential Electors for,Hebron,Sonski and Onak,WI,0,0.00%
Presidential Electors for,Hebron,West and Abdullah,WI,0,0.00%
United States Senator,Hebron,Christopher S. Murphy,D,3093,51.05%
United States Senator,Hebron,Matthew M. Corey,R,2740,45.22%
United States Senator,Hebron,Christopher S. Murphy,WF,157,2.59%
United States Senator,Hebron,Justin C. Paglino,G,44,0.73%
United States Senator,Hebron,Robert Finley Hyde,CGG,25,0.41%
United States Senator,Hebron,John Flynn,WI,0,0.00%
Representative in Congress 2,Hebron,Joe Courtney,D,3400,56.23%
Representative in Congress 2,Hebron,Mike France,R,2647,43.77%
Representative in Congress 2,Hebron,"Kenneth Kusmierski, Jr.",WI,0,0.00%
Representative in Congress 2,Hebron,Jeffery Russell,WI,0,0.00%
State Senator 19,Hebron,Catherine A. Osten,D,3048,51.20%
State Senator 19,Hebron,Jason Guidone,R,2691,45.20%
State Senator 19,Hebron,Catherine A. Osten,WF,115,1.93%
State Senator 19,Hebron,Catherine A. Osten,IND,99,1.66%
State Representative 55,Hebron,Amanda Veneziano,D,2496,41.28%
State Representative 55,Hebron,Steve Weir,R,3386,56.00%
State Representative 55,Hebron,Amanda Veneziano,WF,90,1.49%
State Representative 55,Hebron,Amanda Veneziano,IND,74,1.22%
Registrar of Voters,Hebron,Elizabeth Fitzgerald,D,3124,52.91%
Registrar of Voters,Hebron,Michele May,R,2780,47.09%
Presidential Electors for,Kent,Harris and Walz,D,1252,66.52%
Presidential Electors for,Kent,Trump and Vance,R,592,31.46%
Presidential Electors for,Kent,Stein and Ware,G,17,0.90%
Presidential Electors for,Kent,Oliver and ter Maat,LI,6,0.32%
Presidential Electors for,Kent,"Kennedy, Jr. and Shanahan",PC,14,0.74%
Presidential Electors for,Kent,De la Cruz and Garcia,WI,0,0.00%
Presidential Electors for,Kent,Fox and McVay,WI,0,0.00%
Presidential Electors for,Kent,McNeil and McNeil,WI,0,0.00%
Presidential Electors for,Kent,Potus and Kennedy,WI,0,0.00%
Presidential Electors for,Kent,Ayyadurai and Ellis,WI,0,0.00%
Presidential Electors for,Kent,Sonski and Onak,WI,0,0.00%
Presidential Electors for,Kent,West and Abdullah,WI,1,0.05%
United States Senator,Kent,Christopher S. Murphy,D,1221,66.07%
United States Senator,Kent,Matthew M. Corey,R,557,30.14%
United States Senator,Kent,Christopher S. Murphy,WF,50,2.71%
United States Senator,Kent,Justin C. Paglino,G,14,0.76%
United States Senator,Kent,Robert Finley Hyde,CGG,6,0.32%
United States Senator,Kent,John Flynn,WI,0,0.00%
Representative in Congress 5,Kent,Jahana Hayes,D,1186,64.39%
Representative in Congress 5,Kent,George Logan,R,616,33.44%
Representative in Congress 5,Kent,Jahana Hayes,WF,40,2.17%
Representative in Congress 5,Kent,Ahmad AJ Darwish,WI,0,0.00%
Representative in Congress 5,Kent,Bertram Ferguson,WI,0,0.00%
State Senator 30,Kent,Justin Potter,D,1229,67.42%
State Senator 30,Kent,Stephen G. Harding,R,571,31.32%
State Senator 30,Kent,Stephen G. Harding,IND,23,1.26%
State Representative 64,Kent,Maria Horn,D,1187,65.44%
State Representative 64,Kent,Barbara L. Breor,R,570,31.42%
State Representative 64,Kent,Maria Horn,WF,31,1.71%
State Representative 64,Kent,Maria Horn,IND,26,1.43%
Registrar of Voters,Kent,Therese Duncan,D,1197,67.06%
Registrar of Voters,Kent,Sal Lilienthal,R,588,32.94%
Presidential Electors for,Killingly,Harris and Walz,D,3282,39.45%
Presidential Electors for,Killingly,Trump and Vance,R,4915,59.07%
Presidential Electors for,Killingly,Stein and Ware,G,46,0.55%
Presidential Electors for,Killingly,Oliver and ter Maat,LI,39,0.47%
Presidential Electors for,Killingly,"Kennedy, Jr. and Shanahan",PC,37,0.44%
Presidential Electors for,Killingly,De la Cruz and Garcia,WI,0,0.00%
Presidential Electors for,Killingly,Fox and McVay,WI,0,0.00%
Presidential Electors for,Killingly,McNeil and McNeil,WI,0,0.00%
Presidential Electors for,Killingly,Potus and Kennedy,WI,0,0.00%
Presidential Electors for,Killingly,Ayyadurai and Ellis,WI,0,0.00%
Presidential Electors for,Killingly,Sonski and Onak,WI,1,0.01%
Presidential Electors for,Killingly,West and Abdullah,WI,0,0.00%
United States Senator,Killingly,Christopher S. Murphy,D,3183,39.99%
United States Senator,Killingly,Matthew M. Corey,R,4277,53.73%
United States Senator,Killingly,Christopher S. Murphy,WF,309,3.88%
United States Senator,Killingly,Justin C. Paglino,G,58,0.73%
United States Senator,Killingly,Robert Finley Hyde,CGG,133,1.67%
United States Senator,Killingly,John Flynn,WI,0,0.00%
Representative in Congress 2,Killingly,Joe Courtney,D,3662,46.14%
Representative in Congress 2,Killingly,Mike France,R,4274,53.86%
Representative in Congress 2,Killingly,"Kenneth Kusmierski, Jr.",WI,0,0.00%
Representative in Congress 2,Killingly,Jeffery Russell,WI,0,0.00%
State Senator 29,Killingly,Mae Flexer,D,2915,36.47%
State Senator 29,Killingly,Chris Reddy,R,4724,59.10%
State Senator 29,Killingly,Mae Flexer,WF,153,1.91%
State Senator 29,Killingly,Mae Flexer,IND,95,1.19%
State Senator 29,Killingly,Alice Leibowitz,G,106,1.33%
State Representative 44,Killingly,Samantha Derenthal,D,1845,36.93%
State Representative 44,Killingly,Anne Dubay Dauphinais,R,3010,60.25%
State Representative 44,Killingly,Samantha Derenthal,IND,141,2.82%
State Representative 51,Killingly,Renee LaPalme Waldron,D,1035,35.30%
State Representative 51,Killingly,Chris Stewart,R,1794,61.19%
State Representative 51,Killingly,Renee LaPalme Waldron,WF,59,2.01%
State Representative 51,Killingly,Renee LaPalme Waldron,IND,44,1.50%
Registrar of Voters,Killingly,Janice Thurlow,D,3241,41.80%
Registrar of Voters,Killingly,Pamela Greenhalgh,R,4513,58.20%
Presidential Electors for,Killingworth,Harris and Walz,D,2270,51.52%
Presidential Electors for,Killingworth,Trump and Vance,R,2061,46.78%
Presidential Electors for,Killingworth,Stein and Ware,G,30,0.68%
Presidential Electors for,Killingworth,Oliver and ter Maat,LI,20,0.45%
Presidential Electors for,Killingworth,"Kennedy, Jr. and Shanahan",PC,23,0.52%
Presidential Electors for,Killingworth,De la Cruz and Garcia,WI,1,0.02%
Presidential Electors for,Killingworth,Fox and McVay,WI,0,0.00%
Presidential Electors for,Killingworth,McNeil and McNeil,WI,0,0.00%
Presidential Electors for,Killingworth,Potus and Kennedy,WI,0,0.00%
Presidential Electors for,Killingworth,Ayyadurai and Ellis,WI,0,0.00%
Presidential Electors for,Killingworth,Sonski and Onak,WI,1,0.02%
Presidential Electors for,Killingworth,West and Abdullah,WI,0,0.00%
United States Senator,Killingworth,Christopher S. Murphy,D,2181,50.67%
United States Senator,Killingworth,Matthew M. Corey,R,1977,45.93%
United States Senator,Killingworth,Christopher S. Murphy,WF,90,2.09%
United States Senator,Killingworth,Justin C. Paglino,G,34,0.79%
United States Senator,Killingworth,Robert Finley Hyde,CGG,22,0.51%
United States Senator,Killingworth,John Flynn,WI,0,0.00%
Representative in Congress 2,Killingworth,Joe Courtney,D,2324,54.26%
Representative in Congress 2,Killingworth,Mike France,R,1959,45.74%
Representative in Congress 2,Killingworth,"Kenneth Kusmierski, Jr.",WI,0,0.00%
Representative in Congress 2,Killingworth,Jeffery Russell,WI,0,0.00%
State Senator 12,Killingworth,Christine Cohen,D,2099,48.89%
State Senator 12,Killingworth,Paul Crisci,R,2084,48.54%
State Senator 12,Killingworth,Christine Cohen,WF,58,1.35%
State Senator 12,Killingworth,Christine Cohen,IND,52,1.21%
State Representative 35,Killingworth,Cinzia Lettieri,D,2068,48.18%
State Representative 35,Killingworth,Chris Aniskovich,R,2085,48.58%
State Representative 35,Killingworth,Cinzia Lettieri,WF,83,1.93%
State Representative 35,Killingworth,Chris Aniskovich,IND,56,1.30%
Registrar of Voters,Killingworth,Nancy J. McCormick,D,2639,99.51%
Registrar of Voters,Killingworth,Amy Roberts-Perry,WI,13,0.49%
Presidential Electors for,Lebanon,Harris and Walz,D,2009,45.04%
Presidential Electors for,Lebanon,Trump and Vance,R,2381,53.39%
Presidential Electors for,Lebanon,Stein and Ware,G,26,0.58%
Presidential Electors for,Lebanon,Oliver and ter Maat,LI,21,0.47%
Presidential Electors for,Lebanon,"Kennedy, Jr. and Shanahan",PC,23,0.52%
Presidential Electors for,Lebanon,De la Cruz and Garcia,WI,0,0.00%
Presidential Electors for,Lebanon,Fox and McVay,WI,0,0.00%
Presidential Electors for,Lebanon,McNeil and McNeil,WI,0,0.00%
Presidential Electors for,Lebanon,Potus and Kennedy,WI,0,0.00%
Presidential Electors for,Lebanon,Ayyadurai and Ellis,WI,0,0.00%
Presidential Electors for,Lebanon,Sonski and Onak,WI,0,0.00%
Presidential Electors for,Lebanon,West and Abdullah,WI,0,0.00%
United States Senator,Lebanon,Christopher S. Murphy,D,1936,44.23%
United States Senator,Lebanon,Matthew M. Corey,R,2228,50.90%
United States Senator,Lebanon,Christopher S. Murphy,WF,133,3.04%
United States Senator,Lebanon,Justin C. Paglino,G,33,0.75%
United States Senator,Lebanon,Robert Finley Hyde,CGG,47,1.07%
United States Senator,Lebanon,John Flynn,WI,0,0.00%
Representative in Congress 2,Lebanon,Joe Courtney,D,2246,51.20%
Representative in Congress 2,Lebanon,Mike France,R,2141,48.80%
Representative in Congress 2,Lebanon,"Kenneth Kusmierski, Jr.",WI,0,0.00%
Representative in Congress 2,Lebanon,Jeffery Russell,WI,0,0.00%
State Senator 19,Lebanon,Catherine A. Osten,D,1960,44.79%
State Senator 19,Lebanon,Jason Guidone,R,2243,51.26%
State Senator 19,Lebanon,Catherine A. Osten,WF,111,2.54%
State Senator 19,Lebanon,Catherine A. Osten,IND,62,1.42%
State Representative 8,Lebanon,Nancy Hammarstrom,D,606,39.15%
State Representative 8,Lebanon,Timothy Ackert,R,905,58.46%
State Representative 8,Lebanon,Nancy Hammarstrom,WF,37,2.39%
State Representative 48,Lebanon,Christopher Rivers,D,1095,39.07%
State Representative 48,Lebanon,Mark DeCaprio,R,1633,58.26%
State Representative 48,Lebanon,Christopher Rivers,WF,48,1.71%
State Representative 48,Lebanon,Lance Lusignan,IND,27,0.96%
Judge of Probate 28 To Fill Vacancy,Lebanon,George A. Baker,D,1849,43.13%
Judge of Probate 28 To Fill Vacancy,Lebanon,Douglas T. Stearns,R,2438,56.87%
Presidential Electors for,Ledyard,Harris and Walz,D,4443,53.41%
Presidential Electors for,Ledyard,Trump and Vance,R,3702,44.51%
Presidential Electors for,Ledyard,Stein and Ware,G,60,0.72%
Presidential Electors for,Ledyard,Oliver and ter Maat,LI,56,0.67%
Presidential Electors for,Ledyard,"Kennedy, Jr. and Shanahan",PC,52,0.63%
Presidential Electors for,Ledyard,De la Cruz and Garcia,WI,1,0.01%
Presidential Electors for,Ledyard,Fox and McVay,WI,0,0.00%
Presidential Electors for,Ledyard,McNeil and McNeil,WI,0,0.00%
Presidential Electors for,Ledyard,Potus and Kennedy,WI,0,0.00%
Presidential Electors for,Ledyard,Ayyadurai and Ellis,WI,0,0.00%
Presidential Electors for,Ledyard,Sonski and Onak,WI,3,0.04%
Presidential Electors for,Ledyard,West and Abdullah,WI,1,0.01%
United States Senator,Ledyard,Christopher S. Murphy,D,4191,52.18%
United States Senator,Ledyard,Matthew M. Corey,R,3365,41.89%
United States Senator,Ledyard,Christopher S. Murphy,WF,300,3.74%
United States Senator,Ledyard,Justin C. Paglino,G,86,1.07%
United States Senator,Ledyard,Robert Finley Hyde,CGG,90,1.12%
United States Senator,Ledyard,John Flynn,WI,0,0.00%
Representative in Congress 2,Ledyard,Joe Courtney,D,4638,57.46%
Representative in Congress 2,Ledyard,Mike France,R,3434,42.54%
Representative in Congress 2,Ledyard,"Kenneth Kusmierski, Jr.",WI,0,0.00%
Representative in Congress 2,Ledyard,Jeffery Russell,WI,0,0.00%
State Senator 19,Ledyard,Catherine A. Osten,D,4184,52.44%
State Senator 19,Ledyard,Jason Guidone,R,3402,42.64%
State Senator 19,Ledyard,Catherine A. Osten,WF,231,2.90%
State Senator 19,Ledyard,Catherine A. Osten,IND,162,2.03%
State Representative 43,Ledyard,Ty Lamb,D,1843,48.69%
State Representative 43,Ledyard,Greg Howard,R,1942,51.31%
State Representative 45,Ledyard,Kayla Thompson,D,1027,48.67%
State Representative 45,Ledyard,Brian L. Lanoue,R,1083,51.33%
State Representative 139,Ledyard,Kevin Ryan,D,985,49.97%
State Representative 139,Ledyard,Mark Adams,R,911,46.22%
State Representative 139,Ledyard,Kevin Ryan,WF,42,2.13%
State Representative 139,Ledyard,Kevin Ryan,IND,33,1.67%
Registrar of Voters,Ledyard,Diana Mann,D,5153,99.25%
Registrar of Voters,Ledyard,Judy Johnson,WI,39,0.75%
Presidential Electors for,Lisbon,Harris and Walz,D,1031,43.26%
Presidential Electors for,Lisbon,Trump and Vance,R,1301,54.60%
Presidential Electors for,Lisbon,Stein and Ware,G,21,0.88%
Presidential Electors for,Lisbon,Oliver and ter Maat,LI,15,0.63%
Presidential Electors for,Lisbon,"Kennedy, Jr. and Shanahan",PC,15,0.63%
Presidential Electors for,Lisbon,De la Cruz and Garcia,WI,0,0.00%
Presidential Electors for,Lisbon,Fox and McVay,WI,0,0.00%
Presidential Electors for,Lisbon,McNeil and McNeil,WI,0,0.00%
Presidential Electors for,Lisbon,Potus and Kennedy,WI,0,0.00%
Presidential Electors for,Lisbon,Ayyadurai and Ellis,WI,0,0.00%
Presidential Electors for,Lisbon,Sonski and Onak,WI,0,0.00%
Presidential Electors for,Lisbon,West and Abdullah,WI,0,0.00%
United States Senator,Lisbon,Christopher S. Murphy,D,1037,44.26%
United States Senator,Lisbon,Matthew M. Corey,R,1153,49.21%
United States Senator,Lisbon,Christopher S. Murphy,WF,105,4.48%
United States Senator,Lisbon,Justin C. Paglino,G,15,0.64%
United States Senator,Lisbon,Robert Finley Hyde,CGG,33,1.41%
United States Senator,Lisbon,John Flynn,WI,0,0.00%
Representative in Congress 2,Lisbon,Joe Courtney,D,1196,50.92%
Representative in Congress 2,Lisbon,Mike France,R,1153,49.08%
Representative in Congress 2,Lisbon,"Kenneth Kusmierski, Jr.",WI,0,0.00%
Representative in Congress 2,Lisbon,Jeffery Russell,WI,0,0.00%
State Senator 19,Lisbon,Catherine A. Osten,D,1037,44.41%
State Senator 19,Lisbon,Jason Guidone,R,1162,49.76%
State Senator 19,Lisbon,Catherine A. Osten,WF,72,3.08%
State Senator 19,Lisbon,Catherine A. Osten,IND,64,2.74%
State Representative 45,Lisbon,Kayla Thompson,D,418,40.23%
State Representative 45,Lisbon,Brian L. Lanoue,R,621,59.77%
State Representative 47,Lisbon,Aaron Spruance,D,463,36.31%
State Representative 47,Lisbon,Doug Dubitsky,R,812,63.69%
Registrar of Voters,Lisbon,Stephen Barrett,D,889,38.67%
Registrar of Voters,Lisbon,Betsy M. Barrett,R,1410,61.33%
Presidential Electors for,Litchfield,Harris and Walz,D,2660,50.34%
Presidential Electors for,Litchfield,Trump and Vance,R,2545,48.16%
Presidential Electors for,Litchfield,Stein and Ware,G,23,0.44%
Presidential Electors for,Litchfield,Oliver and ter Maat,LI,28,0.53%
Presidential Electors for,Litchfield,"Kennedy, Jr. and Shanahan",PC,24,0.45%
Presidential Electors for,Litchfield,De la Cruz and Garcia,WI,0,0.00%
Presidential Electors for,Litchfield,Fox and McVay,WI,0,0.00%
Presidential Electors for,Litchfield,McNeil and McNeil,WI,0,0.00%
Presidential Electors for,Litchfield,Potus and Kennedy,WI,0,0.00%
Presidential Electors for,Litchfield,Ayyadurai and Ellis,WI,0,0.00%
Presidential Electors for,Litchfield,Sonski and Onak,WI,2,0.04%
Presidential Electors for,Litchfield,West and Abdullah,WI,2,0.04%
United States Senator,Litchfield,Christopher S. Murphy,D,2592,49.59%
United States Senator,Litchfield,Matthew M. Corey,R,2477,47.39%
United States Senator,Litchfield,Christopher S. Murphy,WF,102,1.95%
United States Senator,Litchfield,Justin C. Paglino,G,30,0.57%
United States Senator,Litchfield,Robert Finley Hyde,CGG,26,0.50%
United States Senator,Litchfield,John Flynn,WI,0,0.00%
Representative in Congress 5,Litchfield,Jahana Hayes,D,2510,48.14%
Representative in Congress 5,Litchfield,George Logan,R,2608,50.02%
Representative in Congress 5,Litchfield,Jahana Hayes,WF,96,1.84%
Representative in Congress 5,Litchfield,Ahmad AJ Darwish,WI,0,0.00%
Representative in Congress 5,Litchfield,Bertram Ferguson,WI,0,0.00%
State Senator 30,Litchfield,Justin Potter,D,2398,46.28%
State Senator 30,Litchfield,Stephen G. Harding,R,2699,52.09%
State Senator 30,Litchfield,Stephen G. Harding,IND,84,1.62%
State Representative 66,Litchfield,Sharon Sherman,D,2110,49.20%
State Representative 66,Litchfield,Karen Reddington-Hughes,R,2179,50.80%
State Representative 76,Litchfield,Stephen Simonin,D,236,27.90%
State Representative 76,Litchfield,John Piscopo,R,610,72.10%
Registrar of Voters,Litchfield,James Duncan,D,2389,46.94%
Registrar of Voters,Litchfield,Lynette Kyasky,R,2701,53.06%
Presidential Electors for,Lyme,Harris and Walz,D,1080,65.30%
Presidential Electors for,Lyme,Trump and Vance,R,537,32.47%
Presidential Electors for,Lyme,Stein and Ware,G,13,0.79%
Presidential Electors for,Lyme,Oliver and ter Maat,LI,13,0.79%
Presidential Electors for,Lyme,"Kennedy, Jr. and Shanahan",PC,11,0.67%
Presidential Electors for,Lyme,De la Cruz and Garcia,WI,0,0.00%
Presidential Electors for,Lyme,Fox and McVay,WI,0,0.00%
Presidential Electors for,Lyme,McNeil and McNeil,WI,0,0.00%
Presidential Electors for,Lyme,Potus and Kennedy,WI,0,0.00%
Presidential Electors for,Lyme,Ayyadurai and Ellis,WI,0,0.00%
Presidential Electors for,Lyme,Sonski and Onak,WI,0,0.00%
Presidential Electors for,Lyme,West and Abdullah,WI,0,0.00%
United States Senator,Lyme,Christopher S. Murphy,D,1023,63.11%
United States Senator,Lyme,Matthew M. Corey,R,553,34.11%
United States Senator,Lyme,Christopher S. Murphy,WF,31,1.91%
United States Senator,Lyme,Justin C. Paglino,G,6,0.37%
United States Senator,Lyme,Robert Finley Hyde,CGG,8,0.49%
United States Senator,Lyme,John Flynn,WI,0,0.00%
Representative in Congress 2,Lyme,Joe Courtney,D,1097,67.30%
Representative in Congress 2,Lyme,Mike France,R,533,32.70%
Representative in Congress 2,Lyme,"Kenneth Kusmierski, Jr.",WI,0,0.00%
Representative in Congress 2,Lyme,Jeffery Russell,WI,0,0.00%
State Senator 33,Lyme,Norm Needleman,D,1012,62.55%
State Senator 33,Lyme,Jeffery Duigou,R,569,35.17%
State Senator 33,Lyme,Norm Needleman,IND,37,2.29%
State Representative 23,Lyme,Jane Wisialowski,D,871,53.70%
State Representative 23,Lyme,Devin R Carney,R,690,42.54%
State Representative 23,Lyme,Jane Wisialowski,WF,23,1.42%
State Representative 23,Lyme,Devin R Carney,IND,38,2.34%
Registrar of Voters,Lyme,Dottie Wells,D,953,59.90%
Registrar of Voters,Lyme,Judith Davies,R,638,40.10%
Presidential Electors for,Madison,Harris and Walz,D,7373,61.38%
Presidential Electors for,Madison,Trump and Vance,R,4454,37.08%
Presidential Electors for,Madison,Stein and Ware,G,58,0.48%
Presidential Electors for,Madison,Oliver and ter Maat,LI,58,0.48%
Presidential Electors for,Madison,"Kennedy, Jr. and Shanahan",PC,66,0.55%
Presidential Electors for,Madison,De la Cruz and Garcia,WI,1,0.01%
Presidential Electors for,Madison,Fox and McVay,WI,0,0.00%
Presidential Electors for,Madison,McNeil and McNeil,WI,0,0.00%
Presidential Electors for,Madison,Potus and Kennedy,WI,0,0.00%
Presidential Electors for,Madison,Ayyadurai and Ellis,WI,0,0.00%
Presidential Electors for,Madison,Sonski and Onak,WI,3,0.02%
Presidential Electors for,Madison,West and Abdullah,WI,0,0.00%
United States Senator,Madison,Christopher S. Murphy,D,7119,59.86%
United States Senator,Madison,Matthew M. Corey,R,4479,37.66%
United States Senator,Madison,Christopher S. Murphy,WF,198,1.66%
United States Senator,Madison,Justin C. Paglino,G,57,0.48%
United States Senator,Madison,Robert Finley Hyde,CGG,39,0.33%
United States Senator,Madison,John Flynn,WI,0,0.00%
Representative in Congress 2,Madison,Joe Courtney,D,7321,61.95%
Representative in Congress 2,Madison,Mike France,R,4497,38.05%
Representative in Congress 2,Madison,"Kenneth Kusmierski, Jr.",WI,0,0.00%
Representative in Congress 2,Madison,Jeffery Russell,WI,0,0.00%
State Senator 12,Madison,Christine Cohen,D,6736,56.88%
State Senator 12,Madison,Paul Crisci,R,4818,40.68%
State Senator 12,Madison,Christine Cohen,WF,145,1.22%
State Senator 12,Madison,Christine Cohen,IND,144,1.22%
State Representative 101,Madison,John-Michael Parker,D,6836,57.61%
State Representative 101,Madison,Lisa Deane,R,4708,39.68%
State Representative 101,Madison,John-Michael Parker,WF,167,1.41%
State Representative 101,Madison,John-Michael Parker,IND,154,1.30%
Registrar of Voters,Madison,Jim Newton,D,6815,58.89%
Registrar of Voters,Madison,Gregory Scalzo III,R,4757,41.11%
Presidential Electors for,Manchester,Harris and Walz,D,17318,64.94%
Presidential Electors for,Manchester,Trump and Vance,R,8791,32.97%
Presidential Electors for,Manchester,Stein and Ware,G,328,1.23%
Presidential Electors for,Manchester,Oliver and ter Maat,LI,95,0.36%
Presidential Electors for,Manchester,"Kennedy, Jr. and Shanahan",PC,121,0.45%
Presidential Electors for,Manchester,De la Cruz and Garcia,WI,3,0.01%
Presidential Electors for,Manchester,Fox and McVay,WI,0,0.00%
Presidential Electors for,Manchester,McNeil and McNeil,WI,0,0.00%
Presidential Electors for,Manchester,Potus and Kennedy,WI,0,0.00%
Presidential Electors for,Manchester,Ayyadurai and Ellis,WI,0,0.00%
Presidential Electors for,Manchester,Sonski and Onak,WI,3,0.01%
Presidential Electors for,Manchester,West and Abdullah,WI,8,0.03%
United States Senator,Manchester,Christopher S. Murphy,D,16242,62.63%
United States Senator,Manchester,Matthew M. Corey,R,8161,31.47%
United States Senator,Manchester,Christopher S. Murphy,WF,945,3.64%
United States Senator,Manchester,Justin C. Paglino,G,302,1.16%
United States Senator,Manchester,Robert Finley Hyde,CGG,282,1.09%
United States Senator,Manchester,John Flynn,WI,0,0.00%
Representative in Congress 1,Manchester,John B. Larson,D,16377,63.83%
Representative in Congress 1,Manchester,Jim Griffin,R,7670,29.89%
Representative in Congress 1,Manchester,John B. Larson,WF,1021,3.98%
Representative in Congress 1,Manchester,Mary L. Sanders,G,590,2.30%
State Senator 4,Manchester,MD Rahman,D,16332,64.07%
State Senator 4,Manchester,Stephen King,R,8062,31.63%
State Senator 4,Manchester,MD Rahman,WF,1096,4.30%
State Representative 9,Manchester,Jason Rojas,D,3780,100.00%
State Representative 11,Manchester,Patrick Biggins,D,1774,66.92%
State Representative 11,Manchester,Salema Davis,R,877,33.08%
State Representative 12,Manchester,Geoffrey Luxenberg,D,6361,62.55%
State Representative 12,Manchester,Robert Cormier,R,3398,33.41%
State Representative 12,Manchester,Geoffrey Luxenberg,WF,359,3.53%
State Representative 12,Manchester,Joseph Arthur Young,PC,52,0.51%
State Representative 13,Manchester,Jason Doucette,D,4836,65.11%
State Representative 13,Manchester,Donna C Meier,R,2374,31.96%
State Representative 13,Manchester,Jason Doucette,IND,218,2.93%
Registrar of Voters,Manchester,James R. Stevenson,D,16110,64.22%
Registrar of Voters,Manchester,Timothy H. Becker,R,8975,35.78%
Presidential Electors for,Mansfield,Harris and Walz,D,6690,73.28%
Presidential Electors for,Mansfield,Trump and Vance,R,2250,24.65%
Presidential Electors for,Mansfield,Stein and Ware,G,96,1.05%
Presidential Electors for,Mansfield,Oliver and ter Maat,LI,41,0.45%
Presidential Electors for,Mansfield,"Kennedy, Jr. and Shanahan",PC,46,0.50%
Presidential Electors for,Mansfield,De la Cruz and Garcia,WI,1,0.01%
Presidential Electors for,Mansfield,Fox and McVay,WI,0,0.00%
Presidential Electors for,Mansfield,McNeil and McNeil,WI,0,0.00%
Presidential Electors for,Mansfield,Potus and Kennedy,WI,0,0.00%
Presidential Electors for,Mansfield,Ayyadurai and Ellis,WI,0,0.00%
Presidential Electors for,Mansfield,Sonski and Onak,WI,0,0.00%
Presidential Electors for,Mansfield,West and Abdullah,WI,5,0.05%
United States Senator,Mansfield,Christopher S. Murphy,D,6265,71.36%
United States Senator,Mansfield,Matthew M. Corey,R,1986,22.62%
United States Senator,Mansfield,Christopher S. Murphy,WF,293,3.34%
United States Senator,Mansfield,Justin C. Paglino,G,138,1.57%
United States Senator,Mansfield,Robert Finley Hyde,CGG,98,1.12%
United States Senator,Mansfield,John Flynn,WI,0,0.00%
Representative in Congress 2,Mansfield,Joe Courtney,D,6689,76.70%
Representative in Congress 2,Mansfield,Mike France,R,2032,23.30%
Representative in Congress 2,Mansfield,"Kenneth Kusmierski, Jr.",WI,0,0.00%
Representative in Congress 2,Mansfield,Jeffery Russell,WI,0,0.00%
State Senator 29,Mansfield,Mae Flexer,D,5870,67.65%
State Senator 29,Mansfield,Chris Reddy,R,2240,25.82%
State Senator 29,Mansfield,Mae Flexer,WF,227,2.62%
State Senator 29,Mansfield,Mae Flexer,IND,115,1.33%
State Senator 29,Mansfield,Alice Leibowitz,G,225,2.59%
State Representative 50,Mansfield,Pat Boyd,D,956,100.00%
State Representative 54,Mansfield,Gregg Haddad,D,5292,70.71%
State Representative 54,Mansfield,Aaron Bowman,R,1933,25.83%
State Representative 54,Mansfield,Gregg Haddad,WF,259,3.46%
Registrar of Voters,Mansfield,Ron Manizza,D,6271,73.61%
Registrar of Voters,Mansfield,Alfred E. Fratoni,R,2248,26.39%
Judge of Probate 25 To Fill Vacancy,Mansfield,Sophia H. Shaikh,D,7091,100.00%
Presidential Electors for,Marlborough,Harris and Walz,D,2115,52.88%
Presidential Electors for,Marlborough,Trump and Vance,R,1819,45.48%
Presidential Electors for,Marlborough,Stein and Ware,G,20,0.50%
Presidential Electors for,Marlborough,Oliver and ter Maat,LI,20,0.50%
Presidential Electors for,Marlborough,"Kennedy, Jr. and Shanahan",PC,23,0.57%
Presidential Electors for,Marlborough,De la Cruz and Garcia,WI,2,0.05%
Presidential Electors for,Marlborough,Fox and McVay,WI,0,0.00%
Presidential Electors for,Marlborough,McNeil and McNeil,WI,0,0.00%
Presidential Electors for,Marlborough,Potus and Kennedy,WI,0,0.00%
Presidential Electors for,Marlborough,Ayyadurai and Ellis,WI,0,0.00%
Presidential Electors for,Marlborough,Sonski and Onak,WI,1,0.03%
Presidential Electors for,Marlborough,West and Abdullah,WI,0,0.00%
United States Senator,Marlborough,Christopher S. Murphy,D,2051,52.06%
United States Senator,Marlborough,Matthew M. Corey,R,1735,44.04%
United States Senator,Marlborough,Christopher S. Murphy,WF,82,2.08%
United States Senator,Marlborough,Justin C. Paglino,G,27,0.69%
United States Senator,Marlborough,Robert Finley Hyde,CGG,44,1.12%
United States Senator,Marlborough,John Flynn,WI,1,0.03%
Representative in Congress 2,Marlborough,Joe Courtney,D,2207,56.32%
Representative in Congress 2,Marlborough,Mike France,R,1712,43.68%
Representative in Congress 2,Marlborough,"Kenneth Kusmierski, Jr.",WI,0,0.00%
Representative in Congress 2,Marlborough,Jeffery Russell,WI,0,0.00%
State Senator 19,Marlborough,Catherine A. Osten,D,2009,51.59%
State Senator 19,Marlborough,Jason Guidone,R,1744,44.79%
State Senator 19,Marlborough,Catherine A. Osten,WF,81,2.08%
State Senator 19,Marlborough,Catherine A. Osten,IND,60,1.54%
State Representative 55,Marlborough,Amanda Veneziano,D,1661,42.44%
State Representative 55,Marlborough,Steve Weir,R,2164,55.29%
State Representative 55,Marlborough,Amanda Veneziano,WF,45,1.15%
State Representative 55,Marlborough,Amanda Veneziano,IND,44,1.12%
Presidential Electors for,Meriden,Harris and Walz,D,13326,55.98%
Presidential Electors for,Meriden,Trump and Vance,R,10131,42.56%
Presidential Electors for,Meriden,Stein and Ware,G,168,0.71%
Presidential Electors for,Meriden,Oliver and ter Maat,LI,69,0.29%
Presidential Electors for,Meriden,"Kennedy, Jr. and Shanahan",PC,107,0.45%
Presidential Electors for,Meriden,De la Cruz and Garcia,WI,1,0.00%
Presidential Electors for,Meriden,Fox and McVay,WI,0,0.00%
Presidential Electors for,Meriden,McNeil and McNeil,WI,0,0.00%
Presidential Electors for,Meriden,Potus and Kennedy,WI,0,0.00%
Presidential Electors for,Meriden,Ayyadurai and Ellis,WI,0,0.00%
Presidential Electors for,Meriden,Sonski and Onak,WI,2,0.01%
Presidential Electors for,Meriden,West and Abdullah,WI,0,0.00%
United States Senator,Meriden,Christopher S. Murphy,D,12823,56.20%
United States Senator,Meriden,Matthew M. Corey,R,8730,38.26%
United States Senator,Meriden,Christopher S. Murphy,WF,781,3.42%
United States Senator,Meriden,Justin C. Paglino,G,206,0.90%
United States Senator,Meriden,Robert Finley Hyde,CGG,277,1.21%
United States Senator,Meriden,John Flynn,WI,0,0.00%
Representative in Congress 5,Meriden,Jahana Hayes,D,12628,55.01%
Representative in Congress 5,Meriden,George Logan,R,9494,41.36%
Representative in Congress 5,Meriden,Jahana Hayes,WF,834,3.63%
Representative in Congress 5,Meriden,Ahmad AJ Darwish,WI,0,0.00%
Representative in Congress 5,Meriden,Bertram Ferguson,WI,0,0.00%
State Senator 13,Meriden,Jan Hochadel,D,11345,50.83%
State Senator 13,Meriden,Elain Cariati,R,9815,43.98%
State Senator 13,Meriden,Jan Hochadel,WF,555,2.49%
State Senator 13,Meriden,Gwen Samuel,IND,603,2.70%
State Senator 13,Meriden,Gwen Samuel,WI,0,0.00%
State Representative 82,Meriden,Michael D. Quinn,D,5723,56.52%
State Representative 82,Meriden,Lamar Terrell,R,3995,39.45%
State Representative 82,Meriden,Michael D. Quinn,WF,408,4.03%
State Representative 83,Meriden,Jack Fazzino,D,3340,52.39%
State Representative 83,Meriden,Joseph Vollano,R,2701,42.37%
State Representative 83,Meriden,Jack Fazzino,WF,228,3.58%
State Representative 83,Meriden,Jack Fazzino,IND,106,1.66%
State Representative 84,Meriden,Hilda E. Santiago,D,4074,100.00%
Registrar of Voters,Meriden,Staci M. Roy,D,12340,56.36%
Registrar of Voters,Meriden,Suzanne S. Flynn,R,9555,43.64%
Presidential Electors for,Middlebury,Harris and Walz,D,2209,43.21%
Presidential Electors for,Middlebury,Trump and Vance,R,2820,55.16%
Presidential Electors for,Middlebury,Stein and Ware,G,38,0.74%
Presidential Electors for,Middlebury,Oliver and ter Maat,LI,20,0.39%
Presidential Electors for,Middlebury,"Kennedy, Jr. and Shanahan",PC,25,0.49%
Presidential Electors for,Middlebury,De la Cruz and Garcia,WI,0,0.00%
Presidential Electors for,Middlebury,Fox and McVay,WI,0,0.00%
Presidential Electors for,Middlebury,McNeil and McNeil,WI,0,0.00%
Presidential Electors for,Middlebury,Potus and Kennedy,WI,0,0.00%
Presidential Electors for,Middlebury,Ayyadurai and Ellis,WI,0,0.00%
Presidential Electors for,Middlebury,Sonski and Onak,WI,0,0.00%
Presidential Electors for,Middlebury,West and Abdullah,WI,0,0.00%
United States Senator,Middlebury,Christopher S. Murphy,D,2127,42.47%
United States Senator,Middlebury,Matthew M. Corey,R,2695,53.81%
United States Senator,Middlebury,Christopher S. Murphy,WF,125,2.50%
United States Senator,Middlebury,Justin C. Paglino,G,33,0.66%
United States Senator,Middlebury,Robert Finley Hyde,CGG,28,0.56%
United States Senator,Middlebury,John Flynn,WI,0,0.00%
Representative in Congress 5,Middlebury,Jahana Hayes,D,2263,45.03%
Representative in Congress 5,Middlebury,George Logan,R,2671,53.15%
Representative in Congress 5,Middlebury,Jahana Hayes,WF,91,1.81%
Representative in Congress 5,Middlebury,Ahmad AJ Darwish,WI,0,0.00%
Representative in Congress 5,Middlebury,Bertram Ferguson,WI,0,0.00%
State Senator 15,Middlebury,Joan V. Hartley,D,596,75.16%
State Senator 15,Middlebury,Joan V. Hartley,IND,197,24.84%
State Senator 32,Middlebury,Jeff Desmarais,D,1576,43.13%
State Senator 32,Middlebury,Eric C. Berthel,R,2078,56.87%
State Representative 71,Middlebury,William J. Pizzuto,R,3507,100.00%
Presidential Electors for,Middlefield,Harris and Walz,D,1396,49.80%
Presidential Electors for,Middlefield,Trump and Vance,R,1358,48.45%
Presidential Electors for,Middlefield,Stein and Ware,G,15,0.54%
Presidential Electors for,Middlefield,Oliver and ter Maat,LI,11,0.39%
Presidential Electors for,Middlefield,"Kennedy, Jr. and Shanahan",PC,23,0.82%
Presidential Electors for,Middlefield,De la Cruz and Garcia,WI,0,0.00%
Presidential Electors for,Middlefield,Fox and McVay,WI,0,0.00%
Presidential Electors for,Middlefield,McNeil and McNeil,WI,0,0.00%
Presidential Electors for,Middlefield,Potus and Kennedy,WI,0,0.00%
Presidential Electors for,Middlefield,Ayyadurai and Ellis,WI,0,0.00%
Presidential Electors for,Middlefield,Sonski and Onak,WI,0,0.00%
Presidential Electors for,Middlefield,West and Abdullah,WI,0,0.00%
United States Senator,Middlefield,Christopher S. Murphy,D,1341,48.87%
United States Senator,Middlefield,Matthew M. Corey,R,1296,47.23%
United States Senator,Middlefield,Christopher S. Murphy,WF,68,2.48%
United States Senator,Middlefield,Justin C. Paglino,G,15,0.55%
United States Senator,Middlefield,Robert Finley Hyde,CGG,24,0.87%
United States Senator,Middlefield,John Flynn,WI,0,0.00%
Representative in Congress 3,Middlefield,Rosa L. DeLauro,D,1372,50.04%
Representative in Congress 3,Middlefield,Michael Massey,R,1330,48.50%
Representative in Congress 3,Middlefield,Michael Massey,IND,40,1.46%
Representative in Congress 3,Middlefield,Leo Almoney,WI,0,0.00%
Representative in Congress 3,Middlefield,Omar Scott Antar,WI,0,0.00%
Representative in Congress 3,Middlefield,Shahd Omar,WI,0,0.00%
State Senator 12,Middlefield,Christine Cohen,D,718,46.71%
State Senator 12,Middlefield,Paul Crisci,R,762,49.58%
State Senator 12,Middlefield,Christine Cohen,WF,35,2.28%
State Senator 12,Middlefield,Christine Cohen,IND,22,1.43%
State Senator 13,Middlefield,Jan Hochadel,D,543,46.29%
State Senator 13,Middlefield,Elain Cariati,R,593,50.55%
State Senator 13,Middlefield,Jan Hochadel,WF,20,1.71%
State Senator 13,Middlefield,Gwen Samuel,IND,17,1.45%
State Senator 13,Middlefield,Gwen Samuel,WI,0,0.00%
State Representative 90,Middlefield,Rebecca Hyland,D,1228,44.93%
State Representative 90,Middlefield,Craig Fishbein,R,1395,51.04%
State Representative 90,Middlefield,Rebecca Hyland,WF,58,2.12%
State Representative 90,Middlefield,Craig Fishbein,IND,52,1.90%
Judge of Probate 15 To Fill Vacancy,Middlefield,Phrances Leverton Szewczyk,D,1602,100.00%
Presidential Electors for,Middletown,Harris and Walz,D,13986,63.53%
Presidential Electors for,Middletown,Trump and Vance,R,7611,34.57%
Presidential Electors for,Middletown,Stein and Ware,G,243,1.10%
Presidential Electors for,Middletown,Oliver and ter Maat,LI,86,0.39%
Presidential Electors for,Middletown,"Kennedy, Jr. and Shanahan",PC,88,0.40%
Presidential Electors for,Middletown,De la Cruz and Garcia,WI,0,0.00%
Presidential Electors for,Middletown,Fox and McVay,WI,0,0.00%
Presidential Electors for,Middletown,McNeil and McNeil,WI,0,0.00%
Presidential Electors for,Middletown,Potus and Kennedy,WI,0,0.00%
Presidential Electors for,Middletown,Ayyadurai and Ellis,WI,0,0.00%
Presidential Electors for,Middletown,Sonski and Onak,WI,0,0.00%
Presidential Electors for,Middletown,West and Abdullah,WI,0,0.00%
United States Senator,Middletown,Christopher S. Murphy,D,12912,60.38%
United States Senator,Middletown,Matthew M. Corey,R,6974,32.61%
United States Senator,Middletown,Christopher S. Murphy,WF,951,4.45%
United States Senator,Middletown,Justin C. Paglino,G,310,1.45%
United States Senator,Middletown,Robert Finley Hyde,CGG,238,1.11%
United States Senator,Middletown,John Flynn,WI,0,0.00%
Representative in Congress 1,Middletown,John B. Larson,D,6630,61.95%
Representative in Congress 1,Middletown,Jim Griffin,R,3333,31.14%
Representative in Congress 1,Middletown,John B. Larson,WF,427,3.99%
Representative in Congress 1,Middletown,Mary L. Sanders,G,312,2.92%
Representative in Congress 3,Middletown,Rosa L. DeLauro,D,6538,62.78%
Representative in Congress 3,Middletown,Michael Massey,R,3648,35.03%
Representative in Congress 3,Middletown,Michael Massey,IND,228,2.19%
Representative in Congress 3,Middletown,Leo Almoney,WI,0,0.00%
Representative in Congress 3,Middletown,Omar Scott Antar,WI,0,0.00%
Representative in Congress 3,Middletown,Shahd Omar,WI,0,0.00%
State Senator 9,Middletown,Matthew Lesser,D,8073,82.98%
State Senator 9,Middletown,Matthew Lesser,WF,951,9.77%
State Senator 9,Middletown,Matthew Lesser,IND,705,7.25%
State Senator 13,Middletown,Jan Hochadel,D,4811,55.01%
State Senator 13,Middletown,Elain Cariati,R,3354,38.35%
State Senator 13,Middletown,Jan Hochadel,WF,321,3.67%
State Senator 13,Middletown,Gwen Samuel,IND,259,2.96%
State Senator 13,Middletown,Gwen Samuel,WI,0,0.00%
State Representative 33,Middletown,Brandon Chafee,D,6510,75.87%
State Representative 33,Middletown,Brandon Chafee,IND,1080,12.59%
State Representative 33,Middletown,Robert Kyle Hoggard,WE,698,8.14%
State Representative 33,Middletown,Christine Leigh Rebstock,PC,292,3.40%
State Representative 100,Middletown,Kai Juanna Belton,D,6353,58.64%
State Representative 100,Middletown,Nigel Macon-Wilson,R,3949,36.45%
State Representative 100,Middletown,Kai Juanna Belton,WF,532,4.91%
Judge of Probate 15 To Fill Vacancy,Middletown,Phrances Leverton Szewczyk,D,15052,100.00%
Presidential Electors for,Milford,Harris and Walz,D,14575,47.29%
Presidential Electors for,Milford,Trump and Vance,R,14405,46.74%
Presidential Electors for,Milford,Stein and Ware,G,1507,4.89%
Presidential Electors for,Milford,Oliver and ter Maat,LI,107,0.35%
Presidential Electors for,Milford,"Kennedy, Jr. and Shanahan",PC,220,0.71%
Presidential Electors for,Milford,De la Cruz and Garcia,WI,3,0.01%
Presidential Electors for,Milford,Fox and McVay,WI,0,0.00%
Presidential Electors for,Milford,McNeil and McNeil,WI,0,0.00%
Presidential Electors for,Milford,Potus and Kennedy,WI,0,0.00%
Presidential Electors for,Milford,Ayyadurai and Ellis,WI,0,0.00%
Presidential Electors for,Milford,Sonski and Onak,WI,1,0.00%
Presidential Electors for,Milford,West and Abdullah,WI,2,0.01%
United States Senator,Milford,Christopher S. Murphy,D,15758,52.76%
United States Senator,Milford,Matthew M. Corey,R,12827,42.95%
United States Senator,Milford,Christopher S. Murphy,WF,827,2.77%
United States Senator,Milford,Justin C. Paglino,G,236,0.79%
United States Senator,Milford,Robert Finley Hyde,CGG,218,0.73%
United States Senator,Milford,John Flynn,WI,0,0.00%
Representative in Congress 3,Milford,Rosa L. DeLauro,D,15995,54.13%
Representative in Congress 3,Milford,Michael Massey,R,13078,44.26%
Representative in Congress 3,Milford,Michael Massey,IND,471,1.59%
Representative in Congress 3,Milford,Leo Almoney,WI,0,0.00%
Representative in Congress 3,Milford,Omar Scott Antar,WI,0,0.00%
Representative in Congress 3,Milford,Shahd Omar,WI,5,0.02%
State Senator 14,Milford,James Maroney,D,15753,53.79%
State Senator 14,Milford,Steven Johnstone,R,12703,43.38%
State Senator 14,Milford,James Maroney,IND,829,2.83%
State Representative 117,Milford,MJ Shannon,D,2949,52.16%
State Representative 117,Milford,Raymond V. Collins III,R,2509,44.38%
State Representative 117,Milford,MJ Shannon,WF,101,1.79%
State Representative 117,Milford,MJ Shannon,IND,95,1.68%
State Representative 118,Milford,Frank Smith,D,6842,53.23%
State Representative 118,Milford,Mark Macchio,R,5618,43.71%
State Representative 118,Milford,Frank Smith,WF,394,3.07%
State Representative 119,Milford,Etan Hirsch,D,4612,42.74%
State Representative 119,Milford,Kathy Kennedy,R,5935,55.00%
State Representative 119,Milford,Kathy Kennedy,IND,243,2.25%
Registrar of Voters,Milford,Kerri Rowland,D,15747,54.16%
Registrar of Voters,Milford,Debra Fellenbaum,R,13327,45.84%
Presidential Electors for,Monroe,Harris and Walz,D,5346,46.53%
Presidential Electors for,Monroe,Trump and Vance,R,5961,51.88%
Presidential Electors for,Monroe,Stein and Ware,G,61,0.53%
Presidential Electors for,Monroe,Oliver and ter Maat,LI,53,0.46%
Presidential Electors for,Monroe,"Kennedy, Jr. and Shanahan",PC,61,0.53%
Presidential Electors for,Monroe,De la Cruz and Garcia,WI,2,0.02%
Presidential Electors for,Monroe,Fox and McVay,WI,0,0.00%
Presidential Electors for,Monroe,McNeil and McNeil,WI,0,0.00%
Presidential Electors for,Monroe,Potus and Kennedy,WI,0,0.00%
Presidential Electors for,Monroe,Ayyadurai and Ellis,WI,0,0.00%
Presidential Electors for,Monroe,Sonski and Onak,WI,2,0.02%
Presidential Electors for,Monroe,West and Abdullah,WI,4,0.03%
United States Senator,Monroe,Christopher S. Murphy,D,5197,46.59%
United States Senator,Monroe,Matthew M. Corey,R,5546,49.72%
United States Senator,Monroe,Christopher S. Murphy,WF,252,2.26%
United States Senator,Monroe,Justin C. Paglino,G,64,0.57%
United States Senator,Monroe,Robert Finley Hyde,CGG,96,0.86%
United States Senator,Monroe,John Flynn,WI,0,0.00%
Representative in Congress 4,Monroe,Jim Himes,D,5314,47.74%
Representative in Congress 4,Monroe,Michael Goldstein,R,5586,50.19%
Representative in Congress 4,Monroe,Benjamin Wesley,IND,230,2.07%
State Senator 21,Monroe,Kevin C. Kelly,R,5104,100.00%
State Senator 22,Monroe,Sujata Gadkar-Wilcox,D,1554,43.05%
State Senator 22,Monroe,Chris Carrena,R,1982,54.90%
State Senator 22,Monroe,Robert Edward Halstead,IND,74,2.05%
State Senator 22,Monroe,Louis Anthony Bevilacqua,WI,0,0.00%
State Representative 112,Monroe,Beth Cliff,D,4360,39.29%
State Representative 112,Monroe,Tony Scott,R,6485,58.44%
State Representative 112,Monroe,Beth Cliff,WF,115,1.04%
State Representative 112,Monroe,Beth Cliff,IND,136,1.23%
Registrar of Voters,Monroe,Kate Briggs,D,4879,44.68%
Registrar of Voters,Monroe,Debra Dutches,R,6042,55.32%
Presidential Electors for,Montville,Harris and Walz,D,4316,48.75%
Presidential Electors for,Montville,Trump and Vance,R,4397,49.66%
Presidential Electors for,Montville,Stein and Ware,G,51,0.58%
Presidential Electors for,Montville,Oliver and ter Maat,LI,46,0.52%
Presidential Electors for,Montville,"Kennedy, Jr. and Shanahan",PC,44,0.50%
Presidential Electors for,Montville,De la Cruz and Garcia,WI,0,0.00%
Presidential Electors for,Montville,Fox and McVay,WI,0,0.00%
Presidential Electors for,Montville,McNeil and McNeil,WI,0,0.00%
Presidential Electors for,Montville,Potus and Kennedy,WI,0,0.00%
Presidential Electors for,Montville,Ayyadurai and Ellis,WI,0,0.00%
Presidential Electors for,Montville,Sonski and Onak,WI,0,0.00%
Presidential Electors for,Montville,West and Abdullah,WI,0,0.00%
United States Senator,Montville,Christopher S. Murphy,D,4131,48.70%
United States Senator,Montville,Matthew M. Corey,R,3925,46.27%
United States Senator,Montville,Christopher S. Murphy,WF,239,2.82%
United States Senator,Montville,Justin C. Paglino,G,71,0.84%
United States Senator,Montville,Robert Finley Hyde,CGG,116,1.37%
United States Senator,Montville,John Flynn,WI,0,0.00%
Representative in Congress 2,Montville,Joe Courtney,D,4714,55.31%
Representative in Congress 2,Montville,Mike France,R,3809,44.69%
Representative in Congress 2,Montville,"Kenneth Kusmierski, Jr.",WI,0,0.00%
Representative in Congress 2,Montville,Jeffery Russell,WI,0,0.00%
State Senator 19,Montville,Catherine A. Osten,D,1115,48.54%
State Senator 19,Montville,Jason Guidone,R,1075,46.80%
State Senator 19,Montville,Catherine A. Osten,WF,64,2.79%
State Senator 19,Montville,Catherine A. Osten,IND,43,1.87%
State Senator 20,Montville,Martha Marx,D,2800,45.85%
State Senator 20,Montville,Shaun Mastroianni,R,3051,49.96%
State Senator 20,Montville,Martha Marx,WF,133,2.18%
State Senator 20,Montville,Shaun Mastroianni,IND,123,2.01%
State Representative 37,Montville,Nick Menapace,D,974,43.93%
State Representative 37,Montville,Holly H. Cheeseman,R,1141,51.47%
State Representative 37,Montville,Nick Menapace,WF,58,2.62%
State Representative 37,Montville,Holly H. Cheeseman,IND,44,1.98%
State Representative 38,Montville,Nick Gauthier,D,1282,47.60%
State Representative 38,Montville,Kathleen M. McCarty,R,1296,48.12%
State Representative 38,Montville,Nick Gauthier,WF,71,2.64%
State Representative 38,Montville,Nick Gauthier,IND,44,1.63%
State Representative 139,Montville,Kevin Ryan,D,1675,47.37%
State Representative 139,Montville,Mark Adams,R,1732,48.98%
State Representative 139,Montville,Kevin Ryan,WF,82,2.32%
State Representative 139,Montville,Kevin Ryan,IND,47,1.33%
Registrar of Voters,Montville,Mary Hillman,D,4173,50.38%
Registrar of Voters,Montville,Jeff Rogers,R,4110,49.62%
Presidential Electors for,Morris,Harris and Walz,D,604,40.48%
Presidential Electors for,Morris,Trump and Vance,R,858,57.51%
Presidential Electors for,Morris,Stein and Ware,G,11,0.74%
Presidential Electors for,Morris,Oliver and ter Maat,LI,9,0.60%
Presidential Electors for,Morris,"Kennedy, Jr. and Shanahan",PC,10,0.67%
Presidential Electors for,Morris,De la Cruz and Garcia,WI,0,0.00%
Presidential Electors for,Morris,Fox and McVay,WI,0,0.00%
Presidential Electors for,Morris,McNeil and McNeil,WI,0,0.00%
Presidential Electors for,Morris,Potus and Kennedy,WI,0,0.00%
Presidential Electors for,Morris,Ayyadurai and Ellis,WI,0,0.00%
Presidential Electors for,Morris,Sonski and Onak,WI,0,0.00%
Presidential Electors for,Morris,West and Abdullah,WI,0,0.00%
United States Senator,Morris,Christopher S. Murphy,D,584,40.25%
United States Senator,Morris,Matthew M. Corey,R,813,56.03%
United States Senator,Morris,Christopher S. Murphy,WF,39,2.69%
United States Senator,Morris,Justin C. Paglino,G,9,0.62%
United States Senator,Morris,Robert Finley Hyde,CGG,6,0.41%
United States Senator,Morris,John Flynn,WI,0,0.00%
Representative in Congress 5,Morris,Jahana Hayes,D,576,39.16%
Representative in Congress 5,Morris,George Logan,R,855,58.12%
Representative in Congress 5,Morris,Jahana Hayes,WF,40,2.72%
Representative in Congress 5,Morris,Ahmad AJ Darwish,WI,0,0.00%
Representative in Congress 5,Morris,Bertram Ferguson,WI,0,0.00%
State Senator 30,Morris,Justin Potter,D,558,38.35%
State Senator 30,Morris,Stephen G. Harding,R,872,59.93%
State Senator 30,Morris,Stephen G. Harding,IND,25,1.72%
State Representative 66,Morris,Sharon Sherman,D,537,37.27%
State Representative 66,Morris,Karen Reddington-Hughes,R,904,62.73%
Registrar of Voters,Morris,Lawrence M. Sweeney,D,574,40.25%
Registrar of Voters,Morris,Maryann Petzold,R,852,59.75%
Presidential Electors for,Naugatuck,Harris and Walz,D,6252,44.35%
Presidential Electors for,Naugatuck,Trump and Vance,R,7647,54.25%
Presidential Electors for,Naugatuck,Stein and Ware,G,78,0.55%
Presidential Electors for,Naugatuck,Oliver and ter Maat,LI,51,0.36%
Presidential Electors for,Naugatuck,"Kennedy, Jr. and Shanahan",PC,57,0.40%
Presidential Electors for,Naugatuck,De la Cruz and Garcia,WI,3,0.02%
Presidential Electors for,Naugatuck,Fox and McVay,WI,0,0.00%
Presidential Electors for,Naugatuck,McNeil and McNeil,WI,0,0.00%
Presidential Electors for,Naugatuck,Potus and Kennedy,WI,0,0.00%
Presidential Electors for,Naugatuck,Ayyadurai and Ellis,WI,0,0.00%
Presidential Electors for,Naugatuck,Sonski and Onak,WI,6,0.04%
Presidential Electors for,Naugatuck,West and Abdullah,WI,2,0.01%
United States Senator,Naugatuck,Christopher S. Murphy,D,6024,44.52%
United States Senator,Naugatuck,Matthew M. Corey,R,6658,49.21%
United States Senator,Naugatuck,Christopher S. Murphy,WF,551,4.07%
United States Senator,Naugatuck,Justin C. Paglino,G,123,0.91%
United States Senator,Naugatuck,Robert Finley Hyde,CGG,175,1.29%
United States Senator,Naugatuck,John Flynn,WI,0,0.00%
Representative in Congress 3,Naugatuck,Rosa L. DeLauro,D,6506,48.57%
Representative in Congress 3,Naugatuck,Michael Massey,R,6617,49.40%
Representative in Congress 3,Naugatuck,Michael Massey,IND,272,2.03%
Representative in Congress 3,Naugatuck,Leo Almoney,WI,0,0.00%
Representative in Congress 3,Naugatuck,Omar Scott Antar,WI,0,0.00%
Representative in Congress 3,Naugatuck,Shahd Omar,WI,0,0.00%
State Senator 15,Naugatuck,Joan V. Hartley,D,2659,80.53%
State Senator 15,Naugatuck,Joan V. Hartley,IND,643,19.47%
State Senator 17,Naugatuck,Jorge Cabrera,D,4038,74.31%
State Senator 17,Naugatuck,Jorge Cabrera,WF,842,15.50%
State Senator 17,Naugatuck,Jorge Cabrera,IND,554,10.20%
State Representative 70,Naugatuck,Jeff Litke,D,4257,41.72%
State Representative 70,Naugatuck,Seth Bronko,R,5618,55.06%
State Representative 70,Naugatuck,Jeff Litke,IND,328,3.21%
State Representative 131,Naugatuck,Ellen S. Fox,D,1418,44.87%
State Representative 131,Naugatuck,Arnold Jensen,R,1649,52.18%
State Representative 131,Naugatuck,Ellen S. Fox,IND,93,2.94%
Registrar of Voters,Naugatuck,Louise Sheedy,D,6312,48.36%
Registrar of Voters,Naugatuck,Matthew R. Katra,R,6740,51.64%
Presidential Electors for,New Britain,Harris and Walz,D,13483,60.83%
Presidential Electors for,New Britain,Trump and Vance,R,8282,37.36%
Presidential Electors for,New Britain,Stein and Ware,G,247,1.11%
Presidential Electors for,New Britain,Oliver and ter Maat,LI,52,0.23%
Presidential Electors for,New Britain,"Kennedy, Jr. and Shanahan",PC,101,0.46%
Presidential Electors for,New Britain,De la Cruz and Garcia,WI,0,0.00%
Presidential Electors for,New Britain,Fox and McVay,WI,0,0.00%
Presidential Electors for,New Britain,McNeil and McNeil,WI,0,0.00%
Presidential Electors for,New Britain,Potus and Kennedy,WI,0,0.00%
Presidential Electors for,New Britain,Ayyadurai and Ellis,WI,0,0.00%
Presidential Electors for,New Britain,Sonski and Onak,WI,0,0.00%
Presidential Electors for,New Britain,West and Abdullah,WI,1,0.00%
United States Senator,New Britain,Christopher S. Murphy,D,12986,61.27%
United States Senator,New Britain,Matthew M. Corey,R,6842,32.28%
United States Senator,New Britain,Christopher S. Murphy,WF,812,3.83%
United States Senator,New Britain,Justin C. Paglino,G,264,1.25%
United States Senator,New Britain,Robert Finley Hyde,CGG,292,1.38%
United States Senator,New Britain,John Flynn,WI,0,0.00%
Representative in Congress 5,New Britain,Jahana Hayes,D,13001,60.64%
Representative in Congress 5,New Britain,George Logan,R,7558,35.25%
Representative in Congress 5,New Britain,Jahana Hayes,WF,880,4.10%
Representative in Congress 5,New Britain,Ahmad AJ Darwish,WI,0,0.00%
Representative in Congress 5,New Britain,Bertram Ferguson,WI,0,0.00%
State Senator 6,New Britain,Rick Lopes,D,12635,60.79%
State Senator 6,New Britain,Tremell Collins,R,7196,34.62%
State Senator 6,New Britain,Rick Lopes,WF,954,4.59%
State Representative 24,New Britain,"Emmanuel ""Manny"" Sanchez",D,4700,60.88%
State Representative 24,New Britain,Alden Russell,R,2631,34.08%
State Representative 24,New Britain,"Emmanuel ""Manny"" Sanchez",WF,362,4.69%
State Representative 24,New Britain,Alfred P. Mayo,PC,27,0.35%
State Representative 25,New Britain,"Robert ""Bobby"" Sanchez",D,3614,70.08%
State Representative 25,New Britain,Jamie Vaughan,R,1543,29.92%
State Representative 26,New Britain,David DeFronzo,D,4042,55.78%
State Representative 26,New Britain,Barbara Marino,R,2910,40.16%
State Representative 26,New Britain,David DeFronzo,WF,294,4.06%
State Representative 27,New Britain,Gary Turco,D,498,77.57%
State Representative 27,New Britain,Gary Turco,WF,39,6.07%
State Representative 27,New Britain,Stephen P. Ellis,PC,105,16.36%
Registrar of Voters,New Britain,Lucian J. Pawlak,D,13213,64.52%
Registrar of Voters,New Britain,Peter J. Gostin,R,7265,35.48%
Presidential Electors for,New Canaan,Harris and Walz,D,6644,55.76%
Presidential Electors for,New Canaan,Trump and Vance,R,5023,42.16%
Presidential Electors for,New Canaan,Stein and Ware,G,60,0.50%
Presidential Electors for,New Canaan,Oliver and ter Maat,LI,105,0.88%
Presidential Electors for,New Canaan,"Kennedy, Jr. and Shanahan",PC,76,0.64%
Presidential Electors for,New Canaan,De la Cruz and Garcia,WI,1,0.01%
Presidential Electors for,New Canaan,Fox and McVay,WI,0,0.00%
Presidential Electors for,New Canaan,McNeil and McNeil,WI,0,0.00%
Presidential Electors for,New Canaan,Potus and Kennedy,WI,0,0.00%
Presidential Electors for,New Canaan,Ayyadurai and Ellis,WI,4,0.03%
Presidential Electors for,New Canaan,Sonski and Onak,WI,0,0.00%
Presidential Electors for,New Canaan,West and Abdullah,WI,2,0.02%
United States Senator,New Canaan,Christopher S. Murphy,D,6095,51.22%
United States Senator,New Canaan,Matthew M. Corey,R,5604,47.10%
United States Senator,New Canaan,Christopher S. Murphy,WF,113,0.95%
United States Senator,New Canaan,Justin C. Paglino,G,46,0.39%
United States Senator,New Canaan,Robert Finley Hyde,CGG,41,0.34%
United States Senator,New Canaan,John Flynn,WI,0,0.00%
Representative in Congress 4,New Canaan,Jim Himes,D,6253,52.55%
Representative in Congress 4,New Canaan,Michael Goldstein,R,5538,46.54%
Representative in Congress 4,New Canaan,Benjamin Wesley,IND,109,0.92%
State Senator 26,New Canaan,Ceci Maher,D,898,48.05%
State Senator 26,New Canaan,Kami Evans,R,949,50.78%
State Senator 26,New Canaan,Kami Evans,IND,22,1.18%
State Senator 36,New Canaan,Nick Simmons,D,4098,41.18%
State Senator 36,New Canaan,Ryan Fazio,R,5741,57.69%
State Senator 36,New Canaan,Nick Simmons,IND,112,1.13%
State Representative 42,New Canaan,Savet Constantine,D,800,42.58%
State Representative 42,New Canaan,Kim Healy,R,1054,56.09%
State Representative 42,New Canaan,Kim Healy,IND,25,1.33%
State Representative 125,New Canaan,Jason Bennett,D,3395,38.15%
State Representative 125,New Canaan,Tom O'Dea,R,5503,61.85%
State Representative 142,New Canaan,Lucy Dathan,D,607,89.40%
State Representative 142,New Canaan,Lucy Dathan,WF,72,10.60%
Registrar of Voters,New Canaan,Elizabeth Orteig,D,5333,45.91%
Registrar of Voters,New Canaan,Joan McLaughlin,R,6282,54.09%
Presidential Electors for,New Fairfield,Harris and Walz,D,3653,44.31%
Presidential Electors for,New Fairfield,Trump and Vance,R,4485,54.40%
Presidential Electors for,New Fairfield,Stein and Ware,G,37,0.45%
Presidential Electors for,New Fairfield,Oliver and ter Maat,LI,30,0.36%
Presidential Electors for,New Fairfield,"Kennedy, Jr. and Shanahan",PC,40,0.49%
Presidential Electors for,New Fairfield,De la Cruz and Garcia,WI,0,0.00%
Presidential Electors for,New Fairfield,Fox and McVay,WI,0,0.00%
Presidential Electors for,New Fairfield,McNeil and McNeil,WI,0,0.00%
Presidential Electors for,New Fairfield,Potus and Kennedy,WI,0,0.00%
Presidential Electors for,New Fairfield,Ayyadurai and Ellis,WI,0,0.00%
Presidential Electors for,New Fairfield,Sonski and Onak,WI,0,0.00%
Presidential Electors for,New Fairfield,West and Abdullah,WI,0,0.00%
United States Senator,New Fairfield,Christopher S. Murphy,D,3512,43.77%
United States Senator,New Fairfield,Matthew M. Corey,R,4235,52.79%
United States Senator,New Fairfield,Christopher S. Murphy,WF,191,2.38%
United States Senator,New Fairfield,Justin C. Paglino,G,34,0.42%
United States Senator,New Fairfield,Robert Finley Hyde,CGG,51,0.64%
United States Senator,New Fairfield,John Flynn,WI,0,0.00%
Representative in Congress 5,New Fairfield,Jahana Hayes,D,3430,42.67%
Representative in Congress 5,New Fairfield,George Logan,R,4422,55.01%
Representative in Congress 5,New Fairfield,Jahana Hayes,WF,186,2.31%
Representative in Congress 5,New Fairfield,Ahmad AJ Darwish,WI,1,0.01%
Representative in Congress 5,New Fairfield,Bertram Ferguson,WI,0,0.00%
State Senator 24,New Fairfield,Julie Kushner,D,1991,41.89%
State Senator 24,New Fairfield,Michelle Coelho,R,2587,54.43%
State Senator 24,New Fairfield,Julie Kushner,WF,108,2.27%
State Senator 24,New Fairfield,Michelle Coelho,IND,67,1.41%
State Senator 30,New Fairfield,Justin Potter,D,1374,42.33%
State Senator 30,New Fairfield,Stephen G. Harding,R,1829,56.35%
State Senator 30,New Fairfield,Stephen G. Harding,IND,43,1.32%
State Representative 108,New Fairfield,Anne Weisberg,D,2881,36.08%
State Representative 108,New Fairfield,Patrick Callahan,R,4963,62.16%
State Representative 108,New Fairfield,Anne Weisberg,WF,140,1.75%
Registrar of Voters,New Fairfield,Elisa Beckett-Flores,D,3352,42.31%
Registrar of Voters,New Fairfield,Daniel McDermott,R,4570,57.69%
Presidential Electors for,New Hartford,Harris and Walz,D,2046,46.01%
Presidential Electors for,New Hartford,Trump and Vance,R,2325,52.28%
Presidential Electors for,New Hartford,Stein and Ware,G,21,0.47%
Presidential Electors for,New Hartford,Oliver and ter Maat,LI,21,0.47%
Presidential Electors for,New Hartford,"Kennedy, Jr. and Shanahan",PC,32,0.72%
Presidential Electors for,New Hartford,De la Cruz and Garcia,WI,2,0.04%
Presidential Electors for,New Hartford,Fox and McVay,WI,0,0.00%
Presidential Electors for,New Hartford,McNeil and McNeil,WI,0,0.00%
Presidential Electors for,New Hartford,Potus and Kennedy,WI,0,0.00%
Presidential Electors for,New Hartford,Ayyadurai and Ellis,WI,0,0.00%
Presidential Electors for,New Hartford,Sonski and Onak,WI,0,0.00%
Presidential Electors for,New Hartford,West and Abdullah,WI,0,0.00%
United States Senator,New Hartford,Christopher S. Murphy,D,1969,44.71%
United States Senator,New Hartford,Matthew M. Corey,R,2268,51.50%
United States Senator,New Hartford,Christopher S. Murphy,WF,97,2.20%
United States Senator,New Hartford,Justin C. Paglino,G,32,0.73%
United States Senator,New Hartford,Robert Finley Hyde,CGG,38,0.86%
United States Senator,New Hartford,John Flynn,WI,0,0.00%
Representative in Congress 1,New Hartford,John B. Larson,D,1962,44.97%
Representative in Congress 1,New Hartford,Jim Griffin,R,2243,51.41%
Representative in Congress 1,New Hartford,John B. Larson,WF,103,2.36%
Representative in Congress 1,New Hartford,Mary L. Sanders,G,55,1.26%
State Senator 8,New Hartford,Paul Honig,D,1841,42.02%
State Senator 8,New Hartford,Lisa Seminara,R,2391,54.58%
State Senator 8,New Hartford,Paul Honig,WF,86,1.96%
State Senator 8,New Hartford,Lisa Seminara,IND,63,1.44%
State Representative 62,New Hartford,Kim Becker,D,1818,41.62%
State Representative 62,New Hartford,Mark W. Anderson,R,2418,55.36%
State Representative 62,New Hartford,Kim Becker,WF,68,1.56%
State Representative 62,New Hartford,Mark W. Anderson,IND,64,1.47%
Registrar of Voters,New Hartford,Saquana Seltzer,D,1858,43.27%
Registrar of Voters,New Hartford,Catherine Farmer-McCann,R,2436,56.73%
Presidential Electors for,New Haven,Harris and Walz,D,30662,80.38%
Presidential Electors for,New Haven,Trump and Vance,R,6626,17.37%
Presidential Electors for,New Haven,Stein and Ware,G,578,1.52%
Presidential Electors for,New Haven,Oliver and ter Maat,LI,75,0.20%
Presidential Electors for,New Haven,"Kennedy, Jr. and Shanahan",PC,106,0.28%
Presidential Electors for,New Haven,De la Cruz and Garcia,WI,67,0.18%
Presidential Electors for,New Haven,Fox and McVay,WI,0,0.00%
Presidential Electors for,New Haven,McNeil and McNeil,WI,0,0.00%
Presidential Electors for,New Haven,Potus and Kennedy,WI,0,0.00%
Presidential Electors for,New Haven,Ayyadurai and Ellis,WI,0,0.00%
Presidential Electors for,New Haven,Sonski and Onak,WI,11,0.03%
Presidential Electors for,New Haven,West and Abdullah,WI,20,0.05%
United States Senator,New Haven,Christopher S. Murphy,D,28678,77.47%
United States Senator,New Haven,Matthew M. Corey,R,5785,15.63%
United States Senator,New Haven,Christopher S. Murphy,WF,1564,4.23%
United States Senator,New Haven,Justin C. Paglino,G,711,1.92%
United States Senator,New Haven,Robert Finley Hyde,CGG,278,0.75%
United States Senator,New Haven,John Flynn,WI,0,0.00%
Representative in Congress 3,New Haven,Rosa L. DeLauro,D,30720,83.59%
Representative in Congress 3,New Haven,Michael Massey,R,5472,14.89%
Representative in Congress 3,New Haven,Michael Massey,IND,466,1.27%
Representative in Congress 3,New Haven,Leo Almoney,WI,0,0.00%
Representative in Congress 3,New Haven,Omar Scott Antar,WI,0,0.00%
Representative in Congress 3,New Haven,Shahd Omar,WI,93,0.25%
State Senator 10,New Haven,Gary Winfield,D,14633,82.68%
State Senator 10,New Haven,Nyrell Moore,R,2077,11.74%
State Senator 10,New Haven,Gary Winfield,WF,782,4.42%
State Senator 10,New Haven,Nyrell Moore,IND,207,1.17%
State Senator 11,New Haven,Martin M. Looney,D,14506,80.44%
State Senator 11,New Haven,Steven Orosco,R,3527,19.56%
State Representative 92,New Haven,Patricia A. Dillon,D,6844,89.05%
State Representative 92,New Haven,Morris Sumpter,R,842,10.95%
State Representative 93,New Haven,Toni E. Walker,D,4760,100.00%
State Representative 94,New Haven,Steven B. Winter,D,3184,100.00%
State Representative 95,New Haven,Juan Candelaria,D,3454,100.00%
State Representative 96,New Haven,Roland J. Lemar,D,6560,86.02%
State Representative 96,New Haven,Andrea DiLieto Zola,R,956,12.54%
State Representative 96,New Haven,Andrea DiLieto Zola,IND,110,1.44%
State Representative 97,New Haven,Alphonse Paolillo Jr.,D,5610,74.24%
State Representative 97,New Haven,Anthony Acri,R,1947,25.76%
Registrar of Voters,New Haven,Shannel Evans,D,28305,80.13%
Registrar of Voters,New Haven,Lisa Milone,R,5831,16.51%
Registrar of Voters,New Haven,Paul A. Garlinghouse,G,1189,3.37%
Presidential Electors for,Newington,Harris and Walz,D,9253,55.02%
Presidential Electors for,Newington,Trump and Vance,R,7258,43.15%
Presidential Electors for,Newington,Stein and Ware,G,172,1.02%
Presidential Electors for,Newington,Oliver and ter Maat,LI,57,0.34%
Presidential Electors for,Newington,"Kennedy, Jr. and Shanahan",PC,79,0.47%
Presidential Electors for,Newington,De la Cruz and Garcia,WI,0,0.00%
Presidential Electors for,Newington,Fox and McVay,WI,0,0.00%
Presidential Electors for,Newington,McNeil and McNeil,WI,0,0.00%
Presidential Electors for,Newington,Potus and Kennedy,WI,0,0.00%
Presidential Electors for,Newington,Ayyadurai and Ellis,WI,0,0.00%
Presidential Electors for,Newington,Sonski and Onak,WI,0,0.00%
Presidential Electors for,Newington,West and Abdullah,WI,0,0.00%
United States Senator,Newington,Christopher S. Murphy,D,8969,55.14%
United States Senator,Newington,Matthew M. Corey,R,6519,40.08%
United States Senator,Newington,Christopher S. Murphy,WF,487,2.99%
United States Senator,Newington,Justin C. Paglino,G,143,0.88%
United States Senator,Newington,Robert Finley Hyde,CGG,147,0.90%
United States Senator,Newington,John Flynn,WI,0,0.00%
Representative in Congress 1,Newington,John B. Larson,D,8924,56.00%
Representative in Congress 1,Newington,Jim Griffin,R,6138,38.51%
Representative in Congress 1,Newington,John B. Larson,WF,525,3.29%
Representative in Congress 1,Newington,Mary L. Sanders,G,350,2.20%
State Senator 9,Newington,Matthew Lesser,D,9587,81.38%
State Senator 9,Newington,Matthew Lesser,WF,1382,11.73%
State Senator 9,Newington,Matthew Lesser,IND,812,6.89%
State Representative 20,Newington,Kate Farrar,D,2776,82.74%
State Representative 20,Newington,Kate Farrar,WF,579,17.26%
State Representative 27,Newington,Gary Turco,D,6883,76.87%
State Representative 27,Newington,Gary Turco,WF,1067,11.92%
State Representative 27,Newington,Stephen P. Ellis,PC,1004,11.21%
Presidential Electors for,New London,Harris and Walz,D,6248,70.64%
Presidential Electors for,New London,Trump and Vance,R,2420,27.36%
Presidential Electors for,New London,Stein and Ware,G,104,1.18%
Presidential Electors for,New London,Oliver and ter Maat,LI,24,0.27%
Presidential Electors for,New London,"Kennedy, Jr. and Shanahan",PC,49,0.55%
Presidential Electors for,New London,De la Cruz and Garcia,WI,0,0.00%
Presidential Electors for,New London,Fox and McVay,WI,0,0.00%
Presidential Electors for,New London,McNeil and McNeil,WI,0,0.00%
Presidential Electors for,New London,Potus and Kennedy,WI,0,0.00%
Presidential Electors for,New London,Ayyadurai and Ellis,WI,0,0.00%
Presidential Electors for,New London,Sonski and Onak,WI,0,0.00%
Presidential Electors for,New London,West and Abdullah,WI,0,0.00%
United States Senator,New London,Christopher S. Murphy,D,5808,69.52%
United States Senator,New London,Matthew M. Corey,R,1900,22.74%
United States Senator,New London,Christopher S. Murphy,WF,382,4.57%
United States Senator,New London,Justin C. Paglino,G,154,1.84%
United States Senator,New London,Robert Finley Hyde,CGG,110,1.32%
United States Senator,New London,John Flynn,WI,0,0.00%
Representative in Congress 2,New London,Joe Courtney,D,6342,76.99%
Representative in Congress 2,New London,Mike France,R,1895,23.01%
Representative in Congress 2,New London,"Kenneth Kusmierski, Jr.",WI,0,0.00%
Representative in Congress 2,New London,Jeffery Russell,WI,0,0.00%
State Senator 20,New London,Martha Marx,D,5427,65.89%
State Senator 20,New London,Shaun Mastroianni,R,2229,27.06%
State Senator 20,New London,Martha Marx,WF,383,4.65%
State Senator 20,New London,Shaun Mastroianni,IND,197,2.39%
State Representative 39,New London,Anthony Nolan,D,4803,73.02%
State Representative 39,New London,Beloved Grace Carter,R,1273,19.35%
State Representative 39,New London,Anthony Nolan,WF,502,7.63%
State Representative 40,New London,Christine Conley,D,1234,69.72%
State Representative 40,New London,Susan Deane-Shinbrot,R,455,25.71%
State Representative 40,New London,Christine Conley,WF,45,2.54%
State Representative 40,New London,Christine Conley,IND,36,2.03%
Presidential Electors for,New Milford,Harris and Walz,D,6196,45.69%
Presidential Electors for,New Milford,Trump and Vance,R,7170,52.88%
Presidential Electors for,New Milford,Stein and Ware,G,75,0.55%
Presidential Electors for,New Milford,Oliver and ter Maat,LI,47,0.35%
Presidential Electors for,New Milford,"Kennedy, Jr. and Shanahan",PC,72,0.53%
Presidential Electors for,New Milford,De la Cruz and Garcia,WI,0,0.00%
Presidential Electors for,New Milford,Fox and McVay,WI,0,0.00%
Presidential Electors for,New Milford,McNeil and McNeil,WI,0,0.00%
Presidential Electors for,New Milford,Potus and Kennedy,WI,0,0.00%
Presidential Electors for,New Milford,Ayyadurai and Ellis,WI,0,0.00%
Presidential Electors for,New Milford,Sonski and Onak,WI,0,0.00%
Presidential Electors for,New Milford,West and Abdullah,WI,0,0.00%
United States Senator,New Milford,Christopher S. Murphy,D,6072,45.80%
United States Senator,New Milford,Matthew M. Corey,R,6534,49.29%
United States Senator,New Milford,Christopher S. Murphy,WF,432,3.26%
United States Senator,New Milford,Justin C. Paglino,G,91,0.69%
United States Senator,New Milford,Robert Finley Hyde,CGG,128,0.97%
United States Senator,New Milford,John Flynn,WI,0,0.00%
Representative in Congress 5,New Milford,Jahana Hayes,D,5940,44.75%
Representative in Congress 5,New Milford,George Logan,R,6963,52.45%
Representative in Congress 5,New Milford,Jahana Hayes,WF,372,2.80%
Representative in Congress 5,New Milford,Ahmad AJ Darwish,WI,0,0.00%
Representative in Congress 5,New Milford,Bertram Ferguson,WI,0,0.00%
State Senator 30,New Milford,Justin Potter,D,5577,42.61%
State Senator 30,New Milford,Stephen G. Harding,R,7204,55.04%
State Senator 30,New Milford,Stephen G. Harding,IND,308,2.35%
State Representative 67,New Milford,Alexandra Thomas,D,4033,36.26%
State Representative 67,New Milford,William Buckbee,R,6673,59.99%
State Representative 67,New Milford,William Buckbee,IND,417,3.75%
State Representative 69,New Milford,Ed Edelson,D,639,44.87%
State Representative 69,New Milford,Jason Buchsbaum,R,785,55.13%
State Representative 108,New Milford,Anne Weisberg,D,229,36.18%
State Representative 108,New Milford,Patrick Callahan,R,390,61.61%
State Representative 108,New Milford,Anne Weisberg,WF,14,2.21%
Presidential Electors for,Newtown,Harris and Walz,D,9316,53.92%
Presidential Electors for,Newtown,Trump and Vance,R,7624,44.13%
Presidential Electors for,Newtown,Stein and Ware,G,142,0.82%
Presidential Electors for,Newtown,Oliver and ter Maat,LI,82,0.47%
Presidential Electors for,Newtown,"Kennedy, Jr. and Shanahan",PC,101,0.58%
Presidential Electors for,Newtown,De la Cruz and Garcia,WI,6,0.03%
Presidential Electors for,Newtown,Fox and McVay,WI,0,0.00%
Presidential Electors for,Newtown,McNeil and McNeil,WI,0,0.00%
Presidential Electors for,Newtown,Potus and Kennedy,WI,1,0.01%
Presidential Electors for,Newtown,Ayyadurai and Ellis,WI,0,0.00%
Presidential Electors for,Newtown,Sonski and Onak,WI,6,0.03%
Presidential Electors for,Newtown,West and Abdullah,WI,0,0.00%
United States Senator,Newtown,Christopher S. Murphy,D,9094,53.48%
United States Senator,Newtown,Matthew M. Corey,R,7332,43.11%
United States Senator,Newtown,Christopher S. Murphy,WF,374,2.20%
United States Senator,Newtown,Justin C. Paglino,G,106,0.62%
United States Senator,Newtown,Robert Finley Hyde,CGG,100,0.59%
United States Senator,Newtown,John Flynn,WI,0,0.00%
Representative in Congress 5,Newtown,Jahana Hayes,D,8739,51.35%
Representative in Congress 5,Newtown,George Logan,R,7908,46.47%
Representative in Congress 5,Newtown,Jahana Hayes,WF,366,2.15%
Representative in Congress 5,Newtown,Ahmad AJ Darwish,WI,4,0.02%
Representative in Congress 5,Newtown,Bertram Ferguson,WI,0,0.00%
State Senator 28,Newtown,Rob Blanchard,D,7481,44.20%
State Senator 28,Newtown,Tony Hwang,R,9032,53.37%
State Senator 28,Newtown,Tony Hwang,IND,411,2.43%
State Representative 106,Newtown,Michelle Embree Ku,D,7257,46.34%
State Representative 106,Newtown,Mitch Bolinsky,R,8127,51.89%
State Representative 106,Newtown,Michelle Embree Ku,IND,278,1.77%
State Representative 107,Newtown,Aaron Zimmer,D,586,47.45%
State Representative 107,Newtown,Martin J. Foncello,R,611,49.47%
State Representative 107,Newtown,Aaron Zimmer,WF,19,1.54%
State Representative 107,Newtown,Aaron Zimmer,IND,19,1.54%
Registrar of Voters,Newtown,LeReine Frampton,D,8429,50.73%
Registrar of Voters,Newtown,Erica Canfield,R,8187,49.27%
Presidential Electors for,Norfolk,Harris and Walz,D,642,61.91%
Presidential Electors for,Norfolk,Trump and Vance,R,375,36.16%
Presidential Electors for,Norfolk,Stein and Ware,G,11,1.06%
Presidential Electors for,Norfolk,Oliver and ter Maat,LI,5,0.48%
Presidential Electors for,Norfolk,"Kennedy, Jr. and Shanahan",PC,4,0.39%
Presidential Electors for,Norfolk,De la Cruz and Garcia,WI,0,0.00%
Presidential Electors for,Norfolk,Fox and McVay,WI,0,0.00%
Presidential Electors for,Norfolk,McNeil and McNeil,WI,0,0.00%
Presidential Electors for,Norfolk,Potus and Kennedy,WI,0,0.00%
Presidential Electors for,Norfolk,Ayyadurai and Ellis,WI,0,0.00%
Presidential Electors for,Norfolk,Sonski and Onak,WI,0,0.00%
Presidential Electors for,Norfolk,West and Abdullah,WI,0,0.00%
United States Senator,Norfolk,Christopher S. Murphy,D,623,61.32%
United States Senator,Norfolk,Matthew M. Corey,R,346,34.06%
United States Senator,Norfolk,Christopher S. Murphy,WF,25,2.46%
United States Senator,Norfolk,Justin C. Paglino,G,10,0.98%
United States Senator,Norfolk,Robert Finley Hyde,CGG,12,1.18%
United States Senator,Norfolk,John Flynn,WI,0,0.00%
Representative in Congress 5,Norfolk,Jahana Hayes,D,620,61.39%
Representative in Congress 5,Norfolk,George Logan,R,364,36.04%
Representative in Congress 5,Norfolk,Jahana Hayes,WF,26,2.57%
Representative in Congress 5,Norfolk,Ahmad AJ Darwish,WI,0,0.00%
Representative in Congress 5,Norfolk,Bertram Ferguson,WI,0,0.00%
State Senator 8,Norfolk,Paul Honig,D,579,58.37%
State Senator 8,Norfolk,Lisa Seminara,R,378,38.10%
State Senator 8,Norfolk,Paul Honig,WF,23,2.32%
State Senator 8,Norfolk,Lisa Seminara,IND,12,1.21%
State Representative 64,Norfolk,Maria Horn,D,614,62.46%
State Representative 64,Norfolk,Barbara L. Breor,R,333,33.88%
State Representative 64,Norfolk,Maria Horn,WF,26,2.64%
State Representative 64,Norfolk,Maria Horn,IND,10,1.02%
Registrar of Voters,Norfolk,Danese Perron,D,681,100.00%
Presidential Electors for,North Branford,Harris and Walz,D,3452,40.72%
Presidential Electors for,North Branford,Trump and Vance,R,4921,58.05%
Presidential Electors for,North Branford,Stein and Ware,G,34,0.40%
Presidential Electors for,North Branford,Oliver and ter Maat,LI,31,0.37%
Presidential Electors for,North Branford,"Kennedy, Jr. and Shanahan",PC,39,0.46%
Presidential Electors for,North Branford,De la Cruz and Garcia,WI,0,0.00%
Presidential Electors for,North Branford,Fox and McVay,WI,0,0.00%
Presidential Electors for,North Branford,McNeil and McNeil,WI,0,0.00%
Presidential Electors for,North Branford,Potus and Kennedy,WI,0,0.00%
Presidential Electors for,North Branford,Ayyadurai and Ellis,WI,0,0.00%
Presidential Electors for,North Branford,Sonski and Onak,WI,0,0.00%
Presidential Electors for,North Branford,West and Abdullah,WI,0,0.00%
United States Senator,North Branford,Christopher S. Murphy,D,3335,40.73%
United States Senator,North Branford,Matthew M. Corey,R,4500,54.95%
United States Senator,North Branford,Christopher S. Murphy,WF,243,2.97%
United States Senator,North Branford,Justin C. Paglino,G,40,0.49%
United States Senator,North Branford,Robert Finley Hyde,CGG,71,0.87%
United States Senator,North Branford,John Flynn,WI,0,0.00%
Representative in Congress 3,North Branford,Rosa L. DeLauro,D,3475,42.47%
Representative in Congress 3,North Branford,Michael Massey,R,4595,56.15%
Representative in Congress 3,North Branford,Michael Massey,IND,113,1.38%
Representative in Congress 3,North Branford,Leo Almoney,WI,0,0.00%
Representative in Congress 3,North Branford,Omar Scott Antar,WI,0,0.00%
Representative in Congress 3,North Branford,Shahd Omar,WI,0,0.00%
State Senator 12,North Branford,Christine Cohen,D,2514,38.60%
State Senator 12,North Branford,Paul Crisci,R,3797,58.30%
State Senator 12,North Branford,Christine Cohen,WF,113,1.73%
State Senator 12,North Branford,Christine Cohen,IND,89,1.37%
State Senator 34,North Branford,Brandi Mandato,D,543,33.68%
State Senator 34,North Branford,Paul Cicarella,R,1001,62.10%
State Senator 34,North Branford,Brandi Mandato,WF,29,1.80%
State Senator 34,North Branford,Paul Cicarella,IND,29,1.80%
State Senator 34,North Branford,David A. Bedell,G,10,0.62%
State Representative 86,North Branford,Vincent J. Candelora,R,6327,100.00%
Registrar of Voters,North Branford,Marlene K. Esposito,D,3170,40.05%
Registrar of Voters,North Branford,Lisa Dostie Fitch,R,4746,59.95%
Presidential Electors for,North Canaan,Harris and Walz,D,667,47.47%
Presidential Electors for,North Canaan,Trump and Vance,R,725,51.60%
Presidential Electors for,North Canaan,Stein and Ware,G,4,0.28%
Presidential Electors for,North Canaan,Oliver and ter Maat,LI,0,0.00%
Presidential Electors for,North Canaan,"Kennedy, Jr. and Shanahan",PC,9,0.64%
Presidential Electors for,North Canaan,De la Cruz and Garcia,WI,0,0.00%
Presidential Electors for,North Canaan,Fox and McVay,WI,0,0.00%
Presidential Electors for,North Canaan,McNeil and McNeil,WI,0,0.00%
Presidential Electors for,North Canaan,Potus and Kennedy,WI,0,0.00%
Presidential Electors for,North Canaan,Ayyadurai and Ellis,WI,0,0.00%
Presidential Electors for,North Canaan,Sonski and Onak,WI,0,0.00%
Presidential Electors for,North Canaan,West and Abdullah,WI,0,0.00%
United States Senator,North Canaan,Christopher S. Murphy,D,706,50.25%
United States Senator,North Canaan,Matthew M. Corey,R,642,45.69%
United States Senator,North Canaan,Christopher S. Murphy,WF,42,2.99%
United States Senator,North Canaan,Justin C. Paglino,G,6,0.43%
United States Senator,North Canaan,Robert Finley Hyde,CGG,9,0.64%
United States Senator,North Canaan,John Flynn,WI,0,0.00%
Representative in Congress 5,North Canaan,Jahana Hayes,D,686,49.18%
Representative in Congress 5,North Canaan,George Logan,R,675,48.39%
Representative in Congress 5,North Canaan,Jahana Hayes,WF,34,2.44%
Representative in Congress 5,North Canaan,Ahmad AJ Darwish,WI,0,0.00%
Representative in Congress 5,North Canaan,Bertram Ferguson,WI,0,0.00%
State Senator 30,North Canaan,Justin Potter,D,624,46.39%
State Senator 30,North Canaan,Stephen G. Harding,R,700,52.04%
State Senator 30,North Canaan,Stephen G. Harding,IND,21,1.56%
State Representative 64,North Canaan,Maria Horn,D,679,50.33%
State Representative 64,North Canaan,Barbara L. Breor,R,664,49.22%
State Representative 64,North Canaan,Maria Horn,WF,3,0.22%
State Representative 64,North Canaan,Maria Horn,IND,3,0.22%
Registrar of Voters,North Canaan,Patricia Keilty,D,568,43.00%
Registrar of Voters,North Canaan,Rosemary Keilty,R,753,57.00%
Presidential Electors for,North Haven,Harris and Walz,D,6819,45.48%
Presidential Electors for,North Haven,Trump and Vance,R,7977,53.20%
Presidential Electors for,North Haven,Stein and Ware,G,104,0.69%
Presidential Electors for,North Haven,Oliver and ter Maat,LI,28,0.19%
Presidential Electors for,North Haven,"Kennedy, Jr. and Shanahan",PC,58,0.39%
Presidential Electors for,North Haven,De la Cruz and Garcia,WI,3,0.02%
Presidential Electors for,North Haven,Fox and McVay,WI,0,0.00%
Presidential Electors for,North Haven,McNeil and McNeil,WI,0,0.00%
Presidential Electors for,North Haven,Potus and Kennedy,WI,0,0.00%
Presidential Electors for,North Haven,Ayyadurai and Ellis,WI,1,0.01%
Presidential Electors for,North Haven,Sonski and Onak,WI,3,0.02%
Presidential Electors for,North Haven,West and Abdullah,WI,1,0.01%
United States Senator,North Haven,Christopher S. Murphy,D,6804,46.85%
United States Senator,North Haven,Matthew M. Corey,R,7128,49.08%
United States Senator,North Haven,Christopher S. Murphy,WF,388,2.67%
United States Senator,North Haven,Justin C. Paglino,G,103,0.71%
United States Senator,North Haven,Robert Finley Hyde,CGG,99,0.68%
United States Senator,North Haven,John Flynn,WI,0,0.00%
Representative in Congress 3,North Haven,Rosa L. DeLauro,D,6915,47.89%
Representative in Congress 3,North Haven,Michael Massey,R,7349,50.90%
Representative in Congress 3,North Haven,Michael Massey,IND,173,1.20%
Representative in Congress 3,North Haven,Leo Almoney,WI,0,0.00%
Representative in Congress 3,North Haven,Omar Scott Antar,WI,0,0.00%
Representative in Congress 3,North Haven,Shahd Omar,WI,2,0.01%
State Senator 34,North Haven,Brandi Mandato,D,5625,38.89%
State Senator 34,North Haven,Paul Cicarella,R,8179,56.54%
State Senator 34,North Haven,Brandi Mandato,WF,251,1.74%
State Senator 34,North Haven,Paul Cicarella,IND,269,1.86%
State Senator 34,North Haven,David A. Bedell,G,141,0.97%
State Representative 87,North Haven,Kieran Ahern,D,4251,29.31%
State Representative 87,North Haven,David W. Yaccarino,R,10058,69.34%
State Representative 87,North Haven,Kieran Ahern,WF,197,1.36%
Registrar of Voters,North Haven,James Carew,D,5761,40.86%
Registrar of Voters,North Haven,Jennifer Massini Vanacore,R,8337,59.14%
Presidential Electors for,North Stonington,Harris and Walz,D,1560,47.46%
Presidential Electors for,North Stonington,Trump and Vance,R,1661,50.53%
Presidential Electors for,North Stonington,Stein and Ware,G,23,0.70%
Presidential Electors for,North Stonington,Oliver and ter Maat,LI,20,0.61%
Presidential Electors for,North Stonington,"Kennedy, Jr. and Shanahan",PC,23,0.70%
Presidential Electors for,North Stonington,De la Cruz and Garcia,WI,0,0.00%
Presidential Electors for,North Stonington,Fox and McVay,WI,0,0.00%
Presidential Electors for,North Stonington,McNeil and McNeil,WI,0,0.00%
Presidential Electors for,North Stonington,Potus and Kennedy,WI,0,0.00%
Presidential Electors for,North Stonington,Ayyadurai and Ellis,WI,0,0.00%
Presidential Electors for,North Stonington,Sonski and Onak,WI,0,0.00%
Presidential Electors for,North Stonington,West and Abdullah,WI,0,0.00%
United States Senator,North Stonington,Christopher S. Murphy,D,1530,47.93%
United States Senator,North Stonington,Matthew M. Corey,R,1519,47.59%
United States Senator,North Stonington,Christopher S. Murphy,WF,94,2.94%
United States Senator,North Stonington,Justin C. Paglino,G,28,0.88%
United States Senator,North Stonington,Robert Finley Hyde,CGG,21,0.66%
United States Senator,North Stonington,John Flynn,WI,0,0.00%
Representative in Congress 2,North Stonington,Joe Courtney,D,1693,53.09%
Representative in Congress 2,North Stonington,Mike France,R,1496,46.91%
Representative in Congress 2,North Stonington,"Kenneth Kusmierski, Jr.",WI,0,0.00%
Representative in Congress 2,North Stonington,Jeffery Russell,WI,0,0.00%
State Senator 18,North Stonington,Andrew M. Parrella,D,1104,35.06%
State Senator 18,North Stonington,Heather Somers,R,1959,62.21%
State Senator 18,North Stonington,Heather Somers,IND,86,2.73%
State Representative 43,North Stonington,Ty Lamb,D,1111,35.19%
State Representative 43,North Stonington,Greg Howard,R,2046,64.81%
Registrar of Voters,North Stonington,Connie Berardi,D,1313,42.04%
Registrar of Voters,North Stonington,Emily Lewis,R,1810,57.96%
Presidential Electors for,Norwalk,Harris and Walz,D,26526,63.59%
Presidential Electors for,Norwalk,Trump and Vance,R,14586,34.97%
Presidential Electors for,Norwalk,Stein and Ware,G,298,0.71%
Presidential Electors for,Norwalk,Oliver and ter Maat,LI,124,0.30%
Presidential Electors for,Norwalk,"Kennedy, Jr. and Shanahan",PC,179,0.43%
Presidential Electors for,Norwalk,De la Cruz and Garcia,WI,1,0.00%
Presidential Electors for,Norwalk,Fox and McVay,WI,0,0.00%
Presidential Electors for,Norwalk,McNeil and McNeil,WI,0,0.00%
Presidential Electors for,Norwalk,Potus and Kennedy,WI,0,0.00%
Presidential Electors for,Norwalk,Ayyadurai and Ellis,WI,0,0.00%
Presidential Electors for,Norwalk,Sonski and Onak,WI,0,0.00%
Presidential Electors for,Norwalk,West and Abdullah,WI,0,0.00%
United States Senator,Norwalk,Christopher S. Murphy,D,25386,62.84%
United States Senator,Norwalk,Matthew M. Corey,R,13103,32.44%
United States Senator,Norwalk,Christopher S. Murphy,WF,1224,3.03%
United States Senator,Norwalk,Justin C. Paglino,G,343,0.85%
United States Senator,Norwalk,Robert Finley Hyde,CGG,341,0.84%
United States Senator,Norwalk,John Flynn,WI,0,0.00%
Representative in Congress 4,Norwalk,Jim Himes,D,26191,65.02%
Representative in Congress 4,Norwalk,Michael Goldstein,R,13306,33.03%
Representative in Congress 4,Norwalk,Benjamin Wesley,IND,782,1.94%
State Senator 25,Norwalk,Bob Duff,D,25393,62.96%
State Senator 25,Norwalk,Martin Tagliaferro,R,13466,33.39%
State Senator 25,Norwalk,Bob Duff,WF,1473,3.65%
State Representative 137,Norwalk,Kadeem Roberts,D,5733,63.18%
State Representative 137,Norwalk,Pietro Rotondo,R,3008,33.15%
State Representative 137,Norwalk,Kadeem Roberts,WF,333,3.67%
State Representative 140,Norwalk,Travis Simms,D,4721,70.40%
State Representative 140,Norwalk,Enrique Santiago,R,1715,25.57%
State Representative 140,Norwalk,Travis Simms,WF,270,4.03%
State Representative 141,Norwalk,Sheila Quinn,D,986,54.33%
State Representative 141,Norwalk,Tracy Marra,R,789,43.47%
State Representative 141,Norwalk,Tracy Marra,IND,40,2.20%
State Representative 142,Norwalk,Lucy Dathan,D,7345,88.00%
State Representative 142,Norwalk,Lucy Dathan,WF,1002,12.00%
State Representative 143,Norwalk,Dominique Johnson,D,6073,56.24%
State Representative 143,Norwalk,Peter Bang,R,4310,39.91%
State Representative 143,Norwalk,Dominique Johnson,WF,250,2.32%
State Representative 143,Norwalk,Dominique Johnson,IND,166,1.54%
Registrar of Voters,Norwalk,Stuart W. Wells III,D,23468,59.67%
Registrar of Voters,Norwalk,Diana Paladino Christopher,R,13992,35.57%
Registrar of Voters,Norwalk,Katherine Price Snedaker,IND,1872,4.76%
Presidential Electors for,Norwich,Harris and Walz,D,8617,57.75%
Presidential Electors for,Norwich,Trump and Vance,R,6051,40.56%
Presidential Electors for,Norwich,Stein and Ware,G,107,0.72%
Presidential Electors for,Norwich,Oliver and ter Maat,LI,58,0.39%
Presidential Electors for,Norwich,"Kennedy, Jr. and Shanahan",PC,87,0.58%
Presidential Electors for,Norwich,De la Cruz and Garcia,WI,0,0.00%
Presidential Electors for,Norwich,Fox and McVay,WI,0,0.00%
Presidential Electors for,Norwich,McNeil and McNeil,WI,0,0.00%
Presidential Electors for,Norwich,Potus and Kennedy,WI,0,0.00%
Presidential Electors for,Norwich,Ayyadurai and Ellis,WI,0,0.00%
Presidential Electors for,Norwich,Sonski and Onak,WI,0,0.00%
Presidential Electors for,Norwich,West and Abdullah,WI,0,0.00%
United States Senator,Norwich,Christopher S. Murphy,D,8229,57.47%
United States Senator,Norwich,Matthew M. Corey,R,5112,35.70%
United States Senator,Norwich,Christopher S. Murphy,WF,558,3.90%
United States Senator,Norwich,Justin C. Paglino,G,180,1.26%
United States Senator,Norwich,Robert Finley Hyde,CGG,240,1.68%
United States Senator,Norwich,John Flynn,WI,0,0.00%
Representative in Congress 2,Norwich,Joe Courtney,D,9320,65.40%
Representative in Congress 2,Norwich,Mike France,R,4930,34.60%
Representative in Congress 2,Norwich,"Kenneth Kusmierski, Jr.",WI,0,0.00%
Representative in Congress 2,Norwich,Jeffery Russell,WI,0,0.00%
State Senator 19,Norwich,Catherine A. Osten,D,8413,58.82%
State Senator 19,Norwich,Jason Guidone,R,5053,35.33%
State Senator 19,Norwich,Catherine A. Osten,WF,546,3.82%
State Senator 19,Norwich,Catherine A. Osten,IND,290,2.03%
State Representative 46,Norwich,Derell Wilson,D,4468,60.86%
State Representative 46,Norwich,Nicholas Casiano,R,2509,34.17%
State Representative 46,Norwich,Derell Wilson,WF,365,4.97%
State Representative 47,Norwich,Aaron Spruance,D,695,45.94%
State Representative 47,Norwich,Doug Dubitsky,R,818,54.06%
State Representative 139,Norwich,Kevin Ryan,D,2819,53.27%
State Representative 139,Norwich,Mark Adams,R,2252,42.55%
State Representative 139,Norwich,Kevin Ryan,WF,156,2.95%
State Representative 139,Norwich,Kevin Ryan,IND,65,1.23%
Registrar of Voters,Norwich,JoAnn Merolla-Martin,D,7966,57.43%
Registrar of Voters,Norwich,Dianne M. Slopak,R,5904,42.57%
Presidential Electors for,Old Lyme,Harris and Walz,D,3107,58.28%
Presidential Electors for,Old Lyme,Trump and Vance,R,2127,39.90%
Presidential Electors for,Old Lyme,Stein and Ware,G,42,0.79%
Presidential Electors for,Old Lyme,Oliver and ter Maat,LI,26,0.49%
Presidential Electors for,Old Lyme,"Kennedy, Jr. and Shanahan",PC,29,0.54%
Presidential Electors for,Old Lyme,De la Cruz and Garcia,WI,0,0.00%
Presidential Electors for,Old Lyme,Fox and McVay,WI,0,0.00%
Presidential Electors for,Old Lyme,McNeil and McNeil,WI,0,0.00%
Presidential Electors for,Old Lyme,Potus and Kennedy,WI,0,0.00%
Presidential Electors for,Old Lyme,Ayyadurai and Ellis,WI,0,0.00%
Presidential Electors for,Old Lyme,Sonski and Onak,WI,0,0.00%
Presidential Electors for,Old Lyme,West and Abdullah,WI,0,0.00%
United States Senator,Old Lyme,Christopher S. Murphy,D,3029,58.15%
United States Senator,Old Lyme,Matthew M. Corey,R,2026,38.89%
United States Senator,Old Lyme,Christopher S. Murphy,WF,97,1.86%
United States Senator,Old Lyme,Justin C. Paglino,G,25,0.48%
United States Senator,Old Lyme,Robert Finley Hyde,CGG,32,0.61%
United States Senator,Old Lyme,John Flynn,WI,0,0.00%
Representative in Congress 2,Old Lyme,Joe Courtney,D,3269,62.05%
Representative in Congress 2,Old Lyme,Mike France,R,1999,37.95%
Representative in Congress 2,Old Lyme,"Kenneth Kusmierski, Jr.",WI,0,0.00%
Representative in Congress 2,Old Lyme,Jeffery Russell,WI,0,0.00%
State Senator 20,Old Lyme,Martha Marx,D,2786,53.50%
State Senator 20,Old Lyme,Shaun Mastroianni,R,2266,43.52%
State Senator 20,Old Lyme,Martha Marx,WF,86,1.65%
State Senator 20,Old Lyme,Shaun Mastroianni,IND,69,1.33%
State Representative 23,Old Lyme,Jane Wisialowski,D,2464,46.97%
State Representative 23,Old Lyme,Devin R Carney,R,2614,49.83%
State Representative 23,Old Lyme,Jane Wisialowski,WF,76,1.45%
State Representative 23,Old Lyme,Devin R Carney,IND,92,1.75%
Registrar of Voters,Old Lyme,Jennifer Datum,D,2882,56.09%
Registrar of Voters,Old Lyme,Catherine Carter,R,2256,43.91%
Presidential Electors for,Old Saybrook,Harris and Walz,D,4150,58.07%
Presidential Electors for,Old Saybrook,Trump and Vance,R,2921,40.87%
Presidential Electors for,Old Saybrook,Stein and Ware,G,17,0.24%
Presidential Electors for,Old Saybrook,Oliver and ter Maat,LI,30,0.42%
Presidential Electors for,Old Saybrook,"Kennedy, Jr. and Shanahan",PC,28,0.39%
Presidential Electors for,Old Saybrook,De la Cruz and Garcia,WI,0,0.00%
Presidential Electors for,Old Saybrook,Fox and McVay,WI,0,0.00%
Presidential Electors for,Old Saybrook,McNeil and McNeil,WI,0,0.00%
Presidential Electors for,Old Saybrook,Potus and Kennedy,WI,0,0.00%
Presidential Electors for,Old Saybrook,Ayyadurai and Ellis,WI,0,0.00%
Presidential Electors for,Old Saybrook,Sonski and Onak,WI,0,0.00%
Presidential Electors for,Old Saybrook,West and Abdullah,WI,1,0.01%
United States Senator,Old Saybrook,Christopher S. Murphy,D,4023,57.20%
United States Senator,Old Saybrook,Matthew M. Corey,R,2837,40.34%
United States Senator,Old Saybrook,Christopher S. Murphy,WF,105,1.49%
United States Senator,Old Saybrook,Justin C. Paglino,G,31,0.44%
United States Senator,Old Saybrook,Robert Finley Hyde,CGG,37,0.53%
United States Senator,Old Saybrook,John Flynn,WI,0,0.00%
Representative in Congress 2,Old Saybrook,Joe Courtney,D,4288,61.19%
Representative in Congress 2,Old Saybrook,Mike France,R,2720,38.81%
Representative in Congress 2,Old Saybrook,"Kenneth Kusmierski, Jr.",WI,0,0.00%
Representative in Congress 2,Old Saybrook,Jeffery Russell,WI,0,0.00%
State Senator 20,Old Saybrook,Martha Marx,D,1550,52.03%
State Senator 20,Old Saybrook,Shaun Mastroianni,R,1359,45.62%
State Senator 20,Old Saybrook,Martha Marx,WF,33,1.11%
State Senator 20,Old Saybrook,Shaun Mastroianni,IND,37,1.24%
State Senator 33,Old Saybrook,Norm Needleman,D,2318,58.33%
State Senator 33,Old Saybrook,Jeffery Duigou,R,1566,39.41%
State Senator 33,Old Saybrook,Norm Needleman,IND,90,2.26%
State Representative 23,Old Saybrook,Jane Wisialowski,D,3227,46.40%
State Representative 23,Old Saybrook,Devin R Carney,R,3514,50.53%
State Representative 23,Old Saybrook,Jane Wisialowski,WF,94,1.35%
State Representative 23,Old Saybrook,Devin R Carney,IND,119,1.71%
Registrar of Voters,Old Saybrook,Patricia Prendergast,D,4460,100.00%
Presidential Electors for,Orange,Harris and Walz,D,4393,49.37%
Presidential Electors for,Orange,Trump and Vance,R,4336,48.72%
Presidential Electors for,Orange,Stein and Ware,G,98,1.10%
Presidential Electors for,Orange,Oliver and ter Maat,LI,28,0.31%
Presidential Electors for,Orange,"Kennedy, Jr. and Shanahan",PC,43,0.48%
Presidential Electors for,Orange,De la Cruz and Garcia,WI,0,0.00%
Presidential Electors for,Orange,Fox and McVay,WI,0,0.00%
Presidential Electors for,Orange,McNeil and McNeil,WI,0,0.00%
Presidential Electors for,Orange,Potus and Kennedy,WI,0,0.00%
Presidential Electors for,Orange,Ayyadurai and Ellis,WI,0,0.00%
Presidential Electors for,Orange,Sonski and Onak,WI,0,0.00%
Presidential Electors for,Orange,West and Abdullah,WI,1,0.01%
United States Senator,Orange,Christopher S. Murphy,D,4413,50.21%
United States Senator,Orange,Matthew M. Corey,R,4073,46.34%
United States Senator,Orange,Christopher S. Murphy,WF,172,1.96%
United States Senator,Orange,Justin C. Paglino,G,90,1.02%
United States Senator,Orange,Robert Finley Hyde,CGG,41,0.47%
United States Senator,Orange,John Flynn,WI,0,0.00%
Representative in Congress 3,Orange,Rosa L. DeLauro,D,4409,50.45%
Representative in Congress 3,Orange,Michael Massey,R,4212,48.20%
Representative in Congress 3,Orange,Michael Massey,IND,118,1.35%
Representative in Congress 3,Orange,Leo Almoney,WI,0,0.00%
Representative in Congress 3,Orange,Omar Scott Antar,WI,0,0.00%
Representative in Congress 3,Orange,Shahd Omar,WI,0,0.00%
State Senator 14,Orange,James Maroney,D,4533,51.01%
State Senator 14,Orange,Steven Johnstone,R,4182,47.06%
State Senator 14,Orange,James Maroney,IND,172,1.94%
State Representative 114,Orange,Mary Welander,D,2055,85.55%
State Representative 114,Orange,Mary Welander,IND,347,14.45%
State Representative 117,Orange,MJ Shannon,D,1326,46.94%
State Representative 117,Orange,Raymond V. Collins III,R,1440,50.97%
State Representative 117,Orange,MJ Shannon,WF,22,0.78%
State Representative 117,Orange,MJ Shannon,IND,37,1.31%
State Representative 119,Orange,Etan Hirsch,D,922,42.08%
State Representative 119,Orange,Kathy Kennedy,R,1234,56.32%
State Representative 119,Orange,Kathy Kennedy,IND,35,1.60%
Registrar of Voters,Orange,Janice Casey,D,4132,48.37%
Registrar of Voters,Orange,Valerie Spinaci,R,4411,51.63%
Presidential Electors for,Oxford,Harris and Walz,D,3327,38.74%
Presidential Electors for,Oxford,Trump and Vance,R,5160,60.08%
Presidential Electors for,Oxford,Stein and Ware,G,32,0.37%
Presidential Electors for,Oxford,Oliver and ter Maat,LI,29,0.34%
Presidential Electors for,Oxford,"Kennedy, Jr. and Shanahan",PC,40,0.47%
Presidential Electors for,Oxford,De la Cruz and Garcia,WI,0,0.00%
Presidential Electors for,Oxford,Fox and McVay,WI,0,0.00%
Presidential Electors for,Oxford,McNeil and McNeil,WI,0,0.00%
Presidential Electors for,Oxford,Potus and Kennedy,WI,0,0.00%
Presidential Electors for,Oxford,Ayyadurai and Ellis,WI,0,0.00%
Presidential Electors for,Oxford,Sonski and Onak,WI,0,0.00%
Presidential Electors for,Oxford,West and Abdullah,WI,0,0.00%
United States Senator,Oxford,Christopher S. Murphy,D,3192,38.31%
United States Senator,Oxford,Matthew M. Corey,R,4882,58.59%
United States Senator,Oxford,Christopher S. Murphy,WF,179,2.15%
United States Senator,Oxford,Justin C. Paglino,G,24,0.29%
United States Senator,Oxford,Robert Finley Hyde,CGG,56,0.67%
United States Senator,Oxford,John Flynn,WI,0,0.00%
Representative in Congress 4,Oxford,Jim Himes,D,3244,39.24%
Representative in Congress 4,Oxford,Michael Goldstein,R,4906,59.34%
Representative in Congress 4,Oxford,Benjamin Wesley,IND,117,1.42%
State Senator 32,Oxford,Jeff Desmarais,D,2922,35.64%
State Senator 32,Oxford,Eric C. Berthel,R,5276,64.36%
State Representative 131,Oxford,Ellen S. Fox,D,3171,38.20%
State Representative 131,Oxford,Arnold Jensen,R,4910,59.15%
State Representative 131,Oxford,Ellen S. Fox,IND,220,2.65%
Judge of Probate 22 To Fill Vacancy,Oxford,David Labriola,R,6159,100.00%
Presidential Electors for,Plainfield,Harris and Walz,D,2716,37.98%
Presidential Electors for,Plainfield,Trump and Vance,R,4343,60.72%
Presidential Electors for,Plainfield,Stein and Ware,G,30,0.42%
Presidential Electors for,Plainfield,Oliver and ter Maat,LI,33,0.46%
Presidential Electors for,Plainfield,"Kennedy, Jr. and Shanahan",PC,29,0.41%
Presidential Electors for,Plainfield,De la Cruz and Garcia,WI,1,0.01%
Presidential Electors for,Plainfield,Fox and McVay,WI,0,0.00%
Presidential Electors for,Plainfield,McNeil and McNeil,WI,0,0.00%
Presidential Electors for,Plainfield,Potus and Kennedy,WI,0,0.00%
Presidential Electors for,Plainfield,Ayyadurai and Ellis,WI,0,0.00%
Presidential Electors for,Plainfield,Sonski and Onak,WI,0,0.00%
Presidential Electors for,Plainfield,West and Abdullah,WI,0,0.00%
United States Senator,Plainfield,Christopher S. Murphy,D,2706,39.64%
United States Senator,Plainfield,Matthew M. Corey,R,3758,55.05%
United States Senator,Plainfield,Christopher S. Murphy,WF,227,3.33%
United States Senator,Plainfield,Justin C. Paglino,G,42,0.62%
United States Senator,Plainfield,Robert Finley Hyde,CGG,93,1.36%
United States Senator,Plainfield,John Flynn,WI,0,0.00%
Representative in Congress 2,Plainfield,Joe Courtney,D,3166,46.18%
Representative in Congress 2,Plainfield,Mike France,R,3689,53.81%
Representative in Congress 2,Plainfield,"Kenneth Kusmierski, Jr.",WI,0,0.00%
Representative in Congress 2,Plainfield,Jeffery Russell,WI,1,0.01%
State Senator 18,Plainfield,Andrew M. Parrella,D,2197,32.36%
State Senator 18,Plainfield,Heather Somers,R,4381,64.52%
State Senator 18,Plainfield,Heather Somers,IND,212,3.12%
State Representative 44,Plainfield,Samantha Derenthal,D,1387,33.73%
State Representative 44,Plainfield,Anne Dubay Dauphinais,R,2628,63.91%
State Representative 44,Plainfield,Samantha Derenthal,IND,97,2.36%
State Representative 47,Plainfield,Aaron Spruance,D,1020,37.97%
State Representative 47,Plainfield,Doug Dubitsky,R,1666,62.03%
Registrar of Voters,Plainfield,Roz Chviek,D,2475,36.82%
Registrar of Voters,Plainfield,Sonia S. Chapman,R,4246,63.18%
Presidential Electors for,Plainville,Harris and Walz,D,4437,46.70%
Presidential Electors for,Plainville,Trump and Vance,R,4930,51.89%
Presidential Electors for,Plainville,Stein and Ware,G,53,0.56%
Presidential Electors for,Plainville,Oliver and ter Maat,LI,32,0.34%
Presidential Electors for,Plainville,"Kennedy, Jr. and Shanahan",PC,49,0.52%
Presidential Electors for,Plainville,De la Cruz and Garcia,WI,0,0.00%
Presidential Electors for,Plainville,Fox and McVay,WI,0,0.00%
Presidential Electors for,Plainville,McNeil and McNeil,WI,0,0.00%
Presidential Electors for,Plainville,Potus and Kennedy,WI,0,0.00%
Presidential Electors for,Plainville,Ayyadurai and Ellis,WI,0,0.00%
Presidential Electors for,Plainville,Sonski and Onak,WI,0,0.00%
Presidential Electors for,Plainville,West and Abdullah,WI,0,0.00%
United States Senator,Plainville,Christopher S. Murphy,D,4290,46.70%
United States Senator,Plainville,Matthew M. Corey,R,4435,48.28%
United States Senator,Plainville,Christopher S. Murphy,WF,291,3.17%
United States Senator,Plainville,Justin C. Paglino,G,58,0.63%
United States Senator,Plainville,Robert Finley Hyde,CGG,112,1.22%
United States Senator,Plainville,John Flynn,WI,0,0.00%
Representative in Congress 5,Plainville,Jahana Hayes,D,4237,46.53%
Representative in Congress 5,Plainville,George Logan,R,4622,50.76%
Representative in Congress 5,Plainville,Jahana Hayes,WF,247,2.71%
Representative in Congress 5,Plainville,Ahmad AJ Darwish,WI,0,0.00%
Representative in Congress 5,Plainville,Bertram Ferguson,WI,0,0.00%
State Senator 31,Plainville,Henri Martin,R,5998,100.00%
State Representative 22,Plainville,Rebecca Martinez,D,4287,47.12%
State Representative 22,Plainville,Francis Rexford Cooley,R,4361,47.93%
State Representative 22,Plainville,Rebecca Martinez,WF,302,3.32%
State Representative 22,Plainville,Rebecca Martinez,IND,148,1.63%
Registrar of Voters,Plainville,Susan Abram,D,4183,47.26%
Registrar of Voters,Plainville,Beth Gasparini,R,4668,52.74%
Presidential Electors for,Plymouth,Harris and Walz,D,2354,36.43%
Presidential Electors for,Plymouth,Trump and Vance,R,4001,61.92%
Presidential Electors for,Plymouth,Stein and Ware,G,36,0.56%
Presidential Electors for,Plymouth,Oliver and ter Maat,LI,30,0.46%
Presidential Electors for,Plymouth,"Kennedy, Jr. and Shanahan",PC,40,0.62%
Presidential Electors for,Plymouth,De la Cruz and Garcia,WI,1,0.02%
Presidential Electors for,Plymouth,Fox and McVay,WI,0,0.00%
Presidential Electors for,Plymouth,McNeil and McNeil,WI,0,0.00%
Presidential Electors for,Plymouth,Potus and Kennedy,WI,0,0.00%
Presidential Electors for,Plymouth,Ayyadurai and Ellis,WI,0,0.00%
Presidential Electors for,Plymouth,Sonski and Onak,WI,0,0.00%
Presidential Electors for,Plymouth,West and Abdullah,WI,0,0.00%
United States Senator,Plymouth,Christopher S. Murphy,D,2229,35.79%
United States Senator,Plymouth,Matthew M. Corey,R,3670,58.93%
United States Senator,Plymouth,Christopher S. Murphy,WF,192,3.08%
United States Senator,Plymouth,Justin C. Paglino,G,49,0.79%
United States Senator,Plymouth,Robert Finley Hyde,CGG,88,1.41%
United States Senator,Plymouth,John Flynn,WI,0,0.00%
Representative in Congress 5,Plymouth,Jahana Hayes,D,2236,35.28%
Representative in Congress 5,Plymouth,George Logan,R,3929,62.00%
Representative in Congress 5,Plymouth,Jahana Hayes,WF,172,2.71%
Representative in Congress 5,Plymouth,Ahmad AJ Darwish,WI,0,0.00%
Representative in Congress 5,Plymouth,Bertram Ferguson,WI,0,0.00%
State Senator 31,Plymouth,Henri Martin,R,4766,100.00%
State Representative 78,Plymouth,Joe Hoxha,R,4635,100.00%
Town Council To Fill a Vacancy,Plymouth,Susan G. Boilard,D,2021,33.18%
Town Council To Fill a Vacancy,Plymouth,Thomas J. Zagurski,R,4070,66.82%
Presidential Electors for,Pomfret,Harris and Walz,D,1327,53.51%
Presidential Electors for,Pomfret,Trump and Vance,R,1120,45.16%
Presidential Electors for,Pomfret,Stein and Ware,G,6,0.24%
Presidential Electors for,Pomfret,Oliver and ter Maat,LI,11,0.44%
Presidential Electors for,Pomfret,"Kennedy, Jr. and Shanahan",PC,16,0.65%
Presidential Electors for,Pomfret,De la Cruz and Garcia,WI,0,0.00%
Presidential Electors for,Pomfret,Fox and McVay,WI,0,0.00%
Presidential Electors for,Pomfret,McNeil and McNeil,WI,0,0.00%
Presidential Electors for,Pomfret,Potus and Kennedy,WI,0,0.00%
Presidential Electors for,Pomfret,Ayyadurai and Ellis,WI,0,0.00%
Presidential Electors for,Pomfret,Sonski and Onak,WI,0,0.00%
Presidential Electors for,Pomfret,West and Abdullah,WI,0,0.00%
United States Senator,Pomfret,Christopher S. Murphy,D,1286,52.77%
United States Senator,Pomfret,Matthew M. Corey,R,1035,42.47%
United States Senator,Pomfret,Christopher S. Murphy,WF,77,3.16%
United States Senator,Pomfret,Justin C. Paglino,G,18,0.74%
United States Senator,Pomfret,Robert Finley Hyde,CGG,21,0.86%
United States Senator,Pomfret,John Flynn,WI,0,0.00%
Representative in Congress 2,Pomfret,Joe Courtney,D,1408,57.89%
Representative in Congress 2,Pomfret,Mike France,R,1024,42.11%
Representative in Congress 2,Pomfret,"Kenneth Kusmierski, Jr.",WI,0,0.00%
Representative in Congress 2,Pomfret,Jeffery Russell,WI,0,0.00%
State Senator 29,Pomfret,Mae Flexer,D,1193,49.30%
State Senator 29,Pomfret,Chris Reddy,R,1145,47.31%
State Senator 29,Pomfret,Mae Flexer,WF,34,1.40%
State Senator 29,Pomfret,Mae Flexer,IND,21,0.87%
State Senator 29,Pomfret,Alice Leibowitz,G,27,1.12%
State Representative 50,Pomfret,Pat Boyd,D,1715,100.00%
Registrar of Voters,Pomfret,William T. Anderson,D,1264,53.86%
Registrar of Voters,Pomfret,John A. Charest,R,1083,46.14%
Presidential Electors for,Portland,Harris and Walz,D,3127,52.26%
Presidential Electors for,Portland,Trump and Vance,R,2753,46.01%
Presidential Electors for,Portland,Stein and Ware,G,45,0.75%
Presidential Electors for,Portland,Oliver and ter Maat,LI,25,0.42%
Presidential Electors for,Portland,"Kennedy, Jr. and Shanahan",PC,34,0.57%
Presidential Electors for,Portland,De la Cruz and Garcia,WI,0,0.00%
Presidential Electors for,Portland,Fox and McVay,WI,0,0.00%
Presidential Electors for,Portland,McNeil and McNeil,WI,0,0.00%
Presidential Electors for,Portland,Potus and Kennedy,WI,0,0.00%
Presidential Electors for,Portland,Ayyadurai and Ellis,WI,0,0.00%
Presidential Electors for,Portland,Sonski and Onak,WI,0,0.00%
Presidential Electors for,Portland,West and Abdullah,WI,0,0.00%
United States Senator,Portland,Christopher S. Murphy,D,3010,51.47%
United States Senator,Portland,Matthew M. Corey,R,2579,44.10%
United States Senator,Portland,Christopher S. Murphy,WF,184,3.15%
United States Senator,Portland,Justin C. Paglino,G,30,0.51%
United States Senator,Portland,Robert Finley Hyde,CGG,45,0.77%
United States Senator,Portland,John Flynn,WI,0,0.00%
Representative in Congress 1,Portland,John B. Larson,D,3013,50.42%
Representative in Congress 1,Portland,Jim Griffin,R,2670,44.68%
Representative in Congress 1,Portland,John B. Larson,WF,203,3.40%
Representative in Congress 1,Portland,Mary L. Sanders,G,90,1.51%
State Senator 33,Portland,Norm Needleman,D,3002,52.15%
State Senator 33,Portland,Jeffery Duigou,R,2572,44.68%
State Senator 33,Portland,Norm Needleman,IND,183,3.18%
State Representative 32,Portland,Christie M. Carpino,R,4140,100.00%
Presidential Electors for,Preston,Harris and Walz,D,1194,42.37%
Presidential Electors for,Preston,Trump and Vance,R,1569,55.68%
Presidential Electors for,Preston,Stein and Ware,G,21,0.75%
Presidential Electors for,Preston,Oliver and ter Maat,LI,7,0.25%
Presidential Electors for,Preston,"Kennedy, Jr. and Shanahan",PC,24,0.85%
Presidential Electors for,Preston,De la Cruz and Garcia,WI,1,0.04%
Presidential Electors for,Preston,Fox and McVay,WI,0,0.00%
Presidential Electors for,Preston,McNeil and McNeil,WI,0,0.00%
Presidential Electors for,Preston,Potus and Kennedy,WI,0,0.00%
Presidential Electors for,Preston,Ayyadurai and Ellis,WI,0,0.00%
Presidential Electors for,Preston,Sonski and Onak,WI,2,0.07%
Presidential Electors for,Preston,West and Abdullah,WI,0,0.00%
United States Senator,Preston,Christopher S. Murphy,D,1171,42.93%
United States Senator,Preston,Matthew M. Corey,R,1388,50.88%
United States Senator,Preston,Christopher S. Murphy,WF,109,4.00%
United States Senator,Preston,Justin C. Paglino,G,25,0.92%
United States Senator,Preston,Robert Finley Hyde,CGG,35,1.28%
United States Senator,Preston,John Flynn,WI,0,0.00%
Representative in Congress 2,Preston,Joe Courtney,D,1338,48.71%
Representative in Congress 2,Preston,Mike France,R,1409,51.29%
Representative in Congress 2,Preston,"Kenneth Kusmierski, Jr.",WI,0,0.00%
Representative in Congress 2,Preston,Jeffery Russell,WI,0,0.00%
State Senator 18,Preston,Andrew M. Parrella,D,901,33.10%
State Senator 18,Preston,Heather Somers,R,1731,63.59%
State Senator 18,Preston,Heather Somers,IND,90,3.31%
State Representative 45,Preston,Kayla Thompson,D,992,36.61%
State Representative 45,Preston,Brian L. Lanoue,R,1718,63.39%
Registrar of Voters,Preston,Laurie Castronova,D,1094,40.85%
Registrar of Voters,Preston,Charles Raymond,R,1584,59.15%
Presidential Electors for,Prospect,Harris and Walz,D,2069,34.21%
Presidential Electors for,Prospect,Trump and Vance,R,3915,64.73%
Presidential Electors for,Prospect,Stein and Ware,G,24,0.40%
Presidential Electors for,Prospect,Oliver and ter Maat,LI,17,0.28%
Presidential Electors for,Prospect,"Kennedy, Jr. and Shanahan",PC,21,0.35%
Presidential Electors for,Prospect,De la Cruz and Garcia,WI,0,0.00%
Presidential Electors for,Prospect,Fox and McVay,WI,0,0.00%
Presidential Electors for,Prospect,McNeil and McNeil,WI,0,0.00%
Presidential Electors for,Prospect,Potus and Kennedy,WI,0,0.00%
Presidential Electors for,Prospect,Ayyadurai and Ellis,WI,0,0.00%
Presidential Electors for,Prospect,Sonski and Onak,WI,1,0.02%
Presidential Electors for,Prospect,West and Abdullah,WI,1,0.02%
United States Senator,Prospect,Christopher S. Murphy,D,2031,34.56%
United States Senator,Prospect,Matthew M. Corey,R,3626,61.71%
United States Senator,Prospect,Christopher S. Murphy,WF,154,2.62%
United States Senator,Prospect,Justin C. Paglino,G,28,0.48%
United States Senator,Prospect,Robert Finley Hyde,CGG,37,0.63%
United States Senator,Prospect,John Flynn,WI,0,0.00%
Representative in Congress 3,Prospect,Rosa L. DeLauro,D,2122,36.22%
Representative in Congress 3,Prospect,Michael Massey,R,3662,62.50%
Representative in Congress 3,Prospect,Michael Massey,IND,75,1.28%
Representative in Congress 3,Prospect,Leo Almoney,WI,0,0.00%
Representative in Congress 3,Prospect,Omar Scott Antar,WI,0,0.00%
Representative in Congress 3,Prospect,Shahd Omar,WI,0,0.00%
State Senator 16,Prospect,Christopher Robertson,D,1807,31.08%
State Senator 16,Prospect,Rob Sampson,R,3912,67.29%
State Senator 16,Prospect,Christopher Robertson,IND,95,1.63%
State Representative 89,Prospect,Lezlye Zupkus,R,4761,100.00%
State Representative 89,Prospect,Stuart R. Korchin,WI,0,0.00%
Registrar of Voters,Prospect,Katherine S. Blinstrubas,D,2009,35.17%
Registrar of Voters,Prospect,Marianne Byrne,R,3704,64.83%
Presidential Electors for,Putnam,Harris and Walz,D,1975,44.89%
Presidential Electors for,Putnam,Trump and Vance,R,2359,53.61%
Presidential Electors for,Putnam,Stein and Ware,G,20,0.45%
Presidential Electors for,Putnam,Oliver and ter Maat,LI,18,0.41%
Presidential Electors for,Putnam,"Kennedy, Jr. and Shanahan",PC,28,0.64%
Presidential Electors for,Putnam,De la Cruz and Garcia,WI,0,0.00%
Presidential Electors for,Putnam,Fox and McVay,WI,0,0.00%
Presidential Electors for,Putnam,McNeil and McNeil,WI,0,0.00%
Presidential Electors for,Putnam,Potus and Kennedy,WI,0,0.00%
Presidential Electors for,Putnam,Ayyadurai and Ellis,WI,0,0.00%
Presidential Electors for,Putnam,Sonski and Onak,WI,0,0.00%
Presidential Electors for,Putnam,West and Abdullah,WI,0,0.00%
United States Senator,Putnam,Christopher S. Murphy,D,1918,45.32%
United States Senator,Putnam,Matthew M. Corey,R,2032,48.02%
United States Senator,Putnam,Christopher S. Murphy,WF,163,3.85%
United States Senator,Putnam,Justin C. Paglino,G,39,0.92%
United States Senator,Putnam,Robert Finley Hyde,CGG,80,1.89%
United States Senator,Putnam,John Flynn,WI,0,0.00%
Representative in Congress 2,Putnam,Joe Courtney,D,2166,51.33%
Representative in Congress 2,Putnam,Mike France,R,2054,48.67%
Representative in Congress 2,Putnam,"Kenneth Kusmierski, Jr.",WI,0,0.00%
Representative in Congress 2,Putnam,Jeffery Russell,WI,0,0.00%
State Senator 29,Putnam,Mae Flexer,D,1713,40.43%
State Senator 29,Putnam,Chris Reddy,R,2315,54.64%
State Senator 29,Putnam,Mae Flexer,WF,93,2.19%
State Senator 29,Putnam,Mae Flexer,IND,57,1.35%
State Senator 29,Putnam,Alice Leibowitz,G,59,1.39%
State Representative 51,Putnam,Renee LaPalme Waldron,D,1827,42.82%
State Representative 51,Putnam,Chris Stewart,R,2238,52.45%
State Representative 51,Putnam,Renee LaPalme Waldron,WF,111,2.60%
State Representative 51,Putnam,Renee LaPalme Waldron,IND,91,2.13%
Registrar of Voters,Putnam,Patricia J. Fondelheit,D,1817,44.14%
Registrar of Voters,Putnam,Kimberley J D Simmons,R,2299,55.86%
Presidential Electors for,Redding,Harris and Walz,D,3619,63.66%
Presidential Electors for,Redding,Trump and Vance,R,1948,34.27%
Presidential Electors for,Redding,Stein and Ware,G,46,0.81%
Presidential Electors for,Redding,Oliver and ter Maat,LI,41,0.72%
Presidential Electors for,Redding,"Kennedy, Jr. and Shanahan",PC,30,0.53%
Presidential Electors for,Redding,De la Cruz and Garcia,WI,0,0.00%
Presidential Electors for,Redding,Fox and McVay,WI,0,0.00%
Presidential Electors for,Redding,McNeil and McNeil,WI,0,0.00%
Presidential Electors for,Redding,Potus and Kennedy,WI,0,0.00%
Presidential Electors for,Redding,Ayyadurai and Ellis,WI,0,0.00%
Presidential Electors for,Redding,Sonski and Onak,WI,0,0.00%
Presidential Electors for,Redding,West and Abdullah,WI,1,0.02%
United States Senator,Redding,Christopher S. Murphy,D,3449,61.57%
United States Senator,Redding,Matthew M. Corey,R,1959,34.97%
United States Senator,Redding,Christopher S. Murphy,WF,104,1.86%
United States Senator,Redding,Justin C. Paglino,G,55,0.98%
United States Senator,Redding,Robert Finley Hyde,CGG,35,0.62%
United States Senator,Redding,John Flynn,WI,0,0.00%
Representative in Congress 4,Redding,Jim Himes,D,3526,63.02%
Representative in Congress 4,Redding,Michael Goldstein,R,1978,35.35%
Representative in Congress 4,Redding,Benjamin Wesley,IND,91,1.63%
State Senator 26,Redding,Ceci Maher,D,3372,60.86%
State Senator 26,Redding,Kami Evans,R,2077,37.48%
State Senator 26,Redding,Kami Evans,IND,92,1.66%
State Representative 135,Redding,Anne Hughes,D,3327,59.85%
State Representative 135,Redding,Christopher Peritore,R,2029,36.50%
State Representative 135,Redding,Anne Hughes,WF,104,1.87%
State Representative 135,Redding,Christopher Peritore,IND,99,1.78%
Registrar of Voters,Redding,Lisa Bartro,D,3402,61.96%
Registrar of Voters,Redding,Michele L. Meschi,R,2089,38.04%
Presidential Electors for,Ridgefield,Harris and Walz,D,9704,62.70%
Presidential Electors for,Ridgefield,Trump and Vance,R,5520,35.67%
Presidential Electors for,Ridgefield,Stein and Ware,G,99,0.64%
Presidential Electors for,Ridgefield,Oliver and ter Maat,LI,68,0.44%
Presidential Electors for,Ridgefield,"Kennedy, Jr. and Shanahan",PC,83,0.54%
Presidential Electors for,Ridgefield,De la Cruz and Garcia,WI,1,0.01%
Presidential Electors for,Ridgefield,Fox and McVay,WI,0,0.00%
Presidential Electors for,Ridgefield,McNeil and McNeil,WI,0,0.00%
Presidential Electors for,Ridgefield,Potus and Kennedy,WI,0,0.00%
Presidential Electors for,Ridgefield,Ayyadurai and Ellis,WI,0,0.00%
Presidential Electors for,Ridgefield,Sonski and Onak,WI,1,0.01%
Presidential Electors for,Ridgefield,West and Abdullah,WI,0,0.00%
United States Senator,Ridgefield,Christopher S. Murphy,D,9224,60.31%
United States Senator,Ridgefield,Matthew M. Corey,R,5677,37.12%
United States Senator,Ridgefield,Christopher S. Murphy,WF,241,1.58%
United States Senator,Ridgefield,Justin C. Paglino,G,84,0.55%
United States Senator,Ridgefield,Robert Finley Hyde,CGG,68,0.44%
United States Senator,Ridgefield,John Flynn,WI,0,0.00%
Representative in Congress 4,Ridgefield,Jim Himes,D,9313,61.02%
Representative in Congress 4,Ridgefield,Michael Goldstein,R,5724,37.51%
Representative in Congress 4,Ridgefield,Benjamin Wesley,IND,224,1.47%
State Senator 24,Ridgefield,Julie Kushner,D,3118,56.49%
State Senator 24,Ridgefield,Michelle Coelho,R,2248,40.72%
State Senator 24,Ridgefield,Julie Kushner,WF,75,1.36%
State Senator 24,Ridgefield,Michelle Coelho,IND,79,1.43%
State Senator 26,Ridgefield,Ceci Maher,D,5673,58.89%
State Senator 26,Ridgefield,Kami Evans,R,3809,39.54%
State Senator 26,Ridgefield,Kami Evans,IND,152,1.58%
State Representative 42,Ridgefield,Savet Constantine,D,583,51.64%
State Representative 42,Ridgefield,Kim Healy,R,523,46.32%
State Representative 42,Ridgefield,Kim Healy,IND,23,2.04%
State Representative 111,Ridgefield,Aimee Berger-Girvalo,D,8128,57.88%
State Representative 111,Ridgefield,Colette Kabasakalian,R,5647,40.21%
State Representative 111,Ridgefield,Aimee Berger-Girvalo,IND,269,1.92%
Presidential Electors for,Rocky Hill,Harris and Walz,D,5471,52.56%
Presidential Electors for,Rocky Hill,Trump and Vance,R,4767,45.80%
Presidential Electors for,Rocky Hill,Stein and Ware,G,102,0.98%
Presidential Electors for,Rocky Hill,Oliver and ter Maat,LI,33,0.32%
Presidential Electors for,Rocky Hill,"Kennedy, Jr. and Shanahan",PC,36,0.35%
Presidential Electors for,Rocky Hill,De la Cruz and Garcia,WI,0,0.00%
Presidential Electors for,Rocky Hill,Fox and McVay,WI,0,0.00%
Presidential Electors for,Rocky Hill,McNeil and McNeil,WI,0,0.00%
Presidential Electors for,Rocky Hill,Potus and Kennedy,WI,0,0.00%
Presidential Electors for,Rocky Hill,Ayyadurai and Ellis,WI,0,0.00%
Presidential Electors for,Rocky Hill,Sonski and Onak,WI,0,0.00%
Presidential Electors for,Rocky Hill,West and Abdullah,WI,0,0.00%
United States Senator,Rocky Hill,Christopher S. Murphy,D,5364,52.58%
United States Senator,Rocky Hill,Matthew M. Corey,R,4425,43.38%
United States Senator,Rocky Hill,Christopher S. Murphy,WF,236,2.31%
United States Senator,Rocky Hill,Justin C. Paglino,G,96,0.94%
United States Senator,Rocky Hill,Robert Finley Hyde,CGG,80,0.78%
United States Senator,Rocky Hill,John Flynn,WI,0,0.00%
Representative in Congress 1,Rocky Hill,John B. Larson,D,5440,53.49%
Representative in Congress 1,Rocky Hill,Jim Griffin,R,4276,42.05%
Representative in Congress 1,Rocky Hill,John B. Larson,WF,283,2.78%
Representative in Congress 1,Rocky Hill,Mary L. Sanders,G,171,1.68%
State Senator 9,Rocky Hill,Matthew Lesser,D,5715,82.80%
State Senator 9,Rocky Hill,Matthew Lesser,WF,685,9.92%
State Senator 9,Rocky Hill,Matthew Lesser,IND,502,7.27%
State Representative 29,Rocky Hill,Kerry Szeps Wood,D,5723,56.55%
State Representative 29,Rocky Hill,Edward V. Charamut,R,4397,43.45%
Registrar of Voters,Rocky Hill,Phillip Theroux,D,5087,51.63%
Registrar of Voters,Rocky Hill,Thomas Pugliese,R,4765,48.37%
Presidential Electors for,Roxbury,Harris and Walz,D,857,56.23%
Presidential Electors for,Roxbury,Trump and Vance,R,643,42.19%
Presidential Electors for,Roxbury,Stein and Ware,G,5,0.33%
Presidential Electors for,Roxbury,Oliver and ter Maat,LI,10,0.66%
Presidential Electors for,Roxbury,"Kennedy, Jr. and Shanahan",PC,9,0.59%
Presidential Electors for,Roxbury,De la Cruz and Garcia,WI,0,0.00%
Presidential Electors for,Roxbury,Fox and McVay,WI,0,0.00%
Presidential Electors for,Roxbury,McNeil and McNeil,WI,0,0.00%
Presidential Electors for,Roxbury,Potus and Kennedy,WI,0,0.00%
Presidential Electors for,Roxbury,Ayyadurai and Ellis,WI,0,0.00%
Presidential Electors for,Roxbury,Sonski and Onak,WI,0,0.00%
Presidential Electors for,Roxbury,West and Abdullah,WI,0,0.00%
United States Senator,Roxbury,Christopher S. Murphy,D,832,55.21%
United States Senator,Roxbury,Matthew M. Corey,R,626,41.54%
United States Senator,Roxbury,Christopher S. Murphy,WF,28,1.86%
United States Senator,Roxbury,Justin C. Paglino,G,11,0.73%
United States Senator,Roxbury,Robert Finley Hyde,CGG,10,0.66%
United States Senator,Roxbury,John Flynn,WI,0,0.00%
Representative in Congress 5,Roxbury,Jahana Hayes,D,834,54.98%
Representative in Congress 5,Roxbury,George Logan,R,662,43.64%
Representative in Congress 5,Roxbury,Jahana Hayes,WF,21,1.38%
Representative in Congress 5,Roxbury,Ahmad AJ Darwish,WI,0,0.00%
Representative in Congress 5,Roxbury,Bertram Ferguson,WI,0,0.00%
State Senator 32,Roxbury,Jeff Desmarais,D,787,53.46%
State Senator 32,Roxbury,Eric C. Berthel,R,685,46.54%
State Representative 69,Roxbury,Ed Edelson,D,719,48.85%
State Representative 69,Roxbury,Jason Buchsbaum,R,753,51.15%
Registrar of Voters,Roxbury,Gregory G. Davis,D,716,49.04%
Registrar of Voters,Roxbury,Laura S. Miller,R,744,50.96%
Judge of Probate 22 To Fill Vacancy,Roxbury,David Labriola,R,901,100.00%
Presidential Electors for,Salem,Harris and Walz,D,1263,47.48%
Presidential Electors for,Salem,Trump and Vance,R,1345,50.56%
Presidential Electors for,Salem,Stein and Ware,G,22,0.83%
Presidential Electors for,Salem,Oliver and ter Maat,LI,17,0.64%
Presidential Electors for,Salem,"Kennedy, Jr. and Shanahan",PC,13,0.49%
Presidential Electors for,Salem,De la Cruz and Garcia,WI,0,0.00%
Presidential Electors for,Salem,Fox and McVay,WI,0,0.00%
Presidential Electors for,Salem,McNeil and McNeil,WI,0,0.00%
Presidential Electors for,Salem,Potus and Kennedy,WI,0,0.00%
Presidential Electors for,Salem,Ayyadurai and Ellis,WI,0,0.00%
Presidential Electors for,Salem,Sonski and Onak,WI,0,0.00%
Presidential Electors for,Salem,West and Abdullah,WI,0,0.00%
United States Senator,Salem,Christopher S. Murphy,D,1222,46.66%
United States Senator,Salem,Matthew M. Corey,R,1281,48.91%
United States Senator,Salem,Christopher S. Murphy,WF,69,2.63%
United States Senator,Salem,Justin C. Paglino,G,20,0.76%
United States Senator,Salem,Robert Finley Hyde,CGG,27,1.03%
United States Senator,Salem,John Flynn,WI,0,0.00%
Representative in Congress 2,Salem,Joe Courtney,D,1404,53.49%
Representative in Congress 2,Salem,Mike France,R,1221,46.51%
Representative in Congress 2,Salem,"Kenneth Kusmierski, Jr.",WI,0,0.00%
Representative in Congress 2,Salem,Jeffery Russell,WI,0,0.00%
State Senator 20,Salem,Martha Marx,D,1138,43.96%
State Senator 20,Salem,Shaun Mastroianni,R,1342,51.83%
State Senator 20,Salem,Martha Marx,WF,65,2.51%
State Senator 20,Salem,Shaun Mastroianni,IND,44,1.70%
State Representative 34,Salem,Richard E. Knotek,D,391,41.46%
State Representative 34,Salem,Irene Haines,R,520,55.14%
State Representative 34,Salem,David Brice Cassenti,IND,32,3.39%
State Representative 37,Salem,Nick Menapace,D,677,41.08%
State Representative 37,Salem,Holly H. Cheeseman,R,896,54.37%
State Representative 37,Salem,Nick Menapace,WF,40,2.43%
State Representative 37,Salem,Holly H. Cheeseman,IND,35,2.12%
Presidential Electors for,Salisbury,Harris and Walz,D,1959,77.22%
Presidential Electors for,Salisbury,Trump and Vance,R,528,20.81%
Presidential Electors for,Salisbury,Stein and Ware,G,25,0.99%
Presidential Electors for,Salisbury,Oliver and ter Maat,LI,5,0.20%
Presidential Electors for,Salisbury,"Kennedy, Jr. and Shanahan",PC,20,0.79%
Presidential Electors for,Salisbury,De la Cruz and Garcia,WI,0,0.00%
Presidential Electors for,Salisbury,Fox and McVay,WI,0,0.00%
Presidential Electors for,Salisbury,McNeil and McNeil,WI,0,0.00%
Presidential Electors for,Salisbury,Potus and Kennedy,WI,0,0.00%
Presidential Electors for,Salisbury,Ayyadurai and Ellis,WI,0,0.00%
Presidential Electors for,Salisbury,Sonski and Onak,WI,0,0.00%
Presidential Electors for,Salisbury,West and Abdullah,WI,0,0.00%
United States Senator,Salisbury,Christopher S. Murphy,D,1874,75.63%
United States Senator,Salisbury,Matthew M. Corey,R,509,20.54%
United States Senator,Salisbury,Christopher S. Murphy,WF,58,2.34%
United States Senator,Salisbury,Justin C. Paglino,G,25,1.01%
United States Senator,Salisbury,Robert Finley Hyde,CGG,12,0.48%
United States Senator,Salisbury,John Flynn,WI,0,0.00%
Representative in Congress 5,Salisbury,Jahana Hayes,D,1864,74.98%
Representative in Congress 5,Salisbury,George Logan,R,554,22.28%
Representative in Congress 5,Salisbury,Jahana Hayes,WF,68,2.74%
Representative in Congress 5,Salisbury,Ahmad AJ Darwish,WI,0,0.00%
Representative in Congress 5,Salisbury,Bertram Ferguson,WI,0,0.00%
State Senator 30,Salisbury,Justin Potter,D,1831,75.29%
State Senator 30,Salisbury,Stephen G. Harding,R,565,23.23%
State Senator 30,Salisbury,Stephen G. Harding,IND,36,1.48%
State Representative 64,Salisbury,Maria Horn,D,1878,75.97%
State Representative 64,Salisbury,Barbara L. Breor,R,514,20.79%
State Representative 64,Salisbury,Maria Horn,WF,56,2.27%
State Representative 64,Salisbury,Maria Horn,IND,24,0.97%
Presidential Electors for,Scotland,Harris and Walz,D,382,40.00%
Presidential Electors for,Scotland,Trump and Vance,R,558,58.43%
Presidential Electors for,Scotland,Stein and Ware,G,6,0.63%
Presidential Electors for,Scotland,Oliver and ter Maat,LI,5,0.52%
Presidential Electors for,Scotland,"Kennedy, Jr. and Shanahan",PC,4,0.42%
Presidential Electors for,Scotland,De la Cruz and Garcia,WI,0,0.00%
Presidential Electors for,Scotland,Fox and McVay,WI,0,0.00%
Presidential Electors for,Scotland,McNeil and McNeil,WI,0,0.00%
Presidential Electors for,Scotland,Potus and Kennedy,WI,0,0.00%
Presidential Electors for,Scotland,Ayyadurai and Ellis,WI,0,0.00%
Presidential Electors for,Scotland,Sonski and Onak,WI,0,0.00%
Presidential Electors for,Scotland,West and Abdullah,WI,0,0.00%
United States Senator,Scotland,Christopher S. Murphy,D,361,38.78%
United States Senator,Scotland,Matthew M. Corey,R,530,56.93%
United States Senator,Scotland,Christopher S. Murphy,WF,24,2.58%
United States Senator,Scotland,Justin C. Paglino,G,7,0.75%
United States Senator,Scotland,Robert Finley Hyde,CGG,9,0.97%
United States Senator,Scotland,John Flynn,WI,0,0.00%
Representative in Congress 2,Scotland,Joe Courtney,D,418,45.04%
Representative in Congress 2,Scotland,Mike France,R,510,54.96%
Representative in Congress 2,Scotland,"Kenneth Kusmierski, Jr.",WI,0,0.00%
Representative in Congress 2,Scotland,Jeffery Russell,WI,0,0.00%
State Senator 29,Scotland,Mae Flexer,D,292,31.36%
State Senator 29,Scotland,Chris Reddy,R,602,64.66%
State Senator 29,Scotland,Mae Flexer,WF,11,1.18%
State Senator 29,Scotland,Mae Flexer,IND,6,0.64%
State Senator 29,Scotland,Alice Leibowitz,G,20,2.15%
State Representative 47,Scotland,Aaron Spruance,D,294,32.06%
State Representative 47,Scotland,Doug Dubitsky,R,623,67.94%
Judge of Probate 28 To Fill Vacancy,Scotland,George A. Baker,D,283,31.24%
Judge of Probate 28 To Fill Vacancy,Scotland,Douglas T. Stearns,R,623,68.76%
Presidential Electors for,Seymour,Harris and Walz,D,3680,40.35%
Presidential Electors for,Seymour,Trump and Vance,R,5296,58.06%
Presidential Electors for,Seymour,Stein and Ware,G,69,0.76%
Presidential Electors for,Seymour,Oliver and ter Maat,LI,24,0.26%
Presidential Electors for,Seymour,"Kennedy, Jr. and Shanahan",PC,51,0.56%
Presidential Electors for,Seymour,De la Cruz and Garcia,WI,0,0.00%
Presidential Electors for,Seymour,Fox and McVay,WI,0,0.00%
Presidential Electors for,Seymour,McNeil and McNeil,WI,0,0.00%
Presidential Electors for,Seymour,Potus and Kennedy,WI,0,0.00%
Presidential Electors for,Seymour,Ayyadurai and Ellis,WI,1,0.01%
Presidential Electors for,Seymour,Sonski and Onak,WI,0,0.00%
Presidential Electors for,Seymour,West and Abdullah,WI,0,0.00%
United States Senator,Seymour,Christopher S. Murphy,D,3520,40.46%
United States Senator,Seymour,Matthew M. Corey,R,4699,54.02%
United States Senator,Seymour,Christopher S. Murphy,WF,291,3.35%
United States Senator,Seymour,Justin C. Paglino,G,73,0.84%
United States Senator,Seymour,Robert Finley Hyde,CGG,116,1.33%
United States Senator,Seymour,John Flynn,WI,0,0.00%
Representative in Congress 3,Seymour,Rosa L. DeLauro,D,3754,43.15%
Representative in Congress 3,Seymour,Michael Massey,R,4758,54.70%
Representative in Congress 3,Seymour,Michael Massey,IND,187,2.15%
Representative in Congress 3,Seymour,Leo Almoney,WI,0,0.00%
Representative in Congress 3,Seymour,Omar Scott Antar,WI,0,0.00%
Representative in Congress 3,Seymour,Shahd Omar,WI,0,0.00%
State Senator 21,Seymour,Kevin C. Kelly,R,2218,100.00%
State Senator 32,Seymour,Jeff Desmarais,D,2349,41.88%
State Senator 32,Seymour,Eric C. Berthel,R,3260,58.12%
State Representative 105,Seymour,Nicole Klarides-Ditria,R,6516,100.00%
Presidential Electors for,Sharon,Harris and Walz,D,1068,67.77%
Presidential Electors for,Sharon,Trump and Vance,R,488,30.96%
Presidential Electors for,Sharon,Stein and Ware,G,8,0.51%
Presidential Electors for,Sharon,Oliver and ter Maat,LI,7,0.44%
Presidential Electors for,Sharon,"Kennedy, Jr. and Shanahan",PC,5,0.32%
Presidential Electors for,Sharon,De la Cruz and Garcia,WI,0,0.00%
Presidential Electors for,Sharon,Fox and McVay,WI,0,0.00%
Presidential Electors for,Sharon,McNeil and McNeil,WI,0,0.00%
Presidential Electors for,Sharon,Potus and Kennedy,WI,0,0.00%
Presidential Electors for,Sharon,Ayyadurai and Ellis,WI,0,0.00%
Presidential Electors for,Sharon,Sonski and Onak,WI,0,0.00%
Presidential Electors for,Sharon,West and Abdullah,WI,0,0.00%
United States Senator,Sharon,Christopher S. Murphy,D,998,66.09%
United States Senator,Sharon,Matthew M. Corey,R,473,31.32%
United States Senator,Sharon,Christopher S. Murphy,WF,24,1.59%
United States Senator,Sharon,Justin C. Paglino,G,13,0.86%
United States Senator,Sharon,Robert Finley Hyde,CGG,2,0.13%
United States Senator,Sharon,John Flynn,WI,0,0.00%
Representative in Congress 5,Sharon,Jahana Hayes,D,977,64.66%
Representative in Congress 5,Sharon,George Logan,R,506,33.49%
Representative in Congress 5,Sharon,Jahana Hayes,WF,28,1.85%
Representative in Congress 5,Sharon,Ahmad AJ Darwish,WI,0,0.00%
Representative in Congress 5,Sharon,Bertram Ferguson,WI,0,0.00%
State Senator 30,Sharon,Justin Potter,D,962,64.74%
State Senator 30,Sharon,Stephen G. Harding,R,503,33.85%
State Senator 30,Sharon,Stephen G. Harding,IND,21,1.41%
State Representative 64,Sharon,Maria Horn,D,1001,65.90%
State Representative 64,Sharon,Barbara L. Breor,R,476,31.34%
State Representative 64,Sharon,Maria Horn,WF,20,1.32%
State Representative 64,Sharon,Maria Horn,IND,22,1.45%
Registrar of Voters,Sharon,Marel Rogers,D,947,63.47%
Registrar of Voters,Sharon,Patricia A. Chamberlain,R,545,36.53%
Presidential Electors for,Shelton,Harris and Walz,D,10282,43.58%
Presidential Electors for,Shelton,Trump and Vance,R,12985,55.04%
Presidential Electors for,Shelton,Stein and Ware,G,155,0.66%
Presidential Electors for,Shelton,Oliver and ter Maat,LI,70,0.30%
Presidential Electors for,Shelton,"Kennedy, Jr. and Shanahan",PC,96,0.41%
Presidential Electors for,Shelton,De la Cruz and Garcia,WI,0,0.00%
Presidential Electors for,Shelton,Fox and McVay,WI,0,0.00%
Presidential Electors for,Shelton,McNeil and McNeil,WI,0,0.00%
Presidential Electors for,Shelton,Potus and Kennedy,WI,0,0.00%
Presidential Electors for,Shelton,Ayyadurai and Ellis,WI,0,0.00%
Presidential Electors for,Shelton,Sonski and Onak,WI,2,0.01%
Presidential Electors for,Shelton,West and Abdullah,WI,1,0.00%
United States Senator,Shelton,Christopher S. Murphy,D,9970,44.00%
United States Senator,Shelton,Matthew M. Corey,R,11773,51.95%
United States Senator,Shelton,Christopher S. Murphy,WF,545,2.41%
United States Senator,Shelton,Justin C. Paglino,G,172,0.76%
United States Senator,Shelton,Robert Finley Hyde,CGG,201,0.89%
United States Senator,Shelton,John Flynn,WI,0,0.00%
Representative in Congress 3,Shelton,Rosa L. DeLauro,D,6918,47.39%
Representative in Congress 3,Shelton,Michael Massey,R,7441,50.97%
Representative in Congress 3,Shelton,Michael Massey,IND,240,1.64%
Representative in Congress 3,Shelton,Leo Almoney,WI,0,0.00%
Representative in Congress 3,Shelton,Omar Scott Antar,WI,0,0.00%
Representative in Congress 3,Shelton,Shahd Omar,WI,0,0.00%
Representative in Congress 4,Shelton,Jim Himes,D,3240,41.24%
Representative in Congress 4,Shelton,Michael Goldstein,R,4500,57.27%
Representative in Congress 4,Shelton,Benjamin Wesley,IND,117,1.49%
State Senator 21,Shelton,Kevin C. Kelly,R,15781,100.00%
State Representative 113,Shelton,Jason Perillo,R,9346,100.00%
State Representative 122,Shelton,"Dorothy ""Dottie"" Lerner",D,3608,38.05%
State Representative 122,Shelton,Ben McGorty,R,5875,61.95%
Registrar of Voters,Shelton,Janet Sabovik,D,8916,41.05%
Registrar of Voters,Shelton,Peter R. Pavone,R,12803,58.95%
Presidential Electors for,Sherman,Harris and Walz,D,1212,53.75%
Presidential Electors for,Sherman,Trump and Vance,R,1008,44.70%
Presidential Electors for,Sherman,Stein and Ware,G,12,0.53%
Presidential Electors for,Sherman,Oliver and ter Maat,LI,10,0.44%
Presidential Electors for,Sherman,"Kennedy, Jr. and Shanahan",PC,12,0.53%
Presidential Electors for,Sherman,De la Cruz and Garcia,WI,0,0.00%
Presidential Electors for,Sherman,Fox and McVay,WI,0,0.00%
Presidential Electors for,Sherman,McNeil and McNeil,WI,0,0.00%
Presidential Electors for,Sherman,Potus and Kennedy,WI,0,0.00%
Presidential Electors for,Sherman,Ayyadurai and Ellis,WI,0,0.00%
Presidential Electors for,Sherman,Sonski and Onak,WI,1,0.04%
Presidential Electors for,Sherman,West and Abdullah,WI,0,0.00%
United States Senator,Sherman,Christopher S. Murphy,D,1201,53.83%
United States Senator,Sherman,Matthew M. Corey,R,957,42.90%
United States Senator,Sherman,Christopher S. Murphy,WF,46,2.06%
United States Senator,Sherman,Justin C. Paglino,G,14,0.63%
United States Senator,Sherman,Robert Finley Hyde,CGG,13,0.58%
United States Senator,Sherman,John Flynn,WI,0,0.00%
Representative in Congress 5,Sherman,Jahana Hayes,D,1354,56.00%
Representative in Congress 5,Sherman,George Logan,R,1023,42.31%
Representative in Congress 5,Sherman,Jahana Hayes,WF,41,1.70%
Representative in Congress 5,Sherman,Ahmad AJ Darwish,WI,0,0.00%
Representative in Congress 5,Sherman,Bertram Ferguson,WI,0,0.00%
State Senator 30,Sherman,Justin Potter,D,1118,50.93%
State Senator 30,Sherman,Stephen G. Harding,R,1045,47.61%
State Senator 30,Sherman,Stephen G. Harding,IND,32,1.46%
State Representative 108,Sherman,Anne Weisberg,D,1084,49.09%
State Representative 108,Sherman,Patrick Callahan,R,1088,49.28%
State Representative 108,Sherman,Anne Weisberg,WF,36,1.63%
Registrar of Voters,Sherman,Sara Laughlin,D,1121,51.52%
Registrar of Voters,Sherman,Andrea Maloney,R,1055,48.48%
Presidential Electors for,Simsbury,Harris and Walz,D,10271,63.85%
Presidential Electors for,Simsbury,Trump and Vance,R,5498,34.18%
Presidential Electors for,Simsbury,Stein and Ware,G,108,0.67%
Presidential Electors for,Simsbury,Oliver and ter Maat,LI,94,0.58%
Presidential Electors for,Simsbury,"Kennedy, Jr. and Shanahan",PC,108,0.67%
Presidential Electors for,Simsbury,De la Cruz and Garcia,WI,5,0.03%
Presidential Electors for,Simsbury,Fox and McVay,WI,0,0.00%
Presidential Electors for,Simsbury,McNeil and McNeil,WI,0,0.00%
Presidential Electors for,Simsbury,Potus and Kennedy,WI,0,0.00%
Presidential Electors for,Simsbury,Ayyadurai and Ellis,WI,0,0.00%
Presidential Electors for,Simsbury,Sonski and Onak,WI,0,0.00%
Presidential Electors for,Simsbury,West and Abdullah,WI,1,0.01%
United States Senator,Simsbury,Christopher S. Murphy,D,9816,61.82%
United States Senator,Simsbury,Matthew M. Corey,R,5520,34.76%
United States Senator,Simsbury,Christopher S. Murphy,WF,302,1.90%
United States Senator,Simsbury,Justin C. Paglino,G,125,0.79%
United States Senator,Simsbury,Robert Finley Hyde,CGG,116,0.73%
United States Senator,Simsbury,John Flynn,WI,0,0.00%
Representative in Congress 5,Simsbury,Jahana Hayes,D,9485,59.74%
Representative in Congress 5,Simsbury,George Logan,R,6067,38.21%
Representative in Congress 5,Simsbury,Jahana Hayes,WF,322,2.03%
Representative in Congress 5,Simsbury,Ahmad AJ Darwish,WI,2,0.01%
Representative in Congress 5,Simsbury,Bertram Ferguson,WI,0,0.00%
State Senator 8,Simsbury,Paul Honig,D,8895,56.40%
State Senator 8,Simsbury,Lisa Seminara,R,6359,40.32%
State Senator 8,Simsbury,Paul Honig,WF,272,1.72%
State Senator 8,Simsbury,Lisa Seminara,IND,246,1.56%
State Representative 16,Simsbury,Melissa Osborne,D,9721,61.85%
State Representative 16,Simsbury,Michael Schulitz,R,5997,38.15%
Presidential Electors for,Somers,Harris and Walz,D,2349,40.46%
Presidential Electors for,Somers,Trump and Vance,R,3376,58.15%
Presidential Electors for,Somers,Stein and Ware,G,33,0.57%
Presidential Electors for,Somers,Oliver and ter Maat,LI,18,0.31%
Presidential Electors for,Somers,"Kennedy, Jr. and Shanahan",PC,27,0.47%
Presidential Electors for,Somers,De la Cruz and Garcia,WI,1,0.02%
Presidential Electors for,Somers,Fox and McVay,WI,0,0.00%
Presidential Electors for,Somers,McNeil and McNeil,WI,0,0.00%
Presidential Electors for,Somers,Potus and Kennedy,WI,0,0.00%
Presidential Electors for,Somers,Ayyadurai and Ellis,WI,0,0.00%
Presidential Electors for,Somers,Sonski and Onak,WI,2,0.03%
Presidential Electors for,Somers,West and Abdullah,WI,0,0.00%
United States Senator,Somers,Christopher S. Murphy,D,2275,40.65%
United States Senator,Somers,Matthew M. Corey,R,3115,55.65%
United States Senator,Somers,Christopher S. Murphy,WF,115,2.05%
United States Senator,Somers,Justin C. Paglino,G,34,0.61%
United States Senator,Somers,Robert Finley Hyde,CGG,58,1.04%
United States Senator,Somers,John Flynn,WI,0,0.00%
Representative in Congress 2,Somers,Joe Courtney,D,2503,44.85%
Representative in Congress 2,Somers,Mike France,R,3078,55.15%
Representative in Congress 2,Somers,"Kenneth Kusmierski, Jr.",WI,0,0.00%
Representative in Congress 2,Somers,Jeffery Russell,WI,0,0.00%
State Senator 7,Somers,Cynthia Mangini,D,1855,33.31%
State Senator 7,Somers,John A. Kissel,R,3502,62.88%
State Senator 7,Somers,Cynthia Mangini,WF,101,1.81%
State Senator 7,Somers,John A. Kissel,IND,111,1.99%
State Representative 52,Somers,Ethan R Werstler,D,2131,38.10%
State Representative 52,Somers,Kurt Vail,R,3462,61.90%
Registrar of Voters,Somers,Gloriajean E. Sheiber,D,1882,34.36%
Registrar of Voters,Somers,David P. McCaffrey,R,3595,65.64%
Presidential Electors for,Southbury,Harris and Walz,D,6315,49.65%
Presidential Electors for,Southbury,Trump and Vance,R,6207,48.80%
Presidential Electors for,Southbury,Stein and Ware,G,88,0.69%
Presidential Electors for,Southbury,Oliver and ter Maat,LI,51,0.40%
Presidential Electors for,Southbury,"Kennedy, Jr. and Shanahan",PC,59,0.46%
Presidential Electors for,Southbury,De la Cruz and Garcia,WI,0,0.00%
Presidential Electors for,Southbury,Fox and McVay,WI,0,0.00%
Presidential Electors for,Southbury,McNeil and McNeil,WI,0,0.00%
Presidential Electors for,Southbury,Potus and Kennedy,WI,0,0.00%
Presidential Electors for,Southbury,Ayyadurai and Ellis,WI,0,0.00%
Presidential Electors for,Southbury,Sonski and Onak,WI,0,0.00%
Presidential Electors for,Southbury,West and Abdullah,WI,0,0.00%
United States Senator,Southbury,Christopher S. Murphy,D,6183,49.42%
United States Senator,Southbury,Matthew M. Corey,R,5973,47.75%
United States Senator,Southbury,Christopher S. Murphy,WF,228,1.82%
United States Senator,Southbury,Justin C. Paglino,G,56,0.45%
United States Senator,Southbury,Robert Finley Hyde,CGG,70,0.56%
United States Senator,Southbury,John Flynn,WI,0,0.00%
Representative in Congress 5,Southbury,Jahana Hayes,D,5993,47.75%
Representative in Congress 5,Southbury,George Logan,R,6352,50.61%
Representative in Congress 5,Southbury,Jahana Hayes,WF,193,1.54%
Representative in Congress 5,Southbury,Ahmad AJ Darwish,WI,11,0.09%
Representative in Congress 5,Southbury,Bertram Ferguson,WI,1,0.01%
State Senator 32,Southbury,Jeff Desmarais,D,5763,46.83%
State Senator 32,Southbury,Eric C. Berthel,R,6544,53.17%
State Representative 69,Southbury,Ed Edelson,D,4855,45.56%
State Representative 69,Southbury,Jason Buchsbaum,R,5802,54.44%
State Representative 131,Southbury,Ellen S. Fox,D,744,43.01%
State Representative 131,Southbury,Arnold Jensen,R,961,55.55%
State Representative 131,Southbury,Ellen S. Fox,IND,25,1.45%
Registrar of Voters,Southbury,Mary McDonald,D,5761,47.40%
Registrar of Voters,Southbury,Marie Papaioannou,R,6393,52.60%
Judge of Probate 22 To Fill Vacancy,Southbury,David Labriola,R,8332,100.00%
Presidential Electors for,Southington,Harris and Walz,D,12319,46.54%
Presidential Electors for,Southington,Trump and Vance,R,13755,51.97%
Presidential Electors for,Southington,Stein and Ware,G,144,0.54%
Presidential Electors for,Southington,Oliver and ter Maat,LI,90,0.34%
Presidential Electors for,Southington,"Kennedy, Jr. and Shanahan",PC,152,0.57%
Presidential Electors for,Southington,De la Cruz and Garcia,WI,3,0.01%
Presidential Electors for,Southington,Fox and McVay,WI,0,0.00%
Presidential Electors for,Southington,McNeil and McNeil,WI,0,0.00%
Presidential Electors for,Southington,Potus and Kennedy,WI,0,0.00%
Presidential Electors for,Southington,Ayyadurai and Ellis,WI,0,0.00%
Presidential Electors for,Southington,Sonski and Onak,WI,2,0.01%
Presidential Electors for,Southington,West and Abdullah,WI,2,0.01%
United States Senator,Southington,Christopher S. Murphy,D,12081,46.45%
United States Senator,Southington,Matthew M. Corey,R,12861,49.45%
United States Senator,Southington,Christopher S. Murphy,WF,715,2.75%
United States Senator,Southington,Justin C. Paglino,G,160,0.62%
United States Senator,Southington,Robert Finley Hyde,CGG,189,0.73%
United States Senator,Southington,John Flynn,WI,0,0.00%
Representative in Congress 1,Southington,John B. Larson,D,12008,46.63%
Representative in Congress 1,Southington,Jim Griffin,R,12631,49.05%
Representative in Congress 1,Southington,John B. Larson,WF,773,3.00%
Representative in Congress 1,Southington,Mary L. Sanders,G,337,1.31%
State Senator 16,Southington,Christopher Robertson,D,11211,43.47%
State Senator 16,Southington,Rob Sampson,R,14016,54.35%
State Senator 16,Southington,Christopher Robertson,IND,563,2.18%
State Representative 22,Southington,Rebecca Martinez,D,980,44.79%
State Representative 22,Southington,Francis Rexford Cooley,R,1127,51.51%
State Representative 22,Southington,Rebecca Martinez,WF,41,1.87%
State Representative 22,Southington,Rebecca Martinez,IND,40,1.83%
State Representative 30,Southington,Donna M. Veach,R,3834,100.00%
State Representative 80,Southington,Gale L. Mastrofrancesco,R,3058,100.00%
State Representative 80,Southington,Ashley Kathleen Frazer,WI,0,0.00%
State Representative 81,Southington,Chris Poulos,D,7249,52.32%
State Representative 81,Southington,James E. Morelli Jr.,R,6098,44.01%
State Representative 81,Southington,Chris Poulos,IND,509,3.67%
Registrar of Voters,Southington,Elaine D. Bedard,D,11964,47.36%
Registrar of Voters,Southington,"August A. Palmer, III",R,13298,52.64%
Presidential Electors for,South Windsor,Harris and Walz,D,8554,58.42%
Presidential Electors for,South Windsor,Trump and Vance,R,5715,39.03%
Presidential Electors for,South Windsor,Stein and Ware,G,200,1.37%
Presidential Electors for,South Windsor,Oliver and ter Maat,LI,76,0.52%
Presidential Electors for,South Windsor,"Kennedy, Jr. and Shanahan",PC,81,0.55%
Presidential Electors for,South Windsor,De la Cruz and Garcia,WI,6,0.04%
Presidential Electors for,South Windsor,Fox and McVay,WI,0,0.00%
Presidential Electors for,South Windsor,McNeil and McNeil,WI,0,0.00%
Presidential Electors for,South Windsor,Potus and Kennedy,WI,0,0.00%
Presidential Electors for,South Windsor,Ayyadurai and Ellis,WI,0,0.00%
Presidential Electors for,South Windsor,Sonski and Onak,WI,5,0.03%
Presidential Electors for,South Windsor,West and Abdullah,WI,5,0.03%
United States Senator,South Windsor,Christopher S. Murphy,D,8351,57.94%
United States Senator,South Windsor,Matthew M. Corey,R,5430,37.68%
United States Senator,South Windsor,Christopher S. Murphy,WF,375,2.60%
United States Senator,South Windsor,Justin C. Paglino,G,153,1.06%
United States Senator,South Windsor,Robert Finley Hyde,CGG,103,0.71%
United States Senator,South Windsor,John Flynn,WI,0,0.00%
Representative in Congress 1,South Windsor,John B. Larson,D,8521,59.52%
Representative in Congress 1,South Windsor,Jim Griffin,R,5018,35.05%
Representative in Congress 1,South Windsor,John B. Larson,WF,471,3.29%
Representative in Congress 1,South Windsor,Mary L. Sanders,G,306,2.14%
State Senator 3,South Windsor,Saud Anwar,D,8247,57.37%
State Senator 3,South Windsor,Matt Siracusa,R,5629,39.16%
State Senator 3,South Windsor,Saud Anwar,WF,499,3.47%
State Representative 5,South Windsor,Maryam Khan,D,956,98.76%
State Representative 5,South Windsor,Tracy L. Funnye,WI,12,1.24%
State Representative 14,South Windsor,"Steven King, Jr",D,5536,42.68%
State Representative 14,South Windsor,Tom Delnicki,R,6773,52.22%
State Representative 14,South Windsor,Tom Delnicki,IND,304,2.34%
Registrar of Voters,South Windsor,Sue W. Larsen,D,8322,59.50%
Registrar of Voters,South Windsor,Christine Shaher,R,5664,40.50%
Presidential Electors for,Sprague,Harris and Walz,D,630,41.15%
Presidential Electors for,Sprague,Trump and Vance,R,863,56.37%
Presidential Electors for,Sprague,Stein and Ware,G,12,0.78%
Presidential Electors for,Sprague,Oliver and ter Maat,LI,5,0.33%
Presidential Electors for,Sprague,"Kennedy, Jr. and Shanahan",PC,8,0.52%
Presidential Electors for,Sprague,De la Cruz and Garcia,WI,9,0.59%
Presidential Electors for,Sprague,Fox and McVay,WI,0,0.00%
Presidential Electors for,Sprague,McNeil and McNeil,WI,0,0.00%
Presidential Electors for,Sprague,Potus and Kennedy,WI,0,0.00%
Presidential Electors for,Sprague,Ayyadurai and Ellis,WI,0,0.00%
Presidential Electors for,Sprague,Sonski and Onak,WI,4,0.26%
Presidential Electors for,Sprague,West and Abdullah,WI,0,0.00%
United States Senator,Sprague,Christopher S. Murphy,D,615,41.81%
United States Senator,Sprague,Matthew M. Corey,R,769,52.28%
United States Senator,Sprague,Christopher S. Murphy,WF,44,2.99%
United States Senator,Sprague,Justin C. Paglino,G,21,1.43%
United States Senator,Sprague,Robert Finley Hyde,CGG,21,1.43%
United States Senator,Sprague,John Flynn,WI,1,0.07%
Representative in Congress 2,Sprague,Joe Courtney,D,761,51.31%
Representative in Congress 2,Sprague,Mike France,R,722,48.69%
Representative in Congress 2,Sprague,"Kenneth Kusmierski, Jr.",WI,0,0.00%
Representative in Congress 2,Sprague,Jeffery Russell,WI,0,0.00%
State Senator 19,Sprague,Catherine A. Osten,D,675,45.12%
State Senator 19,Sprague,Jason Guidone,R,749,50.07%
State Senator 19,Sprague,Catherine A. Osten,WF,49,3.28%
State Senator 19,Sprague,Catherine A. Osten,IND,23,1.54%
State Representative 47,Sprague,Aaron Spruance,D,541,36.95%
State Representative 47,Sprague,Doug Dubitsky,R,923,63.05%
Registrar of Voters,Sprague,Jon Illinger,D,590,40.61%
Registrar of Voters,Sprague,Barbara Richardson Crouch,R,863,59.39%
Presidential Electors for,Stafford,Harris and Walz,D,2698,41.64%
Presidential Electors for,Stafford,Trump and Vance,R,3685,56.87%
Presidential Electors for,Stafford,Stein and Ware,G,30,0.46%
Presidential Electors for,Stafford,Oliver and ter Maat,LI,28,0.43%
Presidential Electors for,Stafford,"Kennedy, Jr. and Shanahan",PC,38,0.59%
Presidential Electors for,Stafford,De la Cruz and Garcia,WI,0,0.00%
Presidential Electors for,Stafford,Fox and McVay,WI,0,0.00%
Presidential Electors for,Stafford,McNeil and McNeil,WI,0,0.00%
Presidential Electors for,Stafford,Potus and Kennedy,WI,0,0.00%
Presidential Electors for,Stafford,Ayyadurai and Ellis,WI,0,0.00%
Presidential Electors for,Stafford,Sonski and Onak,WI,1,0.02%
Presidential Electors for,Stafford,West and Abdullah,WI,0,0.00%
United States Senator,Stafford,Christopher S. Murphy,D,2636,42.05%
United States Senator,Stafford,Matthew M. Corey,R,3293,52.53%
United States Senator,Stafford,Christopher S. Murphy,WF,210,3.35%
United States Senator,Stafford,Justin C. Paglino,G,45,0.72%
United States Senator,Stafford,Robert Finley Hyde,CGG,85,1.36%
United States Senator,Stafford,John Flynn,WI,0,0.00%
Representative in Congress 2,Stafford,Joe Courtney,D,3010,48.49%
Representative in Congress 2,Stafford,Mike France,R,3196,51.49%
Representative in Congress 2,Stafford,"Kenneth Kusmierski, Jr.",WI,0,0.00%
Representative in Congress 2,Stafford,Jeffery Russell,WI,1,0.02%
State Senator 35,Stafford,Merry C. Garrett,D,2210,35.96%
State Senator 35,Stafford,Jeff Gordon,R,3727,60.64%
State Senator 35,Stafford,Merry C. Garrett,WF,121,1.97%
State Senator 35,Stafford,Merry C. Garrett,IND,88,1.43%
State Representative 52,Stafford,Ethan R Werstler,D,2729,43.37%
State Representative 52,Stafford,Kurt Vail,R,3563,56.63%
Registrar of Voters,Stafford,Sue Armstrong,D,3050,76.61%
Registrar of Voters,Stafford,Eleanor Canestrari,PC,931,23.39%
Presidential Electors for,Stamford,Harris and Walz,D,35570,62.55%
Presidential Electors for,Stamford,Trump and Vance,R,20370,35.82%
Presidential Electors for,Stamford,Stein and Ware,G,493,0.87%
Presidential Electors for,Stamford,Oliver and ter Maat,LI,196,0.34%
Presidential Electors for,Stamford,"Kennedy, Jr. and Shanahan",PC,223,0.39%
Presidential Electors for,Stamford,De la Cruz and Garcia,WI,7,0.01%
Presidential Electors for,Stamford,Fox and McVay,WI,1,0.00%
Presidential Electors for,Stamford,McNeil and McNeil,WI,0,0.00%
Presidential Electors for,Stamford,Potus and Kennedy,WI,0,0.00%
Presidential Electors for,Stamford,Ayyadurai and Ellis,WI,1,0.00%
Presidential Electors for,Stamford,Sonski and Onak,WI,5,0.01%
Presidential Electors for,Stamford,West and Abdullah,WI,4,0.01%
United States Senator,Stamford,Christopher S. Murphy,D,34454,62.68%
United States Senator,Stamford,Matthew M. Corey,R,18462,33.59%
United States Senator,Stamford,Christopher S. Murphy,WF,1186,2.16%
United States Senator,Stamford,Justin C. Paglino,G,449,0.82%
United States Senator,Stamford,Robert Finley Hyde,CGG,419,0.76%
United States Senator,Stamford,John Flynn,WI,0,0.00%
Representative in Congress 4,Stamford,Jim Himes,D,35262,64.27%
Representative in Congress 4,Stamford,Michael Goldstein,R,18697,34.08%
Representative in Congress 4,Stamford,Benjamin Wesley,IND,905,1.65%
State Senator 26,Stamford,Ceci Maher,D,3728,59.33%
State Senator 26,Stamford,Kami Evans,R,2447,38.95%
State Senator 26,Stamford,Kami Evans,IND,108,1.72%
State Senator 27,Stamford,Pat Billie Miller,D,22303,64.25%
State Senator 27,Stamford,Nicola Tarzia,R,12409,35.75%
State Senator 36,Stamford,Nick Simmons,D,7080,54.06%
State Senator 36,Stamford,Ryan Fazio,R,5821,44.45%
State Senator 36,Stamford,Nick Simmons,IND,196,1.50%
State Representative 125,Stamford,Jason Bennett,D,2563,55.08%
State Representative 125,Stamford,Tom O'Dea,R,2090,44.92%
State Representative 144,Stamford,Hubert Delany,D,6345,64.47%
State Representative 144,Stamford,Layne Rodney,R,3497,35.53%
State Representative 145,Stamford,Corey P. Paris,D,4344,73.02%
State Representative 145,Stamford,Fritz Blau,R,1441,24.22%
State Representative 145,Stamford,Corey P. Paris,WF,164,2.76%
State Representative 146,Stamford,Eilish Collins Main,D,5648,62.23%
State Representative 146,Stamford,Jim Malerba,R,3259,35.91%
State Representative 146,Stamford,Eilish Collins Main,IND,169,1.86%
State Representative 147,Stamford,Matt Blumenthal,D,7246,60.95%
State Representative 147,Stamford,Rudy Settimi,R,4642,39.05%
State Representative 148,Stamford,Jonathan Jacobson,D,4910,64.55%
State Representative 148,Stamford,Olga Anastos,R,2697,35.45%
State Representative 149,Stamford,Rachel Khanna,D,2766,54.04%
State Representative 149,Stamford,Tina Courpas,R,2286,44.67%
State Representative 149,Stamford,Rachel Khanna,IND,66,1.29%
Registrar of Voters,Stamford,Monica Di Costanzo,D,32281,60.90%
Registrar of Voters,Stamford,Lucy Corelli,R,20722,39.10%
Board of Education,Stamford,Julienne Foy,D,32200,31.02%
Board of Education,Stamford,Rebecca Hamman,R,26001,25.05%
Board of Education,Stamford,Prasad Tunga,R,24382,23.49%
Board of Education,Stamford,Luisa Duran,R,21215,20.44%
Presidential Electors for,Sterling,Harris and Walz,D,588,29.09%
Presidential Electors for,Sterling,Trump and Vance,R,1403,69.42%
Presidential Electors for,Sterling,Stein and Ware,G,13,0.64%
Presidential Electors for,Sterling,Oliver and ter Maat,LI,8,0.40%
Presidential Electors for,Sterling,"Kennedy, Jr. and Shanahan",PC,9,0.45%
Presidential Electors for,Sterling,De la Cruz and Garcia,WI,0,0.00%
Presidential Electors for,Sterling,Fox and McVay,WI,0,0.00%
Presidential Electors for,Sterling,McNeil and McNeil,WI,0,0.00%
Presidential Electors for,Sterling,Potus and Kennedy,WI,0,0.00%
Presidential Electors for,Sterling,Ayyadurai and Ellis,WI,0,0.00%
Presidential Electors for,Sterling,Sonski and Onak,WI,0,0.00%
Presidential Electors for,Sterling,West and Abdullah,WI,0,0.00%
United States Senator,Sterling,Christopher S. Murphy,D,588,30.53%
United States Senator,Sterling,Matthew M. Corey,R,1251,64.95%
United States Senator,Sterling,Christopher S. Murphy,WF,49,2.54%
United States Senator,Sterling,Justin C. Paglino,G,12,0.62%
United States Senator,Sterling,Robert Finley Hyde,CGG,26,1.35%
United States Senator,Sterling,John Flynn,WI,0,0.00%
Representative in Congress 2,Sterling,Joe Courtney,D,691,35.88%
Representative in Congress 2,Sterling,Mike France,R,1235,64.12%
Representative in Congress 2,Sterling,"Kenneth Kusmierski, Jr.",WI,0,0.00%
Representative in Congress 2,Sterling,Jeffery Russell,WI,0,0.00%
State Senator 18,Sterling,Andrew M. Parrella,D,460,24.00%
State Senator 18,Sterling,Heather Somers,R,1401,73.08%
State Senator 18,Sterling,Heather Somers,IND,56,2.92%
State Representative 44,Sterling,Samantha Derenthal,D,514,26.84%
State Representative 44,Sterling,Anne Dubay Dauphinais,R,1344,70.18%
State Representative 44,Sterling,Samantha Derenthal,IND,57,2.98%
Registrar of Voters,Sterling,Cathy Levine,D,510,26.87%
Registrar of Voters,Sterling,Tammy Etheridge,R,1388,73.13%
Presidential Electors for,Stonington,Harris and Walz,D,7379,62.63%
Presidential Electors for,Stonington,Trump and Vance,R,4224,35.85%
Presidential Electors for,Stonington,Stein and Ware,G,72,0.61%
Presidential Electors for,Stonington,Oliver and ter Maat,LI,45,0.38%
Presidential Electors for,Stonington,"Kennedy, Jr. and Shanahan",PC,62,0.53%
Presidential Electors for,Stonington,De la Cruz and Garcia,WI,0,0.00%
Presidential Electors for,Stonington,Fox and McVay,WI,0,0.00%
Presidential Electors for,Stonington,McNeil and McNeil,WI,0,0.00%
Presidential Electors for,Stonington,Potus and Kennedy,WI,0,0.00%
Presidential Electors for,Stonington,Ayyadurai and Ellis,WI,0,0.00%
Presidential Electors for,Stonington,Sonski and Onak,WI,0,0.00%
Presidential Electors for,Stonington,West and Abdullah,WI,0,0.00%
United States Senator,Stonington,Christopher S. Murphy,D,7062,61.92%
United States Senator,Stonington,Matthew M. Corey,R,3908,34.27%
United States Senator,Stonington,Christopher S. Murphy,WF,287,2.52%
United States Senator,Stonington,Justin C. Paglino,G,82,0.72%
United States Senator,Stonington,Robert Finley Hyde,CGG,66,0.58%
United States Senator,Stonington,John Flynn,WI,0,0.00%
Representative in Congress 2,Stonington,Joe Courtney,D,7687,67.38%
Representative in Congress 2,Stonington,Mike France,R,3721,32.62%
Representative in Congress 2,Stonington,"Kenneth Kusmierski, Jr.",WI,0,0.00%
Representative in Congress 2,Stonington,Jeffery Russell,WI,0,0.00%
State Senator 18,Stonington,Andrew M. Parrella,D,5470,48.33%
State Senator 18,Stonington,Heather Somers,R,5519,48.76%
State Senator 18,Stonington,Heather Somers,IND,330,2.92%
State Representative 41,Stonington,Aundre Bumgardner,D,3315,89.14%
State Representative 41,Stonington,Aundre Bumgardner,WF,139,3.74%
State Representative 41,Stonington,Aundre Bumgardner,IND,265,7.13%
State Representative 43,Stonington,Ty Lamb,D,2725,41.65%
State Representative 43,Stonington,Greg Howard,R,3817,58.35%
Registrar of Voters,Stonington,Karen O'Keefe,D,6702,60.81%
Registrar of Voters,Stonington,Peggy Roberts,R,4320,39.19%
Presidential Electors for,Stratford,Harris and Walz,D,15708,57.57%
Presidential Electors for,Stratford,Trump and Vance,R,11261,41.27%
Presidential Electors for,Stratford,Stein and Ware,G,165,0.60%
Presidential Electors for,Stratford,Oliver and ter Maat,LI,48,0.18%
Presidential Electors for,Stratford,"Kennedy, Jr. and Shanahan",PC,99,0.36%
Presidential Electors for,Stratford,De la Cruz and Garcia,WI,0,0.00%
Presidential Electors for,Stratford,Fox and McVay,WI,0,0.00%
Presidential Electors for,Stratford,McNeil and McNeil,WI,0,0.00%
Presidential Electors for,Stratford,Potus and Kennedy,WI,0,0.00%
Presidential Electors for,Stratford,Ayyadurai and Ellis,WI,0,0.00%
Presidential Electors for,Stratford,Sonski and Onak,WI,2,0.01%
Presidential Electors for,Stratford,West and Abdullah,WI,0,0.00%
United States Senator,Stratford,Christopher S. Murphy,D,15342,59.45%
United States Senator,Stratford,Matthew M. Corey,R,9228,35.76%
United States Senator,Stratford,Christopher S. Murphy,WF,804,3.12%
United States Senator,Stratford,Justin C. Paglino,G,164,0.64%
United States Senator,Stratford,Robert Finley Hyde,CGG,270,1.05%
United States Senator,Stratford,John Flynn,WI,0,0.00%
Representative in Congress 3,Stratford,Rosa L. DeLauro,D,15689,60.97%
Representative in Congress 3,Stratford,Michael Massey,R,9635,37.44%
Representative in Congress 3,Stratford,Michael Massey,IND,410,1.59%
Representative in Congress 3,Stratford,Leo Almoney,WI,0,0.00%
Representative in Congress 3,Stratford,Omar Scott Antar,WI,0,0.00%
Representative in Congress 3,Stratford,Shahd Omar,WI,0,0.00%
State Senator 21,Stratford,Kevin C. Kelly,R,13133,100.00%
State Senator 23,Stratford,Herron Gaston,D,1948,70.20%
State Senator 23,Stratford,Brian Banacowski,R,624,22.49%
State Senator 23,Stratford,Herron Gaston,WF,109,3.93%
State Representative 120,Stratford,Kaitlyn Shake,D,6569,51.33%
State Representative 120,Stratford,Laura Dancho,R,5642,44.09%
State Representative 120,Stratford,Kaitlyn Shake,WF,357,2.79%
State Representative 120,Stratford,Laura Dancho,IND,229,1.79%
State Representative 121,Stratford,Joseph P. Gresko,D,6572,66.46%
State Representative 121,Stratford,Rafael Irizarry,R,3317,33.54%
State Representative 122,Stratford,"Dorothy ""Dottie"" Lerner",D,1651,53.00%
State Representative 122,Stratford,Ben McGorty,R,1464,47.00%
Registrar of Voters,Stratford,James Simon,D,14464,57.72%
Registrar of Voters,Stratford,Louis A. DeCilio,R,10593,42.28%
Presidential Electors for,Suffield,Harris and Walz,D,4164,48.21%
Presidential Electors for,Suffield,Trump and Vance,R,4331,50.14%
Presidential Electors for,Suffield,Stein and Ware,G,51,0.59%
Presidential Electors for,Suffield,Oliver and ter Maat,LI,39,0.45%
Presidential Electors for,Suffield,"Kennedy, Jr. and Shanahan",PC,47,0.54%
Presidential Electors for,Suffield,De la Cruz and Garcia,WI,0,0.00%
Presidential Electors for,Suffield,Fox and McVay,WI,0,0.00%
Presidential Electors for,Suffield,McNeil and McNeil,WI,0,0.00%
Presidential Electors for,Suffield,Potus and Kennedy,WI,0,0.00%
Presidential Electors for,Suffield,Ayyadurai and Ellis,WI,0,0.00%
Presidential Electors for,Suffield,Sonski and Onak,WI,5,0.06%
Presidential Electors for,Suffield,West and Abdullah,WI,0,0.00%
United States Senator,Suffield,Christopher S. Murphy,D,3926,47.00%
United States Senator,Suffield,Matthew M. Corey,R,4091,48.97%
United States Senator,Suffield,Christopher S. Murphy,WF,216,2.59%
United States Senator,Suffield,Justin C. Paglino,G,46,0.55%
United States Senator,Suffield,Robert Finley Hyde,CGG,75,0.90%
United States Senator,Suffield,John Flynn,WI,0,0.00%
Representative in Congress 2,Suffield,Joe Courtney,D,4288,51.68%
Representative in Congress 2,Suffield,Mike France,R,4008,48.30%
Representative in Congress 2,Suffield,"Kenneth Kusmierski, Jr.",WI,2,0.02%
Representative in Congress 2,Suffield,Jeffery Russell,WI,0,0.00%
State Senator 7,Suffield,Cynthia Mangini,D,3402,41.07%
State Senator 7,Suffield,John A. Kissel,R,4547,54.90%
State Senator 7,Suffield,Cynthia Mangini,WF,164,1.98%
State Senator 7,Suffield,John A. Kissel,IND,170,2.05%
State Representative 61,Suffield,Michael Malloy,D,3129,37.65%
State Representative 61,Suffield,Tami Zawistowski,R,5181,62.35%
Presidential Electors for,Thomaston,Harris and Walz,D,1436,32.55%
Presidential Electors for,Thomaston,Trump and Vance,R,2922,66.23%
Presidential Electors for,Thomaston,Stein and Ware,G,15,0.34%
Presidential Electors for,Thomaston,Oliver and ter Maat,LI,16,0.36%
Presidential Electors for,Thomaston,"Kennedy, Jr. and Shanahan",PC,23,0.52%
Presidential Electors for,Thomaston,De la Cruz and Garcia,WI,0,0.00%
Presidential Electors for,Thomaston,Fox and McVay,WI,0,0.00%
Presidential Electors for,Thomaston,McNeil and McNeil,WI,0,0.00%
Presidential Electors for,Thomaston,Potus and Kennedy,WI,0,0.00%
Presidential Electors for,Thomaston,Ayyadurai and Ellis,WI,0,0.00%
Presidential Electors for,Thomaston,Sonski and Onak,WI,0,0.00%
Presidential Electors for,Thomaston,West and Abdullah,WI,0,0.00%
United States Senator,Thomaston,Christopher S. Murphy,D,1420,32.98%
United States Senator,Thomaston,Matthew M. Corey,R,2688,62.42%
United States Senator,Thomaston,Christopher S. Murphy,WF,125,2.90%
United States Senator,Thomaston,Justin C. Paglino,G,24,0.56%
United States Senator,Thomaston,Robert Finley Hyde,CGG,49,1.14%
United States Senator,Thomaston,John Flynn,WI,0,0.00%
Representative in Congress 5,Thomaston,Jahana Hayes,D,1354,31.06%
Representative in Congress 5,Thomaston,George Logan,R,2907,66.69%
Representative in Congress 5,Thomaston,Jahana Hayes,WF,98,2.25%
Representative in Congress 5,Thomaston,Ahmad AJ Darwish,WI,0,0.00%
Representative in Congress 5,Thomaston,Bertram Ferguson,WI,0,0.00%
State Senator 31,Thomaston,Henri Martin,R,3461,100.00%
State Representative 76,Thomaston,Stephen Simonin,D,1023,23.89%
State Representative 76,Thomaston,John Piscopo,R,3259,76.11%
Presidential Electors for,Thompson,Harris and Walz,D,1800,36.46%
Presidential Electors for,Thompson,Trump and Vance,R,3077,62.33%
Presidential Electors for,Thompson,Stein and Ware,G,22,0.45%
Presidential Electors for,Thompson,Oliver and ter Maat,LI,11,0.22%
Presidential Electors for,Thompson,"Kennedy, Jr. and Shanahan",PC,27,0.55%
Presidential Electors for,Thompson,De la Cruz and Garcia,WI,0,0.00%
Presidential Electors for,Thompson,Fox and McVay,WI,0,0.00%
Presidential Electors for,Thompson,McNeil and McNeil,WI,0,0.00%
Presidential Electors for,Thompson,Potus and Kennedy,WI,0,0.00%
Presidential Electors for,Thompson,Ayyadurai and Ellis,WI,0,0.00%
Presidential Electors for,Thompson,Sonski and Onak,WI,0,0.00%
Presidential Electors for,Thompson,West and Abdullah,WI,0,0.00%
United States Senator,Thompson,Christopher S. Murphy,D,1787,38.02%
United States Senator,Thompson,Matthew M. Corey,R,2641,56.19%
United States Senator,Thompson,Christopher S. Murphy,WF,179,3.81%
United States Senator,Thompson,Justin C. Paglino,G,30,0.64%
United States Senator,Thompson,Robert Finley Hyde,CGG,63,1.34%
United States Senator,Thompson,John Flynn,WI,0,0.00%
Representative in Congress 2,Thompson,Joe Courtney,D,2025,43.48%
Representative in Congress 2,Thompson,Mike France,R,2632,56.52%
Representative in Congress 2,Thompson,"Kenneth Kusmierski, Jr.",WI,0,0.00%
Representative in Congress 2,Thompson,Jeffery Russell,WI,0,0.00%
State Senator 29,Thompson,Mae Flexer,D,1322,33.08%
State Senator 29,Thompson,Chris Reddy,R,2506,62.71%
State Senator 29,Thompson,Mae Flexer,WF,72,1.80%
State Senator 29,Thompson,Mae Flexer,IND,47,1.18%
State Senator 29,Thompson,Alice Leibowitz,G,49,1.23%
State Senator 35,Thompson,Merry C. Garrett,D,211,30.85%
State Senator 35,Thompson,Jeff Gordon,R,450,65.79%
State Senator 35,Thompson,Merry C. Garrett,WF,15,2.19%
State Senator 35,Thompson,Merry C. Garrett,IND,8,1.17%
State Representative 51,Thompson,Renee LaPalme Waldron,D,1972,41.48%
State Representative 51,Thompson,Chris Stewart,R,2487,52.31%
State Representative 51,Thompson,Renee LaPalme Waldron,WF,168,3.53%
State Representative 51,Thompson,Renee LaPalme Waldron,IND,127,2.67%
Registrar of Voters,Thompson,A. Aileen Witkowski,D,1895,41.21%
Registrar of Voters,Thompson,Francis J. McGarry,R,2703,58.79%
Presidential Electors for,Tolland,Harris and Walz,D,4865,52.66%
Presidential Electors for,Tolland,Trump and Vance,R,4193,45.38%
Presidential Electors for,Tolland,Stein and Ware,G,64,0.69%
Presidential Electors for,Tolland,Oliver and ter Maat,LI,42,0.45%
Presidential Electors for,Tolland,"Kennedy, Jr. and Shanahan",PC,74,0.80%
Presidential Electors for,Tolland,De la Cruz and Garcia,WI,1,0.01%
Presidential Electors for,Tolland,Fox and McVay,WI,0,0.00%
Presidential Electors for,Tolland,McNeil and McNeil,WI,0,0.00%
Presidential Electors for,Tolland,Potus and Kennedy,WI,0,0.00%
Presidential Electors for,Tolland,Ayyadurai and Ellis,WI,0,0.00%
Presidential Electors for,Tolland,Sonski and Onak,WI,0,0.00%
Presidential Electors for,Tolland,West and Abdullah,WI,0,0.00%
United States Senator,Tolland,Christopher S. Murphy,D,4626,50.93%
United States Senator,Tolland,Matthew M. Corey,R,4053,44.62%
United States Senator,Tolland,Christopher S. Murphy,WF,244,2.69%
United States Senator,Tolland,Justin C. Paglino,G,77,0.85%
United States Senator,Tolland,Robert Finley Hyde,CGG,83,0.91%
United States Senator,Tolland,John Flynn,WI,0,0.00%
Representative in Congress 2,Tolland,Joe Courtney,D,5172,57.17%
Representative in Congress 2,Tolland,Mike France,R,3875,42.83%
Representative in Congress 2,Tolland,"Kenneth Kusmierski, Jr.",WI,0,0.00%
Representative in Congress 2,Tolland,Jeffery Russell,WI,0,0.00%
State Senator 35,Tolland,Merry C. Garrett,D,4031,44.85%
State Senator 35,Tolland,Jeff Gordon,R,4688,52.16%
State Senator 35,Tolland,Merry C. Garrett,WF,133,1.48%
State Senator 35,Tolland,Merry C. Garrett,IND,136,1.51%
State Representative 8,Tolland,Nancy Hammarstrom,D,300,45.39%
State Representative 8,Tolland,Timothy Ackert,R,347,52.50%
State Representative 8,Tolland,Nancy Hammarstrom,WF,14,2.12%
State Representative 53,Tolland,Ann Bonney,D,3257,38.79%
State Representative 53,Tolland,Tammy Nuccio,R,4832,57.54%
State Representative 53,Tolland,Ann Bonney,WF,123,1.46%
State Representative 53,Tolland,Tammy Nuccio,IND,185,2.20%
Registrar of Voters,Tolland,R. Michael Wyman,D,4477,50.47%
Registrar of Voters,Tolland,Leonard A. Bach,R,4394,49.53%
Judge of Probate 25 To Fill Vacancy,Tolland,Sophia H. Shaikh,D,5822,100.00%
Presidential Electors for,Torrington,Harris and Walz,D,6881,42.23%
Presidential Electors for,Torrington,Trump and Vance,R,9168,56.26%
Presidential Electors for,Torrington,Stein and Ware,G,105,0.64%
Presidential Electors for,Torrington,Oliver and ter Maat,LI,60,0.37%
Presidential Electors for,Torrington,"Kennedy, Jr. and Shanahan",PC,82,0.50%
Presidential Electors for,Torrington,De la Cruz and Garcia,WI,0,0.00%
Presidential Electors for,Torrington,Fox and McVay,WI,0,0.00%
Presidential Electors for,Torrington,McNeil and McNeil,WI,0,0.00%
Presidential Electors for,Torrington,Potus and Kennedy,WI,0,0.00%
Presidential Electors for,Torrington,Ayyadurai and Ellis,WI,0,0.00%
Presidential Electors for,Torrington,Sonski and Onak,WI,0,0.00%
Presidential Electors for,Torrington,West and Abdullah,WI,0,0.00%
United States Senator,Torrington,Christopher S. Murphy,D,7242,44.61%
United States Senator,Torrington,Matthew M. Corey,R,8171,50.33%
United States Senator,Torrington,Christopher S. Murphy,WF,536,3.30%
United States Senator,Torrington,Justin C. Paglino,G,125,0.77%
United States Senator,Torrington,Robert Finley Hyde,CGG,161,0.99%
United States Senator,Torrington,John Flynn,WI,0,0.00%
Representative in Congress 1,Torrington,John B. Larson,D,4160,42.20%
Representative in Congress 1,Torrington,Jim Griffin,R,5165,52.40%
Representative in Congress 1,Torrington,John B. Larson,WF,341,3.46%
Representative in Congress 1,Torrington,Mary L. Sanders,G,191,1.94%
Representative in Congress 5,Torrington,Jahana Hayes,D,2550,44.02%
Representative in Congress 5,Torrington,George Logan,R,3033,52.36%
Representative in Congress 5,Torrington,Jahana Hayes,WF,210,3.63%
Representative in Congress 5,Torrington,Ahmad AJ Darwish,WI,0,0.00%
Representative in Congress 5,Torrington,Bertram Ferguson,WI,0,0.00%
State Senator 8,Torrington,Paul Honig,D,4514,40.25%
State Senator 8,Torrington,Lisa Seminara,R,6186,55.16%
State Senator 8,Torrington,Paul Honig,WF,294,2.62%
State Senator 8,Torrington,Lisa Seminara,IND,220,1.96%
State Senator 30,Torrington,Justin Potter,D,1751,41.39%
State Senator 30,Torrington,Stephen G. Harding,R,2407,56.89%
State Senator 30,Torrington,Stephen G. Harding,IND,73,1.73%
State Representative 63,Torrington,Jay M. Case,R,4780,100.00%
State Representative 65,Torrington,Michelle L. Cook,D,4632,49.71%
State Representative 65,Torrington,Joe Canino,R,4686,50.29%
Registrar of Voters,Torrington,Jacque Williams,D,6666,43.96%
Registrar of Voters,Torrington,Frederick E. Jury,R,8497,56.04%
Presidential Electors for,Trumbull,Harris and Walz,D,11554,51.36%
Presidential Electors for,Trumbull,Trump and Vance,R,10528,46.80%
Presidential Electors for,Trumbull,Stein and Ware,G,204,0.91%
Presidential Electors for,Trumbull,Oliver and ter Maat,LI,97,0.43%
Presidential Electors for,Trumbull,"Kennedy, Jr. and Shanahan",PC,112,0.50%
Presidential Electors for,Trumbull,De la Cruz and Garcia,WI,0,0.00%
Presidential Electors for,Trumbull,Fox and McVay,WI,0,0.00%
Presidential Electors for,Trumbull,McNeil and McNeil,WI,0,0.00%
Presidential Electors for,Trumbull,Potus and Kennedy,WI,0,0.00%
Presidential Electors for,Trumbull,Ayyadurai and Ellis,WI,0,0.00%
Presidential Electors for,Trumbull,Sonski and Onak,WI,0,0.00%
Presidential Electors for,Trumbull,West and Abdullah,WI,0,0.00%
United States Senator,Trumbull,Christopher S. Murphy,D,11485,51.90%
United States Senator,Trumbull,Matthew M. Corey,R,9840,44.47%
United States Senator,Trumbull,Christopher S. Murphy,WF,469,2.12%
United States Senator,Trumbull,Justin C. Paglino,G,182,0.82%
United States Senator,Trumbull,Robert Finley Hyde,CGG,153,0.69%
United States Senator,Trumbull,John Flynn,WI,0,0.00%
Representative in Congress 4,Trumbull,Jim Himes,D,11621,53.07%
Representative in Congress 4,Trumbull,Michael Goldstein,R,9867,45.06%
Representative in Congress 4,Trumbull,Benjamin Wesley,IND,409,1.87%
State Senator 22,Trumbull,Sujata Gadkar-Wilcox,D,10916,50.08%
State Senator 22,Trumbull,Chris Carrena,R,10534,48.33%
State Senator 22,Trumbull,Robert Edward Halstead,IND,346,1.59%
State Senator 22,Trumbull,Louis Anthony Bevilacqua,WI,0,0.00%
State Representative 112,Trumbull,Beth Cliff,D,673,47.76%
State Representative 112,Trumbull,Tony Scott,R,710,50.39%
State Representative 112,Trumbull,Beth Cliff,WF,12,0.85%
State Representative 112,Trumbull,Beth Cliff,IND,14,0.99%
State Representative 122,Trumbull,"Dorothy ""Dottie"" Lerner",D,902,57.12%
State Representative 122,Trumbull,Ben McGorty,R,677,42.88%
State Representative 123,Trumbull,Thomas Tesoro,D,6060,43.78%
State Representative 123,Trumbull,David J. Rutigliano,R,7311,52.82%
State Representative 123,Trumbull,Thomas Tesoro,WF,192,1.39%
State Representative 123,Trumbull,David J. Rutigliano,IND,278,2.01%
State Representative 134,Trumbull,Sarah Keitt,D,1986,48.45%
State Representative 134,Trumbull,Melissa Longo,R,1969,48.04%
State Representative 134,Trumbull,Sarah Keitt,WF,69,1.68%
State Representative 134,Trumbull,Sarah Keitt,IND,75,1.83%
Registrar of Voters,Trumbull,Jean Rabinow,D,10630,49.41%
Registrar of Voters,Trumbull,Tracy S. Vonick,R,10885,50.59%
Presidential Electors for,Union,Harris and Walz,D,235,41.81%
Presidential Electors for,Union,Trump and Vance,R,315,56.05%
Presidential Electors for,Union,Stein and Ware,G,2,0.36%
Presidential Electors for,Union,Oliver and ter Maat,LI,7,1.25%
Presidential Electors for,Union,"Kennedy, Jr. and Shanahan",PC,3,0.53%
Presidential Electors for,Union,De la Cruz and Garcia,WI,0,0.00%
Presidential Electors for,Union,Fox and McVay,WI,0,0.00%
Presidential Electors for,Union,McNeil and McNeil,WI,0,0.00%
Presidential Electors for,Union,Potus and Kennedy,WI,0,0.00%
Presidential Electors for,Union,Ayyadurai and Ellis,WI,0,0.00%
Presidential Electors for,Union,Sonski and Onak,WI,0,0.00%
Presidential Electors for,Union,West and Abdullah,WI,0,0.00%
United States Senator,Union,Christopher S. Murphy,D,223,41.37%
United States Senator,Union,Matthew M. Corey,R,294,54.55%
United States Senator,Union,Christopher S. Murphy,WF,13,2.41%
United States Senator,Union,Justin C. Paglino,G,4,0.74%
United States Senator,Union,Robert Finley Hyde,CGG,5,0.93%
United States Senator,Union,John Flynn,WI,0,0.00%
Representative in Congress 2,Union,Joe Courtney,D,249,46.72%
Representative in Congress 2,Union,Mike France,R,284,53.28%
Representative in Congress 2,Union,"Kenneth Kusmierski, Jr.",WI,0,0.00%
Representative in Congress 2,Union,Jeffery Russell,WI,0,0.00%
State Senator 35,Union,Merry C. Garrett,D,176,33.33%
State Senator 35,Union,Jeff Gordon,R,334,63.26%
State Senator 35,Union,Merry C. Garrett,WF,12,2.27%
State Senator 35,Union,Merry C. Garrett,IND,6,1.14%
State Representative 52,Union,Ethan R Werstler,D,229,42.57%
State Representative 52,Union,Kurt Vail,R,309,57.43%
Presidential Electors for,Vernon,Harris and Walz,D,8723,58.08%
Presidential Electors for,Vernon,Trump and Vance,R,6020,40.08%
Presidential Electors for,Vernon,Stein and Ware,G,134,0.89%
Presidential Electors for,Vernon,Oliver and ter Maat,LI,68,0.45%
Presidential Electors for,Vernon,"Kennedy, Jr. and Shanahan",PC,69,0.46%
Presidential Electors for,Vernon,De la Cruz and Garcia,WI,6,0.04%
Presidential Electors for,Vernon,Fox and McVay,WI,0,0.00%
Presidential Electors for,Vernon,McNeil and McNeil,WI,0,0.00%
Presidential Electors for,Vernon,Potus and Kennedy,WI,0,0.00%
Presidential Electors for,Vernon,Ayyadurai and Ellis,WI,0,0.00%
Presidential Electors for,Vernon,Sonski and Onak,WI,0,0.00%
Presidential Electors for,Vernon,West and Abdullah,WI,0,0.00%
United States Senator,Vernon,Christopher S. Murphy,D,8386,56.84%
United States Senator,Vernon,Matthew M. Corey,R,5581,37.83%
United States Senator,Vernon,Christopher S. Murphy,WF,520,3.52%
United States Senator,Vernon,Justin C. Paglino,G,145,0.98%
United States Senator,Vernon,Robert Finley Hyde,CGG,121,0.82%
United States Senator,Vernon,John Flynn,WI,0,0.00%
Representative in Congress 2,Vernon,Joe Courtney,D,9097,62.36%
Representative in Congress 2,Vernon,Mike France,R,5492,37.64%
Representative in Congress 2,Vernon,"Kenneth Kusmierski, Jr.",WI,0,0.00%
Representative in Congress 2,Vernon,Jeffery Russell,WI,0,0.00%
State Senator 35,Vernon,Merry C. Garrett,D,7544,52.23%
State Senator 35,Vernon,Jeff Gordon,R,6437,44.57%
State Senator 35,Vernon,Merry C. Garrett,WF,281,1.95%
State Senator 35,Vernon,Merry C. Garrett,IND,181,1.25%
State Representative 53,Vernon,Ann Bonney,D,1404,51.30%
State Representative 53,Vernon,Tammy Nuccio,R,1238,45.23%
State Representative 53,Vernon,Ann Bonney,WF,60,2.19%
State Representative 53,Vernon,Tammy Nuccio,IND,35,1.28%
State Representative 56,Vernon,Kevin Brown,D,5869,56.65%
State Representative 56,Vernon,Brian Motola,R,4096,39.54%
State Representative 56,Vernon,Kevin Brown,WF,255,2.46%
State Representative 56,Vernon,Kevin Brown,IND,140,1.35%
State Representative 57,Vernon,Jaime S. Foster,D,815,57.03%
State Representative 57,Vernon,Jennifer Dzen,R,575,40.24%
State Representative 57,Vernon,Jaime S. Foster,IND,39,2.73%
Registrar of Voters,Vernon,Chris Prue,D,7948,55.62%
Registrar of Voters,Vernon,M. Lisa Moody,R,6342,44.38%
Presidential Electors for,Voluntown,Harris and Walz,D,575,37.31%
Presidential Electors for,Voluntown,Trump and Vance,R,929,60.29%
Presidential Electors for,Voluntown,Stein and Ware,G,16,1.04%
Presidential Electors for,Voluntown,Oliver and ter Maat,LI,8,0.52%
Presidential Electors for,Voluntown,"Kennedy, Jr. and Shanahan",PC,11,0.71%
Presidential Electors for,Voluntown,De la Cruz and Garcia,WI,1,0.06%
Presidential Electors for,Voluntown,Fox and McVay,WI,0,0.00%
Presidential Electors for,Voluntown,McNeil and McNeil,WI,0,0.00%
Presidential Electors for,Voluntown,Potus and Kennedy,WI,0,0.00%
Presidential Electors for,Voluntown,Ayyadurai and Ellis,WI,0,0.00%
Presidential Electors for,Voluntown,Sonski and Onak,WI,0,0.00%
Presidential Electors for,Voluntown,West and Abdullah,WI,1,0.06%
United States Senator,Voluntown,Christopher S. Murphy,D,559,38.29%
United States Senator,Voluntown,Matthew M. Corey,R,828,56.71%
United States Senator,Voluntown,Christopher S. Murphy,WF,38,2.60%
United States Senator,Voluntown,Justin C. Paglino,G,13,0.89%
United States Senator,Voluntown,Robert Finley Hyde,CGG,22,1.51%
United States Senator,Voluntown,John Flynn,WI,0,0.00%
Representative in Congress 2,Voluntown,Joe Courtney,D,649,44.45%
Representative in Congress 2,Voluntown,Mike France,R,811,55.55%
Representative in Congress 2,Voluntown,"Kenneth Kusmierski, Jr.",WI,0,0.00%
Representative in Congress 2,Voluntown,Jeffery Russell,WI,0,0.00%
State Senator 18,Voluntown,Andrew M. Parrella,D,372,25.58%
State Senator 18,Voluntown,Heather Somers,R,1038,71.39%
State Senator 18,Voluntown,Heather Somers,IND,44,3.03%
State Representative 45,Voluntown,Kayla Thompson,D,434,29.69%
State Representative 45,Voluntown,Brian L. Lanoue,R,1028,70.31%
Registrar of Voters,Voluntown,Tammy Daigneault,D,494,34.59%
Registrar of Voters,Voluntown,Belinda J. Wiese,R,934,65.41%
Presidential Electors for,Wallingford,Harris and Walz,D,15548,51.33%
Presidential Electors for,Wallingford,Trump and Vance,R,14247,47.03%
Presidential Electors for,Wallingford,Stein and Ware,G,226,0.75%
Presidential Electors for,Wallingford,Oliver and ter Maat,LI,101,0.33%
Presidential Electors for,Wallingford,"Kennedy, Jr. and Shanahan",PC,162,0.53%
Presidential Electors for,Wallingford,De la Cruz and Garcia,WI,2,0.01%
Presidential Electors for,Wallingford,Fox and McVay,WI,0,0.00%
Presidential Electors for,Wallingford,McNeil and McNeil,WI,0,0.00%
Presidential Electors for,Wallingford,Potus and Kennedy,WI,0,0.00%
Presidential Electors for,Wallingford,Ayyadurai and Ellis,WI,1,0.00%
Presidential Electors for,Wallingford,Sonski and Onak,WI,3,0.01%
Presidential Electors for,Wallingford,West and Abdullah,WI,2,0.01%
United States Senator,Wallingford,Christopher S. Murphy,D,15130,51.18%
United States Senator,Wallingford,Matthew M. Corey,R,13036,44.10%
United States Senator,Wallingford,Christopher S. Murphy,WF,884,2.99%
United States Senator,Wallingford,Justin C. Paglino,G,275,0.93%
United States Senator,Wallingford,Robert Finley Hyde,CGG,238,0.81%
United States Senator,Wallingford,John Flynn,WI,0,0.00%
Representative in Congress 3,Wallingford,Rosa L. DeLauro,D,15788,53.61%
Representative in Congress 3,Wallingford,Michael Massey,R,13250,44.99%
Representative in Congress 3,Wallingford,Michael Massey,IND,405,1.38%
Representative in Congress 3,Wallingford,Leo Almoney,WI,0,0.00%
Representative in Congress 3,Wallingford,Omar Scott Antar,WI,0,0.00%
Representative in Congress 3,Wallingford,Shahd Omar,WI,7,0.02%
State Senator 34,Wallingford,Brandi Mandato,D,13177,45.28%
State Senator 34,Wallingford,Paul Cicarella,R,14589,50.14%
State Senator 34,Wallingford,Brandi Mandato,WF,542,1.86%
State Senator 34,Wallingford,Paul Cicarella,IND,520,1.79%
State Senator 34,Wallingford,David A. Bedell,G,270,0.93%
State Representative 85,Wallingford,Mary M. Mushinsky,D,7571,52.12%
State Representative 85,Wallingford,"Jerry Farrell, Jr.",R,6358,43.77%
State Representative 85,Wallingford,Mary M. Mushinsky,WF,392,2.70%
State Representative 85,Wallingford,Mary M. Mushinsky,IND,205,1.41%
State Representative 90,Wallingford,Rebecca Hyland,D,5746,43.65%
State Representative 90,Wallingford,Craig Fishbein,R,6941,52.73%
State Representative 90,Wallingford,Rebecca Hyland,WF,284,2.16%
State Representative 90,Wallingford,Craig Fishbein,IND,193,1.47%
State Representative 103,Wallingford,Liz Linehan,D,1080,100.00%
Registrar of Voters,Wallingford,Thomas Wolfer,D,13668,47.87%
Registrar of Voters,Wallingford,Joan Ives-Parisi,R,14882,52.13%
Presidential Electors for,Warren,Harris and Walz,D,487,50.73%
Presidential Electors for,Warren,Trump and Vance,R,464,48.33%
Presidential Electors for,Warren,Stein and Ware,G,2,0.21%
Presidential Electors for,Warren,Oliver and ter Maat,LI,7,0.73%
Presidential Electors for,Warren,"Kennedy, Jr. and Shanahan",PC,0,0.00%
Presidential Electors for,Warren,De la Cruz and Garcia,WI,0,0.00%
Presidential Electors for,Warren,Fox and McVay,WI,0,0.00%
Presidential Electors for,Warren,McNeil and McNeil,WI,0,0.00%
Presidential Electors for,Warren,Potus and Kennedy,WI,0,0.00%
Presidential Electors for,Warren,Ayyadurai and Ellis,WI,0,0.00%
Presidential Electors for,Warren,Sonski and Onak,WI,0,0.00%
Presidential Electors for,Warren,West and Abdullah,WI,0,0.00%
United States Senator,Warren,Christopher S. Murphy,D,473,50.32%
United States Senator,Warren,Matthew M. Corey,R,432,45.96%
United States Senator,Warren,Christopher S. Murphy,WF,23,2.45%
United States Senator,Warren,Justin C. Paglino,G,3,0.32%
United States Senator,Warren,Robert Finley Hyde,CGG,9,0.96%
United States Senator,Warren,John Flynn,WI,0,0.00%
Representative in Congress 5,Warren,Jahana Hayes,D,466,49.21%
Representative in Congress 5,Warren,George Logan,R,456,48.15%
Representative in Congress 5,Warren,Jahana Hayes,WF,25,2.64%
Representative in Congress 5,Warren,Ahmad AJ Darwish,WI,0,0.00%
Representative in Congress 5,Warren,Bertram Ferguson,WI,0,0.00%
State Senator 30,Warren,Justin Potter,D,470,50.59%
State Senator 30,Warren,Stephen G. Harding,R,447,48.12%
State Senator 30,Warren,Stephen G. Harding,IND,12,1.29%
State Representative 66,Warren,Sharon Sherman,D,448,48.28%
State Representative 66,Warren,Karen Reddington-Hughes,R,480,51.72%
Registrar of Voters,Warren,John F. Morton,D,435,47.39%
Registrar of Voters,Warren,Richard Valine,R,483,52.61%
Presidential Electors for,Washington,Harris and Walz,D,1456,65.44%
Presidential Electors for,Washington,Trump and Vance,R,742,33.35%
Presidential Electors for,Washington,Stein and Ware,G,11,0.49%
Presidential Electors for,Washington,Oliver and ter Maat,LI,11,0.49%
Presidential Electors for,Washington,"Kennedy, Jr. and Shanahan",PC,5,0.22%
Presidential Electors for,Washington,De la Cruz and Garcia,WI,0,0.00%
Presidential Electors for,Washington,Fox and McVay,WI,0,0.00%
Presidential Electors for,Washington,McNeil and McNeil,WI,0,0.00%
Presidential Electors for,Washington,Potus and Kennedy,WI,0,0.00%
Presidential Electors for,Washington,Ayyadurai and Ellis,WI,0,0.00%
Presidential Electors for,Washington,Sonski and Onak,WI,0,0.00%
Presidential Electors for,Washington,West and Abdullah,WI,0,0.00%
United States Senator,Washington,Christopher S. Murphy,D,1406,67.08%
United States Senator,Washington,Matthew M. Corey,R,632,30.15%
United States Senator,Washington,Christopher S. Murphy,WF,30,1.43%
United States Senator,Washington,Justin C. Paglino,G,16,0.76%
United States Senator,Washington,Robert Finley Hyde,CGG,12,0.57%
United States Senator,Washington,John Flynn,WI,0,0.00%
Representative in Congress 5,Washington,Jahana Hayes,D,1371,62.52%
Representative in Congress 5,Washington,George Logan,R,774,35.29%
Representative in Congress 5,Washington,Jahana Hayes,WF,48,2.19%
Representative in Congress 5,Washington,Ahmad AJ Darwish,WI,0,0.00%
Representative in Congress 5,Washington,Bertram Ferguson,WI,0,0.00%
State Senator 30,Washington,Justin Potter,D,446,62.20%
State Senator 30,Washington,Stephen G. Harding,R,262,36.54%
State Senator 30,Washington,Stephen G. Harding,IND,9,1.26%
State Senator 32,Washington,Jeff Desmarais,D,905,64.41%
State Senator 32,Washington,Eric C. Berthel,R,500,35.59%
State Representative 64,Washington,Maria Horn,D,1369,63.64%
State Representative 64,Washington,Barbara L. Breor,R,728,33.84%
State Representative 64,Washington,Maria Horn,WF,32,1.49%
State Representative 64,Washington,Maria Horn,IND,22,1.02%
Registrar of Voters,Washington,Lois Pinney,R,1144,99.48%
Registrar of Voters,Washington,Denise E.S. Arturi,WI,6,0.52%
Judge of Probate 22 To Fill Vacancy,Washington,David Labriola,R,1128,100.00%
Presidential Electors for,Waterbury,Harris and Walz,D,18328,54.81%
Presidential Electors for,Waterbury,Trump and Vance,R,14723,44.03%
Presidential Electors for,Waterbury,Stein and Ware,G,204,0.61%
Presidential Electors for,Waterbury,Oliver and ter Maat,LI,58,0.17%
Presidential Electors for,Waterbury,"Kennedy, Jr. and Shanahan",PC,120,0.36%
Presidential Electors for,Waterbury,De la Cruz and Garcia,WI,3,0.01%
Presidential Electors for,Waterbury,Fox and McVay,WI,0,0.00%
Presidential Electors for,Waterbury,McNeil and McNeil,WI,0,0.00%
Presidential Electors for,Waterbury,Potus and Kennedy,WI,0,0.00%
Presidential Electors for,Waterbury,Ayyadurai and Ellis,WI,0,0.00%
Presidential Electors for,Waterbury,Sonski and Onak,WI,1,0.00%
Presidential Electors for,Waterbury,West and Abdullah,WI,1,0.00%
United States Senator,Waterbury,Christopher S. Murphy,D,17304,55.54%
United States Senator,Waterbury,Matthew M. Corey,R,12078,38.77%
United States Senator,Waterbury,Christopher S. Murphy,WF,1093,3.51%
United States Senator,Waterbury,Justin C. Paglino,G,249,0.80%
United States Senator,Waterbury,Robert Finley Hyde,CGG,430,1.38%
United States Senator,Waterbury,John Flynn,WI,0,0.00%
Representative in Congress 3,Waterbury,Rosa L. DeLauro,D,3090,53.33%
Representative in Congress 3,Waterbury,Michael Massey,R,2585,44.62%
Representative in Congress 3,Waterbury,Michael Massey,IND,119,2.05%
Representative in Congress 3,Waterbury,Leo Almoney,WI,0,0.00%
Representative in Congress 3,Waterbury,Omar Scott Antar,WI,0,0.00%
Representative in Congress 3,Waterbury,Shahd Omar,WI,0,0.00%
Representative in Congress 5,Waterbury,Jahana Hayes,D,14905,56.71%
Representative in Congress 5,Waterbury,George Logan,R,10280,39.11%
Representative in Congress 5,Waterbury,Jahana Hayes,WF,1091,4.15%
Representative in Congress 5,Waterbury,Ahmad AJ Darwish,WI,6,0.02%
Representative in Congress 5,Waterbury,Bertram Ferguson,WI,1,0.00%
State Senator 15,Waterbury,Joan V. Hartley,D,14592,86.46%
State Senator 15,Waterbury,Joan V. Hartley,IND,2285,13.54%
State Senator 16,Waterbury,Christopher Robertson,D,3879,53.69%
State Senator 16,Waterbury,Rob Sampson,R,3099,42.89%
State Senator 16,Waterbury,Christopher Robertson,IND,247,3.42%
State Representative 68,Waterbury,Joe Polletta,R,366,100.00%
State Representative 71,Waterbury,William J. Pizzuto,R,3429,100.00%
State Representative 72,Waterbury,Larry B. Butler,D,3486,89.71%
State Representative 72,Waterbury,Larry B. Butler,IND,400,10.29%
State Representative 73,Waterbury,Ronald A Napoli Jr,D,4583,60.09%
State Representative 73,Waterbury,Abigail Pizarro,R,2560,33.56%
State Representative 73,Waterbury,Ronald A Napoli Jr,WF,265,3.47%
State Representative 73,Waterbury,Ronald A Napoli Jr,IND,219,2.87%
State Representative 74,Waterbury,Michael DiGiovancarlo,D,4817,100.00%
State Representative 75,Waterbury,Geraldo C. Reyes Jr.,D,2848,100.00%
State Representative 89,Waterbury,Lezlye Zupkus,R,524,100.00%
State Representative 89,Waterbury,Stuart R. Korchin,WI,0,0.00%
Registrar of Voters,Waterbury,Teresa Begnal,D,16717,56.57%
Registrar of Voters,Waterbury,Alexandra Desjardins,R,11626,39.34%
Registrar of Voters,Waterbury,Michael J. Telesca,IND,1207,4.08%
Presidential Electors for,Waterford,Harris and Walz,D,6507,54.38%
Presidential Electors for,Waterford,Trump and Vance,R,5258,43.94%
Presidential Electors for,Waterford,Stein and Ware,G,79,0.66%
Presidential Electors for,Waterford,Oliver and ter Maat,LI,57,0.48%
Presidential Electors for,Waterford,"Kennedy, Jr. and Shanahan",PC,61,0.51%
Presidential Electors for,Waterford,De la Cruz and Garcia,WI,2,0.02%
Presidential Electors for,Waterford,Fox and McVay,WI,0,0.00%
Presidential Electors for,Waterford,McNeil and McNeil,WI,0,0.00%
Presidential Electors for,Waterford,Potus and Kennedy,WI,0,0.00%
Presidential Electors for,Waterford,Ayyadurai and Ellis,WI,0,0.00%
Presidential Electors for,Waterford,Sonski and Onak,WI,2,0.02%
Presidential Electors for,Waterford,West and Abdullah,WI,0,0.00%
United States Senator,Waterford,Christopher S. Murphy,D,6364,54.48%
United States Senator,Waterford,Matthew M. Corey,R,4758,40.73%
United States Senator,Waterford,Christopher S. Murphy,WF,334,2.86%
United States Senator,Waterford,Justin C. Paglino,G,106,0.91%
United States Senator,Waterford,Robert Finley Hyde,CGG,120,1.03%
United States Senator,Waterford,John Flynn,WI,0,0.00%
Representative in Congress 2,Waterford,Joe Courtney,D,7229,61.92%
Representative in Congress 2,Waterford,Mike France,R,4445,38.08%
Representative in Congress 2,Waterford,"Kenneth Kusmierski, Jr.",WI,0,0.00%
Representative in Congress 2,Waterford,Jeffery Russell,WI,0,0.00%
State Senator 20,Waterford,Martha Marx,D,5868,50.82%
State Senator 20,Waterford,Shaun Mastroianni,R,5165,44.73%
State Senator 20,Waterford,Martha Marx,WF,302,2.62%
State Senator 20,Waterford,Shaun Mastroianni,IND,212,1.84%
State Representative 38,Waterford,Nick Gauthier,D,5463,46.77%
State Representative 38,Waterford,Kathleen M. McCarty,R,5804,49.69%
State Representative 38,Waterford,Nick Gauthier,WF,249,2.13%
State Representative 38,Waterford,Nick Gauthier,IND,165,1.41%
Registrar of Voters,Waterford,Bigi Ebbin,D,5771,51.19%
Registrar of Voters,Waterford,Patti Waters,R,5502,48.81%
Presidential Electors for,Watertown,Harris and Walz,D,4307,34.25%
Presidential Electors for,Watertown,Trump and Vance,R,8102,64.42%
Presidential Electors for,Watertown,Stein and Ware,G,64,0.51%
Presidential Electors for,Watertown,Oliver and ter Maat,LI,39,0.31%
Presidential Electors for,Watertown,"Kennedy, Jr. and Shanahan",PC,57,0.45%
Presidential Electors for,Watertown,De la Cruz and Garcia,WI,1,0.01%
Presidential Electors for,Watertown,Fox and McVay,WI,0,0.00%
Presidential Electors for,Watertown,McNeil and McNeil,WI,0,0.00%
Presidential Electors for,Watertown,Potus and Kennedy,WI,0,0.00%
Presidential Electors for,Watertown,Ayyadurai and Ellis,WI,0,0.00%
Presidential Electors for,Watertown,Sonski and Onak,WI,1,0.01%
Presidential Electors for,Watertown,West and Abdullah,WI,5,0.04%
United States Senator,Watertown,Christopher S. Murphy,D,4219,34.69%
United States Senator,Watertown,Matthew M. Corey,R,7456,61.31%
United States Senator,Watertown,Christopher S. Murphy,WF,296,2.43%
United States Senator,Watertown,Justin C. Paglino,G,77,0.63%
United States Senator,Watertown,Robert Finley Hyde,CGG,114,0.94%
United States Senator,Watertown,John Flynn,WI,0,0.00%
Representative in Congress 5,Watertown,Jahana Hayes,D,4142,33.74%
Representative in Congress 5,Watertown,George Logan,R,7891,64.27%
Representative in Congress 5,Watertown,Jahana Hayes,WF,241,1.96%
Representative in Congress 5,Watertown,Ahmad AJ Darwish,WI,3,0.02%
Representative in Congress 5,Watertown,Bertram Ferguson,WI,0,0.00%
State Senator 32,Watertown,Jeff Desmarais,D,3915,32.52%
State Senator 32,Watertown,Eric C. Berthel,R,8123,67.48%
State Representative 68,Watertown,Joe Polletta,R,9539,100.00%
Registrar of Voters,Watertown,Diane  Stengl,D,3874,32.89%
Registrar of Voters,Watertown,Christine Shields,R,7905,67.11%
Judge of Probate 22 To Fill Vacancy,Watertown,David Labriola,R,9364,100.00%
Presidential Electors for,Westbrook,Harris and Walz,D,2178,51.45%
Presidential Electors for,Westbrook,Trump and Vance,R,2006,47.39%
Presidential Electors for,Westbrook,Stein and Ware,G,13,0.31%
Presidential Electors for,Westbrook,Oliver and ter Maat,LI,13,0.31%
Presidential Electors for,Westbrook,"Kennedy, Jr. and Shanahan",PC,22,0.52%
Presidential Electors for,Westbrook,De la Cruz and Garcia,WI,1,0.02%
Presidential Electors for,Westbrook,Fox and McVay,WI,0,0.00%
Presidential Electors for,Westbrook,McNeil and McNeil,WI,0,0.00%
Presidential Electors for,Westbrook,Potus and Kennedy,WI,0,0.00%
Presidential Electors for,Westbrook,Ayyadurai and Ellis,WI,0,0.00%
Presidential Electors for,Westbrook,Sonski and Onak,WI,0,0.00%
Presidential Electors for,Westbrook,West and Abdullah,WI,0,0.00%
United States Senator,Westbrook,Christopher S. Murphy,D,2127,51.46%
United States Senator,Westbrook,Matthew M. Corey,R,1852,44.81%
United States Senator,Westbrook,Christopher S. Murphy,WF,93,2.25%
United States Senator,Westbrook,Justin C. Paglino,G,25,0.60%
United States Senator,Westbrook,Robert Finley Hyde,CGG,36,0.87%
United States Senator,Westbrook,John Flynn,WI,0,0.00%
Representative in Congress 2,Westbrook,Joe Courtney,D,2258,54.85%
Representative in Congress 2,Westbrook,Mike France,R,1859,45.15%
Representative in Congress 2,Westbrook,"Kenneth Kusmierski, Jr.",WI,0,0.00%
Representative in Congress 2,Westbrook,Jeffery Russell,WI,0,0.00%
State Senator 33,Westbrook,Norm Needleman,D,2160,52.66%
State Senator 33,Westbrook,Jeffery Duigou,R,1858,45.29%
State Senator 33,Westbrook,Norm Needleman,IND,84,2.05%
State Representative 23,Westbrook,Jane Wisialowski,D,807,44.73%
State Representative 23,Westbrook,Devin R Carney,R,940,52.11%
State Representative 23,Westbrook,Jane Wisialowski,WF,20,1.11%
State Representative 23,Westbrook,Devin R Carney,IND,37,2.05%
State Representative 35,Westbrook,Cinzia Lettieri,D,1082,47.29%
State Representative 35,Westbrook,Chris Aniskovich,R,1129,49.34%
State Representative 35,Westbrook,Cinzia Lettieri,WF,44,1.92%
State Representative 35,Westbrook,Chris Aniskovich,IND,33,1.44%
Registrar of Voters,Westbrook,James Crawford,D,2154,52.94%
Registrar of Voters,Westbrook,Megan E. Ruppenicker,R,1915,47.06%
Presidential Electors for,West Hartford,Harris and Walz,D,26254,74.03%
Presidential Electors for,West Hartford,Trump and Vance,R,8494,23.95%
Presidential Electors for,West Hartford,Stein and Ware,G,378,1.07%
Presidential Electors for,West Hartford,Oliver and ter Maat,LI,154,0.43%
Presidential Electors for,West Hartford,"Kennedy, Jr. and Shanahan",PC,167,0.47%
Presidential Electors for,West Hartford,De la Cruz and Garcia,WI,6,0.02%
Presidential Electors for,West Hartford,Fox and McVay,WI,0,0.00%
Presidential Electors for,West Hartford,McNeil and McNeil,WI,0,0.00%
Presidential Electors for,West Hartford,Potus and Kennedy,WI,0,0.00%
Presidential Electors for,West Hartford,Ayyadurai and Ellis,WI,0,0.00%
Presidential Electors for,West Hartford,Sonski and Onak,WI,3,0.01%
Presidential Electors for,West Hartford,West and Abdullah,WI,8,0.02%
United States Senator,West Hartford,Christopher S. Murphy,D,24993,71.75%
United States Senator,West Hartford,Matthew M. Corey,R,8222,23.60%
United States Senator,West Hartford,Christopher S. Murphy,WF,992,2.85%
United States Senator,West Hartford,Justin C. Paglino,G,409,1.17%
United States Senator,West Hartford,Robert Finley Hyde,CGG,216,0.62%
United States Senator,West Hartford,John Flynn,WI,0,0.00%
Representative in Congress 1,West Hartford,John B. Larson,D,24796,71.79%
Representative in Congress 1,West Hartford,Jim Griffin,R,7972,23.08%
Representative in Congress 1,West Hartford,John B. Larson,WF,1046,3.03%
Representative in Congress 1,West Hartford,Mary L. Sanders,G,728,2.11%
State Senator 5,West Hartford,Derek Slap,D,25479,74.69%
State Senator 5,West Hartford,Kyla Zimmermann,R,8633,25.31%
State Representative 6,West Hartford,"James ""Jimmy"" Sanchez",D,409,94.24%
State Representative 6,West Hartford,Alyssa Peterson,PC,25,5.76%
State Representative 15,West Hartford,Bobby Gibson,D,628,76.40%
State Representative 15,West Hartford,Quentin Johnson,R,194,23.60%
State Representative 18,West Hartford,Jillian Gilchrest,D,10113,100.00%
State Representative 19,West Hartford,Tammy Exum,D,9795,100.00%
State Representative 20,West Hartford,Kate Farrar,D,5615,90.46%
State Representative 20,West Hartford,Kate Farrar,WF,592,9.54%
Registrar of Voters,West Hartford,Elizabeth Rousseau,D,24193,71.91%
Registrar of Voters,West Hartford,Beth Kyle,R,9450,28.09%
Presidential Electors for,West Haven,Harris and Walz,D,12310,60.00%
Presidential Electors for,West Haven,Trump and Vance,R,7949,38.74%
Presidential Electors for,West Haven,Stein and Ware,G,157,0.77%
Presidential Electors for,West Haven,Oliver and ter Maat,LI,38,0.19%
Presidential Electors for,West Haven,"Kennedy, Jr. and Shanahan",PC,63,0.31%
Presidential Electors for,West Haven,De la Cruz and Garcia,WI,0,0.00%
Presidential Electors for,West Haven,Fox and McVay,WI,0,0.00%
Presidential Electors for,West Haven,McNeil and McNeil,WI,0,0.00%
Presidential Electors for,West Haven,Potus and Kennedy,WI,0,0.00%
Presidential Electors for,West Haven,Ayyadurai and Ellis,WI,0,0.00%
Presidential Electors for,West Haven,Sonski and Onak,WI,0,0.00%
Presidential Electors for,West Haven,West and Abdullah,WI,0,0.00%
United States Senator,West Haven,Christopher S. Murphy,D,11898,60.81%
United States Senator,West Haven,Matthew M. Corey,R,6789,34.70%
United States Senator,West Haven,Christopher S. Murphy,WF,563,2.88%
United States Senator,West Haven,Justin C. Paglino,G,163,0.83%
United States Senator,West Haven,Robert Finley Hyde,CGG,153,0.78%
United States Senator,West Haven,John Flynn,WI,0,0.00%
Representative in Congress 3,West Haven,Rosa L. DeLauro,D,12437,63.61%
Representative in Congress 3,West Haven,Michael Massey,R,6865,35.11%
Representative in Congress 3,West Haven,Michael Massey,IND,249,1.27%
Representative in Congress 3,West Haven,Leo Almoney,WI,0,0.00%
Representative in Congress 3,West Haven,Omar Scott Antar,WI,0,0.00%
Representative in Congress 3,West Haven,Shahd Omar,WI,0,0.00%
State Senator 10,West Haven,Gary Winfield,D,5118,68.86%
State Senator 10,West Haven,Nyrell Moore,R,1977,26.60%
State Senator 10,West Haven,Gary Winfield,WF,215,2.89%
State Senator 10,West Haven,Nyrell Moore,IND,123,1.65%
State Senator 14,West Haven,James Maroney,D,6453,54.44%
State Senator 14,West Haven,Steven Johnstone,R,5185,43.74%
State Senator 14,West Haven,James Maroney,IND,216,1.82%
State Representative 115,West Haven,William J. Heffernan III,D,5705,100.00%
State Representative 116,West Haven,Trenee McGee,D,4521,100.00%
State Representative 117,West Haven,MJ Shannon,D,2498,47.50%
State Representative 117,West Haven,Raymond V. Collins III,R,2645,50.29%
State Representative 117,West Haven,MJ Shannon,WF,63,1.20%
State Representative 117,West Haven,MJ Shannon,IND,53,1.01%
Registrar of Voters,West Haven,Sherri Lepper,D,11599,61.26%
Registrar of Voters,West Haven,Jo Ann Callegari,R,7334,38.74%
Presidential Electors for,Weston,Harris and Walz,D,4294,69.18%
Presidential Electors for,Weston,Trump and Vance,R,1797,28.95%
Presidential Electors for,Weston,Stein and Ware,G,55,0.89%
Presidential Electors for,Weston,Oliver and ter Maat,LI,29,0.47%
Presidential Electors for,Weston,"Kennedy, Jr. and Shanahan",PC,30,0.48%
Presidential Electors for,Weston,De la Cruz and Garcia,WI,1,0.02%
Presidential Electors for,Weston,Fox and McVay,WI,0,0.00%
Presidential Electors for,Weston,McNeil and McNeil,WI,0,0.00%
Presidential Electors for,Weston,Potus and Kennedy,WI,0,0.00%
Presidential Electors for,Weston,Ayyadurai and Ellis,WI,0,0.00%
Presidential Electors for,Weston,Sonski and Onak,WI,0,0.00%
Presidential Electors for,Weston,West and Abdullah,WI,1,0.02%
United States Senator,Weston,Christopher S. Murphy,D,4142,67.10%
United States Senator,Weston,Matthew M. Corey,R,1875,30.37%
United States Senator,Weston,Christopher S. Murphy,WF,72,1.17%
United States Senator,Weston,Justin C. Paglino,G,63,1.02%
United States Senator,Weston,Robert Finley Hyde,CGG,21,0.34%
United States Senator,Weston,John Flynn,WI,0,0.00%
Representative in Congress 4,Weston,Jim Himes,D,4173,67.60%
Representative in Congress 4,Weston,Michael Goldstein,R,1892,30.65%
Representative in Congress 4,Weston,Benjamin Wesley,IND,108,1.75%
State Senator 26,Weston,Ceci Maher,D,3934,64.59%
State Senator 26,Weston,Kami Evans,R,2053,33.71%
State Senator 26,Weston,Kami Evans,IND,104,1.71%
State Representative 135,Weston,Anne Hughes,D,3812,62.42%
State Representative 135,Weston,Christopher Peritore,R,2065,33.81%
State Representative 135,Weston,Anne Hughes,WF,63,1.03%
State Representative 135,Weston,Christopher Peritore,IND,167,2.73%
Registrar of Voters,Weston,Darcy Barrera-Hawes,D,3894,64.38%
Registrar of Voters,Weston,Tammy Herzog Roberts,R,2154,35.62%
Presidential Electors for,Westport,Harris and Walz,D,11769,71.41%
Presidential Electors for,Westport,Trump and Vance,R,4476,27.16%
Presidential Electors for,Westport,Stein and Ware,G,89,0.54%
Presidential Electors for,Westport,Oliver and ter Maat,LI,83,0.50%
Presidential Electors for,Westport,"Kennedy, Jr. and Shanahan",PC,63,0.38%
Presidential Electors for,Westport,De la Cruz and Garcia,WI,1,0.01%
Presidential Electors for,Westport,Fox and McVay,WI,0,0.00%
Presidential Electors for,Westport,McNeil and McNeil,WI,0,0.00%
Presidential Electors for,Westport,Potus and Kennedy,WI,0,0.00%
Presidential Electors for,Westport,Ayyadurai and Ellis,WI,0,0.00%
Presidential Electors for,Westport,Sonski and Onak,WI,0,0.00%
Presidential Electors for,Westport,West and Abdullah,WI,1,0.01%
United States Senator,Westport,Christopher S. Murphy,D,11276,69.33%
United States Senator,Westport,Matthew M. Corey,R,4661,28.66%
United States Senator,Westport,Christopher S. Murphy,WF,192,1.18%
United States Senator,Westport,Justin C. Paglino,G,87,0.53%
United States Senator,Westport,Robert Finley Hyde,CGG,49,0.30%
United States Senator,Westport,John Flynn,WI,0,0.00%
Representative in Congress 4,Westport,Jim Himes,D,11408,70.07%
Representative in Congress 4,Westport,Michael Goldstein,R,4708,28.92%
Representative in Congress 4,Westport,Benjamin Wesley,IND,164,1.01%
State Senator 26,Westport,Ceci Maher,D,10637,66.37%
State Senator 26,Westport,Kami Evans,R,5197,32.43%
State Senator 26,Westport,Kami Evans,IND,193,1.20%
State Representative 136,Westport,Jonathan Steinberg,D,9435,67.63%
State Representative 136,Westport,John Bolton,R,4515,32.37%
State Representative 143,Westport,Dominique Johnson,D,1351,66.55%
State Representative 143,Westport,Peter Bang,R,635,31.28%
State Representative 143,Westport,Dominique Johnson,WF,22,1.08%
State Representative 143,Westport,Dominique Johnson,IND,22,1.08%
Presidential Electors for,Wethersfield,Harris and Walz,D,8807,56.59%
Presidential Electors for,Wethersfield,Trump and Vance,R,6462,41.52%
Presidential Electors for,Wethersfield,Stein and Ware,G,142,0.91%
Presidential Electors for,Wethersfield,Oliver and ter Maat,LI,57,0.37%
Presidential Electors for,Wethersfield,"Kennedy, Jr. and Shanahan",PC,80,0.51%
Presidential Electors for,Wethersfield,De la Cruz and Garcia,WI,11,0.07%
Presidential Electors for,Wethersfield,Fox and McVay,WI,2,0.01%
Presidential Electors for,Wethersfield,McNeil and McNeil,WI,0,0.00%
Presidential Electors for,Wethersfield,Potus and Kennedy,WI,0,0.00%
Presidential Electors for,Wethersfield,Ayyadurai and Ellis,WI,0,0.00%
Presidential Electors for,Wethersfield,Sonski and Onak,WI,1,0.01%
Presidential Electors for,Wethersfield,West and Abdullah,WI,0,0.00%
United States Senator,Wethersfield,Christopher S. Murphy,D,8552,56.08%
United States Senator,Wethersfield,Matthew M. Corey,R,6057,39.72%
United States Senator,Wethersfield,Christopher S. Murphy,WF,366,2.40%
United States Senator,Wethersfield,Justin C. Paglino,G,160,1.05%
United States Senator,Wethersfield,Robert Finley Hyde,CGG,116,0.76%
United States Senator,Wethersfield,John Flynn,WI,0,0.00%
Representative in Congress 1,Wethersfield,John B. Larson,D,8523,56.27%
Representative in Congress 1,Wethersfield,Jim Griffin,R,5851,38.63%
Representative in Congress 1,Wethersfield,John B. Larson,WF,429,2.83%
Representative in Congress 1,Wethersfield,Mary L. Sanders,G,344,2.27%
State Senator 1,Wethersfield,John W. Fonfara,D,7929,84.82%
State Senator 1,Wethersfield,Luis R. Delgado,G,1419,15.18%
State Senator 9,Wethersfield,Matthew Lesser,D,1266,84.12%
State Senator 9,Wethersfield,Matthew Lesser,WF,125,8.31%
State Senator 9,Wethersfield,Matthew Lesser,IND,114,7.57%
State Representative 28,Wethersfield,Amy Morrin Bello,D,7557,55.94%
State Representative 28,Wethersfield,William Davidson,R,5480,40.56%
State Representative 28,Wethersfield,Amy Morrin Bello,WF,473,3.50%
State Representative 29,Wethersfield,Kerry Szeps Wood,D,1006,64.53%
State Representative 29,Wethersfield,Edward V. Charamut,R,553,35.47%
Registrar of Voters,Wethersfield,Maria Susanin,D,8259,55.66%
Registrar of Voters,Wethersfield,Carol Garvey-Hurley,R,6580,44.34%
Presidential Electors for,Willington,Harris and Walz,D,1489,46.81%
Presidential Electors for,Willington,Trump and Vance,R,1620,50.93%
Presidential Electors for,Willington,Stein and Ware,G,29,0.91%
Presidential Electors for,Willington,Oliver and ter Maat,LI,21,0.66%
Presidential Electors for,Willington,"Kennedy, Jr. and Shanahan",PC,20,0.63%
Presidential Electors for,Willington,De la Cruz and Garcia,WI,1,0.03%
Presidential Electors for,Willington,Fox and McVay,WI,0,0.00%
Presidential Electors for,Willington,McNeil and McNeil,WI,0,0.00%
Presidential Electors for,Willington,Potus and Kennedy,WI,0,0.00%
Presidential Electors for,Willington,Ayyadurai and Ellis,WI,0,0.00%
Presidential Electors for,Willington,Sonski and Onak,WI,0,0.00%
Presidential Electors for,Willington,West and Abdullah,WI,1,0.03%
United States Senator,Willington,Christopher S. Murphy,D,1441,46.91%
United States Senator,Willington,Matthew M. Corey,R,1488,48.44%
United States Senator,Willington,Christopher S. Murphy,WF,80,2.60%
United States Senator,Willington,Justin C. Paglino,G,28,0.91%
United States Senator,Willington,Robert Finley Hyde,CGG,35,1.14%
United States Senator,Willington,John Flynn,WI,0,0.00%
Representative in Congress 2,Willington,Joe Courtney,D,1669,53.70%
Representative in Congress 2,Willington,Mike France,R,1439,46.30%
Representative in Congress 2,Willington,"Kenneth Kusmierski, Jr.",WI,0,0.00%
Representative in Congress 2,Willington,Jeffery Russell,WI,0,0.00%
State Senator 35,Willington,Merry C. Garrett,D,1269,41.65%
State Senator 35,Willington,Jeff Gordon,R,1686,55.33%
State Senator 35,Willington,Merry C. Garrett,WF,55,1.81%
State Senator 35,Willington,Merry C. Garrett,IND,37,1.21%
State Representative 53,Willington,Ann Bonney,D,1214,40.20%
State Representative 53,Willington,Tammy Nuccio,R,1691,55.99%
State Representative 53,Willington,Ann Bonney,WF,60,1.99%
State Representative 53,Willington,Tammy Nuccio,IND,55,1.82%
Registrar of Voters,Willington,Christine Psathas,D,1318,43.86%
Registrar of Voters,Willington,Suzanne G. Chapman,R,1687,56.14%
Judge of Probate 25 To Fill Vacancy,Willington,Sophia H. Shaikh,D,1786,100.00%
Presidential Electors for,Wilton,Harris and Walz,D,7054,64.42%
Presidential Electors for,Wilton,Trump and Vance,R,3689,33.69%
Presidential Electors for,Wilton,Stein and Ware,G,99,0.90%
Presidential Electors for,Wilton,Oliver and ter Maat,LI,60,0.55%
Presidential Electors for,Wilton,"Kennedy, Jr. and Shanahan",PC,48,0.44%
Presidential Electors for,Wilton,De la Cruz and Garcia,WI,0,0.00%
Presidential Electors for,Wilton,Fox and McVay,WI,0,0.00%
Presidential Electors for,Wilton,McNeil and McNeil,WI,0,0.00%
Presidential Electors for,Wilton,Potus and Kennedy,WI,0,0.00%
Presidential Electors for,Wilton,Ayyadurai and Ellis,WI,0,0.00%
Presidential Electors for,Wilton,Sonski and Onak,WI,0,0.00%
Presidential Electors for,Wilton,West and Abdullah,WI,0,0.00%
United States Senator,Wilton,Christopher S. Murphy,D,6668,61.26%
United States Senator,Wilton,Matthew M. Corey,R,3918,36.00%
United States Senator,Wilton,Christopher S. Murphy,WF,156,1.43%
United States Senator,Wilton,Justin C. Paglino,G,98,0.90%
United States Senator,Wilton,Robert Finley Hyde,CGG,44,0.40%
United States Senator,Wilton,John Flynn,WI,0,0.00%
Representative in Congress 4,Wilton,Jim Himes,D,6763,62.23%
Representative in Congress 4,Wilton,Michael Goldstein,R,3922,36.09%
Representative in Congress 4,Wilton,Benjamin Wesley,IND,183,1.68%
State Senator 26,Wilton,Ceci Maher,D,6349,59.14%
State Senator 26,Wilton,Kami Evans,R,4216,39.27%
State Senator 26,Wilton,Kami Evans,IND,170,1.58%
State Representative 42,Wilton,Savet Constantine,D,5643,52.28%
State Representative 42,Wilton,Kim Healy,R,4903,45.43%
State Representative 42,Wilton,Kim Healy,IND,247,2.29%
Registrar of Voters,Wilton,Karen A. Birck,D,6268,59.32%
Registrar of Voters,Wilton,Annalisa Stravato-Favarolo,R,4298,40.68%
Presidential Electors for,Winchester,Harris and Walz,D,2310,42.75%
Presidential Electors for,Winchester,Trump and Vance,R,3000,55.51%
Presidential Electors for,Winchester,Stein and Ware,G,39,0.72%
Presidential Electors for,Winchester,Oliver and ter Maat,LI,22,0.41%
Presidential Electors for,Winchester,"Kennedy, Jr. and Shanahan",PC,33,0.61%
Presidential Electors for,Winchester,De la Cruz and Garcia,WI,0,0.00%
Presidential Electors for,Winchester,Fox and McVay,WI,0,0.00%
Presidential Electors for,Winchester,McNeil and McNeil,WI,0,0.00%
Presidential Electors for,Winchester,Potus and Kennedy,WI,0,0.00%
Presidential Electors for,Winchester,Ayyadurai and Ellis,WI,0,0.00%
Presidential Electors for,Winchester,Sonski and Onak,WI,0,0.00%
Presidential Electors for,Winchester,West and Abdullah,WI,0,0.00%
United States Senator,Winchester,Christopher S. Murphy,D,2220,42.23%
United States Senator,Winchester,Matthew M. Corey,R,2751,52.33%
United States Senator,Winchester,Christopher S. Murphy,WF,155,2.95%
United States Senator,Winchester,Justin C. Paglino,G,56,1.07%
United States Senator,Winchester,Robert Finley Hyde,CGG,75,1.43%
United States Senator,Winchester,John Flynn,WI,0,0.00%
Representative in Congress 1,Winchester,John B. Larson,D,2209,42.47%
Representative in Congress 1,Winchester,Jim Griffin,R,2706,52.03%
Representative in Congress 1,Winchester,John B. Larson,WF,178,3.42%
Representative in Congress 1,Winchester,Mary L. Sanders,G,108,2.08%
State Senator 30,Winchester,Justin Potter,D,2054,39.76%
State Senator 30,Winchester,Stephen G. Harding,R,2988,57.84%
State Senator 30,Winchester,Stephen G. Harding,IND,124,2.40%
State Representative 63,Winchester,Jay M. Case,R,3975,100.00%
Registrar of Voters,Winchester,Barbara Braunstein,D,1921,37.77%
Registrar of Voters,Winchester,Deborah Jones,R,3165,62.23%
Presidential Electors for,Windham,Harris and Walz,D,4718,58.83%
Presidential Electors for,Windham,Trump and Vance,R,3127,38.99%
Presidential Electors for,Windham,Stein and Ware,G,81,1.01%
Presidential Electors for,Windham,Oliver and ter Maat,LI,33,0.41%
Presidential Electors for,Windham,"Kennedy, Jr. and Shanahan",PC,53,0.66%
Presidential Electors for,Windham,De la Cruz and Garcia,WI,2,0.02%
Presidential Electors for,Windham,Fox and McVay,WI,0,0.00%
Presidential Electors for,Windham,McNeil and McNeil,WI,0,0.00%
Presidential Electors for,Windham,Potus and Kennedy,WI,0,0.00%
Presidential Electors for,Windham,Ayyadurai and Ellis,WI,0,0.00%
Presidential Electors for,Windham,Sonski and Onak,WI,3,0.04%
Presidential Electors for,Windham,West and Abdullah,WI,3,0.04%
United States Senator,Windham,Christopher S. Murphy,D,4369,57.94%
United States Senator,Windham,Matthew M. Corey,R,2595,34.41%
United States Senator,Windham,Christopher S. Murphy,WF,361,4.79%
United States Senator,Windham,Justin C. Paglino,G,118,1.56%
United States Senator,Windham,Robert Finley Hyde,CGG,98,1.30%
United States Senator,Windham,John Flynn,WI,0,0.00%
Representative in Congress 2,Windham,Joe Courtney,D,4922,65.83%
Representative in Congress 2,Windham,Mike France,R,2555,34.17%
Representative in Congress 2,Windham,"Kenneth Kusmierski, Jr.",WI,0,0.00%
Representative in Congress 2,Windham,Jeffery Russell,WI,0,0.00%
State Senator 29,Windham,Mae Flexer,D,3988,53.20%
State Senator 29,Windham,Chris Reddy,R,2941,39.23%
State Senator 29,Windham,Mae Flexer,WF,270,3.60%
State Senator 29,Windham,Mae Flexer,IND,96,1.28%
State Senator 29,Windham,Alice Leibowitz,G,201,2.68%
State Representative 49,Windham,Susan Johnson,D,4628,84.59%
State Representative 49,Windham,Susan Johnson,WF,843,15.41%
Registrar of Voters,Windham,Luis Daniel Rodriguez,D,4165,56.66%
Registrar of Voters,Windham,Kimberly Desaulniers,R,2837,38.59%
Registrar of Voters,Windham,Jessica Watson,G,349,4.75%
Judge of Probate 28 To Fill Vacancy,Windham,George A. Baker,D,4234,58.23%
Judge of Probate 28 To Fill Vacancy,Windham,Douglas T. Stearns,R,3037,41.77%
Presidential Electors for,Windsor,Harris and Walz,D,12280,73.16%
Presidential Electors for,Windsor,Trump and Vance,R,4176,24.88%
Presidential Electors for,Windsor,Stein and Ware,G,191,1.14%
Presidential Electors for,Windsor,Oliver and ter Maat,LI,55,0.33%
Presidential Electors for,Windsor,"Kennedy, Jr. and Shanahan",PC,72,0.43%
Presidential Electors for,Windsor,De la Cruz and Garcia,WI,2,0.01%
Presidential Electors for,Windsor,Fox and McVay,WI,0,0.00%
Presidential Electors for,Windsor,McNeil and McNeil,WI,0,0.00%
Presidential Electors for,Windsor,Potus and Kennedy,WI,0,0.00%
Presidential Electors for,Windsor,Ayyadurai and Ellis,WI,0,0.00%
Presidential Electors for,Windsor,Sonski and Onak,WI,9,0.05%
Presidential Electors for,Windsor,West and Abdullah,WI,0,0.00%
United States Senator,Windsor,Christopher S. Murphy,D,11688,71.69%
United States Senator,Windsor,Matthew M. Corey,R,3816,23.41%
United States Senator,Windsor,Christopher S. Murphy,WF,450,2.76%
United States Senator,Windsor,Justin C. Paglino,G,187,1.15%
United States Senator,Windsor,Robert Finley Hyde,CGG,163,1.00%
United States Senator,Windsor,John Flynn,WI,0,0.00%
Representative in Congress 1,Windsor,John B. Larson,D,11623,71.35%
Representative in Congress 1,Windsor,Jim Griffin,R,3804,23.35%
Representative in Congress 1,Windsor,John B. Larson,WF,483,2.97%
Representative in Congress 1,Windsor,Mary L. Sanders,G,379,2.33%
State Senator 2,Windsor,Douglas McCrory,D,10553,74.33%
State Senator 2,Windsor,Kristin Hoffman,R,3644,25.67%
State Senator 7,Windsor,Cynthia Mangini,D,944,54.22%
State Senator 7,Windsor,John A. Kissel,R,718,41.24%
State Senator 7,Windsor,Cynthia Mangini,WF,48,2.76%
State Senator 7,Windsor,John A. Kissel,IND,31,1.78%
State Representative 5,Windsor,Maryam Khan,D,5589,100.00%
State Representative 5,Windsor,Tracy L. Funnye,WI,0,0.00%
State Representative 60,Windsor,Jane Garibay,D,6328,66.03%
State Representative 60,Windsor,Lenworth Walker,R,2910,30.36%
State Representative 60,Windsor,Jane Garibay,WF,233,2.43%
State Representative 60,Windsor,Jane Garibay,IND,113,1.18%
Registrar of Voters,Windsor,Anita M. Mips,D,11819,74.65%
Registrar of Voters,Windsor,Victoria Virgo-Christie,R,4014,25.35%
Presidential Electors for,Windsor Locks,Harris and Walz,D,3402,50.91%
Presidential Electors for,Windsor Locks,Trump and Vance,R,3169,47.43%
Presidential Electors for,Windsor Locks,Stein and Ware,G,66,0.99%
Presidential Electors for,Windsor Locks,Oliver and ter Maat,LI,16,0.24%
Presidential Electors for,Windsor Locks,"Kennedy, Jr. and Shanahan",PC,27,0.40%
Presidential Electors for,Windsor Locks,De la Cruz and Garcia,WI,2,0.03%
Presidential Electors for,Windsor Locks,Fox and McVay,WI,0,0.00%
Presidential Electors for,Windsor Locks,McNeil and McNeil,WI,0,0.00%
Presidential Electors for,Windsor Locks,Potus and Kennedy,WI,0,0.00%
Presidential Electors for,Windsor Locks,Ayyadurai and Ellis,WI,0,0.00%
Presidential Electors for,Windsor Locks,Sonski and Onak,WI,0,0.00%
Presidential Electors for,Windsor Locks,West and Abdullah,WI,0,0.00%
United States Senator,Windsor Locks,Christopher S. Murphy,D,3278,50.30%
United States Senator,Windsor Locks,Matthew M. Corey,R,2812,43.15%
United States Senator,Windsor Locks,Christopher S. Murphy,WF,246,3.77%
United States Senator,Windsor Locks,Justin C. Paglino,G,83,1.27%
United States Senator,Windsor Locks,Robert Finley Hyde,CGG,98,1.50%
United States Senator,Windsor Locks,John Flynn,WI,0,0.00%
Representative in Congress 1,Windsor Locks,John B. Larson,D,3322,51.27%
Representative in Congress 1,Windsor Locks,Jim Griffin,R,2743,42.33%
Representative in Congress 1,Windsor Locks,John B. Larson,WF,250,3.86%
Representative in Congress 1,Windsor Locks,Mary L. Sanders,G,165,2.55%
State Senator 7,Windsor Locks,Cynthia Mangini,D,2867,44.37%
State Senator 7,Windsor Locks,John A. Kissel,R,3247,50.25%
State Senator 7,Windsor Locks,Cynthia Mangini,WF,174,2.69%
State Senator 7,Windsor Locks,John A. Kissel,IND,174,2.69%
State Representative 60,Windsor Locks,Jane Garibay,D,1907,50.01%
State Representative 60,Windsor Locks,Lenworth Walker,R,1719,45.08%
State Representative 60,Windsor Locks,Jane Garibay,WF,131,3.44%
State Representative 60,Windsor Locks,Jane Garibay,IND,56,1.47%
State Representative 61,Windsor Locks,Michael Malloy,D,1171,46.67%
State Representative 61,Windsor Locks,Tami Zawistowski,R,1338,53.33%
Presidential Electors for,Wolcott,Harris and Walz,D,3189,32.95%
Presidential Electors for,Wolcott,Trump and Vance,R,6343,65.54%
Presidential Electors for,Wolcott,Stein and Ware,G,76,0.79%
Presidential Electors for,Wolcott,Oliver and ter Maat,LI,24,0.25%
Presidential Electors for,Wolcott,"Kennedy, Jr. and Shanahan",PC,45,0.46%
Presidential Electors for,Wolcott,De la Cruz and Garcia,WI,0,0.00%
Presidential Electors for,Wolcott,Fox and McVay,WI,0,0.00%
Presidential Electors for,Wolcott,McNeil and McNeil,WI,0,0.00%
Presidential Electors for,Wolcott,Potus and Kennedy,WI,0,0.00%
Presidential Electors for,Wolcott,Ayyadurai and Ellis,WI,0,0.00%
Presidential Electors for,Wolcott,Sonski and Onak,WI,0,0.00%
Presidential Electors for,Wolcott,West and Abdullah,WI,1,0.01%
United States Senator,Wolcott,Christopher S. Murphy,D,3081,32.72%
United States Senator,Wolcott,Matthew M. Corey,R,5871,62.36%
United States Senator,Wolcott,Christopher S. Murphy,WF,304,3.23%
United States Senator,Wolcott,Justin C. Paglino,G,70,0.74%
United States Senator,Wolcott,Robert Finley Hyde,CGG,89,0.95%
United States Senator,Wolcott,John Flynn,WI,0,0.00%
Representative in Congress 5,Wolcott,Jahana Hayes,D,3030,32.08%
Representative in Congress 5,Wolcott,George Logan,R,6189,65.53%
Representative in Congress 5,Wolcott,Jahana Hayes,WF,223,2.36%
Representative in Congress 5,Wolcott,Ahmad AJ Darwish,WI,3,0.03%
Representative in Congress 5,Wolcott,Bertram Ferguson,WI,0,0.00%
State Senator 16,Wolcott,Christopher Robertson,D,2656,28.46%
State Senator 16,Wolcott,Rob Sampson,R,6502,69.66%
State Senator 16,Wolcott,Christopher Robertson,IND,176,1.89%
State Representative 80,Wolcott,Gale L. Mastrofrancesco,R,7193,100.00%
State Representative 80,Wolcott,Ashley Kathleen Frazer,WI,0,0.00%
Presidential Electors for,Woodbridge,Harris and Walz,D,3515,64.79%
Presidential Electors for,Woodbridge,Trump and Vance,R,1800,33.18%
Presidential Electors for,Woodbridge,Stein and Ware,G,61,1.12%
Presidential Electors for,Woodbridge,Oliver and ter Maat,LI,17,0.31%
Presidential Electors for,Woodbridge,"Kennedy, Jr. and Shanahan",PC,31,0.57%
Presidential Electors for,Woodbridge,De la Cruz and Garcia,WI,1,0.02%
Presidential Electors for,Woodbridge,Fox and McVay,WI,0,0.00%
Presidential Electors for,Woodbridge,McNeil and McNeil,WI,0,0.00%
Presidential Electors for,Woodbridge,Potus and Kennedy,WI,0,0.00%
Presidential Electors for,Woodbridge,Ayyadurai and Ellis,WI,0,0.00%
Presidential Electors for,Woodbridge,Sonski and Onak,WI,0,0.00%
Presidential Electors for,Woodbridge,West and Abdullah,WI,0,0.00%
United States Senator,Woodbridge,Christopher S. Murphy,D,3410,63.82%
United States Senator,Woodbridge,Matthew M. Corey,R,1699,31.80%
United States Senator,Woodbridge,Christopher S. Murphy,WF,133,2.49%
United States Senator,Woodbridge,Justin C. Paglino,G,67,1.25%
United States Senator,Woodbridge,Robert Finley Hyde,CGG,34,0.64%
United States Senator,Woodbridge,John Flynn,WI,0,0.00%
Representative in Congress 3,Woodbridge,Rosa L. DeLauro,D,3434,64.84%
Representative in Congress 3,Woodbridge,Michael Massey,R,1763,33.29%
Representative in Congress 3,Woodbridge,Michael Massey,IND,91,1.72%
Representative in Congress 3,Woodbridge,Leo Almoney,WI,0,0.00%
Representative in Congress 3,Woodbridge,Omar Scott Antar,WI,0,0.00%
Representative in Congress 3,Woodbridge,Shahd Omar,WI,8,0.15%
State Senator 14,Woodbridge,James Maroney,D,517,59.36%
State Senator 14,Woodbridge,Steven Johnstone,R,326,37.43%
State Senator 14,Woodbridge,James Maroney,IND,28,3.21%
State Senator 17,Woodbridge,Jorge Cabrera,D,2927,87.09%
State Senator 17,Woodbridge,Jorge Cabrera,WF,191,5.68%
State Senator 17,Woodbridge,Jorge Cabrera,IND,243,7.23%
State Representative 114,Woodbridge,Mary Welander,D,3538,88.81%
State Representative 114,Woodbridge,Mary Welander,IND,446,11.19%
Registrar of Voters,Woodbridge,Pennell Hamilton,D,3146,61.12%
Registrar of Voters,Woodbridge,Anna Dickerson,R,2001,38.88%
Presidential Electors for,Woodbury,Harris and Walz,D,3091,47.86%
Presidential Electors for,Woodbury,Trump and Vance,R,3278,50.76%
Presidential Electors for,Woodbury,Stein and Ware,G,28,0.43%
Presidential Electors for,Woodbury,Oliver and ter Maat,LI,22,0.34%
Presidential Electors for,Woodbury,"Kennedy, Jr. and Shanahan",PC,31,0.48%
Presidential Electors for,Woodbury,De la Cruz and Garcia,WI,4,0.06%
Presidential Electors for,Woodbury,Fox and McVay,WI,0,0.00%
Presidential Electors for,Woodbury,McNeil and McNeil,WI,0,0.00%
Presidential Electors for,Woodbury,Potus and Kennedy,WI,0,0.00%
Presidential Electors for,Woodbury,Ayyadurai and Ellis,WI,0,0.00%
Presidential Electors for,Woodbury,Sonski and Onak,WI,0,0.00%
Presidential Electors for,Woodbury,West and Abdullah,WI,4,0.06%
United States Senator,Woodbury,Christopher S. Murphy,D,2987,47.19%
United States Senator,Woodbury,Matthew M. Corey,R,3156,49.86%
United States Senator,Woodbury,Christopher S. Murphy,WF,119,1.88%
United States Senator,Woodbury,Justin C. Paglino,G,40,0.63%
United States Senator,Woodbury,Robert Finley Hyde,CGG,28,0.44%
United States Senator,Woodbury,John Flynn,WI,0,0.00%
Representative in Congress 5,Woodbury,Jahana Hayes,D,2980,46.77%
Representative in Congress 5,Woodbury,George Logan,R,3275,51.40%
Representative in Congress 5,Woodbury,Jahana Hayes,WF,116,1.82%
Representative in Congress 5,Woodbury,Ahmad AJ Darwish,WI,0,0.00%
Representative in Congress 5,Woodbury,Bertram Ferguson,WI,0,0.00%
State Senator 32,Woodbury,Jeff Desmarais,D,2854,45.61%
State Senator 32,Woodbury,Eric C. Berthel,R,3403,54.39%
State Representative 66,Woodbury,Sharon Sherman,D,2762,44.23%
State Representative 66,Woodbury,Karen Reddington-Hughes,R,3482,55.77%
Registrar of Voters,Woodbury,Daniel Lonegan,D,2841,45.75%
Registrar of Voters,Woodbury,Lisa M. Amatruda,R,3369,54.25%
Judge of Probate 22 To Fill Vacancy,Woodbury,David Labriola,R,4051,100.00%
Presidential Electors for,Woodstock,Harris and Walz,D,2451,47.41%
Presidential Electors for,Woodstock,Trump and Vance,R,2639,51.04%
Presidential Electors for,Woodstock,Stein and Ware,G,27,0.52%
Presidential Electors for,Woodstock,Oliver and ter Maat,LI,27,0.52%
Presidential Electors for,Woodstock,"Kennedy, Jr. and Shanahan",PC,26,0.50%
Presidential Electors for,Woodstock,De la Cruz and Garcia,WI,0,0.00%
Presidential Electors for,Woodstock,Fox and McVay,WI,0,0.00%
Presidential Electors for,Woodstock,McNeil and McNeil,WI,0,0.00%
Presidential Electors for,Woodstock,Potus and Kennedy,WI,0,0.00%
Presidential Electors for,Woodstock,Ayyadurai and Ellis,WI,0,0.00%
Presidential Electors for,Woodstock,Sonski and Onak,WI,0,0.00%
Presidential Electors for,Woodstock,West and Abdullah,WI,0,0.00%
United States Senator,Woodstock,Christopher S. Murphy,D,2393,49.54%
United States Senator,Woodstock,Matthew M. Corey,R,2252,46.63%
United States Senator,Woodstock,Christopher S. Murphy,WF,102,2.11%
United States Senator,Woodstock,Justin C. Paglino,G,37,0.77%
United States Senator,Woodstock,Robert Finley Hyde,CGG,46,0.95%
United States Senator,Woodstock,John Flynn,WI,0,0.00%
Representative in Congress 2,Woodstock,Joe Courtney,D,2619,52.04%
Representative in Congress 2,Woodstock,Mike France,R,2414,47.96%
Representative in Congress 2,Woodstock,"Kenneth Kusmierski, Jr.",WI,0,0.00%
Representative in Congress 2,Woodstock,Jeffery Russell,WI,0,0.00%
State Senator 35,Woodstock,Merry C. Garrett,D,1899,37.70%
State Senator 35,Woodstock,Jeff Gordon,R,3057,60.69%
State Senator 35,Woodstock,Merry C. Garrett,WF,47,0.93%
State Senator 35,Woodstock,Merry C. Garrett,IND,34,0.68%
State Representative 50,Woodstock,Pat Boyd,D,1783,100.00%
State Representative 52,Woodstock,Ethan R Werstler,D,1113,50.59%
State Representative 52,Woodstock,Kurt Vail,R,1087,49.41%
