office,town,candidate,party,votes,vote_percent
Mayor,statewide,"Robert ""Bobby"" Sanchez",D,0,0.00%
Mayor,statewide,Sharon Beloin-Saavedra,R,0,0.00%
Mayor,statewide,"Robert ""Bobby"" Sanchez",WF,0,0.00%
Mayor,statewide,Tarsha Renee Moore,PC,0,0.00%
Mayor,statewide,Alfred P. Mayo,PC,0,0.00%
Mayor,statewide,Sebastian Pirola,WI,0,0.00%
Mayor,statewide,Joseph L. DiMartino,D,0,0.00%
Mayor,statewide,Scott Derby,R,0,0.00%
First Selectman,statewide,Marc Matsil,D,651,33.01%
First Selectman,statewide,Michael R Criss,R,1321,66.99%
First Selectman,statewide,Eric Couture,D,0,0.00%
First Selectman,statewide,John A. Samperi,R,0,0.00%
First Selectman,statewide,Robert C Yamartino,R,876,100.00%
First Selectman,statewide,Gerard Smith,R,0,0.00%
Town Council,statewide,Marie E. Diamond,D,0,0.00%
Town Council,statewide,"Vincent J. Mase, Sr.",D,0,0.00%
Town Council,statewide,Craig C. Miller,D,0,0.00%
Town Council,statewide,Christopher N. Heon,D,0,0.00%
Town Council,statewide,Daniel J. Seiden,D,0,0.00%
Town Council,statewide,Bruce E. Abelson,D,0,0.00%
Town Council,statewide,Rose Angeloni,R,0,0.00%
Town Council,statewide,Thomas P. Zampano,R,0,0.00%
Town Council,statewide,Jeffrey Macmillen,R,0,0.00%
Town Council,statewide,"Walter L. Goad, Jr.",R,0,0.00%
Town Council,statewide,"Ronald Pelliccia, Jr.",R,0,0.00%
Town Council,statewide,"Robert H. Whitworth, Jr.",R,0,0.00%
First Selectman,statewide,Daniel Cunningham,D,0,0.00%
First Selectman,statewide,Anne Santoro,R,0,0.00%
Town Council at Large,statewide,Gregory Wolff,D,0,0.00%
Town Council at Large,statewide,Peter J. Talbot,D,0,0.00%
Town Council at Large,statewide,Debrah Manke,D,0,0.00%
Town Council at Large,statewide,A. Fiona Pearson,D,0,0.00%
Town Council at Large,statewide,Louis Todisco,D,0,0.00%
Town Council at Large,statewide,Gregg Johnstone,R,0,0.00%
Town Council at Large,statewide,Tom Bartley,R,0,0.00%
Town Council at Large,statewide,James Bulger,R,0,0.00%
Town Council at Large,statewide,John Milone,R,0,0.00%
Town Council at Large,statewide,Jeff Falk,R,0,0.00%
First Selectman,statewide,Jason Hayes,D,0,0.00%
First Selectman,statewide,Eden Wimpfheimer,R,0,0.00%
Town Council,statewide,Maura Fitzgerald,D,0,0.00%
Town Council,statewide,Craig Zimmerman,D,0,0.00%
Town Council,statewide,"Steven King, Jr.",D,0,0.00%
Town Council,statewide,Andy Paterna,D,0,0.00%
Town Council,statewide,Harrison Amadasun,D,0,0.00%
Town Council,statewide,Elizabeth Pendleton,D,0,0.00%
Town Council,statewide,Carolyn C. Carey,R,0,0.00%
Town Council,statewide,Audrey Delnicki,R,0,0.00%
Town Council,statewide,Michael Buganski,R,0,0.00%
Town Council,statewide,Steve Cordeiro,R,0,0.00%
Town Council,statewide,Mike Ouellette,R,0,0.00%
Town Council,statewide,"Richard M. Balboni, Jr.",R,0,0.00%
Mayor,statewide,Caroline Simmons,D,0,0.00%
Mayor,statewide,Nicola Tarzia,R,0,0.00%
Mayor,statewide,Caroline Simmons,IND,0,0.00%
Mayor,statewide,David Cherniack,WI,0,0.00%
Mayor,statewide,Fritz Chery,WI,0,0.00%
Mayor,statewide,"Michael T. Loughran, Jr.",WI,0,0.00%
Mayor,statewide,Ellen Zoppo-Sassu,D,0,0.00%
Mayor,statewide,Jeffrey Caggiano,R,0,0.00%
Selectmen,statewide,Richard McCarty,D,0,0.00%
Selectmen,statewide,David Tatkow,D,0,0.00%
Selectmen,statewide,Andrew Warren,R,0,0.00%
First Selectman,statewide,Samantha Nestor,D,0,0.00%
Town Council,statewide,Kristen Marie Guida,D,0,0.00%
Town Council,statewide,Chris Palmieri,D,0,0.00%
Town Council,statewide,Shawn Grindle,D,0,0.00%
Town Council,statewide,George Doherty,D,0,0.00%
Town Council,statewide,"Charles E. Green, Jr.",D,0,0.00%
Town Council,statewide,David Zoni,D,0,0.00%
Town Council,statewide,Tony Morrison,R,0,0.00%
Town Council,statewide,Michael DelSanto,R,0,0.00%
Town Council,statewide,Joshua Serafino,R,0,0.00%
Town Council,statewide,"Paul Chaplinsky, Jr.",R,0,0.00%
Town Council,statewide,Jennifer Clock,R,0,0.00%
Town Council,statewide,Jim Morelli,R,0,0.00%
Mayor,statewide,Singh Swarnjit,D,0,0.00%
Mayor,statewide,Stacy Gould,R,0,0.00%
Mayor,statewide,Marcia K Wilbur,PC,0,0.00%
Town Council,statewide,Anthony Weber,D,0,0.00%
Town Council,statewide,Dan Polhamus,D,0,0.00%
Town Council,statewide,Barbara Ausiello,D,0,0.00%
Town Council,statewide,Erin Barthel,D,0,0.00%
Town Council,statewide,Margaret Bratton,R,0,0.00%
Town Council,statewide,Raj Subbu,R,0,0.00%
Town Council,statewide,Dan Carvahlo,R,0,0.00%
Town Council,statewide,Brian Loveless,R,0,0.00%
Mayor,statewide,Pete Hess,D,3372,100.00%
Mayor,statewide,Allan Smith,D,0,0.00%
Mayor,statewide,Lisa Marotta,R,0,0.00%
City Clerk,statewide,Michael J. Dalton,D,0,0.00%
Board of Selectman,statewide,Sarah Faulkner,D,0,0.00%
Board of Selectman,statewide,Sarah Hague,D,0,0.00%
Board of Selectman,statewide,Steve Sedor,R,0,0.00%
Town Council,statewide,Carrie F. Allen,D,0,0.00%
Town Council,statewide,Chris Passante,D,0,0.00%
Town Council,statewide,Jeremiah Dunn,R,0,0.00%
Town Council,statewide,Michael Shove,R,0,0.00%
Town Council,statewide,Darleen Klase,D,0,0.00%
Town Council,statewide,Nuchette Black-Burke,D,0,0.00%
Town Council,statewide,Ojala Naeem,D,0,0.00%
Town Council,statewide,Anthony King,D,0,0.00%
Town Council,statewide,Mary L. Armstrong,D,0,0.00%
Town Council,statewide,Sophia Tetteh,R,0,0.00%
Town Council,statewide,William Pelkey,R,0,0.00%
Town Council,statewide,James F. Durant,R,0,0.00%
Town Council,statewide,Kristin Gluck Hoffman,R,0,0.00%
Town Council,statewide,Ronald Eleveld,R,0,0.00%
First Selectman,statewide,Paul A. Zulpa,R,0,0.00%
First Selectman,statewide,Glenn S. Pianka,R,0,0.00%
First Selectman,statewide,Michael J. McCormack,D,0,0.00%
First Selectman,statewide,"Vincent F. Cipriano, Jr.",R,0,0.00%
First Selectman,statewide,Jennifer A. Mahr,PC,0,0.00%
Mayor,statewide,Bette Lynn Paez,D,0,0.00%
Mayor,statewide,Mark A. Lauretti,R,0,0.00%
Mayor,statewide,David A. Eldridge,PC,0,0.00%
Town Clerk,statewide,JoAnn Doyle,R,0,0.00%
Selectmen,statewide,Susan R. McFarland,D,1081,37.70%
Selectmen,statewide,Anthony M. Bratz,D,1025,35.75%
Selectmen,statewide,Robert J. Fraulino Sr.,R,761,26.54%
First Selectman,statewide,Deborah A. Richards,D,0,0.00%
First Selectman,statewide,Deborah A. Richards,R,0,0.00%
First Selectman,statewide,Michael D. Schultz,PC,0,0.00%
First Selectman,statewide,Raymond Butkus,D,0,0.00%
First Selectman,statewide,Michael Pelton,R,0,0.00%
First Selectman,statewide,Tim O'Neil,D,0,0.00%
First Selectman,statewide,Jeffrey A. Manville,R,0,0.00%
Town Council,statewide,Lisa Thomas,D,0,0.00%
Town Council,statewide,Peter Larson,D,0,0.00%
Town Council,statewide,Matthew Kyer,D,0,0.00%
Town Council,statewide,Robyn Gallagher,D,0,0.00%
Town Council,statewide,Jonathan Hand,D,0,0.00%
Town Council,statewide,Mark Wheaton,R,0,0.00%
Town Council,statewide,Matthew O'Brien,R,0,0.00%
Town Council,statewide,John French,R,0,0.00%
Town Council,statewide,Julie A. Blanchard,R,0,0.00%
Town Council,statewide,Luke Kunz,R,0,0.00%
Mayor,statewide,Thomas DeVivo,D,0,0.00%
Mayor,statewide,Hailey Desaulniers,R,0,0.00%
Mayor,statewide,Thomas DeVivo,BL,0,0.00%
First Selectman,statewide,Andrew Irby,D,751,34.20%
First Selectman,statewide,Nick Donohue,R,1445,65.80%
Town Council,statewide,James C. Thompson,D,0,0.00%
Town Council,statewide,Carmen N. Garcia-Irizarry,D,0,0.00%
Town Council,statewide,Adrienne Parad,D,0,0.00%
Town Council,statewide,Jessica Buhle,D,0,0.00%
Town Council,statewide,April Brunelle,D,0,0.00%
Town Council,statewide,Gary A. St. Vil,D,0,0.00%
Town Council,statewide,Caitlyn Greco,R,0,0.00%
Town Council,statewide,William Barnes,R,0,0.00%
Town Council,statewide,Gary R. McKeon,R,0,0.00%
Town Council,statewide,Whit Irwin,R,0,0.00%
Town Council,statewide,Tim Ryan,R,0,0.00%
Town Council,statewide,Ty Lamb,R,0,0.00%
First Selectman,statewide,Thomas Sparkman,R,0,0.00%
First Selectman,statewide,Sandra Allyn-Gauthier,D,0,0.00%
First Selectman,statewide,Sandra Allyn-Gauthier,R,0,0.00%
Councilor District #1,statewide,Linda Allegro,D,0,0.00%
Councilor District #1,statewide,Ken Nelson Jr,R,0,0.00%
Town Council,statewide,Ben Wenograd,D,0,0.00%
Town Council,statewide,Shari Cantor,D,0,0.00%
Town Council,statewide,Tiffani McGinnis,D,0,0.00%
Town Council,statewide,Barry Walters,D,0,0.00%
Town Council,statewide,Deb Polun,D,0,0.00%
Town Council,statewide,Lisa Lazarus,D,0,0.00%
Town Council,statewide,John Lyons,R,0,0.00%
Town Council,statewide,Alberto Cortes,R,0,0.00%
Town Council,statewide,Kyle Zelazny,R,0,0.00%
Town Council,statewide,Benjamin Lewis,R,0,0.00%
Town Council,statewide,Gayle Harris,R,0,0.00%
Town Council,statewide,Sijie Jason Wang,R,0,0.00%
Town Council,statewide,Michael Oliver,D,0,0.00%
Town Council,statewide,Suzette DeBeatham-Brown,D,0,0.00%
Town Council,statewide,Darrell Goodwin,D,0,0.00%
Town Council,statewide,Anthony (Tony) Harrington,D,0,0.00%
Town Council,statewide,Todd Cooper,D,0,0.00%
Town Council,statewide,Cindi Lloyd,D,0,0.00%
Town Council,statewide,Thomas S. Moore,R,0,0.00%
Town Council,statewide,Elizabeth Waterhouse,R,0,0.00%
Town Council,statewide,Shamar Mahon,R,0,0.00%
Town Council,statewide,Joseph Merritt,R,0,0.00%
Town Council,statewide,Vivilyn Smith,R,0,0.00%
Town Council,statewide,Seth M. Pitts,R,0,0.00%
Town Council,statewide,Rickford Kirton,WI,0,0.00%
First Selectman,statewide,Bruce Walczak,D,0,0.00%
First Selectman,statewide,Jeff Capeci,R,0,0.00%
First Selectman,statewide,Bruce Walczak,IND,0,0.00%
Mayor,statewide,Jeremy Geller,D,0,0.00%
Mayor,statewide,Dan Champagne,R,0,0.00%
First Selectman,statewide,Leon Ambrosey,D,0,0.00%
First Selectman,statewide,Terrence P. Rooney,R,0,0.00%
Board of Selectman,statewide,Jan  Lawrence,D,1622,34.68%
Board of Selectman,statewide,Tiffany V Thiele,D,1637,35.00%
Board of Selectman,statewide,Rob McLaughlin,R,1418,30.32%
Town Council,statewide,Denise Russ,D,0,0.00%
Town Council,statewide,Dan Cocchiola,D,0,0.00%
Town Council,statewide,Tom Claire,D,0,0.00%
Town Council,statewide,Robert Retallick,R,0,0.00%
Town Council,statewide,Kenneth Demirs,R,0,0.00%
Town Council,statewide,Michele McHugh,R,0,0.00%
Town Council,statewide,Katherine Camara,IND,0,0.00%
Town Council,statewide,Krista Palomba,IND,0,0.00%
Town Council,statewide,Richard Rozanski,IND,0,0.00%
Town Council,statewide,Joelyn Leon,D,0,0.00%
Town Council,statewide,Karen Wanat,D,0,0.00%
Town Council,statewide,Richard E. Knotek,D,0,0.00%
Town Council,statewide,Dean P. Markham,D,0,0.00%
Town Council,statewide,Jack Solomon,D,0,0.00%
Town Council,statewide,Alannah Danaher Coshow,R,0,0.00%
Town Council,statewide,Tim Feegel,R,0,0.00%
Town Council,statewide,Eric Peterson,R,0,0.00%
Town Council,statewide,Ted Hintz,R,0,0.00%
Town Council,statewide,Darin Hurne,R,0,0.00%
First Selectman,statewide,Gordon M. Ridgway,D,402,100.00%
First Selectman,statewide,Bernie Dennler,D,0,0.00%
First Selectman,statewide,John Thomas,R,0,0.00%
First Selectman,statewide,Peggy Bourey,D,0,0.00%
First Selectman,statewide,Kevin M. Cunningham,R,0,0.00%
First Selectman,statewide,Paul E. Sweet,PC,0,0.00%
First Selectman,statewide,Holly Kurasz,WI,0,0.00%
First Selectman,statewide,Josh Brooks,D,0,0.00%
First Selectman,statewide,Jeff Vailette,R,0,0.00%
Mayor,statewide,Stephen Ivain,D,0,0.00%
Mayor,statewide,Molly E. Spino,R,0,0.00%
Town Council,statewide,Kate Southard,D,2073,9.47%
Town Council,statewide,Nick Sabilia,D,2075,9.48%
Town Council,statewide,Tim May,D,1978,9.04%
Town Council,statewide,Bill Barlow,D,1931,8.82%
Town Council,statewide,Billy Caron,D,2158,9.86%
Town Council,statewide,Joe Jaskiewicz,D,1974,9.02%
Town Council,statewide,Rachael L Novak,R,1742,7.96%
Town Council,statewide,Brian E Baker,R,1672,7.64%
Town Council,statewide,Alfred J Mandler,R,1558,7.12%
Town Council,statewide,Dillon L Troxell,R,1556,7.11%
Town Council,statewide,Frank P Miceli,R,1551,7.09%
Town Council,statewide,Thomas J McNally,R,1623,7.41%
First Selectman,statewide,Curtis Rand,D,0,0.00%
First Selectman,statewide,William Morrison,D,0,0.00%
First Selectman,statewide,Brian Bagley,R,0,0.00%
First Selectman,statewide,Bob Carlson,R,0,0.00%
First Selectman,statewide,Jon E. Zagrodzky,R,0,0.00%
Board of Education Full Term,statewide,Misty Murdock,D,0,0.00%
Board of Education Full Term,statewide,Nelson King,D,0,0.00%
Board of Education Full Term,statewide,Susan Lannon,D,0,0.00%
Board of Education Full Term,statewide,Kyle Napierata,R,0,0.00%
Board of Education Full Term,statewide,Stephen Schroth,R,0,0.00%
Board of Education Full Term,statewide,Kelly Martin,R,0,0.00%
First Selectman,statewide,Daniel V. Jerram,R,0,0.00%
First Selectman,statewide,Norman Needleman,D,0,0.00%
First Selectman,statewide,Bill Middleton,D,4075,69.06%
First Selectman,statewide,Rob Emery,R,1826,30.94%
Mayor,statewide,Justin M. Elicker,D,0,0.00%
Mayor,statewide,Steven Orosco,R,0,0.00%
Mayor,statewide,Justin M. Elicker,WF,0,0.00%
Mayor,statewide,Steven Orosco,IND,0,0.00%
Mayor,statewide,Roger Uihlein,WI,0,0.00%
Mayor,statewide,David Chess,D,0,0.00%
Mayor,statewide,Laura R. Hoydick,R,0,0.00%
First Selectman,statewide,Jesse Bunce,D,0,0.00%
First Selectman,statewide,Brian M. Ohler,R,0,0.00%
First Selectman,statewide,Meaghan M H Cook,D,0,0.00%
First Selectman,statewide,Mark Mahoney,R,0,0.00%
First Selectman,statewide,Bradley N. Bremer,D,0,0.00%
First Selectman,statewide,Bradley N. Bremer,R,0,0.00%
Mayor,statewide,Brian DeLude,D,0,0.00%
Mayor,statewide,Mark Kaczynski,R,0,0.00%
First Selectman,statewide,Jon Savino,D,0,0.00%
First Selectman,statewide,Norman L. Weigert Jr.,R,0,0.00%
First Selectman,statewide,Steven M Everett,R,0,0.00%
Mayor,statewide,Norman Barney Seney,D,0,0.00%
Mayor,statewide,David W. Coderre,R,0,0.00%
First Selectman,statewide,James Harrington,R,355,100.00%
First Selectman,statewide,Jim Irwin,D,0,0.00%
First Selectman,statewide,Colin Moll,R,0,0.00%
First Selectman,statewide,Ricardo L Sotil,PC,0,0.00%
First Selectman,statewide,Thomas St. Louis,R,0,0.00%
First Selectman,statewide,Christine Erica Zelek,PC,0,0.00%
Mayor,statewide,Robert J Chatfield,R,0,0.00%
First Selectman,statewide,Nicholas D'Addario,D,0,0.00%
First Selectman,statewide,Dan Lent,R,0,0.00%
First Selectman,statewide,Amy J. Sarris,D,0,0.00%
First Selectman,statewide,George R. Temple,R,0,0.00%
Mayor,statewide,Robin Mann,D,0,0.00%
Mayor,statewide,Pete Bass,R,0,0.00%
Mayor,statewide,Carmine Amelio,WI,0,0.00%
First Selectman,statewide,David R. Barger,D,0,0.00%
First Selectman,statewide,David R. Barger,R,0,0.00%
Mayor,statewide,Kevin Scarpati,D,0,0.00%
First Selectman,statewide,Gregory M. LaCava,D,292,54.89%
First Selectman,statewide,Gregory M. LaCava,R,240,45.11%
Board of Education,statewide,Francoise C. Deristel-Leger,D,0,0.00%
Board of Education,statewide,Cristher Estrada- Perez,D,0,0.00%
Board of Education,statewide,Tyrone V. Walker,D,0,0.00%
Board of Education,statewide,Shonta M. Browdy,WF,0,0.00%
Board of Education,statewide,Jennifer Perez,D,0,0.00%
Board of Education,statewide,Jowanne Burks-Jennings,D,0,0.00%
Board of Education,statewide,Lamond Daniels,D,0,0.00%
Board of Education,statewide,Akisha Cassermere,R,0,0.00%
Board of Education,statewide,David Gelin,R,0,0.00%
Board of Education,statewide,Robert Traber,WF,0,0.00%
Board of Education,statewide,Joseph Sokolovic,WF,0,0.00%
Board of Education,statewide,Robert Traber,IND,0,0.00%
Board of Education,statewide,Joseph Sokolovic,IND,0,0.00%
First Selectman,statewide,Michael Makuch,D,0,0.00%
First Selectman,statewide,Matt Clark,R,0,0.00%
First Selectman,statewide,Kathleen Smith,D,0,0.00%
First Selectman,statewide,Maureen Nicholson,D,0,0.00%
First Selectman,statewide,Michael J. Freda,R,0,0.00%
Mayor,statewide,Alida Cella,D,0,0.00%
Mayor,statewide,Vincent Cervoni,R,0,0.00%
First Selectman,statewide,Martha H. Shoemaker,D,0,0.00%
First Selectman,statewide,John H. Mesham,R,0,0.00%
Selectman Full Four Year Term,statewide,David Cowles,D,0,0.00%
Selectman Full Four Year Term,statewide,Robert DePietro,D,0,0.00%
Selectman Full Four Year Term,statewide,Bryce Aaronson,D,0,0.00%
Selectman Full Four Year Term,statewide,Stephen Wierzbicki,R,0,0.00%
Selectman Full Four Year Term,statewide,Christopher Fiano,R,0,0.00%
First Selectman,statewide,Daniel Fitzmaurice,D,0,0.00%
First Selectman,statewide,James M. Zeoli,R,0,0.00%
First Selectman,statewide,Magi Winslow,D,192,44.44%
First Selectman,statewide,Magi Winslow,R,240,55.56%
Mayor,statewide,Jon Trister,D,0,0.00%
Mayor,statewide,Tim Manke,R,0,0.00%
Town Council,statewide,Jane Roets,D,0,0.00%
Town Council,statewide,Scott Wands,D,0,0.00%
Town Council,statewide,Ken Lesser,D,0,0.00%
Town Council,statewide,Miki Duric,D,0,0.00%
Town Council,statewide,Matthew Forrest,D,0,0.00%
Town Council,statewide,Jon Weiner,D,0,0.00%
Town Council,statewide,Brianna Timbro,R,0,0.00%
Town Council,statewide,Thomas Pentalow,R,0,0.00%
Town Council,statewide,Shelley Carbone,R,0,0.00%
Town Council,statewide,Rich Bailey,R,0,0.00%
Town Council,statewide,Julie Costello,R,0,0.00%
Town Council,statewide,Patrick Pentalow,R,0,0.00%
First Selectman,statewide,Aaron Spruance,D,400,43.57%
First Selectman,statewide,Chris Lippke,R,518,56.43%
First Selectman,statewide,Tina Falck,D,0,0.00%
First Selectman,statewide,Wayne Malin,R,0,0.00%
First Selectman,statewide,Allan R. Cahill,R,0,0.00%
First Selectman,statewide,"John L. Hall, III",R,0,0.00%
Mayor,statewide,Adam Sendroff,D,0,0.00%
Mayor,statewide,Jonathan Katz,R,0,0.00%
Mayor,statewide,Patricia C. Vener-Saavedra,G,0,0.00%
Mayor,statewide,Jameka A. Morrison-Jefferies,PC,0,0.00%
Mayor,statewide,Rich Smith,D,0,0.00%
Mayor,statewide,Tony Giannattasio,R,0,0.00%
Board of Finance,statewide,Andrew Okrongly,D,0,0.00%
Board of Finance,statewide,Mike Rettger,D,0,0.00%
Board of Finance,statewide,Marty Heiser,R,0,0.00%
Board of Finance,statewide,Andrea Beebe,R,0,0.00%
First Selectman,statewide,Vicki Tesoro,D,0,0.00%
First Selectman,statewide,Mark Block,R,0,0.00%
First Selectman,statewide,DON LOWE,D,835,87.53%
First Selectman,statewide,BRIANA E GRENIER,PC,119,12.47%
First Selectman,statewide,Pat Del Monaco,D,0,0.00%
First Selectman,statewide,Melissa Lindsey,R,0,0.00%
First Selectman,statewide,Wendy Mackstutis,D,0,0.00%
First Selectman,statewide,Heather Goetz,R,0,0.00%
First Selectman,statewide,Eric Sean Wellman,PC,0,0.00%
First Selectman,statewide,Sean Donlan,D,0,0.00%
First Selectman,statewide,Sean Donlan,R,0,0.00%
Town Council,statewide,Roscoe L. Merritt,D,0,0.00%
Town Council,statewide,Kevin Fitzgerald,D,0,0.00%
Town Council,statewide,Bruce Jones,D,0,0.00%
Town Council,statewide,Adam Puccino,D,0,0.00%
Town Council,statewide,Joe Baril,D,0,0.00%
Town Council,statewide,Portia Bordelon,D,0,0.00%
Town Council,statewide,David Goode,D,0,0.00%
Town Council,statewide,Juliette M. Parker,D,0,0.00%
Town Council,statewide,David McBride,D,0,0.00%
Town Council,statewide,Diane L. Barber,R,0,0.00%
Town Council,statewide,Susan E. Deane-Shinbrot,R,0,0.00%
Town Council,statewide,Kathy L. Chase,R,0,0.00%
Town Council,statewide,Susan E. Deane-Shinbrot,IND,0,0.00%
Town Council,statewide,Lauren Gauthier,IND,0,0.00%
Town Council,statewide,Bill Furgueson,IND,0,0.00%
Town Council,statewide,John Goodrich,IND,0,0.00%
Town Council,statewide,Vanessa Drabek,IND,0,0.00%
Town Council,statewide,Petricia Weaver,IND,0,0.00%
Town Council,statewide,Jim Gustavson,WI,0,0.00%
First Selectman,statewide,Denise L. Raap,D,0,0.00%
First Selectman,statewide,William A. Zampaglione,R,0,0.00%
Mayor,statewide,Joseph A. Carfora,D,0,0.00%
Mayor,statewide,Anthony Camposano,R,0,0.00%
First Selectman,statewide,Cathryn E. Silver-Smith,D,0,0.00%
First Selectman,statewide,William A. Falletti Sr,R,0,0.00%
First Selectman,statewide,Eric Gsell,D,0,0.00%
First Selectman,statewide,Jeremy T. Lingenfelser,R,0,0.00%
First Selectman,statewide,Mark Fiorentino,R,0,0.00%
First Selectman,statewide,Mica Cardozo,D,0,0.00%
First Selectman,statewide,Robert Rosasco,R,0,0.00%
Selectmen,statewide,Rick LeBorious,D,1259,21.79%
Selectmen,statewide,Alan Baker,D,1278,22.11%
Selectmen,statewide,Keith Yags Yagaloff,R,1036,17.93%
Selectmen,statewide,Heather Spencer,R,1155,19.99%
Selectmen,statewide,Bob Leach,R,1051,18.19%
First Selectman,statewide,Michael Barton Laws,D,133,33.59%
First Selectman,statewide,"Dana E Barrow, Jr",R,263,66.41%
Town Council,statewide,Jennifer Buckler,D,2287,11.29%
Town Council,statewide,Marilee Beebe,D,2360,11.65%
Town Council,statewide,Jon Graney,D,2313,11.42%
Town Council,statewide,Chris Moran,D,2392,11.81%
Town Council,statewide,Bret Wells,D,2287,11.29%
Town Council,statewide,Joseph Sce,R,1792,8.85%
Town Council,statewide,Lori (Ann) Nelson,R,1717,8.48%
Town Council,statewide,David Marshall,R,1698,8.38%
Town Council,statewide,Jeffrey Fish,R,1693,8.36%
Town Council,statewide,Renie Besaw,R,1720,8.49%
First Selectman,statewide,Steve Dunn,D,0,0.00%
First Selectman,statewide,Karl Hinger,R,0,0.00%
First Selectman,statewide,Tim Keeney,R,0,0.00%
First Selectman,statewide,Carol R. Goldberg,D,0,0.00%
First Selectman,statewide,Salvatore Amadeo,R,0,0.00%
First Selectman,statewide,Seth F. Harkness,PC,0,0.00%
First Selectman,statewide,Anthony Moor,D,0,0.00%
First Selectman,statewide,Fred Camillo,R,0,0.00%
First Selectman,statewide,Cathy L. Levine,D,175,21.45%
First Selectman,statewide,Myron Jack Joslyn,R,463,56.74%
First Selectman,statewide,"Frank M. Bood, Sr.",PC,178,21.81%
First Selectman,statewide,"Carl P. Fortuna, Jr.",R,0,0.00%
First Selectman,statewide,Brian Muschiano,R,0,0.00%
Board of Selectmen,statewide,Cheryl Heffernan McGlynn,D,0,0.00%
Board of Selectmen,statewide,Kevin Bishop,D,0,0.00%
Board of Selectmen,statewide,Paul Marino,R,0,0.00%
Board of Selectmen,statewide,William Pozzo,R,0,0.00%
Board of Selectmen,statewide,Todd Arcelaschi,R,0,0.00%
Board of Selectmen,statewide,William E. Hester,R,0,0.00%
Board of Selectmen,statewide,Troy Lamere,R,0,0.00%
First Selectman,statewide,Patrick J Roy,D,401,63.55%
First Selectman,statewide,Patrick J Roy,R,230,36.45%
First Selectman,statewide,Joe Bellavance,D,0,0.00%
First Selectman,statewide,Austin Tanner,R,0,0.00%
First Selectman,statewide,Michael Patrick Rekola,PC,0,0.00%
First Selectman,statewide,Julia Pemberton,D,1805,100.00%
Mayor,statewide,Connor Martin,D,0,0.00%
Mayor,statewide,Salema Davis,R,0,0.00%
First Selectman,statewide,Tanya Bourgoin,D,0,0.00%
First Selectman,statewide,Todd Gelston,R,0,0.00%
First Selectman,statewide,Tanya Bourgoin,IND,0,0.00%
First Selectman,statewide,Sue Spang,D,0,0.00%
First Selectman,statewide,Ronald J. LaBonte,R,0,0.00%
Mayor,statewide,Paul D. D'Angelo,R,0,0.00%
Mayor,statewide,Thomas G. Dunn,PC,0,0.00%
Town Council,statewide,Sarah Dufresne,D,0,0.00%
Town Council,statewide,Antonia Moran,D,0,0.00%
Town Council,statewide,Sam Bruder,D,0,0.00%
Town Council,statewide,Ben Shaiken,D,0,0.00%
Town Council,statewide,Carlita Cotton,D,0,0.00%
Town Council,statewide,Lizzie Mullen,D,0,0.00%
Town Council,statewide,Chris Kueffner,R,0,0.00%
Town Council,statewide,Charles J Ausburger,R,0,0.00%
Town Council,statewide,Gail A Zaicek,R,0,0.00%
Town Council,statewide,Aaron Bowman,R,0,0.00%
Town Council,statewide,"William ""Bill"" Tomecko",R,0,0.00%
Town Council,statewide,Brian Q Coleman,PC,0,0.00%
First Selectman,statewide,Carol Jones,D,0,0.00%
First Selectman,statewide,Kathryn A. Russell,R,0,0.00%
First Selectman,statewide,Oswald Sheppard,PC,0,0.00%
First Selectman,statewide,Cathy Osten,D,0,0.00%
First Selectman,statewide,Cheryl Allen Blanchard,R,0,0.00%
Council,statewide,John Satti,D,0,0.00%
Council,statewide,Victoria Mueller,D,0,0.00%
Council,statewide,Jefferey Hart,D,0,0.00%
Council,statewide,Christopher Clouet,D,0,0.00%
Council,statewide,Shineika Fareus,D,0,0.00%
Council,statewide,Efrain Dominguez Jr.,D,0,0.00%
Council,statewide,Akil Peck,D,0,0.00%
Council,statewide,Aaron Ide,R,0,0.00%
Council,statewide,John Russell,R,0,0.00%
Council,statewide,Hans Hartman,R,0,0.00%
Council,statewide,Gina Phillips,R,0,0.00%
Council,statewide,Beloved-Grace Carter,R,0,0.00%
Council,statewide,Kat Goulart,R,0,0.00%
Council,statewide,Jefferey Hart,WF,0,0.00%
Council,statewide,Shineika Fareus,WF,0,0.00%
Council,statewide,Jefferey Hart,G,0,0.00%
Council,statewide,Gramma Dot Ames,G,0,0.00%
Council,statewide,Lucian Varela,G,0,0.00%
Mayor,statewide,Frank Tyszka,D,0,0.00%
Mayor,statewide,David S. Cassetti,R,0,0.00%
Mayor,statewide,Thomas Gerard Egan,PC,0,0.00%
Town Council,statewide,Larry Niland,D,0,0.00%
Town Council,statewide,Corey Turner,D,0,0.00%
Town Council,statewide,Anthony DiLizia,D,0,0.00%
Town Council,statewide,Tom Gullotta,D,0,0.00%
Town Council,statewide,Jennifer Wang,D,0,0.00%
Town Council,statewide,Mary LaChance,D,0,0.00%
Town Council,statewide,Whit Osgood,R,0,0.00%
Town Council,statewide,Laszlo Szivak,R,0,0.00%
Town Council,statewide,Nick Korns,R,0,0.00%
Town Council,statewide,Kurt P. Cavanaugh,R,0,0.00%
Town Council,statewide,John Cavanna,R,0,0.00%
Town Council,statewide,Marion Terry,R,0,0.00%
First Selectman,statewide,Tom Borysiewicz,D,0,0.00%
First Selectman,statewide,Dan Carter,R,0,0.00%
First Selectman,statewide,Dan Carter,IND,0,0.00%
First Selectman,statewide,Laurie Burstein,D,2409,51.71%
First Selectman,statewide,Lori Spielman,R,2250,48.29%
Mayor,statewide,Roberto L Alves,D,0,0.00%
Mayor,statewide,Emile G Buzaid,R,0,0.00%
Mayor,statewide,Roberto L Alves,WF,0,0.00%
Mayor,statewide,David J. Sekorski,D,0,0.00%
Mayor,statewide,Joseph Kilduff,R,0,0.00%
First Selectman,statewide,Henry Tirrell,D,402,100.00%
First Selectman,statewide,Chandler Paquette,D,0,0.00%
First Selectman,statewide,Chandler Paquette,R,0,0.00%
First Selectman,statewide,Cynthia Lignar,D,0,0.00%
First Selectman,statewide,Casey T. Flanagan,D,0,0.00%
First Selectman,statewide,Seth P Breakell,R,0,0.00%
First Selectman,statewide,Todd M Carusillo,PC,0,0.00%
Mayor,statewide,Jay Moran,D,0,0.00%
Mayor,statewide,Zachary Reichelt,R,0,0.00%
First Selectman,statewide,Judi Novosad,R,0,0.00%
First Selectman,statewide,Thomas M Curran,PC,0,0.00%
First Selectman,statewide,Thomas W Weik,R,430,100.00%
First Selectman,statewide,Jeffrey Dunn,D,0,0.00%
First Selectman,statewide,Richard Sileo,R,0,0.00%
First Selectman,statewide,Eric Epstein,D,0,0.00%
First Selectman and Selectman,statewide,"Kevin Christie, Amy Wistreich",D,0,0.00%
First Selectman and Selectman,statewide,"Don O'Day, Andrea L Moore",R,0,0.00%
First Selectman and Selectman,statewide,David Nichan Rosenwaks,IND,0,0.00%
First Selectman,statewide,Dionna Carlson,R,0,0.00%
Town Clerk To Fill Vacancy for Two Years,statewide,Jayne Jurovaty,D,0,0.00%
Town Clerk To Fill Vacancy for Two Years,statewide,Roberta Dougherty,R,0,0.00%
Judge of Probate District 39 To Fill Vacancy,statewide,Timothy Gunning,D,0,0.00%
Judge of Probate District 10 To Fill Vacancy,statewide,Paul R. Bedard,D,0,0.00%
Judge of Probate District 34 To Fill Vacancy,statewide,Seth Klaskin,D,0,0.00%
Judge of Probate District 34 To Fill Vacancy,statewide,Thomas A. Virgulto,R,0,0.00%
Judge of Probate District 34 To Fill Vacancy,statewide,Seth Klaskin,D,0,0.00%
Judge of Probate District 34 To Fill Vacancy,statewide,Thomas A. Virgulto,R,0,0.00%
Judge of Probate District 10 To Fill Vacancy,statewide,Paul R. Bedard,D,0,0.00%
Judge of Probate District 10 To Fill Vacancy,statewide,Paul R. Bedard,D,0,0.00%
Mayor,statewide,Barbara Smyth,D,0,0.00%
Mayor,statewide,Vinny Scicchitano,R,0,0.00%
Mayor,statewide,Barbara Smyth,WF,0,0.00%
Mayor,statewide,John Kydes,PC,0,0.00%
Mayor,statewide,Erik Vitaglione,PC,0,0.00%
Board of Finance Full Term,statewide,Joan Low Hammond,D,0,0.00%
Board of Finance Full Term,statewide,Patrick R. Horan,D,0,0.00%
Board of Finance Full Term,statewide,John Buonaiuto,R,0,0.00%
Board of Finance Full Term,statewide,Randall J. Carreira,R,0,0.00%
Board of Finance Full Term,statewide,Shane Pendley,D,0,0.00%
Board of Finance Full Term,statewide,Robert Ellwanger,D,0,0.00%
Board of Finance Full Term,statewide,Brendan T. Lynch,R,0,0.00%
Board of Finance Full Term,statewide,Jim Meyers,R,0,0.00%
Board of Finance Full Term,statewide,Robert Ellwanger,WF,0,0.00%
Board of Finance Full Term,statewide,Joe Filippetti,D,0,0.00%
Board of Finance Full Term,statewide,Ann Peabody,D,0,0.00%
Board of Finance Full Term,statewide,Glenn Patterson,D,0,0.00%
Board of Finance Full Term,statewide,Ron Fedor,R,0,0.00%
Board of Finance Full Term,statewide,Harry Colonis,R,0,0.00%
Mayor,statewide,Gene P Nocera,D,0,0.00%
Mayor,statewide,Sebastian N. Giuliano,R,0,0.00%
Mayor,statewide,Gene P. Nocera,WF,0,0.00%
First Selectwoman,statewide,Theresa W. Conroy,D,0,0.00%
First Selectwoman,statewide,Annmarie Drugonis,R,0,0.00%
Treasurer To Fill Vacancy for Two Years,statewide,Thomas R. Peters,D,0,0.00%
Treasurer To Fill Vacancy for Two Years,statewide,Brett W. Eagleson,R,0,0.00%
Treasurer,statewide,William J. Yanchak,D,0,0.00%
Treasurer,statewide,Danny Salerno,R,0,0.00%
Town/City Clerk,statewide,Marc J. Garofalo,D,0,0.00%
Town/City Clerk,statewide,Gino DiGiovanni,R,0,0.00%
Selectman,statewide,John Duffy,D,701,35.77%
Selectman,statewide,Evan Brunetti,R,1259,64.23%
Town Council First District,statewide,David Veleber,R,0,0.00%
Selectman,statewide,Susan McNamara,D,525,45.81%
Selectman,statewide,Doug O'Rourke,R,621,54.19%
Selectman,statewide,Peter Betkoski,D,0,0.00%
Selectman,statewide,Michael A. Krenesky,R,0,0.00%
Board of Education,statewide,Marcey Onofrio,D,0,0.00%
Board of Education,statewide,Stephanie L. Byrd,D,0,0.00%
Board of Education,statewide,Marjorie Bonadies,R,0,0.00%
Board of Education,statewide,Carolyn Candelora,R,0,0.00%
Board of Education,statewide,Elizabeth Hintz Siena,R,0,0.00%
Board of Education,statewide,Kara L.C. Papa,PC,0,0.00%
Selectman,statewide,Amanda Thompson,D,0,0.00%
Selectman,statewide,Todd Zessin,R,0,0.00%
Board of Selectmen,statewide,Christopher T. Bui,D,0,0.00%
Board of Selectmen,statewide,"Robin ""Packi"" Pendleton",D,0,0.00%
Board of Selectmen,statewide,Matthew D. Mitchell,R,0,0.00%
Board of Selectmen,statewide,"Daniel W. Seypura, Sr.",R,0,0.00%
Treasurer,statewide,John Lodovico,D,0,0.00%
Treasurer,statewide,Robert Parenti,R,0,0.00%
Board of Finance,statewide,Kari Roberts,D,0,0.00%
Board of Finance,statewide,Eric Fanwick,D,0,0.00%
Board of Finance,statewide,Kim Healy,R,0,0.00%
Board of Finance,statewide,Matt Raimondi,R,0,0.00%
Selectman,statewide,Tony Pesco,D,0,0.00%
Selectman,statewide,Lauren Traum,R,0,0.00%
Town Clerk,statewide,Kathy Larkin,R,0,0.00%
City Council,statewide,Tracey Burto,D,0,0.00%
City Council,statewide,Joseph A. DeLucia,D,0,0.00%
City Council,statewide,Shiela Hayes,D,0,0.00%
City Council,statewide,Jill Zuccardy,D,0,0.00%
City Council,statewide,Enock Petit-Homme,D,0,0.00%
City Council,statewide,Zato Kadambaya,D,0,0.00%
City Council,statewide,Larry Rice,R,0,0.00%
City Council,statewide,Robin Sieczkowski,R,0,0.00%
City Council,statewide,Joanne Philbrick,R,0,0.00%
City Council,statewide,Bill Nash,R,0,0.00%
City Council,statewide,Peter A Nystrom,R,0,0.00%
City Council,statewide,John P Mereen,PC,0,0.00%
Board of Finance,statewide,Michael Szekeres,D,0,0.00%
Board of Finance,statewide,Carl Gisnarian,D,0,0.00%
Board of Finance,statewide,Houston Putnam Lowry,D,0,0.00%
Board of Finance,statewide,Kathy Randall Gill,R,0,0.00%
Board of Finance,statewide,Kathleen Johnson,R,0,0.00%
Board of Finance,statewide,Randall Bowers,R,0,0.00%
Board of Finance,statewide,Kasem Omary,R,0,0.00%
Burgess,statewide,Rocky Vitale,D,2437,10.85%
Burgess,statewide,Jose Velazquez,D,1727,7.69%
Burgess,statewide,Julie Rosenblatt,D,2339,10.41%
Burgess,statewide,Charles P. Marenghi,D,2215,9.86%
Burgess,statewide,Kimberly Gallo,D,2286,10.18%
Burgess,statewide,Kaitlyn Kimball,D,1984,8.83%
Burgess,statewide,Meghan Smith,R,1483,6.60%
Burgess,statewide,Roger Drown,R,1533,6.82%
Burgess,statewide,Michael Bronko,R,1767,7.87%
Burgess,statewide,"Attila ""AJ"" Bordas",R,1219,5.43%
Burgess,statewide,Robert Neth,R,1901,8.46%
Burgess,statewide,Dorothy Neth-Kunin,R,1571,6.99%
Town Council,statewide,Zach van Luling,D,0,0.00%
Town Council,statewide,Mukesh Desai,D,0,0.00%
Town Council,statewide,Miriam Lifshitz-Theroux,D,0,0.00%
Town Council,statewide,John Emmanuel,D,0,0.00%
Town Council,statewide,Melissa Kaplan,D,0,0.00%
Town Council,statewide,Francis J. Whelan III,R,0,0.00%
Town Council,statewide,David Sevigny,R,0,0.00%
Town Council,statewide,Pankaj Prakash,R,0,0.00%
Town Council,statewide,Allan Greenspan,R,0,0.00%
Town Council,statewide,Jeffrey Levine,R,0,0.00%
City Sheriff,statewide,Stephen M. Conway,D,0,0.00%
Board of Finance,statewide,Bob Namnoum,D,0,0.00%
Board of Finance,statewide,Brian McCullough,D,0,0.00%
Board of Finance,statewide,Michael J. Pendell,D,0,0.00%
Board of Finance,statewide,Bill Canny,R,0,0.00%
Board of Finance,statewide,Tom Blatchley,R,0,0.00%
Board of Education Not More than Two from One Party,statewide,Jason M. Feeney,D,0,0.00%
Board of Education Not More than Two from One Party,statewide,Erica S. Gelven,D,0,0.00%
Board of Education Not More than Two from One Party,statewide,Lawrence C. Pilcher,R,0,0.00%
Board of Education Not More than Two from One Party,statewide,Matt Guarnieri,R,0,0.00%
Board of Education,statewide,Leonard O. Lockhart,D,0,0.00%
Board of Education,statewide,Tracey Zotter,D,0,0.00%
Board of Education,statewide,Ayana K. Taylor,D,0,0.00%
Board of Education,statewide,Nathan G. Wolliston,D,0,0.00%
Board of Education,statewide,Becky Jacobsen,D,0,0.00%
Board of Education,statewide,Lisette LaTorre-Muszynski,R,0,0.00%
Board of Education,statewide,Jeremy Halek,R,0,0.00%
Board of Education,statewide,Paul J. Panos,R,0,0.00%
Board of Education,statewide,James Madison,R,0,0.00%
Board of Education,statewide,Maxine N. Davis,R,0,0.00%
Selectman,statewide,Richard T. Coates,D,0,0.00%
Selectman,statewide,Karen Reddington-Hughes,R,0,0.00%
Selectman,statewide,William E. Ballinger III,D,0,0.00%
Selectman,statewide,Jeremy P. Tarasevich,R,0,0.00%
Town Clerk,statewide,Brigitte M. Bessette,D,0,0.00%
Town Clerk,statewide,Brigitte M. Bessette,R,0,0.00%
City Treasurer,statewide,Mandy Kilmartin,D,0,0.00%
City Treasurer,statewide,Raymond M. O'Leary,R,0,0.00%
Tax Collector,statewide,Denise Lamontagne,D,0,0.00%
Board of Finance,statewide,Ken A. Hjulstrom,R,854,46.82%
Board of Finance,statewide,Michael Nastri,R,970,53.18%
First Selectman,statewide,Matthew T. Hoey III,D,0,0.00%
First Selectman,statewide,Jonathan Trotta,R,0,0.00%
Selectman,statewide,Ashlyn Ellsworth,D,0,0.00%
Selectman,statewide,Paul A. Torcellini,R,0,0.00%
Selectman,statewide,Jennifer Assard Gallo,D,0,0.00%
Selectman,statewide,George J Rehkamp,R,0,0.00%
Selectman,statewide,Andrea G. Alfano,D,0,0.00%
Selectman,statewide,James K. Tripp,D,0,0.00%
Selectman,statewide,David T. Kuzminski,D,0,0.00%
Selectman,statewide,John H. Dillon,D,0,0.00%
Selectman,statewide,Vincent Pitruzzello,R,0,0.00%
Selectman,statewide,Robert Hetrick,R,0,0.00%
Selectman,statewide,Timothy Lavoy,R,0,0.00%
Selectman,statewide,Joe Spada,R,0,0.00%
Selectman,statewide,Cathy De Carli,D,0,0.00%
Selectman,statewide,Kelly Keenan,D,0,0.00%
Selectman,statewide,Wendy Bernard,D,0,0.00%
Selectman,statewide,E. Anne Armeno,R,0,0.00%
Selectman,statewide,Jason Van Stone,R,0,0.00%
Selectman,statewide,Holly Sullivan,R,0,0.00%
Board of Education,statewide,Megan Boshuyzen,D,0,0.00%
Board of Education,statewide,Mary Kortmann,D,0,0.00%
Board of Education,statewide,Jennifer E. Beausoleil,D,0,0.00%
Board of Education,statewide,Emma Eaton,D,0,0.00%
Board of Education,statewide,Joshua Clark,R,0,0.00%
Board of Education,statewide,Mark A. Larson,R,0,0.00%
Board of Education,statewide,Courtney Rossignol,R,0,0.00%
Board of Education,statewide,Christina Williams,R,0,0.00%
Town Council Windham Voting District,statewide,Mike Desaulniers,R,0,0.00%
Town Council Windham Voting District,statewide,Suzanne Blancaflor,BL,0,0.00%
Board of Education,statewide,Kia Baird,D,0,0.00%
Board of Education,statewide,Jenn Reguin,D,0,0.00%
Board of Education,statewide,Felix Vajdos,D,0,0.00%
Board of Education,statewide,Mary E. Harris,D,0,0.00%
Board of Education,statewide,Alex Fritsch,D,0,0.00%
Board of Education,statewide,Amanda Veneziano,D,0,0.00%
Board of Education,statewide,Brandon Graber,R,0,0.00%
Board of Education,statewide,Alan Burton,R,0,0.00%
Board of Education,statewide,Anthony Favry,R,0,0.00%
Board of Education,statewide,Chase Dore,R,0,0.00%
Board of Education,statewide,Stephen A. Munger,R,0,0.00%
Board of Education,statewide,Kimberly Mansfield,R,0,0.00%
Board of Education,statewide,Joanne Kelley,WI,0,0.00%
Selectman,statewide,William Surfus,D,0,0.00%
Selectman,statewide,Robert Browne,R,0,0.00%
Selectman,statewide,Gerald Grabarek,D,0,0.00%
Selectman,statewide,Kenneth Zachem,R,0,0.00%
Councilor District #2,statewide,John P Santantella,D,0,0.00%
Councilor District #2,statewide,Robert Gillespie,R,0,0.00%
Board of Education,statewide,Jennifer Herz,D,0,0.00%
Board of Education,statewide,Jonathan Weiner,D,0,0.00%
Board of Education,statewide,Jason Gagnon,D,0,0.00%
Board of Education,statewide,Miriam Bleich,R,0,0.00%
Board of Education Four Year Term,statewide,Kim Dunbar,D,0,0.00%
Board of Education Four Year Term,statewide,Tiffany Mack-Mohammed,D,0,0.00%
Board of Education Four Year Term,statewide,Clovis Jones,R,0,0.00%
Board of Finance,statewide,Bob Reinhardt,D,0,0.00%
Board of Finance,statewide,Jude Hession,D,0,0.00%
Board of Finance,statewide,Happy Marino,R,0,0.00%
Board of Finance,statewide,Charlie Lehberger,R,0,0.00%
Board of Finance,statewide,John Muller,R,0,0.00%
Selectman,statewide,Paul Lundquist,D,0,0.00%
Selectman,statewide,Charlie Gardner,R,0,0.00%
Town Council,statewide,Bernie Sykes,D,0,0.00%
Town Council,statewide,Maryann Levesque,D,0,0.00%
Town Council,statewide,Phyllis Winkler,D,0,0.00%
Town Council,statewide,Ariana Nieves,D,0,0.00%
Town Council,statewide,TeriLynn Rogers,D,0,0.00%
Town Council,statewide,Bill Dauphin,D,0,0.00%
Town Council,statewide,Laurie Abernathy,D,0,0.00%
Town Council,statewide,Thao Nguyen,D,0,0.00%
Town Council,statewide,Michael D. Wendus,R,0,0.00%
Town Council,statewide,Matthew G. Kenzior,R,0,0.00%
Town Council,statewide,Andrew J. Tedford,R,0,0.00%
Town Council,statewide,Jim Tedford,R,0,0.00%
Town Council,statewide,John B. O'Connell,R,0,0.00%
Town Council,statewide,Laura B. Bush,R,0,0.00%
Town Council,statewide,Patricia E. Buxton,R,0,0.00%
Town Council,statewide,Jason Maur,D,0,0.00%
Town Council,statewide,Janice Persico,D,0,0.00%
Town Council,statewide,Cathy Kohut,D,0,0.00%
Town Council,statewide,Nina Gagnon,D,0,0.00%
Town Council,statewide,Benjamin Sabia,D,0,0.00%
Town Council,statewide,Sean O'Rourke,R,0,0.00%
Town Council,statewide,Enid Lipeles,R,0,0.00%
Town Council,statewide,Vin Duva,R,0,0.00%
Town Council,statewide,Kevin Reid,R,0,0.00%
Town Council,statewide,Jonathan Formichella,R,0,0.00%
Town Council,statewide,Dona-Lyn Wales,R,0,0.00%
Town Clerk,statewide,Francesca Villani,D,1655,55.86%
Town Clerk,statewide,Francesca Villani,R,1308,44.14%
Board of Education,statewide,Amy Quinnan,D,0,0.00%
Board of Education,statewide,Elizabeth Lawton,D,0,0.00%
Board of Education,statewide,Sherry Martino,R,0,0.00%
Board of Education,statewide,Christine Faressa,R,0,0.00%
Board of Education,statewide,Mindi Davidson,R,0,0.00%
Board of Education,statewide,Rose M. Soboleski,IND,0,0.00%
Board of Education,statewide,Karen M. Hosking,IND,0,0.00%
Board of Finance,statewide,Daniel Finn,D,0,0.00%
Board of Finance,statewide,David L. Caterisano,D,0,0.00%
Board of Finance,statewide,Joey Guest,R,0,0.00%
Board of Finance,statewide,Bridget McLennan,R,0,0.00%
Board of Finance,statewide,Alison Walck,R,0,0.00%
Board of Finance,statewide,Jim Radavich,R,0,0.00%
Selectman,statewide,Rocco Botto,D,332,72.97%
Selectman,statewide,John F. Brown,R,123,27.03%
Selectmen,statewide,Rosemary Coyle,D,0,0.00%
Selectmen,statewide,Denise Turner,D,0,0.00%
Selectmen,statewide,Cliff O'Donal,R,0,0.00%
Selectmen,statewide,Art Shilosky,R,0,0.00%
Selectmen,statewide,Tim Vaillancourt,R,0,0.00%
Selectman,statewide,Tom Sinkewicz,D,0,0.00%
Selectman,statewide,Michael Surprenant,PC,0,0.00%
Selectman,statewide,Arthur W. Gagne,PC,0,0.00%
Selectman,statewide,Raymond E. Dunbar,D,0,0.00%
Selectman,statewide,Victoria Verderame,R,0,0.00%
Board of Councilmen,statewide,Rachel Hannon-Harrel,D,0,0.00%
Board of Councilmen,statewide,Keith Farrell,D,0,0.00%
Board of Councilmen,statewide,Paul Cavagnero,D,0,0.00%
Board of Councilmen,statewide,Luisa Noujaim,D,0,0.00%
Board of Councilmen,statewide,David L. Oliver,R,0,0.00%
Board of Councilmen,statewide,"Armand R. Maniccia, Jr.",R,0,0.00%
Board of Councilmen,statewide,Anne L. Ruwet,R,0,0.00%
Board of Councilmen,statewide,Christopher R. Beyus,R,0,0.00%
"Board of Education, Not More Than Three From One Party",statewide,Timothy Shanahan,D,2001,18.13%
"Board of Education, Not More Than Three From One Party",statewide,Joe Socha,D,1872,16.96%
"Board of Education, Not More Than Three From One Party",statewide,Angela Sherbanee,D,1885,17.08%
"Board of Education, Not More Than Three From One Party",statewide,Wills M Pike,R,1760,15.94%
"Board of Education, Not More Than Three From One Party",statewide,Norman E Sylvia III,R,1663,15.07%
"Board of Education, Not More Than Three From One Party",statewide,Tina M Grove,R,1857,16.82%
Board of Education To Fill Vacancy for Two Years,statewide,Kyle Provencher,D,0,0.00%
Board of Education To Fill Vacancy for Two Years,statewide,Diane T. Summa,R,0,0.00%
Selectmen,statewide,Barrett Prinz,D,0,0.00%
Selectmen,statewide,Don Mayland,R,0,0.00%
Selectmen,statewide,Katherine Kiefer,PC,0,0.00%
Selectman,statewide,Anthony Armelin,D,0,0.00%
Selectman,statewide,Timothy Cromwell,R,0,0.00%
Selectman,statewide,Nicole Porter,D,0,0.00%
Selectman,statewide,"John A. Gaccione, Jr.",R,0,0.00%
Selectman,statewide,Michael J. Burke,D,0,0.00%
Selectman,statewide,Sarah Neumann,D,0,0.00%
Selectman,statewide,Monica M. McNally,R,0,0.00%
Selectman,statewide,Marcy A. Minnick,R,0,0.00%
Selectman,statewide,Mary Beth Greenwood,D,0,0.00%
Selectman,statewide,Alesia Kennerson,R,0,0.00%
Selectman,statewide,Stacia Rice Libby,D,0,0.00%
Selectman,statewide,Bruce Glowac,R,0,0.00%
Selectman,statewide,Gary Comstock,PC,0,0.00%
Selectman,statewide,Deborah Norman,D,3937,67.48%
Selectman,statewide,Bryan A. Bentz,R,1897,32.52%
City Clerk,statewide,Michael B. Smart,D,0,0.00%
City Clerk,statewide,Deborah Reyes-Quinones,R,0,0.00%
City Clerk,statewide,Michael B. Smart,WF,0,0.00%
Town Council District 1,statewide,Jean T. Collier,D,0,0.00%
Town Council District 1,statewide,"Thomas ""Bryan"" O'Connor",R,0,0.00%
Selectman,statewide,Melissa Pinardi,R,0,0.00%
Selectman,statewide,Joseph P. Sebben,PC,0,0.00%
Selectman,statewide,Ray Pech,D,0,0.00%
Selectman,statewide,Nicholas A Lukiwsky,R,0,0.00%
Selectman,statewide,Alyssa Correll,D,0,0.00%
Selectman,statewide,Aden J. Ruwet,R,0,0.00%
Town Council,statewide,Kate Atkinson,D,0,0.00%
Town Council,statewide,Mark Pruzin,D,0,0.00%
Town Council,statewide,Peter Rosso,D,0,0.00%
Town Council,statewide,Donna Veach,R,0,0.00%
Town Council,statewide,Charles Paonessa,R,0,0.00%
Town Council,statewide,Sandra Coppola,R,0,0.00%
Selectman,statewide,Mark Whitten,D,0,0.00%
Selectman,statewide,James E. Cannon III,R,0,0.00%
Selectman,statewide,William E. Marsh,PC,0,0.00%
Selectman,statewide,Robert Hellstrom,D,0,0.00%
Selectman,statewide,Paul Zator,R,0,0.00%
Selectman,statewide,Rachel Riendeau,R,0,0.00%
Board of Selectmen,statewide,Gloria Marion,D,0,0.00%
Board of Selectmen,statewide,Mike Bogdanski,D,0,0.00%
Board of Selectmen,statewide,J. Scott Pempek,D,0,0.00%
Board of Selectmen,statewide,Roy Simmons,R,0,0.00%
Board of Selectmen,statewide,David Pomes,R,0,0.00%
Board of Selectmen,statewide,"Michael ""Tow Truck"" Paquin",R,0,0.00%
Board of Selectmen,statewide,Ricky L. Hayes,R,0,0.00%
Board of Finance To Fill Vacancy for Two Years,statewide,Jerry Fischer,D,0,0.00%
Board of Finance To Fill Vacancy for Two Years,statewide,Mike Bono,R,0,0.00%
Selectman,statewide,Leslie Ricklin,D,249,49.40%
Selectman,statewide,"Juan Roman, III",R,255,50.60%
Selectman,statewide,John Kiker,D,0,0.00%
Selectman,statewide,Mary Powell-St. Louis,R,0,0.00%
Selectman,statewide,Kristina Birgitta White,PC,0,0.00%
Town Council,statewide,Jessica Hughes,D,0,0.00%
Town Council,statewide,Chaka Felder,D,0,0.00%
Town Council,statewide,Christina A Inzitari,D,0,0.00%
Town Council,statewide,Loreen T Elbakry,D,0,0.00%
Town Council,statewide,Scott F Martin,R,0,0.00%
Town Council,statewide,Michael P Palmerie Jr,R,0,0.00%
Town Council,statewide,Stanley Pilat,R,0,0.00%
Town Council,statewide,Richard Blanc,R,0,0.00%
Town Council,statewide,Roger L Sherman Jr,R,0,0.00%
Selectpersons,statewide,Brianna Girard,D,0,0.00%
Selectpersons,statewide,Kevin J. Atterberry,D,0,0.00%
Selectpersons,statewide,"Philip Wilhelmy, III",D,0,0.00%
Selectpersons,statewide,Doug Zaniewski,D,0,0.00%
Selectpersons,statewide,Trisha Danka,R,0,0.00%
Selectpersons,statewide,Al Bruno,R,0,0.00%
Selectpersons,statewide,Scott Andrews,R,0,0.00%
Selectpersons,statewide,Bob Findley,R,0,0.00%
Board of Finance,statewide,William J. Castro,D,0,0.00%
Board of Finance,statewide,Philip G. Muzio,D,0,0.00%
Board of Finance,statewide,John E. Batorski,R,0,0.00%
Board of Finance,statewide,Chuck Stengel,R,0,0.00%
Selectmen,statewide,Adrienne Burke,D,0,0.00%
Selectmen,statewide,Kristi Sogofsky,R,0,0.00%
Selectman,statewide,David W. McKane,D,0,0.00%
Selectman,statewide,Arnold Jensen,R,0,0.00%
Town Clerk,statewide,David Hoak,D,0,0.00%
Town Clerk,statewide,Gerald Bosak,R,0,0.00%
Town Clerk,statewide,Lyda Ruijter,IND,0,0.00%
Town Council,statewide,Mary Jane Lundgren,D,0,0.00%
Town Council,statewide,Zachary Polley,D,0,0.00%
Town Council,statewide,Ari Rosenberg,D,0,0.00%
Town Council,statewide,Diane Klaif,R,0,0.00%
Town Council,statewide,Thomas Esposito,R,0,0.00%
Town Council,statewide,Sal Rynkiewicz,R,0,0.00%
Town Council,statewide,Katy Francis,R,0,0.00%
Town Council,statewide,Rolando Castro,R,0,0.00%
Town Council,statewide,Paul Murphy,R,0,0.00%
Town Council,statewide,Stephanie Miller,IND,0,0.00%
Town Council,statewide,Richard Luszczak,IND,0,0.00%
Town Council,statewide,Ashley Lunnie-Russo,IND,0,0.00%
Town Council,statewide,Hilary Ram,IND,0,0.00%
Town Council,statewide,Mike Ferguson,IND,0,0.00%
Selectman,statewide,Chris Kinsella,D,0,0.00%
Selectman,statewide,Judy Jacobs,R,0,0.00%
Board of Education,statewide,Dan Feener,D,0,0.00%
Board of Education,statewide,Alex Cohen,D,0,0.00%
Board of Education,statewide,Dean Krupa,D,0,0.00%
Board of Education,statewide,Kelly Bee,D,0,0.00%
Board of Education,statewide,Robin Goss,R,0,0.00%
Board of Education,statewide,Chris Cardella,R,0,0.00%
Board of Education,statewide,Kim Riordan,R,0,0.00%
Board of Education,statewide,Adam Hayn,R,0,0.00%
Board of Education,statewide,Elizabeth Anne Crooks,PC,0,0.00%
Councilman Area 1,statewide,Latisha Martinez,WE,0,0.00%
Councilman Area 1,statewide,Yvette Cortez,D,0,0.00%
Councilman Area 1,statewide,Latisha Martinez,R,0,0.00%
Councilman Area 1,statewide,Yvette Cortez,WF,0,0.00%
Councilman Area 1,statewide,Yvette Cortez,IND,0,0.00%
Selectman,statewide,Howard B. Pulchin,D,264,48.89%
Selectman,statewide,Jack Baker,R,276,51.11%
First Selectman,statewide,Douglas K. Thompson,R,0,0.00%
City Sheriffs,statewide,Stephen M. Nelson,D,0,0.00%
City Sheriffs,statewide,Ricardo Guzman,D,0,0.00%
City Sheriffs,statewide,Richard Paoletto Jr.,D,0,0.00%
City Sheriffs,statewide,Michael Garrett,R,0,0.00%
City Sheriffs,statewide,Michael Moretti,R,0,0.00%
City Sheriffs,statewide,James Carbone,R,0,0.00%
City Sheriffs,statewide,Wilfredo Martinez,IND,0,0.00%
City Sheriffs,statewide,Willie J. Smith,IND,0,0.00%
City Sheriffs,statewide,Jacquelynn A. Perry,IND,0,0.00%
Selectman,statewide,Andy Marco,D,0,0.00%
Selectman,statewide,Ralph Tulis,R,0,0.00%
Selectman,statewide,Kevin Cwikla,D,0,0.00%
Selectman,statewide,Harold Nelson,R,0,0.00%
Selectman,statewide,Patrick McCarthy,D,0,0.00%
Selectman,statewide,Martha B. Emilio,R,0,0.00%
Selectman,statewide,"Alan Burgess Chubbuck, Jr",PC,0,0.00%
Selectman,statewide,David Cohen,D,0,0.00%
Selectman,statewide,William J. Pieper,R,0,0.00%
Selectman,statewide,Sally J. Buemi,PC,0,0.00%
Town Council,statewide,Samuel Carmody,D,0,0.00%
Town Council,statewide,Jeffrey Kohan,D,0,0.00%
Town Council,statewide,Vincent Testa Jr.,D,0,0.00%
Town Council,statewide,Jesse Reynolds,D,0,0.00%
Town Council,statewide,Melanie Rossacci,D,0,0.00%
Town Council,statewide,Bryan Rivard,D,0,0.00%
Town Council,statewide,Joe Marrone III,R,0,0.00%
Town Council,statewide,Christopher Regan,R,0,0.00%
Town Council,statewide,Christina Tatta,R,0,0.00%
Town Council,statewide,Craig Fishbein,R,0,0.00%
Town Council,statewide,Tom Laffin,R,0,0.00%
Town Council,statewide,Autumn Allinson,R,0,0.00%
Town Council,statewide,Darrell P. Stancuna,PC,0,0.00%
Selectman,statewide,Joel D'Angelo,D,0,0.00%
Selectman,statewide,Eric Nunes,R,0,0.00%
Selectman,statewide,Nancy M. Gorski,R,0,0.00%
Selectman,statewide,Jim Lampos,D,0,0.00%
Selectman,statewide,Jude Danenhower Read,R,0,0.00%
Finance Committee Full Four Year Term,statewide,Melissa Wielandt,D,0,0.00%
Finance Committee Full Four Year Term,statewide,Tyler Egner,R,0,0.00%
Selectman,statewide,Erika Higgins,D,0,0.00%
Selectman,statewide,Mitchell R. Goldblatt,D,0,0.00%
Selectman,statewide,PJ Shanley,D,0,0.00%
Selectman,statewide,William J. Kraut,R,0,0.00%
Selectman,statewide,John J. Carangelo,R,0,0.00%
Selectman,statewide,Judy Smith,R,0,0.00%
Selectman,statewide,Gregory M. Sottile,D,164,36.20%
Selectman,statewide,Scott M. Levan,R,289,63.80%
Selectmen,statewide,Lauren Francese,D,0,0.00%
Selectmen,statewide,Steve Munno,D,0,0.00%
Selectmen,statewide,Maria Madonick,D,0,0.00%
Selectmen,statewide,Amey Marrella,R,0,0.00%
Selectmen,statewide,Javier Aviles,R,0,0.00%
Selectmen,statewide,Andrea Urbano,R,0,0.00%
Councilors,statewide,Kathy Gonzalez,D,0,0.00%
Councilors,statewide,Matthew Plourd,D,0,0.00%
Councilors,statewide,Kim Radda,D,0,0.00%
Councilors,statewide,AJ Tiniakos,D,0,0.00%
Councilors,statewide,Hilda Nieves,D,0,0.00%
Councilors,statewide,Gail Budrejko,R,0,0.00%
Councilors,statewide,Michael Camillo,R,0,0.00%
Councilors,statewide,Kelly deHaas,R,0,0.00%
Councilors,statewide,Nancy Cappello,R,0,0.00%
Councilors,statewide,Carlos M Arias,R,0,0.00%
Board of Education Four Year Term,statewide,Janice Di Roberts,D,0,0.00%
Board of Education Four Year Term,statewide,Matt Laccavole,D,0,0.00%
Board of Education Four Year Term,statewide,Charles T. Carey,R,0,0.00%
Board of Education Four Year Term,statewide,Bill Davidson,R,0,0.00%
Selectman,statewide,Jon Lane,D,404,44.44%
Selectman,statewide,Mark O. Weeks,R,505,55.56%
Selectman,statewide,Matthew Danieluk,D,0,0.00%
Selectman,statewide,Richard Canova,R,0,0.00%
Selectman,statewide,Martin Deforest McKinney Jr.,PC,0,0.00%
Selectman,statewide,John Tillinghast,D,0,0.00%
Selectman,statewide,Bob Grindle,D,0,0.00%
Selectman,statewide,John Russell,R,0,0.00%
Selectman,statewide,Chet Bialicki,D,0,0.00%
Selectman,statewide,Joseph Campbell,R,0,0.00%
Town Clerk,statewide,Karimah Mickens,D,0,0.00%
Town Clerk,statewide,Debra Rigney,R,0,0.00%
Board of Alderman District 1,statewide,Christopher D. Hite,D,0,0.00%
Board of Alderman District 1,statewide,Stu Zolty,D,0,0.00%
Board of Alderman District 1,statewide,Andy Fowler,R,0,0.00%
Board of Alderman District 1,statewide,Win Smith,R,0,0.00%
Board of Alderman District 1,statewide,Walter W. Hagedorn,R,0,0.00%
Town Clerk,statewide,Mary Markham,D,0,0.00%
Town Clerk,statewide,Katie Miller-Creagh,R,0,0.00%
Selectman,statewide,JOEL BRUZINSKI,D,524,53.63%
Selectman,statewide,BOB OSTROSKY,R,453,46.37%
Selectman,statewide,Khris Hall,D,0,0.00%
Selectman,statewide,Jon Russo,R,0,0.00%
Selectman,statewide,Curtis Looney,D,0,0.00%
Selectman,statewide,Diana Yeisley,D,0,0.00%
Selectman,statewide,Steven Antonio,D,0,0.00%
Selectman,statewide,Kevin Beal,R,0,0.00%
Selectman,statewide,Ed Matteo,R,0,0.00%
Selectman,statewide,Mike Paine,R,0,0.00%
Selectman,statewide,Peter Baird,D,0,0.00%
Selectman,statewide,Gina Block,D,0,0.00%
Selectman,statewide,Mark Lundgren,R,0,0.00%
Selectman,statewide,Kate Anderson,R,0,0.00%
Board of Finance To Fill Vacancy for Two Years,statewide,Dave Rock,D,0,0.00%
Board of Finance To Fill Vacancy for Two Years,statewide,David Pelsue,R,0,0.00%
Selectman,statewide,Jeffrey J. Zullo,D,0,0.00%
Selectman,statewide,Jodiann Tenney,D,0,0.00%
Selectman,statewide,John P. Bongiorno,R,0,0.00%
Selectman,statewide,Daniel C. Morosani,R,0,0.00%
Town Council District 1,statewide,Ann Penington,D,0,0.00%
Town Council District 1,statewide,Alphonse Camera,D,0,0.00%
Town Council District 1,statewide,"Mariano ""Juny"" Santiago",D,0,0.00%
Town Council District 1,statewide,Eileen Parlato,R,0,0.00%
Town Council District 1,statewide,Sandra A. Woodhouse,R,0,0.00%
Town Council District 1,statewide,Eric Kropiwnicki,R,0,0.00%
Selectman,statewide,Alfred W. Maccarone Jr.,D,0,0.00%
Selectman,statewide,Tess Grous,R,0,0.00%
Selectman,statewide,Carolan Dwyer,D,0,0.00%
Selectman,statewide,Eric Soetbeer,R,0,0.00%
Town Clerk,statewide,Marisol Melendez,D,0,0.00%
Board of Finance Full Term,statewide,Randy Clifton,D,1261,26.77%
Board of Finance Full Term,statewide,Michael Fishman,D,1252,26.58%
Board of Finance Full Term,statewide,Tom Talamini,R,1108,23.52%
Board of Finance Full Term,statewide,Tom Rondeau,R,1090,23.14%
Selectman,statewide,John W Aldrich,D,176,45.24%
Selectman,statewide,Michael S.Gurnack Jr,R,213,54.76%
Town Council,statewide,Rosemary Morante,D,0,0.00%
Town Council,statewide,Benjamin Gediman,D,0,0.00%
Town Council,statewide,Christopher Wazorko,D,0,0.00%
Town Council,statewide,Daniel Hurley,D,0,0.00%
Town Council,statewide,Quinn Christopher,D,0,0.00%
Town Council,statewide,Jered Bruzas,R,0,0.00%
Town Council,statewide,Deborah Tompkins,R,0,0.00%
Town Council,statewide,Roberta Lauria,R,0,0.00%
Town Council,statewide,Seth Winkleman,R,0,0.00%
Town Council,statewide,Rachel Buchanan,R,0,0.00%
Town Council,statewide,John E. Kisluk,PC,0,0.00%
Town Council,statewide,David L. Underwood,PC,0,0.00%
Board of Education Full Four Year Term,statewide,Dana Philbin,D,2355,29.00%
Board of Education Full Four Year Term,statewide,Mackenzie Manning,D,2310,28.44%
Board of Education Full Four Year Term,statewide,Elaine Fish,R,1729,21.29%
Board of Education Full Four Year Term,statewide,Michael Bigda,R,1728,21.28%
Selectman,statewide,Bob Belden,D,0,0.00%
Selectman,statewide,Alan Donnelly,R,0,0.00%
Selectmen,statewide,Robert Schmidt,D,0,0.00%
Selectmen,statewide,William Meier III,R,0,0.00%
Board of Selectmen,statewide,Amy Rushlow,D,0,0.00%
Board of Selectmen,statewide,Joseph Colaci,R,0,0.00%
Board of Selectmen,statewide,Sharon J. Huxley,PC,0,0.00%
Selectman,statewide,Rachel Khanna,D,0,0.00%
Selectman,statewide,Lauren Rabin,R,0,0.00%
Selectman,statewide,Ronald A. Whitcomb,D,243,31.15%
Selectman,statewide,Patricia F. Massey,R,537,68.85%
Selectman,statewide,Jane Wisialowski,D,0,0.00%
Selectman,statewide,Scott M. Giegerich,R,0,0.00%
Selectman,statewide,"Mark ""Skipp"" Oulton",D,0,0.00%
Selectman,statewide,Susan Choquette,R,0,0.00%
Town Clerk,statewide,Glenn Albanesius,R,0,0.00%
Selectmen,statewide,Kim Tester,D,377,58.54%
Selectmen,statewide,Russell J Dirienzo,R,267,41.46%
Selectman,statewide,Diana M. Carlino,D,1504,66.20%
Selectman,statewide,Michael P. Thompson,R,768,33.80%
Town Council,statewide,Angie Parkinson,D,0,0.00%
Town Council,statewide,Richard Kehoe,D,0,0.00%
Town Council,statewide,Donald Bell Jr.,D,0,0.00%
Town Council,statewide,Harry Amadasun Jr.,D,0,0.00%
Town Council,statewide,Sebrina E. Wilson,D,0,0.00%
Town Council,statewide,Awet Tsegai,D,0,0.00%
Town Council,statewide,John G. Morrison,R,0,0.00%
Town Council,statewide,Matt Harper,R,0,0.00%
Town Council,statewide,Travis Simpson,R,0,0.00%
Selectman,statewide,Thomas Sevigny,D,0,0.00%
Selectman,statewide,Erik Dill,R,0,0.00%
Selectmen,statewide,Kathy Dunai,D,0,0.00%
Selectmen,statewide,Pete Hill,D,0,0.00%
Selectmen,statewide,Kathie Harrington,R,0,0.00%
Selectmen,statewide,Klaire Bielonko,R,0,0.00%
Selectman,statewide,Duane Gates,D,0,0.00%
Selectman,statewide,Cynthia Torres,R,0,0.00%
Selectmen,statewide,Marcus Palumbo,D,0,0.00%
Selectmen,statewide,Joan Charron Nagle,R,0,0.00%
Board of Education,statewide,Susan Hambey,D,0,0.00%
Board of Education,statewide,Rich Martin,D,0,0.00%
Board of Education,statewide,Scott S.Garbini,D,0,0.00%
Board of Education,statewide,Rebecca Amanti,D,0,0.00%
Board of Education,statewide,Karen Bergin,D,0,0.00%
Board of Education,statewide,Nanci DeRobbio,D,0,0.00%
Board of Education,statewide,Elaine Maynard-Adams,D,0,0.00%
Board of Education,statewide,Ed Bolles,R,0,0.00%
Board of Education,statewide,John Martin,R,0,0.00%
Board of Education,statewide,Sarah Turner,R,0,0.00%
Board of Education,statewide,Scott S.Garbini,WF,0,0.00%
Board of Education,statewide,Karen Bergin,WF,0,0.00%
Board of Education,statewide,Elaine Maynard-Adams,WF,0,0.00%
Board of Education,statewide,Elaine Maynard-Adams,G,0,0.00%
Board of Education,statewide,Keith Kimball,G,0,0.00%
Alderman Ward 1,statewide,Tyler Kennedy,D,0,0.00%
Alderman Ward 1,statewide,Jacquelyn Daniels,D,0,0.00%
Alderman Ward 1,statewide,Dana Haigh,R,0,0.00%
Alderman Ward 1,statewide,Gary Farrar,R,0,0.00%
Board of Finance,statewide,Constantine Constantine,D,0,0.00%
Board of Finance,statewide,Robert Lynn,R,0,0.00%
Selectmen,statewide,Penny Kessler,D,0,0.00%
Selectmen,statewide,Bryan Terzian,R,0,0.00%
Selectmen,statewide,Bryan Terzian,IND,0,0.00%
Selectmen,statewide,Mary Cardin,D,2391,13.31%
Selectmen,statewide,Charlotte J. Ward,D,2315,12.88%
Selectmen,statewide,Su Thanvanthri,D,2229,12.40%
Selectmen,statewide,Jamie Boucher,D,2467,13.73%
Selectmen,statewide,Ronald Stomberg,R,2088,11.62%
Selectmen,statewide,James Prichard,R,2175,12.10%
Selectmen,statewide,John W Turner,R,2135,11.88%
Selectmen,statewide,David E Stavens,R,2170,12.08%
Treasurer,statewide,Daniel P Jowdy,D,0,0.00%
Treasurer,statewide,Warren M Levy,R,0,0.00%
Councilman At Large,statewide,Susan G. Boilard,D,0,0.00%
Councilman At Large,statewide,Roxanne Perugino,D,0,0.00%
Councilman At Large,statewide,Joe Green,D,0,0.00%
Councilman At Large,statewide,Raymond B. Engle,D,0,0.00%
Councilman At Large,statewide,Randy A. Picard,D,0,0.00%
Councilman At Large,statewide,Joe Green,R,0,0.00%
Councilman At Large,statewide,Anthony Roveto,R,0,0.00%
Councilman At Large,statewide,TJ Zagurski,R,0,0.00%
Councilman At Large,statewide,Ron Tiscia,R,0,0.00%
Councilman At Large,statewide,Kevin LaFland,R,0,0.00%
Board of Selectmen,statewide,Sherri Vogt,D,0,0.00%
Board of Selectmen,statewide,Kayla Burgess,R,0,0.00%
Board of Selectmen,statewide,Joseph James Voccio,PC,0,0.00%
Selectman,statewide,Kate McDonald,D,0,0.00%
Selectman,statewide,Christopher Mayhew,R,0,0.00%
Selectman,statewide,Patricia Bandzes,D,0,0.00%
Selectman,statewide,Paul Radicchi,R,0,0.00%
Board of Selectmen,statewide,Lynn S. Kearcher,D,0,0.00%
Board of Selectmen,statewide,John G. Brett,PC,0,0.00%
Selectmen,statewide,Dexter S Kinsella,D,0,0.00%
Selectmen,statewide,Scott Olson,R,0,0.00%
Selectmen,statewide,Toby G Geiger,PC,0,0.00%
Board of Directors,statewide,Jerald Lentini,D,0,0.00%
Board of Directors,statewide,Dennis Schain,D,0,0.00%
Board of Directors,statewide,Sarah L. Jones,D,0,0.00%
Board of Directors,statewide,Jessee Muñiz-Poland,D,0,0.00%
Board of Directors,statewide,Pamela Floyd-Cranford,D,0,0.00%
Board of Directors,statewide,Leslie Frey,R,0,0.00%
Board of Directors,statewide,Robert Cormier,R,0,0.00%
Board of Directors,statewide,Ed Boland,R,0,0.00%
Board of Directors,statewide,David Willis,R,0,0.00%
Board of Directors,statewide,Peter Conyers,R,0,0.00%
Selectman,statewide,Thomas A Craney,D,0,0.00%
Selectman,statewide,Ashley McAuliffe,R,0,0.00%
Town Clerk,statewide,Karen Beth Mowad,R,0,0.00%
Selectman,statewide,Laurey  Weiner,D,252,44.13%
Selectman,statewide,Denise K. Weik,R,319,55.87%
Selectman,statewide,Beth Campbell,D,0,0.00%
Selectman,statewide,Michael Burr,R,0,0.00%
Selectman,statewide,Lynn M Worthington,D,0,0.00%
Selectman,statewide,Lynn Harrington,R,0,0.00%
Selectman,statewide,"Edward L. Matson, III",PC,0,0.00%
Board of Finance,statewide,Elaine Whitney,D,0,0.00%
Board of Finance,statewide,Allyson Stollenwerk,D,0,0.00%
Board of Finance,statewide,Brian Gaines,R,0,0.00%
Selectmen,statewide,Geoffrey Bolte,D,779,37.31%
Selectmen,statewide,"Larry Consiglio, Jr.",R,1309,62.69%
Selectman,statewide,Amy Murphy Carroll,D,0,0.00%
Selectman,statewide,Steve Karl,R,0,0.00%
Mayor,statewide,Dorinda Borer,D,0,0.00%
Mayor,statewide,Robert John Barry,WI,0,0.00%
Selectmen,statewide,Margaret Q. Chapple,D,0,0.00%
Selectmen,statewide,Kim Becker,D,0,0.00%
Selectmen,statewide,Frederick Moffa,D,0,0.00%
Selectmen,statewide,Mark Neumann,R,0,0.00%
Selectmen,statewide,Andrew Badeau,R,0,0.00%
Selectman,statewide,"Leo F. Colwell, Jr.",D,383,63.20%
Selectman,statewide,Alexandria S Evans,R,223,36.80%
Board of Finance,statewide,Robert T. England,D,0,0.00%
Board of Finance,statewide,Nicholas Clark,D,0,0.00%
Board of Finance,statewide,Heather M. Van Cara,D,0,0.00%
Board of Finance,statewide,Anna Dziadosz,R,0,0.00%
Board of Finance,statewide,Ronald Langlois,R,0,0.00%
Board of Finance,statewide,Donald Denley,R,0,0.00%
"Town Council, Chair",statewide,Brian FX Connolly,D,0,0.00%
"Town Council, Chair",statewide,Joe Capodiferro,R,0,0.00%
City Sheriff,statewide,Andrew Garfunkel,D,0,0.00%
City Sheriff,statewide,John Henderson,R,0,0.00%
City Sheriff,statewide,Erik T. Anderson,IND,0,0.00%
Selectmen,statewide,Diane Weston,D,0,0.00%
Selectmen,statewide,Gary J. Closius,D,0,0.00%
Selectmen,statewide,Ed Chmielewski,R,0,0.00%
Selectmen,statewide,Pamela Munro,R,0,0.00%
Board of Education Full Term,statewide,Haley Gross de Jimenez,D,0,0.00%
Board of Education Full Term,statewide,Kristin Dilaj,D,0,0.00%
Board of Education Full Term,statewide,Gregory M Cecil,R,0,0.00%
Board of Education Full Term,statewide,Kathryn Graf,D,0,0.00%
Board of Education Full Term,statewide,Scott Sigel,D,0,0.00%
Board of Education Full Term,statewide,Angela Rice,D,0,0.00%
Board of Education Full Term,statewide,Tina Malhotra,D,0,0.00%
Board of Education Full Term,statewide,Debra Franceschini,R,0,0.00%
Board of Education Full Term,statewide,Divya Dorairajan,IND,0,0.00%
Board of Selectmen Full Four Year Term,statewide,Ann Cicchiello,D,0,0.00%
Board of Selectmen Full Four Year Term,statewide,Candice Carlson,R,0,0.00%
Alderperson Ward 1,statewide,Jessica Vargas,D,0,0.00%
Alderperson Ward 1,statewide,"Nathan ""Nate"" Simpson",D,0,0.00%
Alderperson Ward 1,statewide,Dottie DiLernia,R,0,0.00%
Alderperson Ward 1,statewide,Hector Roldan,R,0,0.00%
Alderperson Ward 1,statewide,"Nathan ""Nate"" Simpson",WF,0,0.00%
Alderperson Ward 1,statewide,Thomas A. Talalaj,PC,0,0.00%
Treasurer,statewide,Barbara J. Montalvo,D,0,0.00%
Treasurer,statewide,Judy Szewczyk,R,0,0.00%
Board of Finance,statewide,Sabrina Beck,D,721,18.63%
Board of Finance,statewide,Weld Royal,D,656,16.95%
Board of Finance,statewide,Eric Niedmann,R,1257,32.48%
Board of Finance,statewide,Charles L Casella,R,1236,31.94%
Town Clerk,statewide,Dawn Rees Mooney,D,0,0.00%
Town Clerk,statewide,Dawn Rees Mooney,R,0,0.00%
Town Council Second District,statewide,Jim Jinks,D,0,0.00%
Town Council Second District,statewide,Lori Barnes,R,0,0.00%
Town Clerk,statewide,Tonya Hogan,D,543,47.47%
Town Clerk,statewide,Tonya Hogan,R,601,52.53%
Town Treasurer,statewide,Sheryl Feducia,D,0,0.00%
Town Treasurer,statewide,Dalton Fennell,R,0,0.00%
Board of Finance Full Term,statewide,Joanna Taczanowsky,D,0,0.00%
Board of Finance Full Term,statewide,Jeff Clark,D,0,0.00%
Board of Finance Full Term,statewide,Ralph Blanchard,R,0,0.00%
Board of Finance Full Term,statewide,Ken Ouellette,R,0,0.00%
Town Clerk,statewide,Bonnie L. Armstrong,D,0,0.00%
Town Clerk,statewide,Bonnie L. Armstrong,R,0,0.00%
Council Member District 1,statewide,"DeWayne Wynn, Jr.",D,0,0.00%
Council Member District 1,statewide,Greg Hahn,D,0,0.00%
Council Member District 1,statewide,Erick Rosengren,R,0,0.00%
Council Member District 1,statewide,Jennifer St. John,R,0,0.00%
Board of Education,statewide,Pam Ely,D,0,0.00%
Board of Education,statewide,Nicola Davies,D,0,0.00%
Board of Education,statewide,Mark Shaner,R,0,0.00%
Board of Finance,statewide,Andrew Manke,D,0,0.00%
Board of Finance,statewide,Katie Wade,D,0,0.00%
Board of Finance,statewide,Kevin Beaudoin,D,0,0.00%
Board of Finance,statewide,Stephen Salerno,D,0,0.00%
Board of Finance,statewide,Joe Labieniec,R,0,0.00%
Board of Finance,statewide,Wayne Stanforth,R,0,0.00%
Board of Finance,statewide,"Edward Pocock, Jr.",R,0,0.00%
Board of Finance,statewide,John Leary,R,0,0.00%
City Treasurer,statewide,Bob Buckley,R,0,0.00%
Board of Education,statewide,Lynn Katz,D,0,0.00%
Board of Education,statewide,Thej Singh,D,0,0.00%
Board of Education,statewide,Summer Yule,R,0,0.00%
Board of Education,statewide,Jessica Giulietti,R,0,0.00%
Board of Education,statewide,Kevin McGarry,R,0,0.00%
Board of Education,statewide,Mark Buchanan,R,0,0.00%
Board of Education,statewide,Jeffrey S. Fleischman,PC,0,0.00%
Town Clerk,statewide,Michelle Dowling,D,2415,58.00%
Town Clerk,statewide,Michelle Dowling,R,1749,42.00%
Board of Education,statewide,Jennifer Baron-Morfea,D,0,0.00%
Board of Education,statewide,Jessica Loffredo,D,0,0.00%
Board of Education,statewide,Maria Mennella,D,0,0.00%
Board of Education,statewide,Tom Cosker,D,0,0.00%
Board of Education,statewide,Kristen Dudanowicz,D,0,0.00%
Board of Education,statewide,Amber Tucker,R,0,0.00%
Board of Education,statewide,Bryan Addy,R,0,0.00%
Board of Education,statewide,Steven Slattery,R,0,0.00%
Board of Education,statewide,Jay Chhabra,R,0,0.00%
Board of Education,statewide,Brian P. Clemens,R,0,0.00%
Board of Aldermen District 1,statewide,Michael Rinaldi,D,0,0.00%
Board of Aldermen District 1,statewide,Kenneth J. Curran,D,0,0.00%
Board of Aldermen District 1,statewide,Michael Grosso,R,0,0.00%
Board of Aldermen District 1,statewide,Jameson P. Stock,R,0,0.00%
Board of Aldermen District 1,statewide,Mary Grace Cavallo,WI,0,0.00%
Board of Education,statewide,Ali Barker,D,0,0.00%
Board of Education,statewide,Felicia Jordan,D,0,0.00%
Board of Education,statewide,Michelle Kulak,D,0,0.00%
Board of Education,statewide,Andrew Lavery,R,0,0.00%
Board of Education,statewide,Jordan Mae Toussaint,R,0,0.00%
Board of Education,statewide,Russell Bush,R,0,0.00%
Board of Assessment Appeals,statewide,James H. Segaloff,D,0,0.00%
Board of Assessment Appeals,statewide,Gail G. Henrick,R,0,0.00%
Constables,statewide,Dennis Palmer,D,0,0.00%
Constables,statewide,Shellye Davis,D,0,0.00%
Constables,statewide,Charles W. Jackson III,R,0,0.00%
Constables,statewide,Samuel P. Savelli,R,0,0.00%
Board of Finance,statewide,Andrew H. Sherman,D,0,0.00%
Board of Finance,statewide,Steven Tranguch,R,0,0.00%
Board of Finance,statewide,Karen McWhirt,R,0,0.00%
Town Clerk,statewide,Laura S. Lieske,D,0,0.00%
Town Clerk,statewide,Logan M. Gordon,PC,0,0.00%
Town Treasurer,statewide,Ralph J. Barra,D,0,0.00%
Town Treasurer,statewide,Janine R. Bowler,R,0,0.00%
Board of Aldermen First Ward,statewide,"Robert L. Anderson, III",D,0,0.00%
Board of Aldermen First Ward,statewide,Drew R. Lewis,D,0,0.00%
Board of Aldermen First Ward,statewide,Porter McKinnon,R,0,0.00%
Board of Aldermen First Ward,statewide,Anthony F. Simonetti,R,0,0.00%
Board of Finance,statewide,James Fedeli,D,0,0.00%
Board of Finance,statewide,Daniel Kelly,D,0,0.00%
Board of Finance Alternate,statewide,Travis Michaud,D,1002,36.00%
Board of Finance Alternate,statewide,Joseph E. Sheridan,D,997,35.82%
Board of Finance Alternate,statewide,Michael J. Concodello,R,784,28.17%
Selectmen,statewide,Sandra J. Ruoff,D,0,0.00%
Selectmen,statewide,Lou Federici,D,0,0.00%
Selectmen,statewide,Carlyle Ciccone,R,0,0.00%
Selectmen,statewide,Susan Renner,R,0,0.00%
Selectmen,statewide,Charles Havrda,IND,0,0.00%
Selectmen,statewide,Justin Paglino,G,0,0.00%
Board of Finance Alternate Full Term,statewide,Jillian P. Kauff,D,0,0.00%
Board of Finance Alternate Full Term,statewide,Mark E. Terna,R,0,0.00%
Town Clerk,statewide,Johanna H. Wolfe,D,0,0.00%
Town Clerk,statewide,Johanna H. Wolfe,R,0,0.00%
Town Clerk,statewide,Katie Mayer,D,0,0.00%
Town Clerk,statewide,Katie Mayer,R,0,0.00%
Board of Education,statewide,Jody M. Grosso,D,0,0.00%
Board of Education,statewide,Erin Livensparger,D,0,0.00%
Board of Education,statewide,Bethanne Vergean,D,0,0.00%
Board of Education,statewide,Kim Nagy-Maruschock,D,0,0.00%
Board of Education,statewide,David Murphy,R,0,0.00%
Board of Education,statewide,Anne Whalen,R,0,0.00%
Board of Education,statewide,Karen Renner,R,0,0.00%
Board of Education,statewide,James I. Motes,PC,0,0.00%
Town Clerk,statewide,Alice A. Maisano,D,0,0.00%
Town Clerk,statewide,Alice A. Maisano,R,0,0.00%
Board of Assessment Appeals,statewide,Barbara Riordan,D,0,0.00%
Board of Assessment Appeals,statewide,Carolyn G. Arabolos,D,0,0.00%
Board of Assessment Appeals,statewide,Phillip C. Bouchard,R,0,0.00%
Town Council Willimantic Voting District,statewide,Rodney Alexander Jr,D,0,0.00%
Town Council Willimantic Voting District,statewide,Edelmiro Rios,D,0,0.00%
Town Council Willimantic Voting District,statewide,Clinton Adams,D,0,0.00%
Town Council Willimantic Voting District,statewide,Ricky Martinez,R,0,0.00%
Town Council Willimantic Voting District,statewide,Joshua Holman,R,0,0.00%
Town Council Willimantic Voting District,statewide,Rose Reyes,WF,0,0.00%
Town Council Willimantic Voting District,statewide,Rose Reyes,G,0,0.00%
Town Council Willimantic Voting District,statewide,Roy D. Dingler,BL,0,0.00%
Town Clerk,statewide,Gail Livingstone,D,838,39.68%
Town Clerk,statewide,Gail Livingstone,R,1274,60.32%
Town Clerk,statewide,Michelle Grant,R,0,0.00%
Town Clerk and Tax Collector,statewide,Jill E Keith,D,0,0.00%
Town Clerk and Tax Collector,statewide,Jill E Keith,R,0,0.00%
Councilor District #3,statewide,Cynthia Mangini,D,0,0.00%
Councilor District #3,statewide,Carl Sferrazza,R,0,0.00%
Board of Education Two Year Term,statewide,Howard Steven Frydman,D,0,0.00%
Board of Education Two Year Term,statewide,Ricky Rowe,R,0,0.00%
Board of Education - Not More than Three from One Party,statewide,Maureen Lewis,D,0,0.00%
Board of Education - Not More than Three from One Party,statewide,Emily Rosenthal,D,0,0.00%
Board of Education - Not More than Three from One Party,statewide,Jessica Wilen,D,0,0.00%
Board of Education - Not More than Three from One Party,statewide,Tony Paolitto,R,0,0.00%
Board of Education - Not More than Three from One Party,statewide,Mary Ann Connelly,R,0,0.00%
Board of Education - Not More than Three from One Party,statewide,Lisa Deane,R,0,0.00%
Legislative Council District 1,statewide,Christopher Gardner,D,0,0.00%
Legislative Council District 1,statewide,Laura Miller,D,0,0.00%
Legislative Council District 1,statewide,Christopher Eide,D,0,0.00%
Legislative Council District 1,statewide,Brian Leonardi,R,0,0.00%
Legislative Council District 1,statewide,Derek Pisani,R,0,0.00%
Legislative Council District 1,statewide,Steve Stolfi,R,0,0.00%
Board of Education Full four Year Term,statewide,Paul Grabowski,D,0,0.00%
Board of Education Full four Year Term,statewide,Jesse Schoolnik,D,0,0.00%
Board of Education Full four Year Term,statewide,Anthony F. Bedlack,R,0,0.00%
Town Clerk,statewide,Vida V. Stone,R,0,0.00%
Board of Finance,statewide,Adam Ockman,D,1642,26.69%
Board of Finance,statewide,Ryan Herrick,D,1721,27.97%
Board of Finance,statewide,Brian O'Reilly,R,1412,22.95%
Board of Finance,statewide,Michael H Beaulieu,R,1377,22.38%
Board of Education,statewide,Sarah Strange,D,0,0.00%
Board of Education,statewide,Nancy Kohler,D,0,0.00%
Board of Education,statewide,Corinne Clark Barney,D,0,0.00%
Board of Education,statewide,Nathan Jaycox,R,0,0.00%
Board of Education,statewide,Sal Nucifora,R,0,0.00%
Board of Education,statewide,Sarah LeBlanc,R,0,0.00%
Town Clerk,statewide,Kathryn Lee,D,380,80.85%
Town Clerk,statewide,Kathryn Lee,R,90,19.15%
Town Treasurer,statewide,David Koji,D,0,0.00%
Town Treasurer,statewide,John Ringo,R,0,0.00%
Town Clerk,statewide,Dianne Talbot,D,0,0.00%
Town Clerk,statewide,Dianne Talbot,R,0,0.00%
Town Treasurer,statewide,Kurt Schwanfelder,D,0,0.00%
Town Treasurer,statewide,Ed Prete,R,0,0.00%
City and Town Clerk,statewide,Michael Companik,D,0,0.00%
City and Town Clerk,statewide,Carol L. Anderson,R,0,0.00%
Board of Assessment Appeals,statewide,Gary Murphy,D,2040,56.43%
Board of Assessment Appeals,statewide,Jonathan M Genesky,R,1575,43.57%
Board of Assessment Appeals,statewide,Nancy Grandelski,D,0,0.00%
Board of Assessment Appeals,statewide,Kevin Gaudreau,R,0,0.00%
Board of Finance,statewide,Emily Vail,D,0,0.00%
Town Treasurer,statewide,Neil Hoss,D,0,0.00%
Town Treasurer,statewide,Danele Rhoads,R,0,0.00%
Town Treasurer,statewide,Paul R. Simeone,D,0,0.00%
Town Treasurer,statewide,"Paul A. Simonds, Jr.",R,0,0.00%
Town Clerk,statewide,Christa Sheehan McNamara,R,0,0.00%
Town Treasurer,statewide,Gordon Ross,R,0,0.00%
Town Clerk,statewide,Caitlin Riley,D,0,0.00%
Town Clerk,statewide,Caitlin Riley,R,0,0.00%
Town Treasurer,statewide,Sandy Grimes,D,4437,100.00%
Board of Alder Ward 1,statewide,Elias Theodore,D,0,0.00%
Town Council District 2,statewide,Christopher Green,D,0,0.00%
Town Council District 2,statewide,Bonnie Lambert,R,0,0.00%
Board of Finance,statewide,Kimberly Gustin,D,0,0.00%
Board of Finance,statewide,Richard Freedman,D,0,0.00%
Board of Finance,statewide,Chris Malloy,D,0,0.00%
Board of Finance,statewide,Jennifer Munger,R,0,0.00%
Board of Finance,statewide,Tom Dougherty,R,0,0.00%
Board of Finance,statewide,Kate Lombardo,R,0,0.00%
Town Clerk,statewide,Krysti Segalla,R,0,0.00%
Town Clerk,statewide,Holly Krouse,R,0,0.00%
Town Clerk,statewide,Debra L. McKeon,D,0,0.00%
Town Clerk,statewide,Debra L. McKeon,R,0,0.00%
Board of Finance,statewide,Gerald Paradis,D,0,0.00%
Board of Finance,statewide,Salvatore Bordonaro,R,0,0.00%
Board of Finance,statewide,George Millerd,R,0,0.00%
Town Clerk,statewide,Christopher P. Latournes,R,0,0.00%
Board of Education,statewide,Susan Spiggle,D,0,0.00%
Board of Education,statewide,Paul Kordonowy,D,0,0.00%
Board of Education,statewide,Gina Jarvis,R,0,0.00%
Board of Education,statewide,Kristin Locke,R,0,0.00%
Board of Finance,statewide,Kerstin Forrester,D,0,0.00%
Board of Finance,statewide,Paula J. Hanlon,D,0,0.00%
Board of Finance,statewide,Shane Donahue,D,0,0.00%
Board of Finance,statewide,Walter (Scott) Irwin,R,0,0.00%
Board of Finance,statewide,Julie Quinn,R,0,0.00%
Board of Finance,statewide,Lisa-Jean Clifford,R,0,0.00%
Board of Education,statewide,Kim Hodges,D,0,0.00%
Board of Education,statewide,Liz Maiese,D,0,0.00%
Board of Education,statewide,Deb Roselli Kelly,D,0,0.00%
Board of Education,statewide,Corlyn Webster,D,0,0.00%
Board of Education,statewide,Ryan Boyle,R,0,0.00%
Board of Education,statewide,Stephanie DeBiasi,R,0,0.00%
Board of Education,statewide,Chris Jones,R,0,0.00%
Town Clerk,statewide,Shari Smith,D,246,49.70%
Town Clerk,statewide,Shari Smith,R,249,50.30%
Board of Finance,statewide,Tom Frenaye,D,0,0.00%
Board of Finance,statewide,Brian Kost,R,0,0.00%
Board of Finance,statewide,Michael Haines,R,0,0.00%
Board of Finance,statewide,Jim Miller,D,0,0.00%
Board of Finance,statewide,Mitchell Etess,R,0,0.00%
Town Clerk,statewide,Michelle L Lisowski,R,0,0.00%
Board of Finance,statewide,Kristyn Hanewicz,D,0,0.00%
Board of Finance,statewide,Leon Sloat,D,0,0.00%
Board of Finance,statewide,Tracy A. Rappa,D,0,0.00%
Board of Finance,statewide,Joseph Michael Niezelski,D,0,0.00%
Board of Finance,statewide,Quinn Levey,R,0,0.00%
Board of Finance,statewide,Richard Demko,R,0,0.00%
Board of Finance,statewide,Beverly Kennedy,R,0,0.00%
Board of Assessment Appeals,statewide,Elizabeth W. Shoudy,D,0,0.00%
Board of Assessment Appeals,statewide,Debra DeFelice,R,0,0.00%
Town Clerk,statewide,Debbie Szegedi,R,0,0.00%
Town Clerk,statewide,Laurie W. Carr,R,0,0.00%
Board of Finance Full Term,statewide,Joseph R. Baker,D,0,0.00%
Board of Finance Full Term,statewide,Korey Linder,D,0,0.00%
Board of Finance Full Term,statewide,Nick Garofalo,R,0,0.00%
Board of Finance Full Term,statewide,Brian Whitfield,R,0,0.00%
Board of Finance Full Term,statewide,Walter O'Connor,R,0,0.00%
Board of Finance,statewide,Richard S. Berzine,D,0,0.00%
Board of Finance,statewide,Ginger M. Betti,D,0,0.00%
Board of Finance,statewide,Andrea L. Downs,R,0,0.00%
Board of Finance,statewide,Karl Munson,R,0,0.00%
Planning & Zoning Commission,statewide,Andrew Reagan,D,0,0.00%
Planning & Zoning Commission,statewide,Daniel Long,D,0,0.00%
Planning & Zoning Commission,statewide,Shanay Fulton,D,0,0.00%
Planning & Zoning Commission,statewide,Vinny Szynkowicz,R,0,0.00%
Planning & Zoning Commission,statewide,Tyler Eckstrom,R,0,0.00%
Planning & Zoning Commission,statewide,Lucas A. J. Chaves,R,0,0.00%
Councilman Area 2,statewide,Steven Cardillo,WE,0,0.00%
Councilman Area 2,statewide,Diadette Hernandez,D,0,0.00%
Councilman Area 2,statewide,Steven Cardillo,R,0,0.00%
Councilman Area 2,statewide,Diadette Hernandez,WF,0,0.00%
Town Treasurer,statewide,Eve H. Schneider,D,299,54.96%
Town Treasurer,statewide,Colleen M. Frisbie,R,245,45.04%
Selectman,statewide,Tom Zabel,D,0,0.00%
Selectman,statewide,Lauren Woods Owens,R,0,0.00%
Selectman,statewide,Jason Boucher,R,0,0.00%
Council Members District 130,statewide,Galen Murray,D,0,0.00%
Council Members District 130,statewide,Nicole Nelson,D,0,0.00%
Council Members District 130,statewide,Steven Sikora,R,0,0.00%
Council Members District 130,statewide,Francis Kalangala,R,0,0.00%
Board of Finance,statewide,William  Bunnell,D,0,0.00%
Board of Finance,statewide,Stephanie Summers,D,0,0.00%
Board of Finance,statewide,Nicholas Tella,R,0,0.00%
Board of Finance,statewide,Melissa Miller,R,0,0.00%
Town Treasurer,statewide,Andrew Vining,D,0,0.00%
Town Treasurer,statewide,Scott H. McCall,R,0,0.00%
Town Clerk & Tax Collector,statewide,J. Stacey Yarbrough,R,0,0.00%
Board of Education,statewide,Maureen Reed,D,0,0.00%
Board of Education,statewide,Duncan Craig,D,0,0.00%
Board of Education,statewide,Kyler Allen,D,0,0.00%
Board of Education,statewide,Kristi Doerr,D,0,0.00%
Board of Education,statewide,Brenda Shuler,D,0,0.00%
Board of Education,statewide,Michael Votto,D,0,0.00%
Board of Education,statewide,Marla Roscoe,R,0,0.00%
Board of Education,statewide,Rajan Doering,R,0,0.00%
Board of Education,statewide,Donna Regan,R,0,0.00%
Board of Education,statewide,Caroline Raynis,R,0,0.00%
Board of Education,statewide,Jennifer Passaretti,R,0,0.00%
Board of Education,statewide,Ray Ross,R,0,0.00%
Town Clerk,statewide,Vicki Urbowicz,R,0,0.00%
Board of Education,statewide,Jennifer Stahl,D,0,0.00%
Board of Education,statewide,Grae Norman-Hall,D,0,0.00%
Board of Education,statewide,James Perkins,D,0,0.00%
Board of Education,statewide,Christopher Duffy,R,0,0.00%
Board of Education,statewide,Ashley Paggioli,R,0,0.00%
Town Clerk,statewide,James Carcano,D,0,0.00%
Town Clerk,statewide,Mary Shaw,R,0,0.00%
Tax Collector,statewide,Cheryl Higgins,D,183,40.76%
Tax Collector,statewide,Cheryl Higgins,R,266,59.24%
Board of Education,statewide,Saurabh Vilekar,D,0,0.00%
Board of Education,statewide,Megan Conatser,D,0,0.00%
Board of Education,statewide,Mike Strambler,D,0,0.00%
Board of Education,statewide,Stephanie Pennington,R,0,0.00%
Board of Education,statewide,Jackie Cappiello,R,0,0.00%
Board of Education,statewide,Sarah Beth Del Prete,R,0,0.00%
Board of Education,statewide,Shaun Holloran,D,0,0.00%
Board of Education,statewide,Amy DeVoe Perrotti,D,0,0.00%
Board of Education,statewide,Sam Sharma,D,0,0.00%
Board of Education,statewide,Jessica Weaver,D,0,0.00%
Board of Education,statewide,Meri Beatrice,D,0,0.00%
Board of Education,statewide,Marissa D Lenzi,R,0,0.00%
Board of Education,statewide,Timothy Newton,R,0,0.00%
Board of Education,statewide,Brian Skibo,R,0,0.00%
Board of Education,statewide,Jason Hipp,R,0,0.00%
Board of Education,statewide,Gail L. Stanley,R,0,0.00%
Board of Education Two Year Term,statewide,Mindy Gold,D,0,0.00%
Board of Education Two Year Term,statewide,Gabby DiBacco,D,0,0.00%
Board of Education Two Year Term,statewide,Amanda Drew,R,0,0.00%
Board of Education Two Year Term,statewide,Kevin J. Timbro,R,0,0.00%
Board of Finance,statewide,Mike Lee,D,534,100.00%
Town Treasurer,statewide,Linda Cote,D,0,0.00%
Town Treasurer,statewide,Kelsey Picco,R,0,0.00%
Town Clerk,statewide,Kaye Johnson,D,0,0.00%
Town Clerk,statewide,Kaye Johnson,R,0,0.00%
Town Clerk,statewide,Joan S. Angelini,D,0,0.00%
Councilmen-At-Large,statewide,Tasha Hunt,D,0,0.00%
Councilmen-At-Large,statewide,Douglas J.C. Foley,D,0,0.00%
Councilmen-At-Large,statewide,Katie Kiely,D,0,0.00%
Councilmen-At-Large,statewide,Maurine M. Crouch,D,0,0.00%
Councilmen-At-Large,statewide,Victor Mitchell,R,0,0.00%
Councilmen-At-Large,statewide,Thomas Figlar,R,0,0.00%
Councilmen-At-Large,statewide,Robert Anthony,R,0,0.00%
Councilmen-At-Large,statewide,Douglas J.C. Foley,WF,0,0.00%
Councilmen-At-Large,statewide,Maurine M. Crouch,WF,0,0.00%
Board of Alderman District 2,statewide,Toni Lombardi,D,0,0.00%
Board of Alderman District 2,statewide,Robert A. Pacelli Jr.,D,0,0.00%
Board of Alderman District 2,statewide,Kal M. Ali,R,0,0.00%
Board of Alderman District 2,statewide,Pasquale Civitella,R,0,0.00%
Board of Education To Fill Vacancy for Two Years,statewide,Rachel Marino,R,0,0.00%
Town Clerk,statewide,Maria W. Cruz,D,0,0.00%
Treasurer,statewide,Anthony Musto,D,0,0.00%
Treasurer,statewide,Justin Scheuble,R,0,0.00%
Town Clerk,statewide,CAROL L HAVENS,R,798,100.00%
Town Clerk,statewide,Holly Z Smith,D,0,0.00%
Town Clerk,statewide,Holly Z Smith,R,0,0.00%
Board of Finance,statewide,Regina K. Pynn,D,0,0.00%
Board of Finance,statewide,Lalitha Shivaswamy,D,0,0.00%
Board of Finance,statewide,Spencer Mullen,R,0,0.00%
Board of Finance,statewide,Angel Goldman,R,0,0.00%
Town Clerk,statewide,Sarah Pytlik,D,0,0.00%
Town Clerk,statewide,Sarah Pytlik,R,0,0.00%
Board of Education Full Four Year Term,statewide,Mike Whitney,D,0,0.00%
Board of Education Full Four Year Term,statewide,Sean Corcoran,D,0,0.00%
Board of Education Full Four Year Term,statewide,Robert Boris,R,0,0.00%
Board of Education Full Four Year Term,statewide,Andrea L. Ackerman,R,0,0.00%
Board of Education Full Four Year Term,statewide,Mitchell A. Shinbrot,R,0,0.00%
"Board of Education, Four to be Elected, not more than Two from One Party",statewide,Jennifer Jacobsen,D,0,0.00%
"Board of Education, Four to be Elected, not more than Two from One Party",statewide,Kristin O'Neill,D,0,0.00%
"Board of Education, Four to be Elected, not more than Two from One Party",statewide,Jacquelyn Bardenwerper,R,0,0.00%
"Board of Education, Four to be Elected, not more than Two from One Party",statewide,Nicholas Aysseh,R,0,0.00%
"Board of Education, Four to be Elected, not more than Two from One Party",statewide,Kristin O'Neill,WF,0,0.00%
Town Clerk,statewide,Lisa A. Losee,R,0,0.00%
Town Council District 2,statewide,Karen A. Martin,D,0,0.00%
Town Council District 2,statewide,Joseph E. Deko,D,0,0.00%
Town Council District 2,statewide,Joseph Santino Jr.,D,0,0.00%
Town Council District 2,statewide,Nick Palladino,R,0,0.00%
Town Council District 2,statewide,Jack Tiboni,R,0,0.00%
Town Council District 2,statewide,Steve DeLucia,R,0,0.00%
Town Clerk,statewide,Cheryl Pinkos,D,0,0.00%
Board of Finance,statewide,Dave Demchak,D,0,0.00%
Board of Finance,statewide,Kent McCord,D,0,0.00%
Board of Finance,statewide,Toby Proctor,D,0,0.00%
Board of Finance,statewide,James C. Tsaptsinos,R,0,0.00%
Board of Finance,statewide,Benjamin Perron,R,0,0.00%
Board of Finance,statewide,Timothy Rhodes,D,0,0.00%
Board of Finance,statewide,Betty Bartok,R,0,0.00%
Board of Finance,statewide,Keith Lipker,R,0,0.00%
Board of Finance To Fill Vacancy for Two Years,statewide,Steve Austin,R,1348,100.00%
Board of Education,statewide,Morgan M Conley,D,208,28.93%
Board of Education,statewide,Michael H Gile Jr,R,247,34.35%
Board of Education,statewide,Clark W Stearns,R,264,36.72%
Board of Education Full Two Year Term,statewide,Jayden Regisford,D,2411,29.88%
Board of Education Full Two Year Term,statewide,Joel Lopez,D,2329,28.86%
Board of Education Full Two Year Term,statewide,J.P. Olynyk,R,1680,20.82%
Board of Education Full Two Year Term,statewide,Judy T. Knoob,R,1649,20.44%
Town Clerk,statewide,David Marti,R,0,0.00%
Town Treasurer,statewide,Nancy Spagnolo,D,0,0.00%
Town Treasurer,statewide,Lisa Gaw,R,0,0.00%
Town Clerk,statewide,Meghan McCreary,D,0,0.00%
Town Clerk,statewide,Jacqueline A. Budkins,R,0,0.00%
Board of Finance,statewide,Eric C. Cote,D,220,14.73%
Board of Finance,statewide,Charles P. Rabbitt,D,279,18.67%
Board of Finance,statewide,Peter E. Grillo,R,496,33.20%
Board of Finance,statewide,David P. Malo,R,499,33.40%
Town Clerk,statewide,Sarah V. Becker,R,0,0.00%
Board of Education,statewide,Sarah Thompson,D,0,0.00%
Board of Education,statewide,Rachel Ricard,D,0,0.00%
Board of Education,statewide,Valerie Muschiano,R,0,0.00%
Board of Education,statewide,Suzann M Miller,R,0,0.00%
Town Clerk,statewide,Peter A Hurlbut,D,393,61.02%
Town Clerk,statewide,Peter A Hurlbut,R,251,38.98%
Town Clerk,statewide,Kate Bisson,D,0,0.00%
Town Clerk,statewide,Kate Bisson,R,0,0.00%
Town Clerk,statewide,Michele R. Grande,D,1614,71.86%
Town Clerk,statewide,Michele R. Grande,R,632,28.14%
Treasurer,statewide,Tia L. Woods,D,0,0.00%
Treasurer,statewide,Florence Oten,R,0,0.00%
Town Treasurer,statewide,Carol Faraci,D,0,0.00%
Town Treasurer,statewide,Michele Gregorio,R,0,0.00%
Town Clerk,statewide,Julie Stoken,R,0,0.00%
Town Treasurer,statewide,Paul Mazurek,D,0,0.00%
Town Treasurer,statewide,Mya Chance,R,0,0.00%
Town Clerk,statewide,Amy Macmillan Winchell,PC,0,0.00%
Town Clerk,statewide,Jen Synnett,D,0,0.00%
Town Clerk,statewide,Jen Synnett,R,0,0.00%
Alderman Ward 2,statewide,Jaylen Daniels,D,0,0.00%
Alderman Ward 2,statewide,Frank Pergola,D,0,0.00%
Alderman Ward 2,statewide,Timothy Holman,R,0,0.00%
Alderman Ward 2,statewide,Rasheem Gonzalez,R,0,0.00%
Alderman Ward 2,statewide,"Harry R. Danley, Jr.",PC,0,0.00%
Board of Education,statewide,Douglas C. Foyle,D,0,0.00%
Board of Education,statewide,David Peniston,D,0,0.00%
Board of Education,statewide,Jenn Jennings,R,0,0.00%
Board of Education,statewide,Austin Apanovitch,R,0,0.00%
Town Clerk,statewide,Lisa Bergh,D,0,0.00%
Town Clerk,statewide,Lisa Bergh,R,0,0.00%
Town Clerk,statewide,Lisa Bergh,IND,0,0.00%
Board of Finance,statewide,Liz Nord,D,2458,27.30%
Board of Finance,statewide,Gomathi Ramachandran,D,2206,24.50%
Board of Finance,statewide,Douglas Harding,R,2198,24.41%
Board of Finance,statewide,Barry Pinto,R,2141,23.78%
Town Clerk,statewide,Laurie A Esposito,D,0,0.00%
Town Clerk,statewide,Theresa Buzaid,R,0,0.00%
Town Clerk,statewide,Laurie A Esposito,WF,0,0.00%
Town Clerk,statewide,Linda Konopaske,R,0,0.00%
Town Clerk,statewide,Deborah M. Nelson,D,397,100.00%
Town Clerk,statewide,Kathryn Hair,D,0,0.00%
Town Clerk,statewide,Kathryn Hair,R,0,0.00%
Town Clerk,statewide,Christine French,D,0,0.00%
Town Clerk,statewide,Christine French,R,0,0.00%
Town Clerk,statewide,Barbara L Breor,R,0,0.00%
Town Clerk,statewide,Lynda Feder-Craney,D,0,0.00%
Town Clerk,statewide,Laura Halloran,D,404,67.79%
Town Clerk,statewide,Edisona Adili,R,192,32.21%
Town Clerk,statewide,Cathy DuPont,D,0,0.00%
Town Clerk,statewide,Cathy DuPont,R,0,0.00%
Town Clerk,statewide,Darlene F. Brady,PC,0,0.00%
Board of Education,statewide,Abby Tolan,D,0,0.00%
Board of Education,statewide,Stephen Shackelford,D,0,0.00%
Board of Education,statewide,Jodi Harris,D,0,0.00%
Board of Education,statewide,Michelle Hopson,R,0,0.00%
Board of Education,statewide,Dorie Hordon,R,0,0.00%
Board of Education,statewide,Kaitlin Zucaro,R,0,0.00%
Board of Education,statewide,Andy Frankel,R,0,0.00%
Board of Education,statewide,Robert Harrington,WI,0,0.00%
Town Clerk,statewide,Bianca DelTufo,D,0,0.00%
Town Clerk,statewide,Claudia A. Weber,R,0,0.00%
City Clerk,statewide,John Lewis,D,0,0.00%
City Clerk,statewide,Tom Green,R,0,0.00%
Board of Education,statewide,Sharon St. Rock,D,0,0.00%
Board of Education,statewide,Michael Beckwith,D,0,0.00%
Board of Education,statewide,Gerard Creme,D,0,0.00%
Board of Education,statewide,Sharon St. Rock,R,0,0.00%
Board of Education,statewide,Marcie Miner,R,0,0.00%
Board of Education To Fill Vacancy for Four Years,statewide,"John Fratiello, Jr.",D,0,0.00%
"Town Council, First District",statewide,Bruce Polsky,D,0,0.00%
"Town Council, First District",statewide,Dave Wlodkowski,D,0,0.00%
"Town Council, First District",statewide,Nadine Canto,R,0,0.00%
"Town Council, First District",statewide,Henry Purtill,R,0,0.00%
Town Clerk,statewide,Richard A. McQuaid,D,0,0.00%
Town Clerk,statewide,Richard A. McQuaid,R,0,0.00%
Town Clerk To Fill Vacancy for Two Years,statewide,Phoebe J. Holmes,D,0,0.00%
Town Clerk To Fill Vacancy for Two Years,statewide,Jeffrey E. Murphy,R,0,0.00%
Board of Education Full Term,statewide,Melissa Sweeney,D,0,0.00%
Board of Education Full Term,statewide,"Robert Michalik, Jr.",D,0,0.00%
Board of Education Full Term,statewide,Brittany Bouchard,D,0,0.00%
Board of Education Full Term,statewide,Joseph Catanzaro,R,0,0.00%
Board of Education Full Term,statewide,Katherine Pugliese,R,0,0.00%
Board of Education Full Term,statewide,Cassandra Clark,R,0,0.00%
Board of Finance Full Term,statewide,Christian Smutnick,D,0,0.00%
Board of Finance Full Term,statewide,Norine Reingold,D,0,0.00%
Board of Finance Full Term,statewide,Heather A. Semenza,R,0,0.00%
Board of Finance Full Term,statewide,Christopher Bryant,D,0,0.00%
Board of Finance Full Term,statewide,Jim Aselta,R,0,0.00%
Board of Finance Full Term,statewide,Alex Staehely,R,0,0.00%
Board of Finance Full Term,statewide,Annalise Ferrara,R,0,0.00%
Board of Education Full Term,statewide,Christine Rylander,D,0,0.00%
Board of Education Full Term,statewide,Elinor Bishop,D,0,0.00%
Board of Education Full Term,statewide,Eric T. Nelson,D,0,0.00%
Board of Education Full Term,statewide,Carol Kijek,R,0,0.00%
Board of Education Full Term,statewide,Frank Oliveri,R,0,0.00%
Board of Education Full Term,statewide,Joseph Santoro,R,0,0.00%
Board of Selectmen Full Two Year Term,statewide,Jason Deeble,D,0,0.00%
Board of Selectmen Full Two Year Term,statewide,Cindy Collins,D,0,0.00%
Board of Selectmen Full Two Year Term,statewide,Rose Ann Hardy,R,0,0.00%
Board of Selectmen Full Two Year Term,statewide,Don MacKenzie,R,0,0.00%
Board of Selectmen Full Two Year Term,statewide,Richard Steel,PC,0,0.00%
Alderperson Ward 2,statewide,Yadira Maldonado,D,0,0.00%
Alderperson Ward 2,statewide,Wilma Barbosa,D,0,0.00%
Alderperson Ward 2,statewide,Lauren Gonzalez,R,0,0.00%
Alderperson Ward 2,statewide,Jerrell Hargraves,R,0,0.00%
Constable,statewide,"""Owney"" Malerba, Jr.",D,0,0.00%
Constable,statewide,"Carl Malerba, Sr.",R,0,0.00%
Board of Assessment Appeals,statewide,Cynthia Banach,D,785,37.22%
Board of Assessment Appeals,statewide,Wayne Delmonte,R,1324,62.78%
Town Treasurer,statewide,Donna C. Dupuis,D,0,0.00%
Town Treasurer,statewide,Donna C. Dupuis,R,0,0.00%
Town Council Third District,statewide,Paul Calaluce,D,0,0.00%
Town Council Third District,statewide,Don Walsh,R,0,0.00%
Tax Collector,statewide,Anne L Olszewski,D,841,100.00%
Board of Finance,statewide,Kathleen Lembo,D,0,0.00%
Board of Finance,statewide,Kyle Brennan,R,0,0.00%
Town Treasurer,statewide,Bob Curry,D,0,0.00%
Town Treasurer,statewide,Scott E. Fraser,R,0,0.00%
Board of Finance To Fill Vacancy for Two Years,statewide,Michael Malloy,D,0,0.00%
Board of Finance To Fill Vacancy for Two Years,statewide,Paul Krzykowski,R,0,0.00%
Town Treasurer,statewide,Rose Maturo,D,0,0.00%
Town Treasurer,statewide,David S. Joy,R,0,0.00%
Council Member District 2,statewide,Jennifer Tagariello,D,0,0.00%
Council Member District 2,statewide,Peter Kelley,D,0,0.00%
Council Member District 2,statewide,Susan Tyler,R,0,0.00%
Council Member District 2,statewide,Jacqueline Violette-Olsen,R,0,0.00%
Board of Assessment Appeals,statewide,Becca LaMantia,D,0,0.00%
Board of Assessment Appeals,statewide,Eamon Moran,R,0,0.00%
Board of Finance To Fill Vacancy for Two Years,statewide,Daniel Gershburg,D,0,0.00%
Board of Education,statewide,Lisa Cammuso,D,0,0.00%
Board of Education,statewide,Christopher Carnright,D,0,0.00%
Board of Education,statewide,Dawn Anastasio,D,0,0.00%
Board of Education,statewide,Terri Carmody,D,0,0.00%
Board of Education,statewide,Bob Brown,D,0,0.00%
Board of Education,statewide,Zaya Oshana,D,0,0.00%
Board of Education,statewide,Joseph Baczewski,R,0,0.00%
Board of Education,statewide,Sean Carson,R,0,0.00%
Board of Education,statewide,Cecil Whitehead,R,0,0.00%
Board of Education,statewide,Colleen W. Clark,R,0,0.00%
Board of Education,statewide,Zachary M. Foti,R,0,0.00%
Board of Education,statewide,Vincenzo Infante,R,0,0.00%
Board of Education,statewide,Chris Milton,D,0,0.00%
Board of Education,statewide,John Iovino,D,0,0.00%
Board of Education,statewide,Gregory Perry,D,0,0.00%
Board of Education,statewide,Ella Myles,D,0,0.00%
Board of Education,statewide,Kevin Saythany,D,0,0.00%
Board of Education,statewide,Mark Kulos,D,0,0.00%
Board of Education,statewide,Rob Dempsky,R,0,0.00%
Board of Education,statewide,Heather Fowler,R,0,0.00%
Board of Education,statewide,Josh Chapman,R,0,0.00%
Board of Education,statewide,Dennis Slopak,R,0,0.00%
Board of Education,statewide,H Darrell Callicutt,R,0,0.00%
Board of Education,statewide,Christine A. Distasio,R,0,0.00%
Board of Assessment Appeals,statewide,Nathan Mahoney,D,0,0.00%
Board of Assessment Appeals,statewide,Erin Dawson,D,0,0.00%
Board of Assessment Appeals,statewide,K. David Shultz,R,0,0.00%
Board of Assessment Appeals,statewide,Stephen Hunt,R,0,0.00%
Treasurer,statewide,Anna Montalvo,D,1974,49.95%
Treasurer,statewide,Adam Bronko,R,1978,50.05%
Board of Assessment Appeals,statewide,Indrani Chakraborty,D,0,0.00%
Board of Assessment Appeals,statewide,Kathryne Alexander,D,0,0.00%
Board of Assessment Appeals,statewide,Marti Stiglich,R,0,0.00%
Board of Assessment Appeals,statewide,Guy Drapeau,R,0,0.00%
Board of Aldermen District 2,statewide,Belinda D. Weaver,D,0,0.00%
Board of Aldermen District 2,statewide,Ian T. Blake,D,0,0.00%
Board of Aldermen District 2,statewide,Ruben Rodriguez,R,0,0.00%
Board of Aldermen District 2,statewide,Bryan E. McEntee,R,0,0.00%
Board of Aldermen District 2,statewide,Joshua Barney Brenner,PC,0,0.00%
Board of Aldermen District 2,statewide,Tammie R. Jones,WI,0,0.00%
Board of Assessment Appeals Full Term,statewide,Kim Bowen,D,0,0.00%
Board of Assessment Appeals Full Term,statewide,Susan Vincent,R,0,0.00%
Board of Assessment Appeals Alternate,statewide,Jeffrey C. Barske,R,0,0.00%
Board of Assessment Appeals,statewide,John Hughes,R,0,0.00%
Town Treasurer,statewide,Diana M. Santo,R,0,0.00%
Board of Finance Full Term,statewide,"Charles ""Casey"" Larkin, IV",D,0,0.00%
Board of Finance Full Term,statewide,Donald Andrews,D,0,0.00%
Board of Finance Full Term,statewide,Edward B. St. John,R,0,0.00%
Board of Aldermen Second Ward,statewide,Kevin W. Kosty,D,0,0.00%
Board of Aldermen Second Ward,statewide,Bryan J. Lizotte,D,0,0.00%
Board of Aldermen Second Ward,statewide,"Benjamin W. Perry, Jr.",R,0,0.00%
Board of Aldermen Second Ward,statewide,Eric J. McPherson,R,0,0.00%
Board of Education,statewide,Linda G. Earley,D,1002,22.41%
Board of Education,statewide,"William ""Bill"" D. Guzman",D,986,22.05%
Board of Education,statewide,"Raymond ""Chip"" Morris",D,984,22.01%
Board of Education,statewide,Susan M. Pedrick,R,730,16.33%
Board of Education,statewide,Louise L. Concodello,R,769,17.20%
Board of Finance,statewide,Rob Federici,D,0,0.00%
Board of Finance,statewide,Amy Earls,D,0,0.00%
Board of Finance,statewide,Peter Goletz,R,0,0.00%
Board of Finance,statewide,Tim Donlan,R,0,0.00%
Board of Finance,statewide,Elias Kabeche,IND,0,0.00%
Board of Finance,statewide,Jeffrey Beatty,IND,0,0.00%
Town Treasurer,statewide,Martha L. Burgess,R,0,0.00%
Town Treasurer,statewide,Theresa Radauskas,D,0,0.00%
Town Treasurer,statewide,Theresa Radauskas,R,0,0.00%
Board of Assessment Appeals,statewide,Cynthia L. Tyler,D,0,0.00%
Board of Assessment Appeals,statewide,Kathleen Richards,D,0,0.00%
Board of Assessment Appeals,statewide,"Margaret ""Peggy"" Keser",R,0,0.00%
Board of Assessment Appeals,statewide,William Donahue,R,0,0.00%
Board of Finance,statewide,Gerry Leventhal,D,0,0.00%
Board of Finance,statewide,Michael Carrington,D,0,0.00%
Board of Finance,statewide,John Kelly,R,0,0.00%
Board of Finance,statewide,Brian Emerick,R,0,0.00%
Board of Finance,statewide,Steven Giacomi,R,0,0.00%
Zoning Board of Appeals,statewide,Colleen Baker,D,0,0.00%
Zoning Board of Appeals,statewide,Robert M. Danehy,D,0,0.00%
Zoning Board of Appeals,statewide,William J. Zenko,D,0,0.00%
Zoning Board of Appeals,statewide,Suzanne Haviland,D,0,0.00%
Zoning Board of Appeals,statewide,Caroline Dowd,D,0,0.00%
Zoning Board of Appeals,statewide,Peter Depaola,R,0,0.00%
Zoning Board of Appeals,statewide,Michael D. Gerrity,R,0,0.00%
Zoning Board of Appeals,statewide,Patricia E. Hodge,R,0,0.00%
Town Council at Large,statewide,Bill Sayers,D,0,0.00%
Town Council at Large,statewide,Randall Prose,D,0,0.00%
Town Council at Large,statewide,Dawn Niles,D,0,0.00%
Town Council at Large,statewide,Curtis Ehler,R,0,0.00%
Town Council at Large,statewide,Steven Edelman,R,0,0.00%
Town Council at Large,statewide,Cassandra Martineau,G,0,0.00%
Town Council at Large,statewide,Ken Folan,BL,0,0.00%
Tax Collector,statewide,Scott A. Antonson,D,810,38.52%
Tax Collector,statewide,Scott A. Antonson,R,1293,61.48%
Town Treasurer,statewide,Chris Maynard,D,0,0.00%
Board of Finance,statewide,Mary Gardner,D,0,0.00%
Board of Finance,statewide,Thomas Wright,R,0,0.00%
Councilor District #4,statewide,Maya Nicole Matthews,D,0,0.00%
Councilor District #4,statewide,Bob Hendrickson,R,0,0.00%
Board of Assessment Appeals,statewide,Randy Ruotolo,D,0,0.00%
Legislative Council District 2,statewide,Keith Alexander,D,0,0.00%
Legislative Council District 2,statewide,Eric Paradis,D,0,0.00%
Legislative Council District 2,statewide,Jordana Bloom,D,0,0.00%
Legislative Council District 2,statewide,Donna Rahtelli,R,0,0.00%
Legislative Council District 2,statewide,Jennifer Nicoletti,R,0,0.00%
Legislative Council District 2,statewide,Matt Mihalcik,R,0,0.00%
Board of Education Full Two Year Term,statewide,Kristiana Wintress,D,0,0.00%
Board of Education Full Two Year Term,statewide,Karen Colt,D,0,0.00%
Board of Education Full Two Year Term,statewide,Susanne J. Vacek,R,0,0.00%
Board of Education Full Two Year Term,statewide,Connor Yanicky,R,0,0.00%
Town Treasurer,statewide,Frank Dutches,R,0,0.00%
Board of Education,statewide,Nicole Matthews,D,1772,35.12%
Board of Education,statewide,Heather R Petit,D,1779,35.26%
Board of Education,statewide,Toni Livernois,R,1494,29.61%
Board of Assessment Appeals,statewide,Paul Wisniewski,D,0,0.00%
Board of Assessment Appeals,statewide,Carol Williams,D,0,0.00%
Board of Assessment Appeals,statewide,Diane Achenbach-Zatorski,R,0,0.00%
Town Treasurer,statewide,Richard Bramley,D,434,100.00%
Board of Finance,statewide,Sean Gillespie,D,0,0.00%
Board of Finance,statewide,Jillian T. Vinci,D,0,0.00%
Board of Finance,statewide,Michael Dubreuil,R,0,0.00%
Tax Collector,statewide,Karen Vincent,D,0,0.00%
Tax Collector,statewide,Karen Vincent,R,0,0.00%
Board of Education,statewide,Amanda Henry,D,0,0.00%
Board of Education,statewide,Donna Laich,D,0,0.00%
Board of Education,statewide,Meaghan DeLucia,R,0,0.00%
Board of Education,statewide,Laura Troidle,R,0,0.00%
Treasurer,statewide,Rodrigo A de la Mora,D,0,0.00%
Treasurer,statewide,Dan Farley,R,0,0.00%
Zoning Board of Appeals Full Term,statewide,John MacNeil,D,1855,26.55%
Zoning Board of Appeals Full Term,statewide,Doug Adams,D,1842,26.36%
Zoning Board of Appeals Full Term,statewide,John M Plikus,R,1726,24.70%
Zoning Board of Appeals Full Term,statewide,Nicholas J Fort,R,1565,22.40%
Council At Large,statewide,James S. Rivers,D,0,0.00%
Council At Large,statewide,John R. LaBelle,D,0,0.00%
Council At Large,statewide,David A. Griffiths,D,0,0.00%
Council At Large,statewide,Peter Kostaras,D,0,0.00%
Council At Large,statewide,Brian R. Briere,R,0,0.00%
Council At Large,statewide,Jason W. Anderson,R,0,0.00%
Council At Large,statewide,Michelle Murphy,R,0,0.00%
Council At Large,statewide,Jonathan D. Cesolini,R,0,0.00%
Council At Large,statewide,Tammy Wakefield,WI,0,0.00%
Board of Finance,statewide,Conrado Ulloa,D,0,0.00%
Board of Finance,statewide,Shelley Hurchala West,D,0,0.00%
Board of Finance,statewide,Matthew McKenney,R,0,0.00%
Board of Finance,statewide,Robert Proulx,R,0,0.00%
Board of Finance,statewide,Winona Berdine,D,0,0.00%
Board of Finance,statewide,Daniel J. Smith,R,0,0.00%
Town Treasurer,statewide,Joan D. Hendrickson,R,0,0.00%
Board of Finance,statewide,Charles Neale,D,0,0.00%
Board of Finance,statewide,Kerry Guilfoyle,R,0,0.00%
Town Treasurer,statewide,Jim Francis,D,0,0.00%
Town Treasurer,statewide,Vincent A. Pacileo III,R,0,0.00%
Board of Finance,statewide,Chris Johnson,D,3992,25.49%
Board of Finance,statewide,Eugene Winchester,D,4012,25.61%
Board of Finance,statewide,Mike Serra,D,4205,26.85%
Board of Finance,statewide,Paul G. Sartor,R,2418,15.44%
Board of Finance,statewide,Timothy J. OBrien,PC,1036,6.61%
Board of Alder Ward 2,statewide,Francis E. Douglass Jr.,D,0,0.00%
Town Council District 3,statewide,William M. Boyd,D,0,0.00%
Board of Education,statewide,Jennifer Werely,D,0,0.00%
Board of Education,statewide,Adam Vandervoort,D,0,0.00%
Board of Education,statewide,Michael Hyman,D,0,0.00%
Board of Education,statewide,Kristopher O'Brien,R,0,0.00%
Board of Education,statewide,Dennis LoDolce,R,0,0.00%
Board of Education,statewide,Jennifer Werely,IND,0,0.00%
Board of Education,statewide,Kristopher O'Brien,IND,0,0.00%
Board of Education,statewide,Dennis LoDolce,IND,0,0.00%
Town Treasurer,statewide,Melanie Neely,D,0,0.00%
Town Treasurer,statewide,Emily Minacci,R,0,0.00%
Town Treasurer,statewide,Don Stein,D,0,0.00%
Town Treasurer,statewide,Bernadette M Warren,R,0,0.00%
Town Treasurer,statewide,Melanie Knap,D,0,0.00%
Town Treasurer,statewide,Melanie Knap,R,0,0.00%
Board of Assessment Appeals,statewide,Charles D. Wilber,D,0,0.00%
Board of Assessment Appeals,statewide,John Frink,R,0,0.00%
Town Treasurer,statewide,Cindy Cooper,D,0,0.00%
Town Treasurer,statewide,Paul E. Riedi,R,0,0.00%
Board of Assessment Appeals,statewide,Tom Martin,D,0,0.00%
Board of Assessment Appeals,statewide,Tom Currier,D,0,0.00%
Board of Assessment Appeals,statewide,Phyllis Dunn,R,0,0.00%
Board of Finance Alternate,statewide,Linda Garcia,D,0,0.00%
Board of Finance Alternate,statewide,Christopher Steinbrick,R,0,0.00%
Board of Finance Alternate,statewide,Ronald Michael Stewart,R,0,0.00%
Board of Assessment Appeals,statewide,Jerry Porter,D,0,0.00%
Board of Assessment Appeals,statewide,Cathy Barnard,D,0,0.00%
Board of Assessment Appeals,statewide,Lee Couture,R,0,0.00%
Town Treasurer,statewide,Diana Alvarez,R,340,100.00%
Board of Finance Alternate,statewide,Glen Garrity,D,0,0.00%
Board of Finance Alternate,statewide,Brad Belcher,R,0,0.00%
Board of Finance Alternate,statewide,Candace Forsman,R,0,0.00%
Town Treasurer,statewide,Brenda Lee Martin,R,0,0.00%
Board of Finance Alternate,statewide,Michael Flynn,D,0,0.00%
Board of Finance Alternate,statewide,James Amidon,D,0,0.00%
Board of Finance Alternate,statewide,Mary Kruger,D,0,0.00%
Board of Finance Alternate,statewide,Andrew North,R,0,0.00%
Board of Finance Alternate,statewide,Robin Andrews,R,0,0.00%
Planning & Zoning Commission,statewide,Peter D. Lynch,D,0,0.00%
Planning & Zoning Commission,statewide,Janet F. Morganti,D,0,0.00%
Planning & Zoning Commission,statewide,Christopher Balay,D,0,0.00%
Planning & Zoning Commission,statewide,Joshua D. Eddinger,D,0,0.00%
Planning & Zoning Commission,statewide,Philip S. Augur,R,0,0.00%
Planning & Zoning Commission,statewide,Angela M. Helfrich,R,0,0.00%
Planning & Zoning Commission,statewide,Robert S. Guynn,R,0,0.00%
Planning & Zoning Commission,statewide,James C. Martinelli,R,0,0.00%
Planning & Zoning Commission,statewide,Carleton L. Stoup,R,0,0.00%
Town Treasurer,statewide,Christine Calvert,D,0,0.00%
Town Treasurer,statewide,Ann Krane,D,0,0.00%
Town Treasurer,statewide,Dana D. Flach,R,0,0.00%
Board of Finance To Fill Vacancy for Two Years,statewide,Timothy J. Harkin,D,0,0.00%
Board of Finance To Fill Vacancy for Two Years,statewide,Gina Madill,R,0,0.00%
Board of Finance To Fill Vacancy for Two Years,statewide,Martin Deeg,D,0,0.00%
Board of Finance To Fill Vacancy for Two Years,statewide,Marisa Ohler,R,0,0.00%
Planning and Zoning Commission Alternate,statewide,Kristin Souza,D,0,0.00%
Planning and Zoning Commission Alternate,statewide,Konrad Lenart,R,0,0.00%
Councilman Area 3,statewide,Dan Brunet,WE,0,0.00%
Councilman Area 3,statewide,John Hauselt,D,0,0.00%
Councilman Area 3,statewide,Dan Brunet,R,0,0.00%
Councilman Area 3,statewide,John Hauselt,WF,0,0.00%
Board of Finance,statewide,Robert E. Gerber,D,334,36.15%
Board of Finance,statewide,Hillary Robyn Kasler,D,305,33.01%
Board of Finance,statewide,Julia J. DeLayo,R,285,30.84%
Town Treasurer,statewide,Sean Scully,R,0,0.00%
Council Members District 131,statewide,Denese Taylor-Moye,D,0,0.00%
Council Members District 131,statewide,Jorge Cruz Sr.,D,0,0.00%
Council Members District 131,statewide,Rossell Veras,R,0,0.00%
Council Members District 131,statewide,Juan M. Uribe,R,0,0.00%
Town Treasurer,statewide,Stephen Gifford,D,0,0.00%
Town Treasurer,statewide,Donald F. Clark,D,0,0.00%
Board of Finance Full Term,statewide,Kimberly Thompson,D,0,0.00%
Board of Finance Full Term,statewide,Matthew Olson,R,0,0.00%
Board of Finance Full Term,statewide,J. David Kelsey,R,0,0.00%
Board of Education To Fill Vacancy for Two Years,statewide,Denay Johnston,D,0,0.00%
Tax Collector,statewide,Mark Moyher,D,0,0.00%
Tax Collector,statewide,Thomas P. Hurley,R,0,0.00%
Board of Assessment Appeals,statewide,Shelley Kier,D,0,0.00%
Board of Assessment Appeals,statewide,Alyssa Anderson,R,0,0.00%
Fire Commissioners,statewide,Frank DeMaio,D,0,0.00%
Fire Commissioners,statewide,Mel Depamphilis,R,0,0.00%
Fire Commissioners,statewide,Kent Stoddard,R,0,0.00%
Board of Finance Alternate,statewide,Brady Farland,D,402,44.72%
Board of Finance Alternate,statewide,Sarah Hasbargen,R,497,55.28%
Board of Finance,statewide,Mark DePonte,D,0,0.00%
Board of Finance,statewide,Richard Grabowski,D,0,0.00%
Board of Finance,statewide,Tom Palasky,R,0,0.00%
Board of Finance,statewide,Jannell Lee,R,0,0.00%
Town Treasurer,statewide,Ellen M Rodriguez,D,0,0.00%
Town Treasurer,statewide,Jane Spanilo Butterworth,R,0,0.00%
Councilman District 1,statewide,Sean Cardwell,D,0,0.00%
Councilman District 1,statewide,Hudson Molinari,R,0,0.00%
Board of Alderman District 3,statewide,Holly E. Mulrenan,D,0,0.00%
Board of Alderman District 3,statewide,Paul J. Healy,D,0,0.00%
Board of Alderman District 3,statewide,Michael S. Casey,R,0,0.00%
Board of Assessment Appeals,statewide,Andy Sternlieb,D,0,0.00%
Board of Assessment Appeals,statewide,Michael Schmer,R,0,0.00%
Board of Finance Full Term,statewide,Philip H. Groth,D,290,40.33%
Board of Finance Full Term,statewide,Fletcher H. Smith,D,171,23.78%
Board of Finance Full Term,statewide,Fletcher H. Smith,R,258,35.88%
Board of Education To Fill Vacancy for Two Years,statewide,Anthony Wasley,D,0,0.00%
Board of Finance,statewide,Lainie McHugh,D,0,0.00%
Board of Finance,statewide,Nathan Tinker,D,0,0.00%
Board of Finance,statewide,Massimo Mallozzi,D,0,0.00%
Board of Finance,statewide,David Pia,R,0,0.00%
Board of Finance,statewide,Chris Carrena,R,0,0.00%
Board of Finance,statewide,Christopher Lenzen,R,0,0.00%
Town Treasurer,statewide,ANDREA MALONEY,R,764,100.00%
Town Treasurer,statewide,Terry R Friedman,D,0,0.00%
Town Treasurer,statewide,Terry R Friedman,R,0,0.00%
Board of Education,statewide,Tara Donohue Willerup,D,0,0.00%
Board of Education,statewide,Stephen O'Brien,D,0,0.00%
Board of Education,statewide,Silvia Goldman,R,0,0.00%
Board of Education,statewide,Brian Watson,R,0,0.00%
Board of Finance,statewide,Ryan Thompson,D,0,0.00%
Board of Finance,statewide,Collin Raymond,D,0,0.00%
Board of Finance,statewide,Mark Adelberg,R,0,0.00%
Board of Finance,statewide,Wayne Rutty,R,0,0.00%
Board of Finance,statewide,Scott Bowden,R,0,0.00%
Board of Education To Fill Vacancy for Two Years,statewide,Beverly Washington,D,0,0.00%
Town Treasurer,statewide,Erich Marriott,D,0,0.00%
Town Treasurer,statewide,Alan Landau,R,0,0.00%
Town Council District 3,statewide,Joseph Bracale,D,0,0.00%
Town Council District 3,statewide,Louis Pacelli,D,0,0.00%
Town Council District 3,statewide,Marianne Cesare,D,0,0.00%
Town Council District 3,statewide,Vincent Acampora Jr.,R,0,0.00%
Town Council District 3,statewide,Marc Conte Sr.,R,0,0.00%
Town Council District 3,statewide,Donna Richo,R,0,0.00%
Town Treasurer,statewide,Susan C. Wilcox,D,0,0.00%
Town Treasurer,statewide,Susan C. Wilcox,R,0,0.00%
Board of Education,statewide,Andrew Billig,D,0,0.00%
Board of Education,statewide,Ann Woods,D,0,0.00%
Board of Education,statewide,Melissa Dethlefsen,R,0,0.00%
Board of Education,statewide,Donna Nolan,R,0,0.00%
Board of Education,statewide,Jessica Diglio,R,0,0.00%
Board of Finance Alternate Full Term,statewide,Robert Chernuk,R,0,0.00%
Board of Education,statewide,Lauren Brown,D,0,0.00%
Board of Education,statewide,Elizabeth Dittmer,D,0,0.00%
Board of Education,statewide,Natalia Smirnova,WI,0,0.00%
Board of Finance Alternates,statewide,Margaret Kooharian,D,1416,100.00%
Board of Assessment Appeals,statewide,Elizabeth P Delaney,D,163,41.58%
Board of Assessment Appeals,statewide,Peter E. Reardon,R,229,58.42%
Planning & Zoning Commission Full Four Year Term,statewide,Kathryn H. Deffely,D,2310,34.44%
Planning & Zoning Commission Full Four Year Term,statewide,Ben Chevalier,D,2400,35.78%
Planning & Zoning Commission Full Four Year Term,statewide,Andy Powell,R,1997,29.77%
Board of Finance,statewide,Joseph M. Levanti,D,0,0.00%
Board of Finance,statewide,Rosa T. Fernandes,D,0,0.00%
Board of Finance,statewide,Kenneth Schwartz,D,0,0.00%
Board of Finance,statewide,Leslie P. Slater,D,0,0.00%
Board of Finance,statewide,Glenn Rooney,R,0,0.00%
Board of Finance,statewide,John Mascolo,R,0,0.00%
Board of Finance,statewide,Michael Barnes,R,0,0.00%
Board of Finance,statewide,Brianna Ruocco,R,0,0.00%
Board of Finance,statewide,Kathleen Devlin,D,0,0.00%
Board of Finance,statewide,Paul Hart,R,0,0.00%
Board of Finance,statewide,Shawn Curtis,R,0,0.00%
Tax Collector,statewide,Elizabeth Thornquist,D,0,0.00%
Tax Collector,statewide,Linda Bates,R,0,0.00%
Tax Collector,statewide,Hale Bayram,D,0,0.00%
Tax Collector,statewide,Heather Smeriglio,R,0,0.00%
Tax Collector,statewide,Heather Smeriglio,IND,0,0.00%
Board of Education,statewide,Courtney M. Langlois,D,433,100.00%
Town Treasurer,statewide,Barbara Labriola,R,0,0.00%
Board of Assessment Appeals,statewide,Cheryl Sadowski,D,0,0.00%
Board of Assessment Appeals,statewide,Meagan Wicks,R,0,0.00%
Tax Collector,statewide,Kimberly Pokrywka,D,399,62.44%
Tax Collector,statewide,Kimberly Pokrywka,R,240,37.56%
Board of Finance,statewide,Richard Ives,D,0,0.00%
Board of Finance,statewide,Robert Smanik,D,0,0.00%
Board of Finance,statewide,Sandy Brodeur,R,0,0.00%
Board of Finance,statewide,David Fuss,R,0,0.00%
Town Treasurer,statewide,W. Wesley Higgins,D,1595,71.56%
Town Treasurer,statewide,W. Wesley Higgins,R,634,28.44%
Board of Education,statewide,Isalena Gilzene,D,0,0.00%
Board of Education,statewide,Tyron Harris,D,0,0.00%
Board of Education,statewide,Joshua F. Quintana,D,0,0.00%
Board of Education,statewide,Matt Lauf,R,0,0.00%
Board of Education,statewide,Jaclyn A. Clarke,R,0,0.00%
Board of Finance,statewide,Michael J Callahan,D,0,0.00%
Board of Finance,statewide,Scott Jezek,D,0,0.00%
Board of Finance,statewide,Debra Denette,R,0,0.00%
Board of Finance,statewide,William Barney,R,0,0.00%
Board of Finance,statewide,Maureen Goff,R,0,0.00%
Town Treasurer,statewide,Krystal Hales,R,0,0.00%
Board of Finance To Fill a Vacancy for Two Years,statewide,Jason Ross,D,0,0.00%
Board of Finance To Fill a Vacancy for Two Years,statewide,Liliana Borrelli,R,0,0.00%
Board of Assessment Appeals,statewide,Barbara Vaughan,D,0,0.00%
Board of Assessment Appeals,statewide,Shannon Hirsch Sion,D,0,0.00%
Board of Assessment Appeals,statewide,Doryann Plante,R,0,0.00%
Town Treasurer,statewide,Thomas W. Lindner,R,0,0.00%
Town Treasurer,statewide,JoAnn Lynch,D,0,0.00%
Town Treasurer,statewide,JoAnn Lynch,R,0,0.00%
Alderman Ward 3,statewide,Sean Rallis,D,0,0.00%
Alderman Ward 3,statewide,Adam Prestin,D,0,0.00%
Alderman Ward 3,statewide,Joseph Jeanette,R,0,0.00%
Alderman Ward 3,statewide,Joseph Cassetti,R,0,0.00%
Board of Assessment Appeals,statewide,Manisha Srivastava,D,0,0.00%
Board of Assessment Appeals,statewide,David Cordone,R,0,0.00%
Town Treasurer,statewide,Matthew  Knickerbocker,D,0,0.00%
Town Treasurer,statewide,Paul Szatkowski,R,0,0.00%
Town Treasurer,statewide,Paul Szatkowski,IND,0,0.00%
Board of Education,statewide,Christal Banville,D,2453,14.20%
Board of Education,statewide,Karl A Stocker,D,2466,14.27%
Board of Education,statewide,Megan Johnson,D,2562,14.83%
Board of Education,statewide,Angela Moser,R,2474,14.32%
Board of Education,statewide,Steven Viens,R,2159,12.50%
Board of Education,statewide,Marcia Kupferschmid,R,2495,14.44%
Board of Education,statewide,Jennifer Dzen,R,2669,15.45%
Councilmen at Large,statewide,Cheryl Wallace Smith,D,0,0.00%
Councilmen at Large,statewide,Mike Flanagan,D,0,0.00%
Councilmen at Large,statewide,Ryan Hawley,D,0,0.00%
Councilmen at Large,statewide,Eva Aveiga,D,0,0.00%
Councilmen at Large,statewide,Diane LaPine,D,0,0.00%
Councilmen at Large,statewide,Gary Simone,D,0,0.00%
Councilmen at Large,statewide,Barry Rickert,D,0,0.00%
Councilmen at Large,statewide,Michael E Henry,R,0,0.00%
Councilmen at Large,statewide,Robert C Melillo,R,0,0.00%
Councilmen at Large,statewide,Jason 'Jay' Eriquez,R,0,0.00%
Councilmen at Large,statewide,Candace Fay,R,0,0.00%
Councilmen at Large,statewide,Deborah 'Debbie' Rizzo,R,0,0.00%
Councilmen at Large,statewide,Michael J Coelho,R,0,0.00%
Councilmen at Large,statewide,Sean Marcus,R,0,0.00%
Councilmen at Large,statewide,Cheryl Wallace Smith,WF,0,0.00%
Councilmen at Large,statewide,Mike Flanagan,WF,0,0.00%
Councilmen at Large,statewide,Ryan Hawley,WF,0,0.00%
Councilmen at Large,statewide,Eva Aveiga,WF,0,0.00%
Councilmen at Large,statewide,Diane LaPine,WF,0,0.00%
Town Treasurer,statewide,Janet Engle,D,0,0.00%
Town Treasurer,statewide,Susan Murawski,R,0,0.00%
Town Treasurer,statewide,Chelsea DeWitt,D,402,100.00%
Town Treasurer,statewide,Barry Shead,R,0,0.00%
Board of Finance Full Term,statewide,John Chillock,R,0,0.00%
Board of Finance Full Term,statewide,Philip B. Reynolds,R,0,0.00%
Board of Assessment Appeals,statewide,Ronek Patel,D,0,0.00%
Board of Assessment Appeals,statewide,Neal R. Fink,D,0,0.00%
Board of Assessment Appeals,statewide,Paulette Cuozzo,R,0,0.00%
Board of Assessment Appeals,statewide,Judy Szablak,R,0,0.00%
Town Treasurer,statewide,Tina M. Pitcher,D,0,0.00%
Town Treasurer,statewide,Tina M. Pitcher,R,0,0.00%
Town Treasurer,statewide,Henrietta C Horvay,D,0,0.00%
Town Treasurer,statewide,Devin T Stilson,R,0,0.00%
Town Treasurer,statewide,Jessie C Barbone,D,0,0.00%
Tax Collector,statewide,Darlene A. Tynan,PC,0,0.00%
Board of Finance,statewide,Mark  T Johnson,R,401,49.57%
Board of Finance,statewide,Hunter D. Weik,R,408,50.43%
Tax Collector,statewide,Lindsey Mascia,D,0,0.00%
Tax Collector,statewide,Laura  Finch,R,0,0.00%
Tax Collector,statewide,Deborah Devaux,D,0,0.00%
Board of Assessment Appeals,statewide,Ifeseyi Gayle,D,0,0.00%
Board of Assessment Appeals,statewide,Lynette Pineda,D,0,0.00%
Board of Assessment Appeals,statewide,Thomas Bloch,R,0,0.00%
Town Treasurer,statewide,Andrew Brooks,R,0,0.00%
City Treasurer,statewide,Rosemary Russo,D,0,0.00%
City Treasurer,statewide,Dave Riccio,R,0,0.00%
Board of Finance Alternate To Fill Vacancy for Four Years,statewide,Valerie Andersen,D,0,0.00%
Planning & Zoning Commission,statewide,Patrick I. Dougherty,D,0,0.00%
Planning & Zoning Commission,statewide,Leigh Ann Hutchinson,R,0,0.00%
Planning & Zoning Commission,statewide,Stephen King,R,0,0.00%
"Town Council, Second District",statewide,Bill Beckert,D,0,0.00%
"Town Council, Second District",statewide,Patricia Boye-Williams,D,0,0.00%
"Town Council, Second District",statewide,Keith Vibert,R,0,0.00%
"Town Council, Second District",statewide,Amy Palumbo,R,0,0.00%
Board of Finance To Fill Vacancy for Two Years,statewide,"Edwin J. Maley, Jr.",D,0,0.00%
Board of Finance To Fill Vacancy for Two Years,statewide,Jamin DeProto,R,0,0.00%
Board of Education To Fill Vacancy for Two Years,statewide,Rebecca Dawson-Hawley,D,0,0.00%
Board of Education To Fill Vacancy for Two Years,statewide,Kurt Werner,R,0,0.00%
Councilmen At Large,statewide,Jesse Buccolo,D,0,0.00%
Councilmen At Large,statewide,Josh Goldstein,D,0,0.00%
Councilmen At Large,statewide,Nicol  Ayers,D,0,0.00%
Councilmen At Large,statewide,Colin Hosten,D,0,0.00%
Councilmen At Large,statewide,Johan Lopez,D,0,0.00%
Councilmen At Large,statewide,Douglas E. Hempstead,R,0,0.00%
Councilmen At Large,statewide,Enrique Santiago,R,0,0.00%
Councilmen At Large,statewide,John Cardamone,R,0,0.00%
Councilmen At Large,statewide,Luis Estrella,R,0,0.00%
Councilmen At Large,statewide,Victor Coppola,R,0,0.00%
Councilmen At Large,statewide,Douglas E. Hempstead,IND,0,0.00%
Councilmen At Large,statewide,Lisa M. Brinton,IND,0,0.00%
Councilmen At Large,statewide,Joseph S. Tamburri,IND,0,0.00%
Councilmen At Large,statewide,Jo Bennett,IND,0,0.00%
Councilmen At Large,statewide,Scott Goodwin,IND,0,0.00%
Councilmen At Large,statewide,Erik Vitaglione,PC,0,0.00%
Councilmen At Large,statewide,Christopher A. Dwyer,PC,0,0.00%
Town Plan & Zoning Commission,statewide,Renae A. James,D,0,0.00%
Town Plan & Zoning Commission,statewide,Kevin Gough,D,0,0.00%
Town Plan & Zoning Commission,statewide,Stephen J. Millette,R,0,0.00%
Town Plan & Zoning Commission,statewide,Troy Mitchell,WI,0,0.00%
Board of Finance Full Term,statewide,Gisele Russo,D,0,0.00%
Board of Finance Full Term,statewide,Brian Stewart,D,0,0.00%
Board of Finance Full Term,statewide,Mike Ninteau,R,0,0.00%
Board of Finance Alternate Full Term,statewide,Corey Lomas,R,0,0.00%
Select Board,statewide,MD Rahman,D,0,0.00%
Select Board,statewide,Kevin Zingler,D,0,0.00%
Select Board,statewide,Mark Tweedie,R,0,0.00%
Select Board,statewide,Kris Moulard,R,0,0.00%
Alderperson Ward 3,statewide,Iris Noemi Sanchez,D,0,0.00%
Alderperson Ward 3,statewide,Candyce Scott,D,0,0.00%
Alderperson Ward 3,statewide,Jason Gibson,R,0,0.00%
Alderperson Ward 3,statewide,Adrian Elliott,R,0,0.00%
Alderperson Ward 3,statewide,Candyce Scott,WF,0,0.00%
Ward 1 - Board of Aldermen/Alderwomen,statewide,Sarah Widomski,D,0,0.00%
Ward 1 - Board of Aldermen/Alderwomen,statewide,Amy L. Pettinicchi,D,0,0.00%
Ward 1 - Board of Aldermen/Alderwomen,statewide,Arthur Newberg,D,0,0.00%
Ward 1 - Board of Aldermen/Alderwomen,statewide,Gary Collins,R,0,0.00%
Ward 1 - Board of Aldermen/Alderwomen,statewide,Rich DiCarlo,R,0,0.00%
Ward 1 - Board of Aldermen/Alderwomen,statewide,Paula Musante,R,0,0.00%
Planning Commission Five Year Terms Begins 2025,statewide,Paul Roche,D,918,100.00%
Board of Finance,statewide,Annie K. Stirna,D,0,0.00%
Board of Finance,statewide,Steve Reeps,D,0,0.00%
Board of Finance,statewide,John Mancini,R,0,0.00%
Board of Finance,statewide,Walter J. Adametz Jr.,R,0,0.00%
Town Council Fourth District,statewide,Tricia Cramer,D,0,0.00%
Town Council Fourth District,statewide,Michael Stavola,R,0,0.00%
Town Treasurer,statewide,Kathleen M Kokoszka,R,827,100.00%
Board of Assessment Appeals,statewide,Gary Komarowsky,D,0,0.00%
Board of Assessment Appeals,statewide,David Dlugos,R,0,0.00%
Board of Finance,statewide,Barry Sheckley,D,0,0.00%
Board of Finance,statewide,Kimberly A. Kalajainen,D,0,0.00%
Board of Finance,statewide,Bonnie L. Smithers,R,0,0.00%
Board of Finance,statewide,Mario Richards,R,0,0.00%
Board of Finance,statewide,Sandra Bullock,R,0,0.00%
Board of Education,statewide,Lynn Landolina,D,0,0.00%
Board of Education,statewide,David Gilroy,D,0,0.00%
Board of Education,statewide,Bob Loomis,R,0,0.00%
Board of Education,statewide,Dreux Namnoun,R,0,0.00%
Board of Education,statewide,Stephen Armstrong,D,0,0.00%
Board of Education,statewide,Paul Macchi,D,0,0.00%
Board of Education,statewide,Mitchell Marks,D,0,0.00%
Board of Education,statewide,Genevieve Coursey,D,0,0.00%
Board of Education,statewide,Sierra J. Yanaway,D,0,0.00%
Board of Education,statewide,John Caldwell,R,0,0.00%
Board of Education,statewide,Matthew Nettles,R,0,0.00%
Board of Education,statewide,Nima T. Shah,R,0,0.00%
Board of Education,statewide,Miguel A. Proano,R,0,0.00%
Board of Education,statewide,Lisa M. Maneeley,R,0,0.00%
Council Member District 3,statewide,Steve Seymour,D,0,0.00%
Council Member District 3,statewide,Mark Dickau,D,0,0.00%
Council Member District 3,statewide,Cheryl Thibeault,R,0,0.00%
Council Member District 3,statewide,Stephen Coan,R,0,0.00%
Planning & Zoning Commission,statewide,Jessica Rainey,D,0,0.00%
Planning & Zoning Commission,statewide,Trevor Huffard,D,0,0.00%
Planning & Zoning Commission,statewide,Margit Ritz,D,0,0.00%
Planning & Zoning Commission,statewide,Michelle Saglimbene,D,0,0.00%
Planning & Zoning Commission,statewide,Ken Hoffman,D,0,0.00%
Planning & Zoning Commission,statewide,Jed Englund,R,0,0.00%
Planning & Zoning Commission,statewide,Colin Christ,R,0,0.00%
Planning & Zoning Commission,statewide,Jill Warren,R,0,0.00%
Board of Education,statewide,Lisa Luft,D,0,0.00%
Board of Education,statewide,Nicole Wallach,D,0,0.00%
Board of Education,statewide,Deborah Low,D,0,0.00%
Board of Education,statewide,Jason Lee,R,0,0.00%
Planning & Zoning Commission,statewide,Justin McGuire,D,0,0.00%
Planning & Zoning Commission,statewide,Gary L. Dowd,D,0,0.00%
Planning & Zoning Commission,statewide,Dave Scott,D,0,0.00%
Planning & Zoning Commission,statewide,Susan Locks,D,0,0.00%
Planning & Zoning Commission,statewide,Denis Bougie,R,0,0.00%
Planning & Zoning Commission,statewide,Steven Walowski,R,0,0.00%
Planning & Zoning Commission,statewide,Mike Goodrich,R,0,0.00%
Zoning Board of Appeals,statewide,Kershwin Singh,D,0,0.00%
Zoning Board of Appeals,statewide,Michele O'Connor,D,0,0.00%
Zoning Board of Appeals,statewide,Dave Cappello,R,0,0.00%
Zoning Board of Appeals,statewide,Noelle Aarons Cass,R,0,0.00%
Tax Collector,statewide,James J Goggin,D,3051,100.00%
Zoning Board of Appeals,statewide,Donald Pitkin,D,0,0.00%
Zoning Board of Appeals,statewide,Daniel Bishop,D,0,0.00%
Zoning Board of Appeals,statewide,Gregory Pickett,D,0,0.00%
Zoning Board of Appeals,statewide,Sean Boyle,R,0,0.00%
Zoning Board of Appeals,statewide,Michelle Zak,R,0,0.00%
Zoning Board of Appeals,statewide,Jon Beaty,R,0,0.00%
Board of Aldermen District 3,statewide,Sean M. Mosley,D,0,0.00%
Board of Aldermen District 3,statewide,John P. Drewry,D,0,0.00%
Board of Aldermen District 3,statewide,Kelly Zimmermann,R,0,0.00%
Board of Aldermen District 3,statewide,Abigail Diaz,R,0,0.00%
Board of Assessment Appeals To Fill Vacancy for Two Years,statewide,Lisa Foy,R,0,0.00%
Planning & Zoning Commission,statewide,Cinzia S. Lettieri,D,0,0.00%
Planning & Zoning Commission,statewide,Michael J. Rossi,D,0,0.00%
Planning & Zoning Commission,statewide,Ellen Dahlgren,D,0,0.00%
Planning & Zoning Commission,statewide,Mike Florio,R,0,0.00%
Planning & Zoning Commission,statewide,Walter Beau Clark,R,0,0.00%
Board of Assessment Appeals Alternate,statewide,Matthew Amatruda,R,0,0.00%
Tax Collector,statewide,Nancy J. Renshaw,D,0,0.00%
Tax Collector,statewide,Nancy J. Renshaw,R,0,0.00%
Board of Finance To Fill Vacancy for Four Years,statewide,Michael J. McCormack,D,0,0.00%
Board of Aldermen Third Ward,statewide,Mike Duncan,D,0,0.00%
Board of Aldermen Third Ward,statewide,Thomas W. Harbinson,D,0,0.00%
Board of Aldermen Third Ward,statewide,"John F. Anglace, Jr.",R,0,0.00%
Board of Aldermen Third Ward,statewide,Cris S. Balamaci,R,0,0.00%
Board of Education,statewide,Jessica Lamb,D,0,0.00%
Board of Education,statewide,Donna Mattei,D,0,0.00%
Board of Education,statewide,Fylliccia D'Angelo,R,0,0.00%
Board of Education,statewide,Kelly Franklin,R,0,0.00%
Board of Education,statewide,"Alan R. Schumann, Jr.",R,0,0.00%
Board of Education,statewide,Matthew Zabroski,R,0,0.00%
Board of Education,statewide,John K. Aylward,PC,0,0.00%
Board of Education,statewide,Celina Kelleher,PC,0,0.00%
Board of Assessment Appeals,statewide,Emily P. Collins,D,1047,40.10%
Board of Assessment Appeals,statewide,David Morganson,R,797,30.52%
Board of Assessment Appeals,statewide,Susan M. Pedrick,R,767,29.38%
Board of Education,statewide,Arnold Skretta,D,0,0.00%
Board of Education,statewide,Jennifer Scoggin,D,0,0.00%
Board of Education,statewide,Jennifer Baldwin,IND,0,0.00%
Board of Education,statewide,Amy Fenollosa,IND,0,0.00%
Board of Education,statewide,Ralph Brooks,IND,0,0.00%
Tax Collector,statewide,Christine E. Hustus,D,0,0.00%
Tax Collector,statewide,Christine E. Hustus,R,0,0.00%
Board of Finance Full Six Year Term Begins 2025,statewide,Christopher T Gallo,D,0,0.00%
Board of Finance Full Six Year Term Begins 2025,statewide,Richard O'Neil,D,0,0.00%
Board of Finance Full Six Year Term Begins 2025,statewide,Anthony C Barbino,R,0,0.00%
Board of Finance Full Six Year Term Begins 2025,statewide,Phil Dunphy,R,0,0.00%
Zoning Board of Appeals Full Five Year Term Begins 2025,statewide,Christopher Darby,D,0,0.00%
Zoning Board of Appeals Full Five Year Term Begins 2025,statewide,Lil Whalen,R,0,0.00%
Board of Finance Alternates,statewide,Vivian Templeton,D,0,0.00%
Board of Finance Alternates,statewide,Casey Docherty,R,0,0.00%
Zoning Board of Appeals Alternates,statewide,Jill Wood Reviczky,D,0,0.00%
Zoning Board of Appeals Alternates,statewide,Lorraine Funk,D,0,0.00%
Zoning Board of Appeals Alternates,statewide,Lisa Conant,D,0,0.00%
Zoning Board of Appeals Alternates,statewide,Richard Williams,R,0,0.00%
Zoning Board of Appeals Alternates,statewide,Bob Morin,R,0,0.00%
Willimantic Taxing District Board of Directors,statewide,Kayla Postler,D,0,0.00%
Willimantic Taxing District Board of Directors,statewide,Jared M. Leitzel,D,0,0.00%
Willimantic Taxing District Board of Directors,statewide,Dennis O'Brien,D,0,0.00%
Willimantic Taxing District Board of Directors,statewide,Adam Richardson,D,0,0.00%
Willimantic Taxing District Board of Directors,statewide,John McCommas,R,0,0.00%
Willimantic Taxing District Board of Directors,statewide,Douglas Lary,G,0,0.00%
Willimantic Taxing District Board of Directors,statewide,Michael Westerfield,G,0,0.00%
Willimantic Taxing District Board of Directors,statewide,Douglas Lary,BL,0,0.00%
Willimantic Taxing District Board of Directors,statewide,Michael Westerfield,BL,0,0.00%
Tax Collector,statewide,Kenneth Bomba,R,0,0.00%
Constable,statewide,Angie Murphy,D,0,0.00%
Constable,statewide,Robert Miller,D,0,0.00%
Constable,statewide,Tiffany Pippins,D,0,0.00%
Constable,statewide,Jon Gallup,D,0,0.00%
Constable,statewide,Jonathan V. Portanova,R,0,0.00%
Constable,statewide,Alan F. Shaw,R,0,0.00%
Constable,statewide,Joseph S. Tarzia,R,0,0.00%
Constable,statewide,Eva Maldonado,R,0,0.00%
Constable,statewide,Cora Santaguida,G,0,0.00%
Councilors at Large,statewide,Gina Cekala,D,0,0.00%
Councilors at Large,statewide,Bob Cressotti,D,0,0.00%
Councilors at Large,statewide,Zach Zannoni,D,0,0.00%
Councilors at Large,statewide,Aaron Thomas,D,0,0.00%
Councilors at Large,statewide,Marie Pyznar,R,0,0.00%
Councilors at Large,statewide,Carol Hall,R,0,0.00%
Councilors at Large,statewide,Jeff Rousseau,R,0,0.00%
Councilors at Large,statewide,Lori Unghire,R,0,0.00%
Zoning Board of Appeals,statewide,John Zaaijer,D,0,0.00%
Zoning Board of Appeals,statewide,Dylan Stella,D,0,0.00%
Zoning Board of Appeals,statewide,Richard Gilbert,R,0,0.00%
Legislative Council District 3,statewide,Lily MacHugh,D,0,0.00%
Legislative Council District 3,statewide,Arnie Berman,D,0,0.00%
Legislative Council District 3,statewide,Michelle Embree Ku,D,0,0.00%
Legislative Council District 3,statewide,Ben Ruben,R,0,0.00%
Legislative Council District 3,statewide,Tracey Pertoso,R,0,0.00%
Legislative Council District 3,statewide,John Zachos,R,0,0.00%
Legislative Council District 3,statewide,Tom Long,PC,0,0.00%
Tax Collector,statewide,Deborah Heim,R,0,0.00%
Board of Assessment Appeals,statewide,Maura Curran Baker,D,1892,100.00%
Zoning Board of Appeals Five Year Term Begins 2025,statewide,John Tuttle,D,0,0.00%
Zoning Board of Appeals Five Year Term Begins 2025,statewide,Cathy Ann Clark,R,0,0.00%
Board of Finance Full Term,statewide,Gary Steinkohl,D,392,66.10%
Board of Finance Full Term,statewide,Carl Z. Hermann,R,201,33.90%
Board of Finance To Fill Vacancy for Four Years,statewide,Krista Kardys,D,0,0.00%
Board of Finance To Fill Vacancy for Four Years,statewide,Amber Webster,R,0,0.00%
Selectmen,statewide,Deborah Donne,D,0,0.00%
Selectmen,statewide,Christine Borla Altman,D,0,0.00%
Selectmen,statewide,Lynn Farley,R,0,0.00%
Selectmen,statewide,Tim Waldron,R,0,0.00%
Zoning Board of Appeals To Fill Vacancy for Two Years,statewide,Art Montorsi,D,2336,100.00%
Board of Assessment Appeals,statewide,William Tedder,D,0,0.00%
Board of Assessment Appeals,statewide,Peter Becket,R,0,0.00%
Board of Education,statewide,Jennifer Vail,D,0,0.00%
Board of Education,statewide,Elizabeth A. Dobson,D,0,0.00%
Board of Education,statewide,James Greene,D,0,0.00%
Board of Education,statewide,Aaron Hoffman,R,0,0.00%
Board of Education,statewide,Christopher Rhoads,R,0,0.00%
Board of Education,statewide,Erica Bushior,R,0,0.00%
Board of Finance Alternate,statewide,Carl R. Johnston,D,0,0.00%
Board of Finance Alternate,statewide,"Edmond P. McGowan, III",R,0,0.00%
Tax Collector,statewide,Kathleen M. Larkins,R,0,0.00%
Board of Finance Alternate,statewide,Steven Seltzer,D,0,0.00%
Board of Finance Alternate,statewide,Ryan Bingham,R,0,0.00%
Board of Finance Alternate,statewide,Alan Regner,R,0,0.00%
Tax Collector,statewide,Megan D. Haskins,D,0,0.00%
Tax Collector,statewide,Megan D. Haskins,R,0,0.00%
Board of Alder Ward 3,statewide,Angel M. Hubbard,D,0,0.00%
Board of Alder Ward 3,statewide,Miguel Wright Pittman,R,0,0.00%
Board of Alder Ward 3,statewide,Miguel Wright Pittman,IND,0,0.00%
Town Council District 4,statewide,Rene M. Gibson,D,0,0.00%
Tax Collector,statewide,Rebecca Mochak,R,0,0.00%
Board of Finance To Fill Vacancy for Four Years,statewide,Christopher Buck,D,0,0.00%
Tax Collector,statewide,Laura Bartlett,D,0,0.00%
Tax Collector,statewide,Laura Bartlett,R,0,0.00%
Police Commission,statewide,Melissa Urrunaga,D,0,0.00%
Police Commission,statewide,Kari Sassu,D,0,0.00%
Police Commission,statewide,John F. Diakun,R,0,0.00%
Tax Collector,statewide,Peter F. Juszczynski,R,0,0.00%
Planning & Zoning Commission Four Year Term Begins 2025,statewide,Rick Nassiff,D,0,0.00%
Planning & Zoning Commission Four Year Term Begins 2025,statewide,Nancy Hammarstrom,D,0,0.00%
Planning & Zoning Commission Four Year Term Begins 2025,statewide,Freddy Giannelli,R,0,0.00%
Zoning Board of Appeals,statewide,Michele Kripps,D,0,0.00%
Zoning Board of Appeals,statewide,John Morgan,D,0,0.00%
Zoning Board of Appeals,statewide,Evan Brown,D,0,0.00%
Zoning Board of Appeals,statewide,Anne Darling,R,0,0.00%
Zoning Board of Appeals,statewide,Gordy Adams,R,0,0.00%
Board of Finance,statewide,Mike O'Neill,D,269,32.97%
Board of Finance,statewide,Ryan Perry,R,248,30.39%
Board of Finance,statewide,Victor Boomer,R,299,36.64%
Board of Education Full Term,statewide,Dustin Rose,D,0,0.00%
Board of Education Full Term,statewide,James Mol,D,0,0.00%
Board of Education Full Term,statewide,Samuel J Toskin,R,0,0.00%
Board of Education Full Term,statewide,Saeed Akbar,R,0,0.00%
Board of Education Full Term,statewide,Gregory M Sparzo,R,0,0.00%
Board of Finance Alternate To Fill Vacancy for Two Years,statewide,Walter Burhans,D,0,0.00%
Tax Collector,statewide,Megan A Patchkofsky,R,0,0.00%
Board of Education,statewide,Stephan Behuniak,D,0,0.00%
Board of Education,statewide,Manpreet Sachdeva,D,0,0.00%
Board of Education,statewide,Ed Strumello,D,0,0.00%
Board of Education,statewide,Christopher Champagne,R,0,0.00%
Board of Education,statewide,Kristen Bruno,R,0,0.00%
Board of Education,statewide,Peter Kubik,R,0,0.00%
Planning & Zoning Commission Alternate,statewide,John T. DeNunzio,D,0,0.00%
Planning & Zoning Commission Alternate,statewide,Joseph V. Rohrig,R,0,0.00%
Board of Finance,statewide,Jessica Gernat,D,0,0.00%
Board of Finance,statewide,Linda J. McKane,D,0,0.00%
Board of Finance,statewide,Kelly Blake,D,0,0.00%
Board of Finance,statewide,Jack Kiley,R,0,0.00%
Board of Finance,statewide,Paula Jensen,R,0,0.00%
Board of Education Full Term,statewide,Jamie Kenney,D,0,0.00%
Board of Education Full Term,statewide,Thomas O'Brien,D,0,0.00%
Board of Education Full Term,statewide,Steven Mann,D,0,0.00%
Board of Education Full Term,statewide,Dean Barile,R,0,0.00%
Board of Education Full Term,statewide,Leslie Sarich,R,0,0.00%
Board of Education Full Term,statewide,Wendy Faulenbach,R,0,0.00%
Board of Finance Alternate,statewide,Vanessa Pereira,D,0,0.00%
Board of Finance Alternate,statewide,Henry Todd,R,0,0.00%
Tax Collector,statewide,Krista Kot,R,0,0.00%
Councilman Area 4,statewide,Bob Williams Jr.,WE,0,0.00%
Councilman Area 4,statewide,Sarah Taylor,D,0,0.00%
Councilman Area 4,statewide,Bob Williams Jr.,R,0,0.00%
Councilman Area 4,statewide,Sarah Taylor,WF,0,0.00%
Board of Assessment Appeals,statewide,Richard J. Scaldini,D,285,52.68%
Board of Assessment Appeals,statewide,Richard J. King,R,256,47.32%
Board of Finance,statewide,"John ""Skip"" Achilli",D,0,0.00%
Board of Finance,statewide,John Kirschner,D,0,0.00%
Board of Finance,statewide,Sharon Farmer,D,0,0.00%
Board of Finance,statewide,Susan A. Brault,R,0,0.00%
Board of Finance,statewide,Donald A. Riley,R,0,0.00%
Council Members District 132,statewide,Rolanda Smith,D,0,0.00%
Council Members District 132,statewide,Dasha Spell,D,0,0.00%
Council Members District 132,statewide,Peter Perillo,R,0,0.00%
Council Members District 132,statewide,Vallorie L. Clark,R,0,0.00%
Council Members District 132,statewide,Robert E. Halstead,IND,0,0.00%
Board of Finance Alternates,statewide,Laurie Mazich Semprebon,D,0,0.00%
Board of Finance Alternates,statewide,Eric DeCastro,R,0,0.00%
Board of Finance To Fill Vacancy for Four Years,statewide,Liz Charron,D,0,0.00%
Board of Finance To Fill Vacancy for Four Years,statewide,John Noblet,R,0,0.00%
Board of Education,statewide,Leigh Grossman,D,0,0.00%
Board of Education,statewide,Nicholas Stellitano,D,0,0.00%
Board of Education,statewide,Kathleen Sposato,R,0,0.00%
Board of Education,statewide,Brent A.Tuttle,R,0,0.00%
Board of Education,statewide,Sara Emilia Garcia-Gomes,PC,0,0.00%
Board of Finance,statewide,Jennifer M. Graves,D,0,0.00%
Board of Finance,statewide,Michael Hallahan,D,0,0.00%
Board of Finance,statewide,Dyann M. Vissicchio,R,0,0.00%
Board of Finance,statewide,Laurie-Jean Hannon,R,0,0.00%
Board of Finance To Fill Vacancy for Two Years,statewide,Candace A. Fuchs,D,0,0.00%
Board of Finance To Fill Vacancy for Two Years,statewide,John Flick,R,0,0.00%
Board of Assessment Appeals,statewide,Amanda Gordon,D,0,0.00%
Board of Assessment Appeals,statewide,Thomas Fiorentino,R,0,0.00%
Board of Finance,statewide,Albert Post,D,0,0.00%
Board of Finance,statewide,Kevin McNabola,D,0,0.00%
Board of Finance,statewide,Byron Crosdale Jr.,D,0,0.00%
Board of Finance,statewide,Joseph P. Nuzzo,R,0,0.00%
Board of Finance,statewide,Ajeet Jain,R,0,0.00%
Board of Finance To Fill Vacancy for Four Years,statewide,John A. Ferro,D,180,40.91%
Board of Finance To Fill Vacancy for Four Years,statewide,John A. Ferro,R,260,59.09%
Constables,statewide,Teresa Bassett,D,0,0.00%
Constables,statewide,Scott DelBuono,R,0,0.00%
Board of Education,statewide,Matthew Pritchard,D,508,32.73%
Board of Education,statewide,Jamie Kleinman,D,497,32.02%
Board of Education,statewide,Laurie Marquis,R,547,35.24%
Board of Education,statewide,Eileen Ego,D,0,0.00%
Board of Education,statewide,Terry Cholewa,D,0,0.00%
Board of Education,statewide,Catherine Waselik,R,0,0.00%
Board of Education,statewide,Mary Beth Malin,R,0,0.00%
Board of Finance,statewide,Frances Gustavesen,D,0,0.00%
Board of Finance,statewide,Kate Donnelly,D,0,0.00%
Board of Finance,statewide,Kathy Donahue,R,0,0.00%
Board of Finance,statewide,Matthew B. Rivers,PC,0,0.00%
Tax Collector,statewide,Kimberly Bratz,R,0,0.00%
Councilman District 2,statewide,Jeron Alston,D,0,0.00%
Councilman District 2,statewide,Pam Van Arsdale Whelan,R,0,0.00%
Board of Alderman District 4,statewide,Philip J. Vetro,D,0,0.00%
Board of Alderman District 4,statewide,Jennifer Federico,D,0,0.00%
Board of Alderman District 4,statewide,Win Smith Jr.,R,0,0.00%
Board of Alderman District 4,statewide,Katie Martino,R,0,0.00%
Planning & Zoning Commission Full Term,statewide,Joe Dowdell,D,0,0.00%
Planning & Zoning Commission Full Term,statewide,Elizabeth DiSalvo,D,0,0.00%
Planning & Zoning Commission Full Term,statewide,Mariah Okrongly,D,0,0.00%
Planning & Zoning Commission Full Term,statewide,Joseph Sorena,R,0,0.00%
Planning & Zoning Commission Full Term,statewide,Christopher Molyneaux,R,0,0.00%
Constables,statewide,Salam Abod,D,0,0.00%
Constables,statewide,Kathleen Michalik,D,0,0.00%
Constables,statewide,Shelley Johnson,D,0,0.00%
Constables,statewide,William Garrity,D,0,0.00%
Constables,statewide,"Ezio Capozzi, Jr.",R,0,0.00%
Constables,statewide,Danny Carrier,R,0,0.00%
Constables,statewide,Rick Drezek,R,0,0.00%
Constables,statewide,Rejean Carrier,R,0,0.00%
"Board of Education Four Year Term, Four to be Elected, Not More than Two From One Party",statewide,Lisa Nuland,D,0,0.00%
"Board of Education Four Year Term, Four to be Elected, Not More than Two From One Party",statewide,Stacey Hepburn-James,D,0,0.00%
"Board of Education Four Year Term, Four to be Elected, Not More than Two From One Party",statewide,Scott Wich,D,0,0.00%
"Board of Education Four Year Term, Four to be Elected, Not More than Two From One Party",statewide,Wendy Shambra,D,0,0.00%
"Board of Education Four Year Term, Four to be Elected, Not More than Two From One Party",statewide,Bob Gerbert,R,0,0.00%
"Board of Education Four Year Term, Four to be Elected, Not More than Two From One Party",statewide,Paul Plouffe,R,0,0.00%
"Board of Education Four Year Term, Four to be Elected, Not More than Two From One Party",statewide,Marie Petitti,R,0,0.00%
"Board of Education Four Year Term, Four to be Elected, Not More than Two From One Party",statewide,Tammy McGee,R,0,0.00%
Tax Collector,statewide,TABITHA FAZZONE,R,764,100.00%
Tax Collector,statewide,Shareen Langdon,D,0,0.00%
Tax Collector,statewide,Shareen Langdon,R,0,0.00%
Board of Assessment Appeals,statewide,Scott Barnett,R,0,0.00%
Board of Finance Alternate,statewide,William Thompson,D,0,0.00%
Board of Finance Alternate,statewide,Alexander Marconi,R,0,0.00%
Representative Town Meeting District 1,statewide,Joe Baril,D,0,0.00%
Representative Town Meeting District 1,statewide,Roscoe L. Merritt,D,0,0.00%
Representative Town Meeting District 1,statewide,Ted Allen,D,0,0.00%
Representative Town Meeting District 1,statewide,Andy Nacsin,D,0,0.00%
Representative Town Meeting District 1,statewide,Karin H. Adams,R,0,0.00%
Tax Collector,statewide,Helen Ruwet Bunnell,R,0,0.00%
Town Council District 4,statewide,Michael Ginnetti,D,0,0.00%
Town Council District 4,statewide,Richard Esposito,D,0,0.00%
Town Council District 4,statewide,Tina Hedley,D,0,0.00%
Town Council District 4,statewide,Samantha A. Parlato,R,0,0.00%
Town Council District 4,statewide,John J. Miessau,R,0,0.00%
Town Council District 4,statewide,Jeffrey Lendroth,R,0,0.00%
Board of Finance Alternate To Fill Vacancy for Two Years,statewide,Valerie Peppin,R,0,0.00%
Tax Collector,statewide,Catherine Vikstrom,D,0,0.00%
Board of Education,statewide,Noreen Farmer,D,1384,53.03%
Board of Education,statewide,Frances Neill,R,1226,46.97%
Planning & Zoning Commission,statewide,Jeffrey A Jakubowski,D,153,27.57%
Planning & Zoning Commission,statewide,Reuben J Manning,D,198,35.68%
Planning & Zoning Commission,statewide,Jeffrey A Jakubowski,R,204,36.76%
Planning & Zoning Commission Full Two Year Term,statewide,Amanda Hickey,D,2328,57.02%
Planning & Zoning Commission Full Two Year Term,statewide,Mark B. Mitchell,R,1755,42.98%
"Board of Education, Not More than Two from One Party",statewide,Adam L. Wollowick,D,0,0.00%
"Board of Education, Not More than Two from One Party",statewide,Caroline Cowles,D,0,0.00%
"Board of Education, Not More than Two from One Party",statewide,Richard Briggs,D,0,0.00%
"Board of Education, Not More than Two from One Party",statewide,Erin Scalera,R,0,0.00%
"Board of Education, Not More than Two from One Party",statewide,Andy Corea,R,0,0.00%
"Board of Education, Not More than Two from One Party",statewide,Joy Greenstein,R,0,0.00%
"Board of Education, Not More than Two from One Party",statewide,Marc Moorash,PC,0,0.00%
Board of Finance Full Term,statewide,Rachel Medbery,D,0,0.00%
Board of Finance Full Term,statewide,Sally Huyser,D,0,0.00%
Board of Finance Full Term,statewide,Kevin Dingle,R,0,0.00%
Board of Finance Full Term,statewide,Patricia Ryan,R,0,0.00%
Board of Estimate and Taxation,statewide,Laura Erickson,D,0,0.00%
Board of Estimate and Taxation,statewide,David Weisbrod,D,0,0.00%
Board of Estimate and Taxation,statewide,Elliot Alchek,D,0,0.00%
Board of Estimate and Taxation,statewide,Stephen Selbst,D,0,0.00%
Board of Estimate and Taxation,statewide,Matt DesChamps,D,0,0.00%
Board of Estimate and Taxation,statewide,Doug Fenton,D,0,0.00%
Board of Estimate and Taxation,statewide,Leslie L. Tarkington,R,0,0.00%
Board of Estimate and Taxation,statewide,Harry Fisher,R,0,0.00%
Board of Estimate and Taxation,statewide,Joe Pellegrino,R,0,0.00%
Board of Estimate and Taxation,statewide,Joshua Brown,R,0,0.00%
Board of Estimate and Taxation,statewide,Sally Eddy Bednar,R,0,0.00%
Board of Estimate and Taxation,statewide,Joe Kelly,R,0,0.00%
Board of Estimate and Taxation,statewide,Karen Fassuliotis,IND,0,0.00%
Board of Assessment Appeals,statewide,Charles P. Rabbitt,D,259,33.77%
Board of Assessment Appeals,statewide,Tyler N. Adams,R,508,66.23%
Tax Collector,statewide,Erin Colwell,R,0,0.00%
Tax Collector,statewide,Joan B. Strickland,PC,0,0.00%
Planning & Zoning Commission,statewide,Juliet Hodge,D,0,0.00%
Planning & Zoning Commission,statewide,Pat Wray,D,0,0.00%
Planning & Zoning Commission,statewide,Stephen D. Stephanski,R,0,0.00%
Constables,statewide,Anita Garnett,D,0,0.00%
Constables,statewide,Aubrey English,D,0,0.00%
Constables,statewide,Salvatore Lovetere,R,0,0.00%
Constables,statewide,Griff Travaglin,R,0,0.00%
Board of Education,statewide,Melissa Perkins-Banas,D,0,0.00%
Board of Education,statewide,Kayla Burgess,R,0,0.00%
Board of Education,statewide,Dann Stuyniski,R,0,0.00%
Board of Education,statewide,Justin Phaiah,R,0,0.00%
Tax Collector,statewide,Patricia J. Moisio,D,1581,71.54%
Tax Collector,statewide,Patricia J. Moisio,R,629,28.46%
Board of Education,statewide,Jessica Hatfield,D,0,0.00%
Board of Education,statewide,Daniel Flack,D,0,0.00%
Board of Education,statewide,Aram deKoven,D,0,0.00%
Board of Education,statewide,Melissa Ziobron,R,0,0.00%
Board of Education,statewide,Stephen Trojan,R,0,0.00%
Board of Education,statewide,Sean Morrissey,R,0,0.00%
Tax Collector,statewide,Vivian Waters,R,0,0.00%
Board of Education To Fill Vacancy for Two Years,statewide,Vanessa Jenkins,D,0,0.00%
Town Council District 1,statewide,Tim McMurray,D,0,0.00%
Town Council District 1,statewide,Michael Macary,D,0,0.00%
Town Council District 1,statewide,Anthony Guerrera Jr.,R,0,0.00%
Town Council District 1,statewide,Terri Sheehan,R,0,0.00%
Planning and Zoning Commission,statewide,Kenneth Rawn,D,0,0.00%
Planning and Zoning Commission,statewide,Zachary Anglin,D,0,0.00%
Planning and Zoning Commission,statewide,Vera Stearns Ward,R,0,0.00%
Tax Collector,statewide,Katherine Cryder,D,0,0.00%
Tax Collector,statewide,Jim Smith,D,0,0.00%
Tax Collector,statewide,Stanley O Sims Jr,R,0,0.00%
Alderman Ward 4,statewide,Noah Darrow,D,0,0.00%
Alderman Ward 4,statewide,Rohan Brown,D,0,0.00%
Alderman Ward 4,statewide,Nathaniel Hardy,R,0,0.00%
Alderman Ward 4,statewide,"Robert Knott, III",R,0,0.00%
Zoning Board of Appeals,statewide,Jaye Winkler,D,0,0.00%
Zoning Board of Appeals,statewide,David Hoopes,D,0,0.00%
Zoning Board of Appeals,statewide,Susan Dzialo,R,0,0.00%
Board of Finance,statewide,Pat Cosentino,D,0,0.00%
Board of Finance,statewide,James Keene,D,0,0.00%
Board of Finance,statewide,Jessica Ferguson,D,0,0.00%
Board of Finance,statewide,Karen Foster,D,0,0.00%
Board of Finance,statewide,Bill Slifkin,R,0,0.00%
Board of Finance,statewide,Michael Duff,R,0,0.00%
Board of Finance,statewide,James Hancock,R,0,0.00%
Board of Finance,statewide,John Lennon,R,0,0.00%
Board of Finance,statewide,Bill Slifkin,IND,0,0.00%
Board of Finance,statewide,Michael Duff,IND,0,0.00%
Board of Finance,statewide,James Hancock,IND,0,0.00%
Board of Finance,statewide,John Lennon,IND,0,0.00%
Planning & Zoning Commission,statewide,William R Hogan,D,2499,17.35%
Planning & Zoning Commission,statewide,Jeremiah Williams,D,2324,16.14%
Planning & Zoning Commission,statewide,Subhra Roy,D,2332,16.19%
Planning & Zoning Commission,statewide,F Michael Francis,D,2545,17.67%
Planning & Zoning Commission,statewide,Jonathan Moser,R,2381,16.53%
Planning & Zoning Commission,statewide,Arlo Hoffman,R,2320,16.11%
Board of Finance to Fill Vacancy for Four Years,statewide,Robert Castronova,D,0,0.00%
Board of Finance to Fill Vacancy for Four Years,statewide,Andy Depta,R,0,0.00%
Council Ward 1,statewide,Dennis R. Perkins Jr,D,0,0.00%
Council Ward 1,statewide,Mia Spain Reichl,D,0,0.00%
Council Ward 1,statewide,Michael J Masi,R,0,0.00%
Council Ward 1,statewide,Irving Matthew Fox,R,0,0.00%
Council Ward 1,statewide,Mia Spain Reichl,WF,0,0.00%
Tax Collector,statewide,Pamela D. Pelletier,R,0,0.00%
Board of Finance,statewide,Grant Mudge,D,386,60.12%
Board of Finance,statewide,Jeffrey J. Torrant,R,256,39.88%
Board of Finance,statewide,Ivar McDonald,D,0,0.00%
Board of Finance,statewide,Philip Parizeau,D,0,0.00%
Board of Finance,statewide,Philip Parizeau,R,0,0.00%
Board of Finance,statewide,David Fortin,R,0,0.00%
Board of Finance To Fill Vacancy for Four Years,statewide,John Connelly,D,0,0.00%
Board of Finance To Fill Vacancy for Four Years,statewide,John P. O'Hare,R,0,0.00%
Tax Collector,statewide,Donna Christensen,D,0,0.00%
Tax Collector,statewide,Donna Christensen,R,0,0.00%
Board of Finance - Full Term,statewide,T Renee Kujawski,D,0,0.00%
Board of Finance - Full Term,statewide,Matthew Blondin,D,0,0.00%
Board of Finance - Full Term,statewide,Scott Tillmann,R,0,0.00%
Board of Finance - Full Term,statewide,James Korner,R,0,0.00%
Constable,statewide,Warren Packer,D,0,0.00%
Constable,statewide,Colin O'Neill,D,0,0.00%
Constable,statewide,Harun Ahmed,D,0,0.00%
Constable,statewide,Ed Slegeski,D,0,0.00%
Constable,statewide,Dean Kies,R,0,0.00%
Constable,statewide,David Seymour,R,0,0.00%
Constable,statewide,Kevin Hood,R,0,0.00%
Constable,statewide,Salvatore Mancini,R,0,0.00%
Tax Collector,statewide,Kelsey Allard,D,0,0.00%
Tax Collector,statewide,Melissa McGuire,R,0,0.00%
Board of Finance Alternate,statewide,Michael  Schwarzchild,D,238,44.07%
Board of Finance Alternate,statewide,Michael  J Gacek,R,302,55.93%
Treasurer,statewide,James Pretty Jr.,D,0,0.00%
Treasurer,statewide,Lawrence Duffany,R,0,0.00%
Board of Finance,statewide,Glenn Sanchez,D,0,0.00%
Board of Finance,statewide,Nancy O'Dea Wyrick,R,0,0.00%
Planning & Zoning Commission,statewide,Craig Schiavone,CFW,0,0.00%
Planning & Zoning Commission,statewide,Michele Paquette,CFW,0,0.00%
Planning & Zoning Commission,statewide,Breanne Injeski,D,0,0.00%
Planning & Zoning Commission,statewide,Craig Schiavone,D,0,0.00%
Planning & Zoning Commission,statewide,Michael Cammeyer,D,0,0.00%
Planning & Zoning Commission,statewide,Michele Paquette,R,0,0.00%
Board of Education,statewide,Bridget Shirvell,D,3559,18.71%
Board of Education,statewide,Zachary Boudah,D,3533,18.57%
Board of Education,statewide,Daniel Kelley,D,3799,19.97%
Board of Education,statewide,Audra Hull,R,2169,11.40%
Board of Education,statewide,Kevin Agnello,R,2388,12.55%
Board of Education,statewide,Katie Quinlan,R,2386,12.54%
Board of Education,statewide,Farrah Leslie Garland,WF,1187,6.24%
Board of Education,statewide,Kate Brambilla,D,0,0.00%
Board of Education,statewide,Erica Schwedel,D,0,0.00%
Board of Education,statewide,Joshua Kaye,D,0,0.00%
Board of Education,statewide,Hugo Alves,R,0,0.00%
Board of Education,statewide,Phil Hogan,R,0,0.00%
Board of Education,statewide,Julie Toal,R,0,0.00%
Board of Education,statewide,Giacomo Landi,WI,0,0.00%
Tax Collector,statewide,Eric Murillo,D,0,0.00%
Tax Collector,statewide,David Driver,R,0,0.00%
Board of Finance Alternate To Fill Vacancy for Two Years,statewide,Andrew Carron,R,0,0.00%
Board of Education To Fill Vacancy for Four Years,statewide,Daniel Hally,D,0,0.00%
Board of Education To Fill Vacancy for Four Years,statewide,"Alex Palluzzi, Jr.",R,0,0.00%
Planning & Zoning Commission Alternate,statewide,Jay R. Kamins,D,0,0.00%
Planning & Zoning Commission Alternate,statewide,Beata Gadomski,R,0,0.00%
Board of Assessment Appeals,statewide,Victoria K. Dirienzo,D,0,0.00%
Board of Assessment Appeals,statewide,Dorcus S. Forsyth,R,0,0.00%
Town Clerk,statewide,Mike Tucci,D,0,0.00%
Town Clerk,statewide,Maureen Frink,R,0,0.00%
Councilmen District A,statewide,Broderick Sawyer,D,0,0.00%
Councilmen District A,statewide,Jalin Sead,D,0,0.00%
Councilmen District A,statewide,Cheryl  Kemeny,R,0,0.00%
Councilmen District A,statewide,Pietro Rotundo,R,0,0.00%
Board of Finance Full Term,statewide,Chuck Morrell,D,0,0.00%
Board of Finance Full Term,statewide,Gary Stalaboin,D,0,0.00%
Board of Finance Full Term,statewide,Dean T. Gorman,R,0,0.00%
Board of Finance Full Term,statewide,Stephanie Walsh,R,0,0.00%
Town Plan & Zoning Commission Alternate,statewide,Roger J. O'Brien,D,0,0.00%
Town Plan & Zoning Commission Alternate,statewide,Eunice Medwinter,R,0,0.00%
Board of Education Full Term,statewide,Frances P. Bousquet,D,0,0.00%
Board of Education Full Term,statewide,Jon Chad Neal,D,0,0.00%
Board of Education Full Term,statewide,Elizabeth Beman,D,0,0.00%
Board of Education Full Term,statewide,Jamie J. Heath,D,0,0.00%
Board of Education Full Term,statewide,Monique L. Mailloux,R,0,0.00%
Board of Education Full Term,statewide,James Purdon,R,0,0.00%
Board of Finance Full Term,statewide,Edwin N Cady,D,286,23.83%
Board of Finance Full Term,statewide,Holly Stark,D,405,33.75%
Board of Finance Full Term,statewide,Edwin N Cady,R,244,20.33%
Board of Finance Full Term,statewide,Mathew Roush,R,265,22.08%
Board of Education Full Term,statewide,Ed DePeau,D,0,0.00%
Board of Education Full Term,statewide,Gina Olearczyk,D,0,0.00%
Board of Education Full Term,statewide,Sharon Goulet,R,0,0.00%
Board of Education Full Term,statewide,Derek Zelek,R,0,0.00%
Board of Education Full Term,statewide,Kimberly Radziewicz,R,0,0.00%
Board of Finance Full Term,statewide,Brian Loffredo,D,872,23.68%
Board of Finance Full Term,statewide,Rob Werge,R,1421,38.59%
Board of Finance Full Term,statewide,Steve Herbert,R,1389,37.72%
Zoning Board of Appeals,statewide,Henry Nusbaum,D,0,0.00%
Zoning Board of Appeals,statewide,Nigel Light,D,0,0.00%
Zoning Board of Appeals,statewide,Illya Mowerman,R,0,0.00%
Zoning Board of Appeals,statewide,Nick Zito,R,0,0.00%
Zoning Board of Appeals,statewide,Cynthia Gibbons,R,0,0.00%
Town Plan and Zoning Commission Four Year Term,statewide,Jonathan Delgado,D,0,0.00%
Town Plan and Zoning Commission Four Year Term,statewide,Steven A. Levy,D,0,0.00%
Town Plan and Zoning Commission Four Year Term,statewide,Thomas Noonan,R,0,0.00%
Town Plan and Zoning Commission Four Year Term,statewide,Veronica Monahan,R,0,0.00%
Alderperson Ward 4,statewide,Luz Ortiz-Luna,D,0,0.00%
Alderperson Ward 4,statewide,John H. McNamara,D,0,0.00%
Alderperson Ward 4,statewide,Norman Dorval,R,0,0.00%
Alderperson Ward 4,statewide,Robert Smedley,R,0,0.00%
Ward 2 - Board of Aldermen/Alderwomen,statewide,Roberto Santos,D,0,0.00%
Ward 2 - Board of Aldermen/Alderwomen,statewide,Ronald M. Sill,D,0,0.00%
Ward 2 - Board of Aldermen/Alderwomen,statewide,George F. Kurtyka,D,0,0.00%
Ward 2 - Board of Aldermen/Alderwomen,statewide,Al Lotto,R,0,0.00%
Ward 2 - Board of Aldermen/Alderwomen,statewide,Sal Coppola,R,0,0.00%
Ward 2 - Board of Aldermen/Alderwomen,statewide,Gino DiGiovanni,R,0,0.00%
Planning Commission Five Year Term Begins 2026,statewide,Wendy Darasz,D,710,36.52%
Planning Commission Five Year Term Begins 2026,statewide,Alan M Colombie,R,1234,63.48%
Board of Assessment Appeals,statewide,Matthew T. Stillman,D,0,0.00%
Board of Assessment Appeals,statewide,Todd Blewett,R,0,0.00%
Town Clerk,statewide,Patti King,D,0,0.00%
Town Clerk,statewide,Patti King,R,0,0.00%
Board of Assessment Appeals,statewide,Barbara Nadeau,D,597,46.93%
Board of Assessment Appeals,statewide,Nancy Currlin,R,675,53.07%
Zoning Board of Appeals,statewide,Kevin McDuffie,D,0,0.00%
Zoning Board of Appeals,statewide,Benjamin Smith,R,0,0.00%
Zoning Board of Appeals,statewide,Bruce Richard Jr.,R,0,0.00%
Board of Education,statewide,Stephen Luber,D,0,0.00%
Board of Education,statewide,Vivek Purohit,D,0,0.00%
Board of Education,statewide,Bill Derry,D,0,0.00%
Board of Education,statewide,John A. Olexa,R,0,0.00%
Board of Education,statewide,Alisa Bradley,R,0,0.00%
Board of Education,statewide,Olivia Fairchild,R,0,0.00%
Board of Education,statewide,Leigh McNamara Gianakos,R,0,0.00%
Board of Assessment Appeals,statewide,Patrick Rosenberger,D,0,0.00%
Board of Assessment Appeals,statewide,Jim Luchina,R,0,0.00%
Planning & Zoning Commission,statewide,Mark Abrahamson,D,0,0.00%
Planning & Zoning Commission,statewide,Ryan Welch,D,0,0.00%
Planning & Zoning Commission,statewide,Cesar Lopez,D,0,0.00%
Planning & Zoning Commission,statewide,Patrick Kupchunos,R,0,0.00%
Planning & Zoning Commission,statewide,Despina Buganski,R,0,0.00%
Planning & Zoning Commission,statewide,Wayne C. Kilburn,R,0,0.00%
Board of Education,statewide,Jill Fitzsimons-Bula,D,0,0.00%
Board of Education,statewide,Barbara Tedesco,D,0,0.00%
Board of Education,statewide,Kara Ledger,D,0,0.00%
Board of Education,statewide,Jennifer Van Gorder,R,0,0.00%
Board of Education,statewide,Jonathan F. Lukasiewicz,R,0,0.00%
Board of Education,statewide,Diane Salmoiraghi,R,0,0.00%
Board of Assessment Appeals,statewide,Anne Kendall,D,0,0.00%
Board of Assessment Appeals,statewide,Lisa Zhang,R,0,0.00%
Water Commissioners,statewide,Thomas J. Murphy,D,0,0.00%
Water Commissioners,statewide,Jacquelyn Salerno,D,0,0.00%
Water Commissioners,statewide,Ralph Warner,R,0,0.00%
Board of Education,statewide,Michele Russell,D,2341,12.45%
Board of Education,statewide,Ethel Grant,D,2091,11.12%
Board of Education,statewide,Bob Mezzo,D,2572,13.68%
Board of Education,statewide,James Scully,D,1918,10.20%
Board of Education,statewide,Jeff Litke,D,2304,12.25%
Board of Education,statewide,Cheryl Newland,R,1452,7.72%
Board of Education,statewide,Anthony J Bonessi,R,1644,8.74%
Board of Education,statewide,Marilyn O'Donnell,R,1489,7.92%
Board of Education,statewide,Alicia Makowski,R,1562,8.31%
Board of Education,statewide,Erika Clements,R,1432,7.61%
Zoning Board of Appeals Alternates,statewide,Ken Kaplan,D,0,0.00%
Zoning Board of Appeals Alternates,statewide,Robert Downes,D,0,0.00%
Zoning Board of Appeals Alternates,statewide,Justino J Sampaio,R,0,0.00%
Zoning Board of Appeals Alternates,statewide,Dilip Desai,R,0,0.00%
Board of Aldermen District 4,statewide,Michael DiGiovancarlo,D,0,0.00%
Board of Aldermen District 4,statewide,Jeffrey A. Hunter Sr.,D,0,0.00%
Board of Aldermen District 4,statewide,Paul J. Kondash,R,0,0.00%
Board of Aldermen District 4,statewide,George N. Noujaim,R,0,0.00%
Planning & Zoning Commission Alternate,statewide,Susan J. Marcus,D,0,0.00%
Planning & Zoning Commission Alternate,statewide,Andrew V. Randi,R,0,0.00%
Planning Commission Full Term,statewide,John Hughes,R,0,0.00%
Planning Commission Full Term,statewide,Matthew Meade Amatruda,PC,0,0.00%
Board of Finance,statewide,Jeanne M. Goulart,D,0,0.00%
Board of Finance,statewide,Michael J. O'Connor,R,0,0.00%
Board of Assessment Appeals,statewide,Brendan Browne,R,0,0.00%
Board of Aldermen Fourth Ward,statewide,C. Paul Littlefield,D,0,0.00%
Board of Aldermen Fourth Ward,statewide,Dawson K. Shyne-Appignani,D,0,0.00%
Board of Aldermen Fourth Ward,statewide,Lorenzo Durante,R,0,0.00%
Board of Aldermen Fourth Ward,statewide,"Bernard J. Simons, Jr.",R,0,0.00%
Planning Commission,statewide,Beth Lander Morris,D,1089,36.30%
Planning Commission,statewide,Peggy A. Golfin,D,1056,35.20%
Planning Commission,statewide,Subby S. Magro,R,855,28.50%
Board of Assessment Appeals,statewide,Jim Goodridge,D,0,0.00%
Board of Assessment Appeals,statewide,Svetlana Goletz,R,0,0.00%
Board of Assessment Appeals Full Term,statewide,Robert G. Weber,D,0,0.00%
Board of Education,statewide,Nancy L. Neff,D,0,0.00%
Board of Education,statewide,Michael Bilica,D,0,0.00%
Board of Education,statewide,Lauren J. Barlow,R,0,0.00%
Board of Education,statewide,Stephen W. Bowen,R,0,0.00%
Board of Assessment Appeals,statewide,Jon O'Neill,D,0,0.00%
Board of Assessment Appeals,statewide,Karen S Miller,R,0,0.00%
Zoning Board of Appeals Full Five Year Term Begins 2026,statewide,Lauren DeCaprio,D,0,0.00%
Zoning Board of Appeals Full Five Year Term Begins 2026,statewide,Jennifer Tellone,R,0,0.00%
Board of Assessment Appeals,statewide,Diane Barros,D,0,0.00%
Board of Assessment Appeals,statewide,Gabby Addison,R,0,0.00%
Board of Finance,statewide,Tyler Griffin,D,0,0.00%
Board of Finance,statewide,Mary Ann Daly,D,0,0.00%
Board of Finance,statewide,Garnet McLaughlin,D,0,0.00%
Board of Finance,statewide,Peter Hughes,D,0,0.00%
Board of Finance,statewide,Kevin Donohue,D,0,0.00%
Board of Finance,statewide,Pazit Edelman,R,0,0.00%
Board of Finance,statewide,Charles Pennewill,R,0,0.00%
Board of Finance,statewide,Jean M. de Smet,G,0,0.00%
Board of Finance,statewide,William S. Hettinger,G,0,0.00%
Board of Finance,statewide,Tracy Torrejon,BL,0,0.00%
Board of Finance Alternates,statewide,Nathanael Lee,R,0,0.00%
Board of Education,statewide,Danielle Girard,D,0,0.00%
Board of Education,statewide,Amanda Pickett,D,0,0.00%
Board of Education,statewide,Rosalee Brocuglio,D,0,0.00%
Board of Education,statewide,"Roberta ""Bobbie"" Kiner",D,0,0.00%
Board of Education,statewide,Kelsey McGuire-Bruce,D,0,0.00%
Board of Education,statewide,Dean Gousse,R,0,0.00%
Board of Education,statewide,Janet Cushman,R,0,0.00%
Board of Education,statewide,Philip Kober,R,0,0.00%
Board of Education,statewide,Theresa M Meyer,R,0,0.00%
Board of Education,statewide,Rob Anderson,R,0,0.00%
Zoning Board of Appeals,statewide,Jacqueline Isaacson,D,0,0.00%
Zoning Board of Appeals,statewide,Shirley P. Williams,D,0,0.00%
Zoning Board of Appeals,statewide,Pansy Archer,D,0,0.00%
Zoning Board of Appeals,statewide,Alan Budkofsky,R,0,0.00%
Zoning Board of Appeals,statewide,Seth M. Pitts,R,0,0.00%
Zoning Board of Appeals Alternate,statewide,Kit Wilcox,D,0,0.00%
Town Clerk,statewide,Renee Weimann,D,0,0.00%
Town Clerk,statewide,Debbie Aurelia Halstead,R,0,0.00%
Board of Finance,statewide,Samantha Spino,D,0,0.00%
Board of Finance,statewide,Mark O'Donnell,R,0,0.00%
Planning & Zoning Commission,statewide,David V Sousa,D,1717,28.90%
Planning & Zoning Commission,statewide,Chris Cyr,R,1480,24.91%
Planning & Zoning Commission,statewide,Brenda Nicolo,R,1458,24.54%
Planning & Zoning Commission,statewide,Chad Livernois,R,1286,21.65%
Zoning Board of Appeals Five Year Term Begins 2026,statewide,Matthew D. Walton,D,0,0.00%
Zoning Board of Appeals Five Year Term Begins 2026,statewide,Julie Ciucias,R,0,0.00%
Board of Finance To Fill Vacancy for Two Years,statewide,Kate Sandmeyer Ward,D,439,100.00%
Board of Education,statewide,Gussie Gilberti,D,0,0.00%
Board of Education,statewide,Nancy P. Nelson,D,0,0.00%
Board of Education,statewide,Corrine Loyola,R,0,0.00%
Board of Education,statewide,Olivia Duksa,R,0,0.00%
Board of Education,statewide,Cari Duigou,R,0,0.00%
Board of Education,statewide,Cody McNeely,R,0,0.00%
Board of Education,statewide,Donna Marie Antonacci,PC,0,0.00%
Board of Education,statewide,Marguerite M. Gignac,PC,0,0.00%
Board of Finance To Fill Vacancy for Two Years,statewide,Naomi E. Smith,D,0,0.00%
Board of Finance To Fill Vacancy for Two Years,statewide,Lisa Carrott,R,0,0.00%
Board of Education,statewide,Joseph Kulesza,D,0,0.00%
Board of Education,statewide,Edward M. Corey,D,0,0.00%
Board of Education,statewide,Travis Tanuis,D,0,0.00%
Board of Education,statewide,Elena Sileo,R,0,0.00%
Board of Education,statewide,John Kissko,R,0,0.00%
Board of Education,statewide,Jeff Putnam,R,0,0.00%
Planning & Zoning Commission,statewide,Danella Schiffer,D,0,0.00%
Planning & Zoning Commission,statewide,Cathy Shyer,D,0,0.00%
Planning & Zoning Commission,statewide,Allen Cockerline,D,0,0.00%
Board of Education To Fill Vacancy for Two Years,statewide,Kathy Bachiochi,D,0,0.00%
Board of Education To Fill Vacancy for Two Years,statewide,Christopher Paradiso,R,0,0.00%
Board of Education Full Term,statewide,"Stanley ""Chet"" Stefanowicz",D,0,0.00%
Board of Education Full Term,statewide,Jamie Towle-Weicksel,D,0,0.00%
Board of Education Full Term,statewide,Patrick Austin,R,0,0.00%
Board of Education Full Term,statewide,Amy Friend,R,0,0.00%
Board of Education Full Term,statewide,Heath Michael Dugas,PC,0,0.00%
Board of Finance,statewide,Millyn Gaaserud,D,0,0.00%
Board of Finance,statewide,Paul Hendrickson,R,0,0.00%
Board of Finance,statewide,Jennifer A. Schwartz,R,0,0.00%
Board of Finance,statewide,Robert Cardone,R,0,0.00%
Board of Representatives District 1,statewide,Tom Bouchard,D,0,0.00%
Board of Representatives District 1,statewide,Steven Shore,D,0,0.00%
Board of Representatives District 1,statewide,David Watkins,R,0,0.00%
Board of Representatives District 1,statewide,Julia Anderson,R,0,0.00%
Board of Representatives District 1,statewide,Alfonso R. Hernandez,IND,0,0.00%
Board of Education,statewide,Erik Perotti,D,0,0.00%
Board of Education,statewide,Jon Puz,D,0,0.00%
Board of Education,statewide,Deirdre Tindall,R,0,0.00%
Board of Education,statewide,Penny Miller,R,0,0.00%
Board of Education,statewide,Thomas Buzzi,R,0,0.00%
Board of Education,statewide,Tim Klepps,R,0,0.00%
Board of Finance,statewide,"W. Campbell Hudson, III",D,0,0.00%
Board of Finance,statewide,Mary-Louise H. Polo,D,0,0.00%
Board of Finance,statewide,"W. Campbell Hudson, III",R,0,0.00%
Board of Finance,statewide,Mary-Louise H. Polo,R,0,0.00%
Board of Assessment Appeals,statewide,Matthew Berger,D,3680,64.23%
Board of Assessment Appeals,statewide,Stephen M. Palmer,R,2049,35.77%
Board of Alder Ward 4,statewide,Evelyn Rodriguez,D,0,0.00%
Town Council District 5,statewide,Anthony Afriyie,D,0,0.00%
Town Council District 5,statewide,Rafael Irizarry,R,0,0.00%
Board of Finance,statewide,Emily Bottum,D,0,0.00%
Board of Finance,statewide,John Jacquier,R,0,0.00%
Board of Finance,statewide,Christian Allyn,PC,0,0.00%
Board of Finance,statewide,Brian Allyn,WI,0,0.00%
Board of Finance Alternate,statewide,Juan Jaramillo,D,0,0.00%
Board of Finance Full Term,statewide,Scott T. Norton,D,0,0.00%
Board of Finance Full Term,statewide,Charles N. Buchanan,D,0,0.00%
Board of Finance Full Term,statewide,Scott T. Norton,R,0,0.00%
Board of Finance Full Term,statewide,Charles N. Buchanan,R,0,0.00%
Board of Finance Full Term,statewide,Duncan G. Wilber,PC,0,0.00%
Board of Education,statewide,Melissa Anne Gibbons,NonP,0,0.00%
Board of Education,statewide,Peter Zarabozo,NonP,0,0.00%
Board of Education,statewide,Christina T. Elmani,NonP,0,0.00%
Planning & Zoning Commission Three Year Term Begins 2026,statewide,Nick Ferris,D,0,0.00%
Planning & Zoning Commission Three Year Term Begins 2026,statewide,Justin Riendeau,R,0,0.00%
Board of Education To Fill Vacancy for Two Years,statewide,Jill Zangerl,D,0,0.00%
Zoning Board of Appeals Alternate,statewide,Warren MacKenzie,R,0,0.00%
Board of Finance Alternate,statewide,Mike O'Neill,D,317,100.00%
Board of Education To Fill Vacancy for Two Years,statewide,Aaron Marcavitch,D,0,0.00%
Board of Education To Fill Vacancy for Two Years,statewide,Gianna Rossi,R,0,0.00%
Board of Education To Fill Vacancy for Two Years,statewide,Maureen Sattan,R,0,0.00%
Board of Assessment Appeals,statewide,"Harry Broom, Jr.",R,0,0.00%
Board of Assessment Appeals,statewide,Antony A Casagrande,D,0,0.00%
Board of Assessment Appeals,statewide,Deborah A Sims,R,0,0.00%
Board of Assessment Appeals,statewide,Shawn T Baumann,R,0,0.00%
Board of Assessment Appeals,statewide,Rosalie Averill,D,0,0.00%
Board of Assessment Appeals,statewide,Saundra J. Gesek,D,0,0.00%
Board of Assessment Appeals,statewide,Scott Blakeman,R,0,0.00%
Board of Assessment Appeals,statewide,Paul Wetowitz,R,0,0.00%
Board of Finance,statewide,Joshua Bailey,R,0,0.00%
Board of Finance,statewide,Colin Cote,R,0,0.00%
Board of Education,statewide,Nicole Levine McGrath,D,0,0.00%
Board of Education,statewide,Vincent B. Cataudella,D,0,0.00%
Board of Education,statewide,Karen Delfino,R,0,0.00%
Board of Education,statewide,Stacey Randolph-Gendron,R,0,0.00%
Board of Education,statewide,Mollie Smith,R,0,0.00%
Board of Education To Fill Vacancy for Two Years,statewide,Joseph Failla,R,0,0.00%
Board of Finance Alternate To Fill Vacancy for Two Years,statewide,Hazel K. McGuire,R,0,0.00%
Zoning Board of Appeals Five Year Term Begins 2025,statewide,Jennifer A. Gundlach,D,278,51.29%
Zoning Board of Appeals Five Year Term Begins 2025,statewide,Richard D. Valine,R,264,48.71%
Board of Assessment Appeals,statewide,Kerri Kazlauskas,D,0,0.00%
Board of Assessment Appeals,statewide,"Roy A. Merritt, Jr.",R,0,0.00%
Council Members District 133,statewide,Aikeem Boyd,D,0,0.00%
Council Members District 133,statewide,Jeanette Herron,D,0,0.00%
Council Members District 133,statewide,Oliver Bourgeois,R,0,0.00%
Council Members District 133,statewide,Jeanette Herron,IND,0,0.00%
Board of Education Full Term,statewide,Tracey Anderson,D,0,0.00%
Board of Education Full Term,statewide,Briana Ross,D,0,0.00%
Board of Education Full Term,statewide,Ann Grosjean,D,0,0.00%
Board of Education Full Term,statewide,Jamie Koprek,R,0,0.00%
Board of Education Full Term,statewide,Peter Bacon,R,0,0.00%
Board of Education Full Term,statewide,Matthew Landry,R,0,0.00%
Board of Assessment Appeals,statewide,"Raymond E. Wishart, Jr.",D,0,0.00%
Board of Assessment Appeals,statewide,Peter B. Mann,R,0,0.00%
Board of Assessment Appeals,statewide,Anthony J. Emilio,R,0,0.00%
Board of Education,statewide,Genevieve M. Cabrera,D,0,0.00%
Board of Education,statewide,Holly L. Gifford,D,0,0.00%
Board of Education,statewide,Martin L. Rudnick,R,0,0.00%
Board of Education,statewide,Thomas W. Prefontaine,R,0,0.00%
Board of Finance Alternates,statewide,Tom Walsh,D,0,0.00%
Board of Finance Alternates,statewide,Fred Behringer,D,0,0.00%
Board of Finance Alternates,statewide,Diane Y. Linderman,D,0,0.00%
Board of Finance Alternates,statewide,Michael Presti,R,0,0.00%
Board of Finance Alternates,statewide,Bob Antoniac,R,0,0.00%
Board of Finance Alternates,statewide,Maria Corrao Marchant,R,0,0.00%
Planning & Zoning Commission,statewide,Kawan Gordon,D,0,0.00%
Planning & Zoning Commission,statewide,Eric Loveland,D,0,0.00%
Planning & Zoning Commission,statewide,Ellen King,D,0,0.00%
Planning & Zoning Commission,statewide,Jeremy Flick,R,0,0.00%
Planning & Zoning Commission,statewide,Diane DeNunzio,R,0,0.00%
Planning & Zoning Commission,statewide,Thomas Robbins,R,0,0.00%
Board of Education To Fill Vacancy for Two Years,statewide,Matthew Pritchard,D,513,51.04%
Board of Education To Fill Vacancy for Two Years,statewide,Jamie Kleinman,D,492,48.96%
Board of Education,statewide,Laura K Barrow,R,0,0.00%
Board of Education,statewide,Juan B Arriola,R,0,0.00%
Board of Education,statewide,Timothy L Studer Sr,R,0,0.00%
Board of Education,statewide,Adam Bryant Sheridan,PC,0,0.00%
Board of Education,statewide,Matthew B. Rivers,PC,0,0.00%
Board of Education,statewide,Nicholas E. Brockett,PC,0,0.00%
Board of Finance,statewide,Kristen Meyer,D,0,0.00%
Board of Finance,statewide,James Dahl,R,0,0.00%
Councilman District 3,statewide,Abdul-Razak Osmanu,D,0,0.00%
Councilman District 3,statewide,Theresa Katz,R,0,0.00%
Councilman District 3,statewide,Abdul-Razak Osmanu,WF,0,0.00%
Board of Alderman District 5,statewide,Mike Smith,D,0,0.00%
Board of Alderman District 5,statewide,Alex Armstrong,D,0,0.00%
Board of Alderman District 5,statewide,Meghan Brennan,D,0,0.00%
Board of Alderman District 5,statewide,Ray Vitali,R,0,0.00%
Board of Alderman District 5,statewide,Bill Bevan,R,0,0.00%
Planning & Zoning Commission to Fill Vacancy for Two Years,statewide,Benjamin Nissim,D,0,0.00%
Board of Finance Alternate Full Term,statewide,Michael J. Ryan,D,173,39.86%
Board of Finance Alternate Full Term,statewide,Michael J. Ryan,R,261,60.14%
Board of Assessment Appeals,statewide,Raymond E Baldwin,D,0,0.00%
Board of Assessment Appeals,statewide,JC Cinelli,R,0,0.00%
"Board of Education, Three to be elected - Not More Than Two from One Party",statewide,KATE FREY,D,678,35.59%
"Board of Education, Three to be elected - Not More Than Two from One Party",statewide,JAMES PHILIPAKOS,R,590,30.97%
"Board of Education, Three to be elected - Not More Than Two from One Party",statewide,KRISTIN GRASSELER,R,637,33.44%
Board of Finance Full Term,statewide,Dewey Moy,D,0,0.00%
Board of Finance Full Term,statewide,Jessica Sanchez,D,0,0.00%
Board of Finance Full Term,statewide,John J Arizzi,R,0,0.00%
Board of Finance Full Term,statewide,Monika Thiel,R,0,0.00%
Planning Commission,statewide,Nicholas Criscitelli,D,0,0.00%
Planning Commission,statewide,Marcus Furze,D,0,0.00%
Planning Commission,statewide,Scott Brickey,R,0,0.00%
Planning Commission,statewide,Sean Brittell,R,0,0.00%
Planning Commission,statewide,Julie Eaton,R,0,0.00%
Board of Assessment Appeals,statewide,William Gresham,D,0,0.00%
Board of Assessment Appeals,statewide,Craig Salonia,R,0,0.00%
Representative Town Meeting District 2,statewide,Jean-Claude Ambroise,D,0,0.00%
Representative Town Meeting District 2,statewide,Richard (Paul) Norris,D,0,0.00%
Representative Town Meeting District 2,statewide,Jackie Massett,D,0,0.00%
Representative Town Meeting District 2,statewide,Doris Pulaski,D,0,0.00%
Representative Town Meeting District 2,statewide,Harry A. Watson,R,0,0.00%
Board of Finance Full Term,statewide,John L. Keilty,D,0,0.00%
Board of Finance Full Term,statewide,Jennine Lupo,D,0,0.00%
Board of Finance Full Term,statewide,Barbara Tingley,R,0,0.00%
Board of Finance Full Term,statewide,Matt Tobin,R,0,0.00%
Town Council District 5,statewide,Gaetano (Guy) Bimonte,D,0,0.00%
Town Council District 5,statewide,Joseph Kikosicki,D,0,0.00%
Town Council District 5,statewide,Al Vollono,D,0,0.00%
Town Council District 5,statewide,Loria Jaffe,R,0,0.00%
Town Council District 5,statewide,Bryan Surprenant,R,0,0.00%
Board of Education Full Term,statewide,Chonte Fields,D,0,0.00%
Board of Education Full Term,statewide,Kimberly L. Kouatly,D,0,0.00%
Board of Education Full Term,statewide,Edward Carvalho,R,0,0.00%
Board of Education Full Term,statewide,Diane Flewelling,R,0,0.00%
Board of Finance,statewide,Joel Thomas Presby,D,0,0.00%
Board of Finance,statewide,Julie Mangino,D,0,0.00%
Board of Finance,statewide,Joel Thomas Presby,R,0,0.00%
Board of Finance,statewide,Julie Mangino,R,0,0.00%
Planning & Zoning Commission,statewide,Eric Lukingbeal,D,0,0.00%
Planning & Zoning Commission,statewide,Bob Lavitt,D,0,0.00%
Planning & Zoning Commission,statewide,Eric Myers,R,0,0.00%
Planning & Zoning Commission Alternates,statewide,Henry H Bowers,D,187,42.31%
Planning & Zoning Commission Alternates,statewide,Douglas A George,R,255,57.69%
Library Trustee,statewide,Joyce Goldberg,D,0,0.00%
Library Trustee,statewide,Barbara Davison,R,0,0.00%
Zoning Board of Appeals Full Four Year Term,statewide,Noah Bryant,D,2336,34.99%
Zoning Board of Appeals Full Four Year Term,statewide,Jason Philbin,D,2473,37.04%
Zoning Board of Appeals Full Four Year Term,statewide,Michael S. Martel,R,1867,27.97%
Board of Assessment Appeals,statewide,Shannon Riley,D,0,0.00%
Board of Assessment Appeals,statewide,Jeffrey Bronn,R,0,0.00%
Board of Education To Fill Vacancy for Two Years,statewide,Michael Briggs,R,0,0.00%
Board of Finance To Fill Vacancy for Two Years,statewide,Janet Brunwin,D,0,0.00%
"Board of Education, Not More than Two from One Party",statewide,Bob Chaney,D,0,0.00%
"Board of Education, Not More than Two from One Party",statewide,Laura Kostin,D,0,0.00%
"Board of Education, Not More than Two from One Party",statewide,Veronica Chiavaroli,D,0,0.00%
"Board of Education, Not More than Two from One Party",statewide,Karen Krause,R,0,0.00%
"Board of Education, Not More than Two from One Party",statewide,Paul Cappiali,R,0,0.00%
Board of Assessment Appeals To Fill Vacancy for Two Years,statewide,Scott Levine,D,237,31.35%
Board of Assessment Appeals To Fill Vacancy for Two Years,statewide,Caryssa J. Adams,R,519,68.65%
Board of Finance,statewide,Jeffrey R. Kotkin,D,0,0.00%
Board of Finance,statewide,Mark Hand,D,0,0.00%
Board of Finance,statewide,Susan Spence,D,0,0.00%
Board of Finance,statewide,Greg Gernhardt,R,0,0.00%
Board of Finance,statewide,James Wakim,R,0,0.00%
Board of Finance,statewide,Paul Carver,R,0,0.00%
Board of Finance,statewide,Steven J. Johnson,R,0,0.00%
Planning & Zoning Commission Alternates,statewide,James MacBride,D,0,0.00%
Planning & Zoning Commission Alternates,statewide,Thomas Plunkett,D,0,0.00%
Planning & Zoning Commission Alternates,statewide,Andrew Kausch,R,0,0.00%
Planning & Zoning Commission Alternates,statewide,Catherine Grant,R,0,0.00%
Board of Finance To Fill Vacancy for Two Years,statewide,Timothy Armbruster,D,362,59.44%
Board of Finance To Fill Vacancy for Two Years,statewide,Timothy Armbruster,R,247,40.56%
Board of Assessment Appeals,statewide,Susan Wasstrom,D,0,0.00%
Board of Assessment Appeals,statewide,Joanne Eiler,R,0,0.00%
Board of Assessment Appeals,statewide,Justin Phaiah,R,0,0.00%
Board of Finance,statewide,Roger E. Van Ausdal,D,1697,63.99%
Board of Finance,statewide,Jenifer Wyss,R,955,36.01%
Selectman,statewide,Daniel T. Thompson,D,0,0.00%
Selectman,statewide,Pasquale J. Salemi,D,0,0.00%
Selectman,statewide,Rob Rosa Jr.,R,0,0.00%
Board of Assessment Appeals,statewide,Edward C Blaschik,D,0,0.00%
Board of Finance,statewide,Matthew Rucci,D,0,0.00%
Board of Finance,statewide,Jim Moran,R,0,0.00%
Board of Finance,statewide,James Jorgensen,R,0,0.00%
Town Council District 2,statewide,Maggie Gugliotti,D,0,0.00%
Town Council District 2,statewide,Robert H. Ficeto,D,0,0.00%
Town Council District 2,statewide,Cory Lagasse,R,0,0.00%
Town Council District 2,statewide,Rachel Wisler,R,0,0.00%
Board of Finance,statewide,Timothy Puglielli,R,0,0.00%
Board of Finance,statewide,Barry Allen Luff,R,0,0.00%
Board of Finance,statewide,Bob Tardif,D,0,0.00%
Board of Finance,statewide,Paul A Copenhagen,R,0,0.00%
Alderman Ward 5,statewide,Christopher Rogers,D,0,0.00%
Alderman Ward 5,statewide,Patricia DaSilva,D,0,0.00%
Alderman Ward 5,statewide,"Kevin P. Mello, Jr.",R,0,0.00%
Alderman Ward 5,statewide,Stephanie Mello,R,0,0.00%
Alderman Ward 5,statewide,Takiya Lynee Green,PC,0,0.00%
Board of Fire Commissioners,statewide,John (Jay) Cofiell,D,0,0.00%
Board of Fire Commissioners,statewide,Anthony Nero,R,0,0.00%
Board of Education Full Term,statewide,Gabriela Hernandez,D,0,0.00%
Board of Education Full Term,statewide,Kara DiBartolo,D,0,0.00%
Board of Education Full Term,statewide,Jen Larsen,D,0,0.00%
Board of Education Full Term,statewide,Lauren Shekari,D,0,0.00%
Board of Education Full Term,statewide,Patricia Rist,R,0,0.00%
Board of Education Full Term,statewide,Patricia Rist,IND,0,0.00%
Zoning Board of Appeals,statewide,Suren Thirumappan,D,2182,24.79%
Zoning Board of Appeals,statewide,Eugene LeDuc,D,2278,25.88%
Zoning Board of Appeals,statewide,Juliet D'Antonio,R,2125,24.14%
Zoning Board of Appeals,statewide,Katherine Heminway,R,2217,25.19%
Council Ward 2,statewide,John Laughinghouse,D,0,0.00%
Council Ward 2,statewide,Holly Robinson,D,0,0.00%
Council Ward 2,statewide,Elmer Palma,R,0,0.00%
Council Ward 2,statewide,Juan Rivas,R,0,0.00%
Council Ward 2,statewide,Holly Robinson,WF,0,0.00%
Board of Finance,statewide,Jon Draper,D,0,0.00%
Board of Finance,statewide,James Kilduff,R,0,0.00%
Board of Finance,statewide,Eugene Croce,R,0,0.00%
Planning & Zoning Commission Alternate to Fill Vacancy for Two Years,statewide,Patricia Dynia,D,0,0.00%
Planning & Zoning Commission Alternate to Fill Vacancy for Two Years,statewide,Mark E. Laudano,R,0,0.00%
Board of Finance Alternate,statewide,Bart Wenrich,D,368,100.00%
Board of Finance to fill a Four Year Vacancy,statewide,Lynn M Steinmayer,D,0,0.00%
Board of Finance to fill a Four Year Vacancy,statewide,Lorraine M Lucas,R,0,0.00%
Board of Education Full Three Year          Term Begins 2025,statewide,Chris Pattacini,D,0,0.00%
Board of Education Full Three Year          Term Begins 2025,statewide,Tracy R. Patterson,D,0,0.00%
Board of Education Full Three Year          Term Begins 2025,statewide,Angela Tuers,R,0,0.00%
Board of Education Full Three Year          Term Begins 2025,statewide,Michael Orsene,R,0,0.00%
Board of Finance Full Term,statewide,Melissa Sevigny,D,0,0.00%
Board of Finance Full Term,statewide,Calli E Carboni,D,0,0.00%
Board of Finance Full Term,statewide,Ethan J Gagnon,R,0,0.00%
Board of Finance Full Term,statewide,Richard Weingart,R,0,0.00%
Board of Assessment Appeals,statewide,Maureen Doyle,D,280,49.38%
Board of Assessment Appeals,statewide,Eric F. Cook,R,287,50.62%
Board of Finance,statewide,Kristin Mosimann,D,0,0.00%
Board of Finance,statewide,Jack DeOliveira,R,0,0.00%
Board of Finance,statewide,Luke Freimuth,R,0,0.00%
Board of Education,statewide,Heather Brand,D,0,0.00%
Board of Education,statewide,Anthony DiPentima,R,0,0.00%
Zoning Board of Appeals,statewide,Sheri Gordon,D,0,0.00%
Zoning Board of Appeals,statewide,Joseph Scordato,D,0,0.00%
Zoning Board of Appeals,statewide,Scott Schuster,R,0,0.00%
Board of Finance To Fill Vacancy for Two Years,statewide,Ken Beausoleil,D,1364,98.91%
Board of Finance To Fill Vacancy for Two Years,statewide,Nathaniel C. Lenky,WI,15,1.09%
Board of Assessment Appeals,statewide,John B. Matz,D,0,0.00%
Board of Assessment Appeals,statewide,Kevin McIntosh,R,0,0.00%
Board of Assessment Appeals,statewide,Tony Calanca,R,0,0.00%
Board of Education,statewide,Jeffrey Moreno,D,0,0.00%
Board of Education,statewide,Kim Kenny,D,0,0.00%
Board of Education,statewide,Patrick Egolum,D,0,0.00%
Board of Education,statewide,Rosa M. Richardson,R,0,0.00%
Board of Education,statewide,Dominic Konareski,R,0,0.00%
Board of Education,statewide,Linda Borras,R,0,0.00%
Board of Education To Fill Vacancy for Two Years,statewide,Isaak Aronson,D,0,0.00%
Board of Education To Fill Vacancy for Two Years,statewide,Harlan Fichtenholtz,D,0,0.00%
Board of Education To Fill Vacancy for Two Years,statewide,Emily Johnson,R,0,0.00%
Board of Education To Fill Vacancy for Two Years,statewide,Erin (Yiran) Gu,R,0,0.00%
Board of Education To Fill Vacancy for Two Years,statewide,Rebecca Anne Cudgma,PC,0,0.00%
Zoning Board of Appeals,statewide,Michael D. Greenhouse,D,0,0.00%
Zoning Board of Appeals,statewide,Julia A. Haverl,D,0,0.00%
Zoning Board of Appeals,statewide,Andreas Halidis,R,0,0.00%
Zoning Board of Appeals,statewide,Adrian Mandeville,R,0,0.00%
Board of Education,statewide,Andrea Sobinski,D,0,0.00%
Board of Education,statewide,Matt Hutvagner,D,0,0.00%
Board of Education,statewide,Haley Pellegren,D,0,0.00%
Board of Education,statewide,Ann O'Malley Kerr,R,0,0.00%
Board of Education,statewide,Suraj Kurtakoti,R,0,0.00%
Board of Education,statewide,Matthew Domejczyk,R,0,0.00%
Board of Education,statewide,Jeff Przech,WI,0,0.00%
Councilmen District B,statewide,DaJuan Wiggins,D,0,0.00%
Councilmen District B,statewide,Darlene Young,D,0,0.00%
Councilmen District B,statewide,Kimberly Krieger,R,0,0.00%
Councilmen District B,statewide,DaJuan Wiggins,IND,0,0.00%
Planning and Zoning Commission Alternate,statewide,Joshua Walters,D,0,0.00%
Planning and Zoning Commission Alternate,statewide,Alexander Marcellino,D,0,0.00%
Planning and Zoning Commission Alternate,statewide,Robert M Zaicek,R,0,0.00%
Board of Education To Fill Vacancy for Two Years,statewide,Stuart Norman Jr,D,0,0.00%
Board of Education To Fill Vacancy for Two Years,statewide,Kimberly Neilson,D,0,0.00%
Board of Education To Fill Vacancy for Two Years,statewide,Donald Desrochers,R,0,0.00%
Board of Assessment Appeals To Fill Vacancy for Two Years,statewide,Charles R. Epstein,D,0,0.00%
Board of Assessment Appeals To Fill Vacancy for Two Years,statewide,Karen Torrenti,R,0,0.00%
Board of Finance To Fill Vacancy for Two Years,statewide,Meredith Park Devanney,R,0,0.00%
Board of Assessment Appeals Full Term,statewide,David Swaim,D,1248,55.44%
Board of Assessment Appeals Full Term,statewide,Nicole Vacila,R,1003,44.56%
Board of Finance Alternate Full Term,statewide,Chris Watkins,D,0,0.00%
Board of Finance Alternate Full Term,statewide,Emily Swiatek,R,0,0.00%
Board of Finance Full Term Six Year Term,statewide,Wayne A Donaldson,D,0,0.00%
Board of Education Full Term,statewide,Lauren Gray,D,0,0.00%
Board of Education Full Term,statewide,Erin Wilson,D,0,0.00%
Board of Education Full Term,statewide,Joshua Orlinsky,D,0,0.00%
Board of Education Full Term,statewide,Tatiana Messina Mullen,R,0,0.00%
Board of Education Full Term,statewide,Ronnette Pompano James,R,0,0.00%
Board of Education Full Term,statewide,Jeff Cap,R,0,0.00%
Board of Finance Full Term,statewide,John P. Hecht,D,0,0.00%
Board of Finance Full Term,statewide,Mary Robertson,R,0,0.00%
Zoning Board of Appeals Full Term,statewide,Tony Iorfino,D,0,0.00%
Zoning Board of Appeals Full Term,statewide,Liz Schiff,D,0,0.00%
Zoning Board of Appeals Full Term,statewide,Amit Vohra,R,0,0.00%
Board of Finance Full Term,statewide,Sean Twitchell,D,0,0.00%
Board of Finance Full Term,statewide,Robert Shepard,D,0,0.00%
Board of Finance Full Term,statewide,Lori S. Quagliaroli,R,0,0.00%
Board of Finance Full Term,statewide,Daniel A. Flanagan,R,0,0.00%
Zoning Board of Appeals Alternate Full Term,statewide,Maurice Clarke,D,0,0.00%
Zoning Board of Appeals Alternate Full Term,statewide,Karen A Lombardi,R,0,0.00%
Board of Finance Alternate Full Term,statewide,Margaret A Wholean,D,0,0.00%
Councilman At Large,statewide,Chris Cioffi,WE,0,0.00%
Councilman At Large,statewide,Ray Ouellet,WE,0,0.00%
Councilman At Large,statewide,Larue A. Graham,D,0,0.00%
Councilman At Large,statewide,Bruce A. Fontanella,D,0,0.00%
Councilman At Large,statewide,Chris Cioffi,R,0,0.00%
Councilman At Large,statewide,Ray Ouellet,R,0,0.00%
Councilman At Large,statewide,Larue A. Graham,WF,0,0.00%
Councilman At Large,statewide,Bruce A. Fontanella,WF,0,0.00%
Town Plan and Zoning Commission Two Year Term,statewide,Peter Capozzi,D,0,0.00%
Town Plan and Zoning Commission Two Year Term,statewide,Alexis P. Harrison,R,0,0.00%
Alderperson Ward 5,statewide,Roy Centeno,D,0,0.00%
Alderperson Ward 5,statewide,Francisco Santiago,D,0,0.00%
Alderperson Ward 5,statewide,Willie Pabon,R,0,0.00%
Alderperson Ward 5,statewide,Matthew Malinowski,R,0,0.00%
Ward 3 - Board of Aldermen/Alderwomen,statewide,Robert Hyder,D,0,0.00%
Ward 3 - Board of Aldermen/Alderwomen,statewide,David Chevarella,D,0,0.00%
Ward 3 - Board of Aldermen/Alderwomen,statewide,Robin Falcioni-Smith,D,0,0.00%
Ward 3 - Board of Aldermen/Alderwomen,statewide,William Soderberg,R,0,0.00%
Ward 3 - Board of Aldermen/Alderwomen,statewide,Ann Kimball,R,0,0.00%
Ward 3 - Board of Aldermen/Alderwomen,statewide,Licia Soderberg,R,0,0.00%
Zoning Commission Five Year Terms Begins 2025,statewide,Paul Rosin,D,710,36.60%
Zoning Commission Five Year Terms Begins 2025,statewide,Theodore Root,R,1230,63.40%
Board of Finance,statewide,Patrick J Olszewski,D,602,21.98%
Board of Finance,statewide,Lee R Matterazzo,R,640,23.37%
Board of Finance,statewide,Jeanine Connelly,R,746,27.24%
Board of Finance,statewide,Carrie L Anderson,R,751,27.42%
Library Trustees,statewide,Robert Uhl,D,0,0.00%
Library Trustees,statewide,David Dlugos,R,0,0.00%
Board of Assessment Appeals,statewide,Gary Cicchiello,D,0,0.00%
Board of Assessment Appeals,statewide,Deanna Delaney,R,0,0.00%
Board of Education,statewide,Sam Rosenberg,D,0,0.00%
Board of Education,statewide,Mandy C. Miller,D,0,0.00%
Board of Education,statewide,Heather Fitzgerald,D,0,0.00%
Board of Education,statewide,Jason Pinkus,R,0,0.00%
Board of Education,statewide,Adam Grippo,R,0,0.00%
Board of Education,statewide,Matthew Colehour,R,0,0.00%
Planning & Zoning Commission Full Term,statewide,John Welsh,D,0,0.00%
Planning & Zoning Commission Full Term,statewide,Bob Ravens-Seger,D,0,0.00%
Planning & Zoning Commission Full Term,statewide,Todd Zessin,R,0,0.00%
Planning & Zoning Commission Full Term,statewide,Ryan Rea,R,0,0.00%
Constables,statewide,Zainab Khan,D,0,0.00%
Constables,statewide,Joan Walsh,D,0,0.00%
Constables,statewide,Sandra C. Jeski,D,0,0.00%
Constables,statewide,Jay Murtha,R,0,0.00%
Constables,statewide,Tad J. Bistor,R,0,0.00%
Constables,statewide,John Sandberg,R,0,0.00%
Board of Assessment Appeals,statewide,Ann Marie Heering,D,0,0.00%
Board of Assessment Appeals,statewide,Liza Salgado-Sirko,D,0,0.00%
Board of Assessment Appeals,statewide,Greg Klimek,R,0,0.00%
Board of Assessment Appeals,statewide,Wesley Hoyt,R,0,0.00%
Zoning Board of Appeals To Fill Vacancy for Two Years,statewide,Justin Anderson,R,0,0.00%
Planning & Zoning Commission,statewide,Megan Loucas,D,0,0.00%
Planning & Zoning Commission,statewide,Sally Stires-Korsh,D,0,0.00%
Planning & Zoning Commission,statewide,Robert DeWilder,R,0,0.00%
Planning Commission,statewide,Francis Santana,D,2454,33.79%
Planning Commission,statewide,Gary Hughes,D,2522,34.73%
Planning Commission,statewide,Richard O'Donnell,R,2286,31.48%
Board of Aldermen District 5,statewide,Rafael Feliciano-Roman,D,0,0.00%
Board of Aldermen District 5,statewide,Sandra Martinez-McCarthy,D,0,0.00%
Board of Aldermen District 5,statewide,"John ""Jack"" Alseph",R,0,0.00%
Board of Aldermen District 5,statewide,Adrian Sanchez,R,0,0.00%
Zoning Board of Appeals,statewide,Laurie Jaffe,D,0,0.00%
Zoning Board of Appeals,statewide,Terri O'Rourke,D,0,0.00%
Zoning Board of Appeals,statewide,Joseph Alves,R,0,0.00%
Zoning Board of Appeals,statewide,Wayne R. Buchanan,R,0,0.00%
Board of Education,statewide,Abby L. von Halem,D,0,0.00%
Board of Education,statewide,Nicholas Savoie,D,0,0.00%
Board of Education,statewide,Lindsey M. Baah,R,0,0.00%
Board of Education,statewide,Justin A. LaPre,R,0,0.00%
Police Commissioners,statewide,David Erwin,D,0,0.00%
Police Commissioners,statewide,Ralph J. Barra,D,0,0.00%
Police Commissioners,statewide,Joshua Hubbard,D,0,0.00%
Police Commissioners,statewide,Thomas C. King,R,0,0.00%
Police Commissioners,statewide,George Moreira,R,0,0.00%
Police Commissioners,statewide,Paul Bowler,R,0,0.00%
Board of Apportionment and Taxation,statewide,Greta Jacobsen,D,0,0.00%
Board of Apportionment and Taxation,statewide,Wayne L. Bragg,D,0,0.00%
Board of Apportionment and Taxation,statewide,Anthony M. SanMiguel,D,0,0.00%
Board of Apportionment and Taxation,statewide,"John A. Belden, Jr.",R,0,0.00%
Board of Apportionment and Taxation,statewide,John A. Boyko,R,0,0.00%
Board of Apportionment and Taxation,statewide,Joanna L. Carloni,R,0,0.00%
Planning & Zoning Commission,statewide,Richard Nordmann,D,0,0.00%
Planning & Zoning Commission,statewide,Vincenzo Marfella,R,0,0.00%
Planning & Zoning Commission,statewide,Andrew Holt,R,0,0.00%
Planning & Zoning Commission,statewide,Brian Dufresne,R,0,0.00%
Planning Commission Alternates,statewide,Jason A. Cooper,D,1027,39.90%
Planning Commission Alternates,statewide,Zina D. Planeta,R,783,30.42%
Planning Commission Alternates,statewide,Mark J. Paul,R,764,29.68%
Board of Assessment Appeals To Fill Vacancy for Two Years,statewide,Karen M. Silk,D,0,0.00%
Board of Assessment Appeals,statewide,Robert Johnson,D,0,0.00%
Planning Commission Full Five Year Term Begins 2025,statewide,Christopher T Gallo,D,0,0.00%
Planning Commission,statewide,Robyn Greenspan,D,0,0.00%
Planning Commission,statewide,Nancy Clark,D,0,0.00%
Planning Commission,statewide,Roberta Stewart,D,0,0.00%
Planning Commission,statewide,Ronald Conti,R,0,0.00%
Board of Education,statewide,Paula Haney,D,0,0.00%
Board of Education,statewide,Catherine Aillon Pomo,D,0,0.00%
Board of Education,statewide,Gary Fetzer,D,0,0.00%
Board of Education,statewide,Mia Mitoma,G,0,0.00%
Board of Education,statewide,Mark Doyle,BL,0,0.00%
Board of Education,statewide,Amanda Jean Lincoln,D,914,21.69%
Board of Education,statewide,Melissa Dragon,D,866,20.55%
Board of Education,statewide,Daniella Caverly,R,1244,29.52%
Board of Education,statewide,Rick W. Medeiros,R,1190,28.24%
Board of Education Not More Than Two from One Party,statewide,Andrew Koniecko,D,0,0.00%
Board of Education Not More Than Two from One Party,statewide,Kelly McNamara,D,0,0.00%
Board of Education Not More Than Two from One Party,statewide,Nicole Serra,R,0,0.00%
Board of Education Not More Than Two from One Party,statewide,Charles Raymond,R,0,0.00%
Constables,statewide,Alex Sferrazza,D,0,0.00%
Constables,statewide,Bekah Halpin,D,0,0.00%
Constables,statewide,Rebecca Green,D,0,0.00%
Constables,statewide,Marshall Elemen,D,0,0.00%
Constables,statewide,Walter J Kruzel,R,0,0.00%
Constables,statewide,Ken Kaufman,R,0,0.00%
Constables,statewide,John Unghire,R,0,0.00%
Constables,statewide,Mary Ann Turner,R,0,0.00%
Zoning Board of Appeals Alternates,statewide,Shelby J. Maybin,D,0,0.00%
Zoning Board of Appeals Alternates,statewide,Vivilyn Smith,R,0,0.00%
Board of Finance,statewide,Janette Lamoureaux,D,0,0.00%
Board of Finance,statewide,James Gaston,D,0,0.00%
Board of Finance,statewide,John Fletcher,D,0,0.00%
Board of Finance,statewide,Beth Young,D,0,0.00%
Board of Finance,statewide,Jim Landy,R,0,0.00%
Board of Finance,statewide,Amybeth Laroche,R,0,0.00%
Board of Finance,statewide,Steven Goodridge,R,0,0.00%
Board of Finance,statewide,Barney Molloy,R,0,0.00%
Board of Education,statewide,Jerry Stevens,D,0,0.00%
Board of Education,statewide,Dennis Condon,R,0,0.00%
Board of Education,statewide,Sunny Gill,R,0,0.00%
Board of Education,statewide,Jeff Fulchino,R,0,0.00%
Board of Education,statewide,Christine Cascella,R,0,0.00%
Board of Education,statewide,Marie A. Blake,PC,0,0.00%
Planning & Zoning Commission Alternate,statewide,Davis K Howell,D,1852,100.00%
Zoning Board of Appeals Alternates,statewide,Robert Hines,D,0,0.00%
Zoning Board of Appeals Alternates,statewide,Bob Hein,D,0,0.00%
Board of Assessment Appeals,statewide,Andrew J. Cournoyer,D,0,0.00%
Board of Assessment Appeals,statewide,Eric Arthur Jackson,D,0,0.00%
Board of Assessment Appeals,statewide,Michael Begun,R,0,0.00%
Board of Assessment Appeals,statewide,Glenn Shilosky,R,0,0.00%
Board of Finance Alternate To Fill Vacancy for Two Years,statewide,Virginia Allen,D,0,0.00%
Board of Finance Alternate To Fill Vacancy for Two Years,statewide,Kevin D. Coderre,R,0,0.00%
Board of Assessment Appeals,statewide,Kurt Schwanfelder,D,0,0.00%
Board of Assessment Appeals,statewide,Dennis Nardella,R,0,0.00%
Constables,statewide,Vincenzo Viscariello,D,0,0.00%
Constables,statewide,Keri L. Hoehne,D,0,0.00%
Constables,statewide,Ruth Nadeau Dwyer,D,0,0.00%
Constables,statewide,Michele Sok,D,0,0.00%
Constables,statewide,Donna Isely,R,0,0.00%
Constables,statewide,Joshua Ocain,R,0,0.00%
Constables,statewide,Hunter Folland,R,0,0.00%
Constables,statewide,Nick Spino,R,0,0.00%
Planning & Zoning Commission Alternate,statewide,Beth Wells,D,0,0.00%
Planning & Zoning Commission Alternate,statewide,Jen Ventimilia,D,0,0.00%
Board of Assessment Appeals,statewide,Gene Julian,D,0,0.00%
Board of Assessment Appeals,statewide,Piotr Pelczar,R,0,0.00%
Board of Education To Fill Vacancy for Two Years,statewide,Christine Wagner,R,0,0.00%
Board of Education,statewide,Kadiatu M. Lublin,D,0,0.00%
Board of Education,statewide,Bill Vredenburgh,R,0,0.00%
Board of Education,statewide,Jon Dunn,R,0,0.00%
Board of Representatives District 2,statewide,Virgil de la Cruz,D,0,0.00%
Board of Representatives District 2,statewide,Lori Hyatt,D,0,0.00%
Board of Representatives District 2,statewide,Jason Kinard,R,0,0.00%
Board of Representatives District 2,statewide,Heidy J. Balderamos,IND,0,0.00%
Board of Assessment Appeals,statewide,John Casey,D,0,0.00%
Board of Assessment Appeals,statewide,Noel Gauthier,R,0,0.00%
Board of Education Full Term,statewide,Jan Perruccio,D,0,0.00%
Board of Education Full Term,statewide,Kristen Pillion,R,0,0.00%
Constables,statewide,Peter Perenyi,D,3597,16.59%
Constables,statewide,Lorraine Tamsky,D,3629,16.74%
Constables,statewide,Ashley Gillece,D,3516,16.21%
Constables,statewide,Maria A. Petrillo,D,3507,16.17%
Constables,statewide,Jennifer Thornell,R,1879,8.67%
Constables,statewide,Haley Smith,R,1861,8.58%
Constables,statewide,Carolyn Ferrara,R,1898,8.75%
Constables,statewide,Erin Lee,R,1797,8.29%
Board of Alder Ward 5,statewide,Kampton S. Singh,D,0,0.00%
Town Council District 6,statewide,"Philip L. Young, IV",D,0,0.00%
Town Council District 6,statewide,Kerry L. Whitham,R,0,0.00%
Board of Education,statewide,Jaclyn Dombrowski,D,0,0.00%
Board of Education,statewide,Timothy Garand,D,0,0.00%
Board of Education,statewide,Leigh Connole,D,0,0.00%
Board of Education,statewide,Caitlin Chabot,D,0,0.00%
Board of Education,statewide,Stacie Heath,R,0,0.00%
Board of Finance To Fill Vacancy for Two Years,statewide,Diane Johnstone,D,0,0.00%
Board of Finance To Fill Vacancy for Two Years,statewide,Diane Johnstone,R,0,0.00%
Board of Finance to Fill Vacancy for Two Years,statewide,Judith Chapman,D,0,0.00%
Board of Finance to Fill Vacancy for Two Years,statewide,Lacinda I. van Gieson,R,0,0.00%
Planning & Zoning Commission Alternates,statewide,Tim Andrews,R,0,0.00%
Planning & Zoning Commission Alternates,statewide,Jason Arico,R,0,0.00%
Board of Assessment Appeals,statewide,Lauren Heidelberger,D,0,0.00%
Board of Assessment Appeals,statewide,Cindy Bissonnette,R,0,0.00%
Representative Town Meeting District 1,statewide,Ursula Moreshead,D,0,0.00%
Representative Town Meeting District 1,statewide,Kayla Mullen,D,0,0.00%
Representative Town Meeting District 1,statewide,Lindsay Khan,D,0,0.00%
Representative Town Meeting District 1,statewide,Narciss Greene,D,0,0.00%
Representative Town Meeting District 1,statewide,JoAnna Bennett,D,0,0.00%
Representative Town Meeting District 1,statewide,Mindy Stone,R,0,0.00%
Representative Town Meeting District 1,statewide,Ryan Riebschlager,R,0,0.00%
Representative Town Meeting District 1,statewide,Timothy Condon,R,0,0.00%
Representative Town Meeting District 1,statewide,Valerie Metivier,R,0,0.00%
Representative Town Meeting District 1,statewide,Danielle Steward-Gelinas,R,0,0.00%
Board of Education Full Term,statewide,Hayley Tiller-Albert,D,262,31.95%
Board of Education Full Term,statewide,Jeremiah Rufini,R,244,29.76%
Board of Education Full Term,statewide,Diana Alvarez,R,314,38.29%
Board of Assessment Appeals,statewide,Brad Czarnec,D,0,0.00%
Board of Assessment Appeals,statewide,Krystal Holmes,D,0,0.00%
Board of Assessment Appeals,statewide,Norm Noble,R,0,0.00%
Planning & Zoning Commission,statewide,Carol House,D,0,0.00%
Planning & Zoning Commission,statewide,Jennifer Tiffany,R,0,0.00%
Planning & Zoning Commission,statewide,Larry Fitzgerald,D,0,0.00%
Planning & Zoning Commission,statewide,Alan F Havican,R,0,0.00%
Planning & Zoning Commission,statewide,Michael Matovu,D,0,0.00%
Planning & Zoning Commission,statewide,Matthew Malberti,D,0,0.00%
Planning & Zoning Commission,statewide,Brian N. Sirowich,R,0,0.00%
Zoning Board of Appeals,statewide,Thomas R. Peters,D,0,0.00%
Zoning Board of Appeals,statewide,Jon Scagnelli,R,0,0.00%
Zoning Board of Appeals,statewide,Susan L. Gardner-McNulty,R,0,0.00%
Board of Education Full Term,statewide,Jill Madeo,D,0,0.00%
Board of Education Full Term,statewide,Kristin Falzone,R,0,0.00%
Board of Assessment Appeals,statewide,George Ogno,D,0,0.00%
Board of Assessment Appeals,statewide,Frank Bidetti,R,0,0.00%
Board of Education,statewide,Patricia Allyn Mechare,D,0,0.00%
Board of Education,statewide,Adam L. Sher,D,0,0.00%
Board of Education,statewide,Scott Miller,R,0,0.00%
Board of Education,statewide,Adam L. Sher,R,0,0.00%
Board of Education,statewide,Siobhan Maloney Bazinet,WE,0,0.00%
Board of Education,statewide,Allan Pronovost,WE,0,0.00%
Board of Education,statewide,Matthew Ehmka,WE,0,0.00%
Board of Education,statewide,Kim Carbone Pandiani,WE,0,0.00%
Board of Education,statewide,Stephany Morales-Valentin,D,0,0.00%
Board of Education,statewide,Ayra Garcia,D,0,0.00%
Board of Education,statewide,Steven O'Donnell,D,0,0.00%
Board of Education,statewide,Sheri Amechi,D,0,0.00%
Board of Education,statewide,Migdalia Alicea,D,0,0.00%
Board of Education,statewide,Siobhan Maloney Bazinet,R,0,0.00%
Board of Education,statewide,Allan Pronovost,R,0,0.00%
Board of Education,statewide,Matthew Ehmka,R,0,0.00%
Board of Education,statewide,Kim Carbone Pandiani,R,0,0.00%
Board of Education,statewide,Stephany Morales-Valentin,WF,0,0.00%
Board of Education,statewide,Ayra Garcia,WF,0,0.00%
Board of Education,statewide,Steven O'Donnell,WF,0,0.00%
Board of Education,statewide,Sheri Amechi,WF,0,0.00%
Board of Education,statewide,Migdalia Alicea,WF,0,0.00%
Board of Education,statewide,Siobhan Maloney Bazinet,IND,0,0.00%
Board of Education,statewide,Allan Pronovost,IND,0,0.00%
Board of Education,statewide,Matthew Ehmka,IND,0,0.00%
Board of Education,statewide,Kim Carbone Pandiani,IND,0,0.00%
Zoning Board of Appeals Five Year Term Begins 2026,statewide,Tyson Garbrecht,R,349,100.00%
Planning & Zoning Commission,statewide,Robert Wilson,D,0,0.00%
Planning & Zoning Commission,statewide,Mark Smaldone,R,0,0.00%
Planning & Zoning Commission,statewide,Rich Miller,R,0,0.00%
Planning & Zoning Commission,statewide,Rudy Franciamore,R,0,0.00%
Council Members District 134,statewide,Michelle A. Lyons,D,0,0.00%
Council Members District 134,statewide,Loretta Dubac,D,0,0.00%
Council Members District 134,statewide,Leona Delvecchio,R,0,0.00%
Council Members District 134,statewide,Donna Purciello,R,0,0.00%
Council Members District 134,statewide,Michelle A. Lyons,IND,0,0.00%
Council Members District 134,statewide,Loretta  DuBac,IND,0,0.00%
Board of Assessment Appeals,statewide,Erika Wiecenski,D,0,0.00%
Board of Assessment Appeals,statewide,Walter Parsell,R,0,0.00%
Board of Finance Alternate To Fill Vacancy for Two Years,statewide,Lauren Murphy,D,0,0.00%
Board of Education To Fill Vacancy for Two Years,statewide,Michele L. Guglielmo,D,0,0.00%
Planning and Zoning Commission,statewide,Lisa D'Angelo,D,0,0.00%
Planning and Zoning Commission,statewide,Geoff Cook,D,0,0.00%
Planning and Zoning Commission,statewide,Richard R. Pleines II,R,0,0.00%
Planning and Zoning Commission,statewide,Jonathan Norton,R,0,0.00%
Board of Assessment Appeals,statewide,Devin Berke,D,0,0.00%
Board of Assessment Appeals,statewide,Timothy C. Griswold,R,0,0.00%
Planning & Zoning Commission Alternate,statewide,Peyton Rutledge,D,0,0.00%
Planning & Zoning Commission Alternate,statewide,Ellen King,D,0,0.00%
Planning & Zoning Commission Alternate,statewide,Joshua Lloyd,R,0,0.00%
Board of Education To Fill Vacancy for Two Years,statewide,Kelly Berwick Billings,D,0,0.00%
Board of Education To Fill Vacancy for Two Years,statewide,Amanda Vargo Zapatka,R,0,0.00%
Board of Finance Alternate To Fill Vacancy for Four Years,statewide,Deborah Gilpin,D,279,100.00%
Board of Assessment Appeals,statewide,William Kivic,R,627,100.00%
Board of Assessment Appeals,statewide,Stuart Norman Jr,D,0,0.00%
Board of Assessment Appeals,statewide,Cecelia Norwid,R,0,0.00%
Board of Education,statewide,Mark Fabrizi,D,0,0.00%
Board of Education,statewide,Paula Fitzgerald,D,0,0.00%
Board of Education,statewide,Justin Donarum,R,0,0.00%
Board of Education,statewide,Christine Kuehlewind,R,0,0.00%
Councilman District 4,statewide,Sarah Gallagher,D,0,0.00%
Councilman District 4,statewide,James Onofrio,R,0,0.00%
City Clerk,statewide,"Peter ""Pete"" Smith",D,0,0.00%
Zoning Board of Appeals Full Five Year Term Begins 2025,statewide,Alexander Lycoyannis,R,0,0.00%
Planning & Zoning Commission Five Year Term Begins 2025,statewide,Tony Silber,D,0,0.00%
Planning & Zoning Commission Five Year Term Begins 2025,statewide,Rich Croll,R,0,0.00%
Board of Assessment Appeals Full Term,statewide,ANN GERSCHEFSKI,D,556,56.45%
Board of Assessment Appeals Full Term,statewide,GEORGE O LINKLETTER,R,429,43.55%
Board of Finance To Fill Vacancy for Four Years,statewide,Rick Regan,D,0,0.00%
Planning Commission Alternate To Fill Vacancy for Two Years,statewide,"Paul Sullivan, Sr.",R,0,0.00%
Planning & Zoning Commission,statewide,Lynne Cooper,D,0,0.00%
Planning & Zoning Commission,statewide,Michael Farina,D,0,0.00%
Planning & Zoning Commission,statewide,Jamin Laurenza,R,0,0.00%
Planning & Zoning Commission,statewide,Daniel Luisi,R,0,0.00%
Planning & Zoning Commission,statewide,Wayne LePard,R,0,0.00%
Planning & Zoning Commission,statewide,Edward Wallor,R,0,0.00%
Representative Town Meeting District 3,statewide,Christy McElroy,D,0,0.00%
Representative Town Meeting District 3,statewide,Michael Gardiner,D,0,0.00%
Representative Town Meeting District 3,statewide,Autumn Gardiner,D,0,0.00%
Representative Town Meeting District 3,statewide,Archie Swindell,D,0,0.00%
Board of Finance To Fill Vacancy for Two Years,statewide,Stephan Krucker,R,0,0.00%
Town Clerk,statewide,Lisa Balter,D,0,0.00%
Town Clerk,statewide,Michael Enders,R,0,0.00%
Board of Education To Fill Vacancy for Two Years,statewide,Kurt A. Love,D,0,0.00%
Planning & Zoning Commission Alternate,statewide,Margaret Jabaily,D,0,0.00%
Board of Education,statewide,Amy Helminiak,D,0,0.00%
Board of Education,statewide,Christopher Jacques,D,0,0.00%
Board of Education,statewide,Gina Terwilliger,D,0,0.00%
Board of Education,statewide,Amy Dodge,R,0,0.00%
Board of Education,statewide,Caitlin Tomko,R,0,0.00%
Zoning Board of Appeals Full Two Year Term,statewide,Merry C. Garrett,D,2254,55.27%
Zoning Board of Appeals Full Two Year Term,statewide,Sheila M. Deprey,R,1824,44.73%
Planning & Zoning Commission Full Term,statewide,Marc S. Loewengart,D,0,0.00%
Planning & Zoning Commission Full Term,statewide,Brian McGovern,D,0,0.00%
Planning & Zoning Commission Full Term,statewide,Gregory Petriccione,R,0,0.00%
Planning & Zoning Commission Full Term,statewide,Dionisio Fontana,R,0,0.00%
Planning & Zoning Commission Full Term,statewide,Geoff Hunton,R,0,0.00%
Library Directors,statewide,Eugene Grayson,D,0,0.00%
Library Directors,statewide,Lori Bourgoin,R,0,0.00%
Library Directors,statewide,Jason Snukis,R,0,0.00%
Board of Education,statewide,Johanna Fernandez,D,0,0.00%
Board of Education,statewide,Allyson Wuerth,D,0,0.00%
Board of Education,statewide,Melissa Zaldo,D,0,0.00%
Board of Education,statewide,Matthew E. Erickson,D,0,0.00%
Board of Education,statewide,David Pecoraro,R,0,0.00%
Board of Education,statewide,John Paul Garcia,R,0,0.00%
Board of Education,statewide,Shawn Uscilla,R,0,0.00%
Board of Education,statewide,Caroline M. Leary,PC,0,0.00%
Constables,statewide,Craig S. Bein,D,309,16.58%
Constables,statewide,RIchard J. Wood,R,525,28.17%
Constables,statewide,Phillip E. Young,R,554,29.72%
Constables,statewide,William N. Sebastian,R,476,25.54%
Board of Education,statewide,Marijke Kehrhahn,D,0,0.00%
Board of Education,statewide,Karen Brodeur,D,0,0.00%
Board of Education,statewide,Eileen D. Baker,D,0,0.00%
Board of Education,statewide,Jordan Schellens,D,0,0.00%
Board of Education,statewide,Joe Maselli,R,0,0.00%
Board of Education,statewide,Deborah A. Bole,R,0,0.00%
Board of Education,statewide,Kelley E. Kennedy,R,0,0.00%
Zoning Board of Appeals,statewide,Edward Grenier,D,0,0.00%
Zoning Board of Appeals,statewide,Al Daigneault,D,0,0.00%
Zoning Board of Appeals,statewide,Valerie Muschiano,R,0,0.00%
Board of Education,statewide,Chirag Sadana,D,1544,34.46%
Board of Education,statewide,Laura Worosz,D,1554,34.68%
Board of Education,statewide,Katie R. Risk,R,716,15.98%
Board of Education,statewide,John Belfatto,R,667,14.89%
Constables,statewide,Lakisher Hurst,D,0,0.00%
Constables,statewide,Daron Ross,D,0,0.00%
Constables,statewide,Susan J. Tukey,D,0,0.00%
Constables,statewide,Henry J. Pawlowski Jr.,D,0,0.00%
Constables,statewide,Esther B. Clarke,R,0,0.00%
Constables,statewide,Lina K. Acheampong,R,0,0.00%
Constables,statewide,Melodie Wilson,R,0,0.00%
Planning & Zoning,statewide,Maureen Pierson,D,0,0.00%
Planning & Zoning,statewide,Susan E Kinsman,D,0,0.00%
Planning & Zoning,statewide,Toni Dumaine,R,0,0.00%
Planning & Zoning,statewide,Richard Pettinelli,R,0,0.00%
Board of Finance Alternate,statewide,John Gadbois,R,0,0.00%
Town Council District 3,statewide,Charles Nappi,D,0,0.00%
Town Council District 3,statewide,George Collaku,D,0,0.00%
Town Council District 3,statewide,Sean Hughes,R,0,0.00%
Town Council District 3,statewide,Joseph F. Skerritt,R,0,0.00%
Town Council District 3,statewide,Joseph R. Membrino Jr.,PC,0,0.00%
Zoning Board of Appeals,statewide,Darwin A Jurado,D,0,0.00%
Zoning Board of Appeals,statewide,Max Gigle,D,0,0.00%
Zoning Board of Appeals,statewide,Robert S Stearns,R,0,0.00%
Board of Finance To Fill Vacancy for Two Years,statewide,Paul Hines,D,0,0.00%
Board of Education Full Term,statewide,Lenore Grunko,D,0,0.00%
Board of Education Full Term,statewide,Kyra Beta,D,0,0.00%
Board of Education Full Term,statewide,John Ely,R,0,0.00%
Board of Education Full Term,statewide,Alyson Whelan,R,0,0.00%
Board of Education,statewide,Donna Belanger Sanford,D,0,0.00%
Board of Education,statewide,Lindsay Spielman,D,0,0.00%
Board of Education,statewide,Michael P Meadows,R,0,0.00%
Alderman Ward 6,statewide,Karl D. Williams,D,0,0.00%
Alderman Ward 6,statewide,Daniel Stahl,D,0,0.00%
Alderman Ward 6,statewide,Anthony T. Mammone,R,0,0.00%
Alderman Ward 6,statewide,Joshua A. Shuart,R,0,0.00%
Board of Education To Fill Vacancy for Two Years,statewide,Brenda Reed,D,0,0.00%
Board of Education To Fill Vacancy for Two Years,statewide,Jane Gangi,D,0,0.00%
Board of Education To Fill Vacancy for Two Years,statewide,Jeffrey Spies,R,0,0.00%
Board of Education To Fill Vacancy for Two Years,statewide,Anthony Cassio,R,0,0.00%
Board of Education To Fill Vacancy for Two Years,statewide,Jeffrey Spies,IND,0,0.00%
Board of Education To Fill Vacancy for Two Years,statewide,Anthony Cassio,IND,0,0.00%
Library Board of Trustees,statewide,Anna Michalak,D,2457,21.10%
Library Board of Trustees,statewide,Kalagena Sullivan,D,2257,19.38%
Library Board of Trustees,statewide,John M Halloran,D,2544,21.85%
Library Board of Trustees,statewide,Deanna Wambolt-Gulick,R,2116,18.17%
Library Board of Trustees,statewide,Christina M Keune,R,2271,19.50%
Council Ward 3,statewide,Peter Buzaid,D,0,0.00%
Council Ward 3,statewide,Frank R Salvatore Jr,D,0,0.00%
Council Ward 3,statewide,Brenda Santopolo Hefferon,R,0,0.00%
Council Ward 3,statewide,Ralph Merlo,R,0,0.00%
Council Ward 3,statewide,Frank R Salvatore Jr,WF,0,0.00%
Board of Education Full Term,statewide,Patrick Perugino,D,0,0.00%
Board of Education Full Term,statewide,Nicole Corry,D,0,0.00%
Board of Education Full Term,statewide,Kelly Tilton,R,0,0.00%
Board of Education Full Term,statewide,Robin Palmer,R,0,0.00%
Board of Education Full Term,statewide,Becca Allen,R,0,0.00%
Board of Finance Alternate To Fill Vacancy for Two Years,statewide,Wendy Costa,R,0,0.00%
Board of Finance Alternate Full Term,statewide,Justin Kronholm,D,0,0.00%
Board of Finance To Fill Vacancy for Two Years,statewide,Michele W. Pastre,R,0,0.00%
Board of Finance Alternate,statewide,Patrick J Reilly,D,0,0.00%
Board of Finance Alternate,statewide,Robert J Layer,R,0,0.00%
Board of Finance To Fill Vacancy for Two Years,statewide,Kevin P Winkler,D,0,0.00%
Board of Education Full Three Year Term Begins 2026,statewide,Kwasi Ntem-Mensah,D,0,0.00%
Board of Education Full Three Year Term Begins 2026,statewide,Alexandra Lamb,D,0,0.00%
Board of Education Full Three Year Term Begins 2026,statewide,Robert Spada,R,0,0.00%
Board of Education Full Three Year Term Begins 2026,statewide,Jerome Grant Jr.,R,0,0.00%
Planning & Zoning Commission,statewide,Veronica Florio,D,278,23.52%
Planning & Zoning Commission,statewide,Erika A Leone,D,293,24.79%
Planning & Zoning Commission,statewide,Noah Butler,R,325,27.50%
Planning & Zoning Commission,statewide,Marc E Petzold SR,R,286,24.20%
Board of Education To Fill Vacancy for Two Years,statewide,Cinda Clark,D,0,0.00%
Representative Town Meeting District One,statewide,Gail Coykendall,NonP,0,0.00%
Representative Town Meeting District One,statewide,Chris Tait,NonP,0,0.00%
Representative Town Meeting District One,statewide,Andrew Bloom,NonP,0,0.00%
Representative Town Meeting District One,statewide,Kristin Mott Purcell,NonP,0,0.00%
Representative Town Meeting District One,statewide,Matthew Mandell,NonP,0,0.00%
Board of Assessment Appeals,statewide,James A Hurlbut,D,384,31.27%
Board of Assessment Appeals,statewide,Cathy Masi,D,371,30.21%
Board of Assessment Appeals,statewide,James A Hurlbut,R,243,19.79%
Board of Assessment Appeals,statewide,Cathy Masi,R,230,18.73%
Councilmen,statewide,Hilary Ormond,D,0,0.00%
Councilmen,statewide,Michael J Rodgers,D,0,0.00%
Councilmen,statewide,Lina Lee,D,0,0.00%
Councilmen,statewide,Heather Russell,D,0,0.00%
Councilmen,statewide,Arvind K. Bajaj,R,0,0.00%
Councilmen,statewide,Pavla Levin,R,0,0.00%
Councilmen,statewide,Scott Gress,R,0,0.00%
Councilmen,statewide,Penny Young,R,0,0.00%
Councilmen,statewide,Kimberly Norton,R,0,0.00%
Zoning Board of Appeals Alternate,statewide,Jeffrey C. Ballard,D,0,0.00%
Zoning Board of Appeals Alternate,statewide,Suzanne Langlois,R,0,0.00%
Zoning Board of Appeals Alternate To Fill Vacancy for Two Years,statewide,James Horwitz,D,0,0.00%
Zoning Board of Appeals Alternate To Fill Vacancy for Two Years,statewide,Dennis Santulli,R,0,0.00%
Zoning Board of Appeals Alternate To Fill Vacancy for Two Years,statewide,Thomas Kenefick,R,0,0.00%
Councilmen District C,statewide,Nicole Eaddy,D,0,0.00%
Councilmen District C,statewide,Anne Wennerstrand,D,0,0.00%
Councilmen District C,statewide,Richard  Bonenfant,R,0,0.00%
Councilmen District C,statewide,Read Auerbach,R,0,0.00%
Councilmen District C,statewide,Richard  Bonenfant,IND,0,0.00%
Board of Education To Fill Vacancy for Two Years,statewide,Elizabeth Lindorff,D,0,0.00%
Board of Education To Fill Vacancy for Two Years,statewide,Stephanie Bora,D,0,0.00%
Board of Education To Fill Vacancy for Two Years,statewide,Michael-Joseph Mercanti-Anthony,R,0,0.00%
Board of Finance Alternate,statewide,Richard Wolkowitz,D,389,67.65%
Board of Finance Alternate,statewide,Cody Gillotti,R,186,32.35%
Board of Education,statewide,Jeremy Withnell,D,339,26.20%
Board of Education,statewide,John DeShazo,D,359,27.74%
Board of Education,statewide,Donna T. Rubin,R,222,17.16%
Board of Education,statewide,Michael J. Listorti,R,206,15.92%
Board of Education,statewide,Kimberly Thorne-Kaunelis,PC,168,12.98%
Board of Assessment Appeals,statewide,Suzanne Mink,D,0,0.00%
Board of Assessment Appeals,statewide,Joseph Harvey,D,0,0.00%
Board of Assessment Appeals,statewide,Silvana Apicella,R,0,0.00%
Board of Assessment Appeals,statewide,Kris Petrucci,R,0,0.00%
Board of Assessment Appeals Full Term,statewide,Ted Glanzer,D,0,0.00%
Board of Assessment Appeals Full Term,statewide,John R Truhan,R,0,0.00%
Board of Assessment Appeals Full Term,statewide,Michael Staffieri,D,0,0.00%
Board of Assessment Appeals Full Term,statewide,Daniel Bednarsky,R,0,0.00%
Planning & Zoning Commission Full Term,statewide,Richard A. Huoppi,D,0,0.00%
Planning & Zoning Commission Full Term,statewide,Barbara Herbert,D,0,0.00%
Planning & Zoning Commission Full Term,statewide,Bruce W.  Dexter II,R,0,0.00%
Town Plan and Zoning Commission Alternate,statewide,Peter Siccardi,D,0,0.00%
Town Plan and Zoning Commission Alternate,statewide,Joseph Siebert,D,0,0.00%
Town Plan and Zoning Commission Alternate,statewide,Lukas Thomas,R,0,0.00%
Town Plan and Zoning Commission Alternate,statewide,Andrew Ragonese,R,0,0.00%
Town Plan and Zoning Commission Alternate,statewide,Peter Siccardi,WF,0,0.00%
Board of Education Full Term,statewide,Cara Lascko Files,D,0,0.00%
Board of Education Full Term,statewide,Marissa McGee,R,0,0.00%
Board of Education Full Term,statewide,Amy Sedgwick,R,0,0.00%
Board of Education,statewide,Hanna Nowakowski-Petrisko,D,0,0.00%
Board of Education,statewide,Annie S. Parker,D,0,0.00%
Board of Education,statewide,Diana Reyes,D,0,0.00%
Board of Education,statewide,Barbara Marino,R,0,0.00%
Board of Education,statewide,Tina Santana,R,0,0.00%
Board of Education,statewide,"Anthony ""Tony"" Cane",R,0,0.00%
Board of Apportionment and Taxation,statewide,Kristen Mancini-Wright,D,0,0.00%
Board of Apportionment and Taxation,statewide,Jennifer Desroches,D,0,0.00%
Board of Apportionment and Taxation,statewide,Michael Gray,D,0,0.00%
Board of Apportionment and Taxation,statewide,Colleen Germain-Ezzo,D,0,0.00%
Board of Apportionment and Taxation,statewide,Tina Parelli-Silkoff,D,0,0.00%
Board of Apportionment and Taxation,statewide,Bhamini Patel,D,0,0.00%
Board of Apportionment and Taxation,statewide,Laura Wabno,R,0,0.00%
Board of Apportionment and Taxation,statewide,Heidi DiGiovanni,R,0,0.00%
Board of Apportionment and Taxation,statewide,Burnease Ragin,R,0,0.00%
Board of Apportionment and Taxation,statewide,Ashley Simon,R,0,0.00%
Board of Apportionment and Taxation,statewide,Jerry Borrelli,R,0,0.00%
Board of Apportionment and Taxation,statewide,Jimmy Silkoff,R,0,0.00%
Zoning Commission Five Year Term Begins 2026,statewide,Myrna Watanabe,D,671,34.73%
Zoning Commission Five Year Term Begins 2026,statewide,William Ponte,R,1261,65.27%
Planning and Zoning Commission Alternate,statewide,Stephanie Warren,D,0,0.00%
Board of Assessment Appeals,statewide,Michael O'Brien,R,0,0.00%
Regional Board of Education,statewide,Eleanor McAdam,D,0,0.00%
Regional Board of Education,statewide,Tiffany M. Burkitt-Lyga,R,0,0.00%
Planning Commission,statewide,Nina Franco,D,0,0.00%
Planning Commission,statewide,"Thomas W. Fitting, Jr.",R,0,0.00%
Planning Commission,statewide,Timothy LaDucer,R,0,0.00%
Planning & Zoning To Fill Vacancy for Two Years,statewide,Austin Gelinas,D,0,0.00%
Planning & Zoning To Fill Vacancy for Two Years,statewide,Jay Tran,R,0,0.00%
Zoning Board of Appeals,statewide,Richard Ruggiero,D,0,0.00%
Zoning Board of Appeals,statewide,Jason Bergman,R,0,0.00%
Zoning Commission,statewide,Lawrence Passeck,D,2463,35.43%
Zoning Commission,statewide,Eileen Bronko,R,2291,32.96%
Zoning Commission,statewide,Joseph Pascucci,R,2197,31.61%
Board of Education,statewide,Margret Heyward Bowen,D,0,0.00%
Board of Education,statewide,LaToya Ireland,D,0,0.00%
Board of Education,statewide,Kay Munoz,D,0,0.00%
Board of Education,statewide,"Lorraine ""Lorry"" Medina",R,0,0.00%
Board of Education,statewide,Terence Lott Jr.,R,0,0.00%
Board of Education,statewide,Thomas P. Van Stone Sr.,R,0,0.00%
Board of Education,statewide,Domenic Davino Jr.,WI,0,0.00%
Zoning Board of Appeals Alternate,statewide,Bruce J. King,D,0,0.00%
Zoning Board of Appeals Alternate,statewide,John Whittel,R,0,0.00%
Planning Commission Alternate Full Term,statewide,Joshua A. Rodriguez,D,0,0.00%
Board of Assessment Appeals,statewide,Timothy B. Lenehan,D,0,0.00%
Board of Assessment Appeals,statewide,Donald E. LaPre,R,0,0.00%
Water Pollution Control Authority,statewide,Mark Petrucci,D,0,0.00%
Water Pollution Control Authority,statewide,"Charles ""Casey"" Larkin, IV",D,0,0.00%
Water Pollution Control Authority,statewide,Antonio Mancini,R,0,0.00%
"Board of Education, Not More than Five from One Party",statewide,Kate Kutash,D,0,0.00%
"Board of Education, Not More than Five from One Party",statewide,Patricia M. Moonan,D,0,0.00%
"Board of Education, Not More than Five from One Party",statewide,Carole Pannozzo,D,0,0.00%
"Board of Education, Not More than Five from One Party",statewide,Lorraine B. Rossner,D,0,0.00%
"Board of Education, Not More than Five from One Party",statewide,Joan F. Littlefield,D,0,0.00%
"Board of Education, Not More than Five from One Party",statewide,"Joseph C. Pelaggi, IV",R,0,0.00%
"Board of Education, Not More than Five from One Party",statewide,Jason M. Neves,R,0,0.00%
"Board of Education, Not More than Five from One Party",statewide,Richard M. O'Connor,R,0,0.00%
"Board of Education, Not More than Five from One Party",statewide,Jim Feehan,R,0,0.00%
"Board of Education, Not More than Five from One Party",statewide,Anthony Smeraglino,R,0,0.00%
Zoning Commission,statewide,Erik Stomberg,D,1066,31.50%
Zoning Commission,statewide,Salvatore V. Sena Jr.,R,765,22.61%
Zoning Commission,statewide,Christopher Wherry,R,755,22.31%
Zoning Commission,statewide,Eric Colantonio,R,798,23.58%
Constables,statewide,Arvind Shaw,D,0,0.00%
Constables,statewide,Randal Chinnock,D,0,0.00%
Constables,statewide,Nathaniel F. Fabian,R,0,0.00%
Constables,statewide,Christopher D. Bowen,R,0,0.00%
Planning Commission Full Five Year Term Begins 2026,statewide,Marjorie O'Neill,D,0,0.00%
Planning Commission Alternates,statewide,Stephen Huntley,D,0,0.00%
Planning Commission Alternates,statewide,Marietta Korsu,R,0,0.00%
Board of Assessment Appeals,statewide,Murphy A. Sewall,D,0,0.00%
Board of Assessment Appeals,statewide,Susan A. Hunter,D,0,0.00%
Board of Assessment Appeals,statewide,Daniel Phipps,G,0,0.00%
Board of Assessment Appeals,statewide,Sarah Winter,G,0,0.00%
Board of Assessment Appeals,statewide,Anna Parker,G,0,0.00%
Board of Assessment Appeals,statewide,Claire M. Lary,WI,0,0.00%
Board of Assessment Appeals,statewide,Melissa Lennon,D,0,0.00%
Board of Assessment Appeals,statewide,Greg Moran Sr.,R,0,0.00%
Board of Assessment Appeals,statewide,Brian Loffredo,D,1285,100.00%
Library Trustees,statewide,Sherry-Ann Chance,D,0,0.00%
Library Trustees,statewide,Harvey Leon Frydman,D,0,0.00%
Library Trustees,statewide,Patrick A. DeLorenzo,R,0,0.00%
Board of Education,statewide,Doria Linnetz,D,0,0.00%
Board of Education,statewide,Don Ramsey,R,0,0.00%
Board of Education,statewide,Melissa Beylouni,R,0,0.00%
Board of Education,statewide,Shannon Tomai,R,0,0.00%
Zoning Board of Appeals,statewide,Catherine McSweeney,D,1669,28.62%
Zoning Board of Appeals,statewide,Martin Halloran,R,1345,23.06%
Zoning Board of Appeals,statewide,Jason Guidone,R,1398,23.97%
Zoning Board of Appeals,statewide,Brian Tyler,R,1420,24.35%
Board of Education,statewide,Anna Kallman,D,366,33.52%
Board of Education,statewide,Martha Bruehl,D,392,35.90%
Board of Education,statewide,Kathleen Bodwell,R,134,12.27%
Board of Education,statewide,Katherine Scoville,R,200,18.32%
Board of Education Full Term,statewide,Samantha Derenthal,D,0,0.00%
Board of Education Full Term,statewide,Angel Davis,R,0,0.00%
Board of Education Full Term,statewide,Michael Broughton,R,0,0.00%
Constables,statewide,Kathleen Fox,D,0,0.00%
Constables,statewide,Nancy McCormack,D,0,0.00%
Constables,statewide,Francis Walsh,D,0,0.00%
Constables,statewide,Kevin Coughlin,D,0,0.00%
Constables,statewide,Laura Myjak,R,0,0.00%
Constables,statewide,George Weted,R,0,0.00%
Constables,statewide,Richard Aitro,R,0,0.00%
Constables,statewide,Dennis Nardella,R,0,0.00%
Board of Public Safety,statewide,Komla Matrevi,D,0,0.00%
Board of Public Safety,statewide,Cindy M Sherwood,D,0,0.00%
Board of Public Safety,statewide,Eric Green,R,0,0.00%
Board of Public Safety,statewide,Darlene Battle,R,0,0.00%
Zoning Board of Appeals,statewide,Roxanne Belter Lee,D,0,0.00%
Zoning Board of Appeals,statewide,M E Freeman,D,0,0.00%
Planning & Zoning Commission,statewide,David Palmberg,D,0,0.00%
Planning & Zoning Commission,statewide,Richard Shuck,D,0,0.00%
Planning & Zoning Commission,statewide,David C. Roy,R,0,0.00%
Planning & Zoning Commission,statewide,James A.  Lyon Jr.,R,0,0.00%
Board of Assessment Appeals,statewide,David McCord,D,0,0.00%
Board of Assessment Appeals,statewide,Amy French,R,0,0.00%
Planning & Zoning Commission,statewide,Michael O'Reilly,R,0,0.00%
Planning & Zoning Commission,statewide,Robert Westlund,R,0,0.00%
Board of Assessment Appeals,statewide,Glenn Ritch,D,0,0.00%
Board of Assessment Appeals,statewide,Christopher S. Peters,R,0,0.00%
Board of Representatives District 3,statewide,Chanta Graham,D,0,0.00%
Board of Representatives District 3,statewide,Terry Adams,D,0,0.00%
Board of Representatives District 3,statewide,Kyle Smith,R,0,0.00%
Planning & Zoning Commission Five Year Term Begins 2025,statewide,Daniel LaPlante,R,0,0.00%
Board of Education To Fill Vacancy for Two Years,statewide,Mark Watson,R,0,0.00%
Board of Alder Ward 6,statewide,Carmen L. Rodriguez,D,0,0.00%
Town Council District 7,statewide,Lisa Carroll Fabian,D,0,0.00%
Town Council District 7,statewide,Patty Gallagher,R,0,0.00%
Board of Assessment Appeals,statewide,David Jacquier,R,0,0.00%
Board of Education,statewide,John T. Mudano,D,0,0.00%
Board of Education,statewide,Alison P. Jassen,D,0,0.00%
Board of Education,statewide,Alison P. Jassen,R,0,0.00%
Board of Education,statewide,Sarah Robichaud,R,0,0.00%
Board of Education,statewide,Greg Guyette,D,0,0.00%
Board of Education,statewide,Amber Mortensen-Hurdle,D,0,0.00%
Board of Education,statewide,Kylee E. Christianson,R,0,0.00%
Board of Education,statewide,Dennis A. Gragnolati,R,0,0.00%
Zoning Board of Appeals Four Year Term Begins 2025,statewide,Caroline Johnson,D,0,0.00%
Zoning Board of Appeals Four Year Term Begins 2025,statewide,Joe Narkawicz,D,0,0.00%
Zoning Board of Appeals Four Year Term Begins 2025,statewide,Keith Peck,R,0,0.00%
Representative Town Meeting District 2,statewide,Ted Olynciw,D,0,0.00%
Representative Town Meeting District 2,statewide,Mary Childs,D,0,0.00%
Representative Town Meeting District 2,statewide,Kristin Gonzalez,D,0,0.00%
Representative Town Meeting District 2,statewide,Kyrah Augmon-Bossa,D,0,0.00%
Representative Town Meeting District 2,statewide,Bill Mugavero,R,0,0.00%
Representative Town Meeting District 2,statewide,Chris Muckle,R,0,0.00%
Representative Town Meeting District 2,statewide,Jim Bartelli,R,0,0.00%
Representative Town Meeting District 2,statewide,Kate MacKenzie,R,0,0.00%
Board of Assessment Appeals,statewide,Matt Foster,R,322,100.00%
Planning & Zoning Commission,statewide,Jen Metcalf,D,0,0.00%
Planning & Zoning Commission,statewide,Jeff Girard,D,0,0.00%
Planning & Zoning Commission,statewide,Frank Bauchiero,R,0,0.00%
Planning & Zoning Commission,statewide,Jake Byrnes,R,0,0.00%
Planning & Zoning Commission Alternate,statewide,Steven Deveaux,R,0,0.00%
Zoning Board of Appeals,statewide,Carl L Graveline,D,0,0.00%
Zoning Board of Appeals,statewide,E Gil Graveline,D,0,0.00%
Police Commissioners,statewide,Thomas LaPaglia,D,0,0.00%
Police Commissioners,statewide,Leslie Girard,D,0,0.00%
Police Commissioners,statewide,"Robert J. Koskelowski, Sr.",R,0,0.00%
Police Commissioners,statewide,John Duke,R,0,0.00%
Zoning Board of Appeals Alternate,statewide,Chuck Stengel,R,0,0.00%
Board of Education To Fill Vacancy for Four Years,statewide,Jessica Zannetti,D,0,0.00%
Board of Assessment Appeals To Fill Vacancy for Two Years,statewide,Ryan Gernat,D,0,0.00%
Board of Assessment Appeals To Fill Vacancy for Two Years,statewide,Raymond Reynolds,R,0,0.00%
Planning Commission Full Term,statewide,Michele Shackelford,D,0,0.00%
Planning Commission Full Term,statewide,Michael Crespan,R,0,0.00%
Planning Commission Full Term,statewide,George J. Sam,R,0,0.00%
Board of Assessment Appeals Full Term,statewide,Hazel K. McGuire,D,0,0.00%
Board of Assessment Appeals Full Term,statewide,Tami Reid,D,0,0.00%
Board of Assessment Appeals Full Term,statewide,Hazel K. McGuire,R,0,0.00%
Board of Assessment Appeals Full Term,statewide,Tami Reid,R,0,0.00%
Zoning Board of Appeals,statewide,Jessica Langley,D,0,0.00%
Zoning Board of Appeals,statewide,Peter Perkins,R,0,0.00%
Zoning Board of Appeals,statewide,Belinda Cargill,R,0,0.00%
Council Members District 135,statewide,Mary McBride-Lee,D,0,0.00%
Council Members District 135,statewide,Richard Ortiz,D,0,0.00%
Council Members District 135,statewide,Marcos Torres,R,0,0.00%
Council Members District 135,statewide,Louriem McKlosky,R,0,0.00%
Council Members District 135,statewide,Digna Veloz,IND,0,0.00%
Council Members District 135,statewide,Pierre D'Haiti,IND,0,0.00%
Planning & Zoning Commission,statewide,Ethan S Griswold,D,0,0.00%
Planning & Zoning Commission,statewide,Robert Shabot,D,0,0.00%
Planning & Zoning Commission,statewide,Stephen R Troyer,D,0,0.00%
Planning & Zoning Commission,statewide,Jeremy Brothers,R,0,0.00%
Planning & Zoning To Fill Vacancy for Two Years,statewide,Adam D. Bruneau,D,0,0.00%
Board of Assessment Appeals,statewide,Stephen A. Fontana,D,0,0.00%
Board of Assessment Appeals,statewide,Ralph L. Ricciardelli,R,0,0.00%
Planning Commission Five Year Term Begins 2025,statewide,Michael F. Riggio,D,0,0.00%
Planning Commission Five Year Term Begins 2025,statewide,Harold Thompson,R,0,0.00%
Planning & Zoning Commission Alternate To Fill Vacancy for Two Years,statewide,Rhea Klein,D,0,0.00%
Planning & Zoning Commission Alternate To Fill Vacancy for Two Years,statewide,Richard Parkes,R,0,0.00%
Board of Education Full Term,statewide,Gary Levvis,D,170,12.96%
Board of Education Full Term,statewide,Kene Daley,D,158,12.04%
Board of Education Full Term,statewide,Gwen Welcome,D,171,13.03%
Board of Education Full Term,statewide,Gwen Welcome,R,255,19.44%
Board of Education Full Term,statewide,Timothy J. Irwin,R,272,20.73%
Board of Education Full Term,statewide,Michelle D. Ferrari,R,286,21.80%
Regional Board of Education,statewide,Carol Oladele,D,0,0.00%
Regional Board of Education,statewide,Donna Schuster,D,0,0.00%
Regional Board of Education,statewide,Joi Prud'homme,R,0,0.00%
Regional Board of Education,statewide,Lauren Moras,R,0,0.00%
Planning & Zoning Commission,statewide,Bob Hegan,D,453,17.42%
Planning & Zoning Commission,statewide,Jason Levine,D,437,16.80%
Planning & Zoning Commission,statewide,Eric Harriott,D,391,15.03%
Planning & Zoning Commission,statewide,Michael Hughes,R,476,18.30%
Planning & Zoning Commission,statewide,Donald Wolford,R,391,15.03%
Planning & Zoning Commission,statewide,Stephen E. Buchko,R,453,17.42%
Planning & Zoning Commission,statewide,Butch Santerre,D,0,0.00%
Planning & Zoning Commission,statewide,Peter Zvingilas,D,0,0.00%
Planning & Zoning Commission,statewide,Eric Lindquist,R,0,0.00%
Planning & Zoning Commission,statewide,Melissa Cassidy,R,0,0.00%
Board of Assessment Appeals,statewide,Kevin Sarr,D,0,0.00%
Councilman District 5,statewide,Rhonda Caldwell,D,0,0.00%
Councilman District 5,statewide,Rhonda Caldwell,WF,0,0.00%
Constables,statewide,Theodore O. Boynton III,D,0,0.00%
Constables,statewide,Linda J. Hardiman,D,0,0.00%
Constables,statewide,Dominic M. Cotton,D,0,0.00%
Constables,statewide,Michelle L. Cotton,D,0,0.00%
Constables,statewide,Jay Tranquilli,R,0,0.00%
Constables,statewide,Scott A. Marlow,R,0,0.00%
Constables,statewide,Steven T. Visconti,R,0,0.00%
Constables,statewide,Ralph Piselli,R,0,0.00%
Zoning Board of Appeals Full Five Year Term Begins 2026,statewide,Joseph M Pastore III,D,0,0.00%
Planning & Zoning Commission Five Year Term Begins 2026,statewide,Dean Fabrizio,D,0,0.00%
Planning & Zoning Commission Five Year Term Begins 2026,statewide,Rich Deecken,R,0,0.00%
Board of Assessment Appeals To Fill Vacancy for Two Years,statewide,JAMES BAIRD,D,571,57.79%
Board of Assessment Appeals To Fill Vacancy for Two Years,statewide,SCOTT GUINTA,R,417,42.21%
Board of Finance Alternates,statewide,Brendan Harris,D,0,0.00%
Board of Finance Alternates,statewide,Zisan Kahya,D,0,0.00%
Board of Finance Alternates,statewide,Tim Murphy,R,0,0.00%
Board of Finance Alternates,statewide,Christine Garabo,R,0,0.00%
Board of Finance Alternates,statewide,John M Apple,R,0,0.00%
Zoning Commission,statewide,Tony Braz,D,0,0.00%
Zoning Commission,statewide,Dagny Griswold,D,0,0.00%
Zoning Commission,statewide,"Leo Collins, Jr.",R,0,0.00%
Zoning Commission,statewide,Jackie Battos,R,0,0.00%
Zoning Commission,statewide,Brad Mead,R,0,0.00%
Planning & Zoning Commission Alternates,statewide,Dorothy Gillespie,D,0,0.00%
Planning & Zoning Commission Alternates,statewide,Joseph Dalton,D,0,0.00%
Planning & Zoning Commission Alternates,statewide,Larry Maggi,R,0,0.00%
Representative Town Meeting District 4,statewide,Kristen Powers,D,0,0.00%
Representative Town Meeting District 4,statewide,Shawn Powers,D,0,0.00%
Representative Town Meeting District 4,statewide,David Goode,D,0,0.00%
Representative Town Meeting District 4,statewide,Lian Obrey,D,0,0.00%
Representative Town Meeting District 4,statewide,Kyle Thaxton,D,0,0.00%
Representative Town Meeting District 4,statewide,Andrew M. Parrella,D,0,0.00%
Representative Town Meeting District 4,statewide,Robert J. Bailey,R,0,0.00%
Representative Town Meeting District 4,statewide,Rebecca E. Matter,R,0,0.00%
Zoning Board of Appeals Four Year Term,statewide,Brian Avallone,D,0,0.00%
Zoning Board of Appeals Four Year Term,statewide,Joseph DeMartino,R,0,0.00%
Board of Finance Alternate,statewide,Patrick Allers,D,0,0.00%
Board of Finance Alternate,statewide,Mike Bruni,R,0,0.00%
Board of Finance Alternate,statewide,Kristopher Wright,R,0,0.00%
Board of Finance,statewide,Jeff Crisafi,D,0,0.00%
Board of Finance,statewide,Christopher Perdo,D,0,0.00%
Board of Finance,statewide,Ronald DeSena,D,0,0.00%
Board of Finance,statewide,Alfred Z. Purzycki,D,0,0.00%
Board of Finance,statewide,Beth Purcell,R,0,0.00%
Board of Finance,statewide,William Richardson,R,0,0.00%
Board of Finance,statewide,Ralph J. Vitale,R,0,0.00%
Board of Finance,statewide,Edwin Zorrilla,R,0,0.00%
Board of Assessment Appeals,statewide,Joseph F. Peters,D,0,0.00%
Board of Assessment Appeals,statewide,Greg Dembowski,D,0,0.00%
Board of Assessment Appeals,statewide,Greg Dembowski,R,0,0.00%
Zoning Board of Appeals,statewide,Thomas J. Caputi,D,0,0.00%
Zoning Board of Appeals,statewide,Robert M. Lindeyer,R,0,0.00%
Zoning Board of Appeals,statewide,David Swaim,D,1291,36.89%
Zoning Board of Appeals,statewide,Mystica L. Davis,R,1104,31.54%
Zoning Board of Appeals,statewide,Scott L. Morgan,R,1105,31.57%
Planning & Zoning Commission To Fill Vacancy for Two Years,statewide,Curtis Timmerman,D,0,0.00%
Planning & Zoning Commission To Fill Vacancy for Two Years,statewide,Elliott C. Morales,R,0,0.00%
Board of Assessment Appeals,statewide,Ruth Beardsley,D,0,0.00%
Board of Assessment Appeals,statewide,Richard Huxley,R,0,0.00%
Board of Assessment Appeals,statewide,Gary Ross,R,0,0.00%
Board of Assessment Appeals,statewide,William Grad,D,0,0.00%
Board of Assessment Appeals,statewide,Joseph Huley,D,0,0.00%
Board of Assessment Appeals,statewide,Jeff Reardon,R,0,0.00%
Board of Assessment Appeals,statewide,Kit Mill,R,0,0.00%
Board of Assessment Appeals,statewide,Mark Pruner,R,0,0.00%
Library Directors,statewide,Zoe D. Madden,D,278,19.03%
Library Directors,statewide,Candace L. Sommer-Van Auken,D,207,14.17%
Library Directors,statewide,Tyler N. Adams,R,507,34.70%
Library Directors,statewide,Penelope L. Keith,R,469,32.10%
Board of Assessment Appeals,statewide,C. Marston (Marty) Ladd,D,0,0.00%
Board of Assessment Appeals,statewide,Andrew Morosky,D,0,0.00%
Board of Assessment Appeals,statewide,Barbara Dennison,R,0,0.00%
Board of Assessment Appeals,statewide,James Wakim,R,0,0.00%
Zoning Board of Appeals Alternates,statewide,Elizabeth Jenkins-Donahue,D,0,0.00%
Zoning Board of Appeals Alternates,statewide,Joseph Orzel,R,0,0.00%
Planning Commission,statewide,Robert Munson Jr,D,355,28.89%
Planning Commission,statewide,David Beckstrom,D,373,30.35%
Planning Commission,statewide,Robert Munson Jr,R,244,19.85%
Planning Commission,statewide,Deirdre Daly,R,257,20.91%
Board of Assessment Appeals,statewide,Gregory Stackpole,R,1148,100.00%
Board of Education Full Term,statewide,Jennifer Rucci,D,0,0.00%
Board of Education Full Term,statewide,Perry Raulerson,D,0,0.00%
Board of Education Full Term,statewide,Krystal Hales,R,0,0.00%
Board of Education Full Term,statewide,Kennedy Munro,R,0,0.00%
Board of Education,statewide,Nick Olson,D,0,0.00%
Board of Education,statewide,Tony Gugliotti,D,0,0.00%
Board of Education,statewide,Matthew Napp,D,0,0.00%
Board of Education,statewide,Savannah Esposito,D,0,0.00%
Board of Education,statewide,Eugene R. Gasparri,D,0,0.00%
Board of Education,statewide,Red Stafstrom,D,0,0.00%
Board of Education,statewide,Nikoleta Kollchaku,R,0,0.00%
Board of Education,statewide,Kelly Mazza,R,0,0.00%
Board of Education,statewide,Melissa Hughes,R,0,0.00%
Board of Education,statewide,Bernadette Ouellette,R,0,0.00%
Board of Education,statewide,Cindy Mancini,R,0,0.00%
Board of Education,statewide,Roberta E. Leonard,R,0,0.00%
Zoning Board of Appeals Alternate,statewide,Stephen Martin,D,0,0.00%
Zoning Board of Appeals Alternate,statewide,Warren Murphy,D,0,0.00%
Zoning Board of Appeals Alternate,statewide,Deborah S Paulson,R,0,0.00%
Board of Education to Fill Vacancy for Two Years,statewide,Robert Ferretti,D,0,0.00%
Board of Education to Fill Vacancy for Two Years,statewide,Suzanne Sutch,R,0,0.00%
Board of Assessment Appeals,statewide,Jeff Crouch,R,0,0.00%
Alderman Ward 7,statewide,Lisa Glazer,D,0,0.00%
Alderman Ward 7,statewide,Anne Lynch,D,0,0.00%
Alderman Ward 7,statewide,Jennifer Cassetti,R,0,0.00%
Alderman Ward 7,statewide,Anthony Levinsky,R,0,0.00%
Board of Assessment Appeals,statewide,Bobbi Lyon,D,0,0.00%
Board of Assessment Appeals,statewide,Marissa Allen-Amundsen,D,0,0.00%
Board of Assessment Appeals,statewide,Bruce Cornwell,R,0,0.00%
Board of Assessment Appeals,statewide,Kate Jordan,R,0,0.00%
Board of Assessment Appeals,statewide,Bruce Cornwell,IND,0,0.00%
Board of Assessment Appeals,statewide,Kate Jordan,IND,0,0.00%
Council Ward 4,statewide,Joseph W. Britton,D,0,0.00%
Council Ward 4,statewide,T. William McAllister,D,0,0.00%
Council Ward 4,statewide,Michael J Esposito,R,0,0.00%
Council Ward 4,statewide,Anthony P Rongetti,R,0,0.00%
Council Ward 4,statewide,Joseph W. Britton,WF,0,0.00%
Board of Education To Fill Vacancy for Two Years,statewide,Richard J. Foote,D,0,0.00%
Board of Education To Fill Vacancy for Two Years,statewide,Gerard Bourbonniere,R,0,0.00%
Board of Finance Alternate To Fill Vacancy for Four Years,statewide,Bria Gilbert,D,0,0.00%
Board of Finance Alternate To Fill Vacancy for Four Years,statewide,Mary Anne Toppan,R,0,0.00%
Board of Assessment Appeals,statewide,Audrey Blondin,D,0,0.00%
Board of Assessment Appeals,statewide,Donna Molon,R,0,0.00%
Board of Education To Fill Vacancy for One Year,statewide,Robert Spada,R,0,0.00%
Board of Finance Alternate,statewide,Melissa Sevigny,D,0,0.00%
Board of Finance Alternate,statewide,Jonathan Miller,R,0,0.00%
Planning & Zoning Commission Alternate,statewide,Barbara Bongiolatti,D,370,100.00%
Board of Assessment Appeals,statewide,Gary Ford,D,0,0.00%
Board of Assessment Appeals,statewide,David Yewer,R,0,0.00%
Representative Town Meeting District Two,statewide,Louis M Mall,NonP,0,0.00%
Representative Town Meeting District Two,statewide,Jenna Petok,NonP,0,0.00%
Representative Town Meeting District Two,statewide,Jay Keenan,NonP,0,0.00%
Representative Town Meeting District Two,statewide,Mike Perry,NonP,0,0.00%
Representative Town Meeting District Two,statewide,Harris Falk,NonP,0,0.00%
Representative Town Meeting District Two,statewide,Melissa Levy,NonP,0,0.00%
Board of Education Fill vacancy for two years,statewide,Becky Guay Shypinka,D,0,0.00%
Board of Education Fill vacancy for two years,statewide,Lawrence Duffany,R,0,0.00%
Constables,statewide,Edward C. Vollmer,D,0,0.00%
Constables,statewide,Kristin Mitrakis,D,0,0.00%
Constables,statewide,Susan B. Edmands,D,0,0.00%
Constables,statewide,Jill Guzzetti,R,0,0.00%
Constables,statewide,Alberto Gonzalez,R,0,0.00%
Constables,statewide,Greg Pepe,R,0,0.00%
Constables,statewide,Bob Naughton,R,0,0.00%
Council At Large,statewide,Sean Ronan,D,0,0.00%
Council At Large,statewide,Peter Rivera,D,0,0.00%
Council At Large,statewide,Meli Garthwait,R,0,0.00%
Council At Large,statewide,Bobby Glass,R,0,0.00%
Council At Large,statewide,Steven R. Mullins,IND,0,0.00%
Planning & Zoning Commission To Fill a Vacancy for Two Years,statewide,Douglas Kalinowski,R,0,0.00%
Board of Fire Commissioners,statewide,Scott E. Yeomans,D,0,0.00%
Board of Fire Commissioners,statewide,Shawn Covell,R,0,0.00%
Board of Assessment Appeals To Fill Vacancy for Four Years,statewide,Joan M Williams,D,0,0.00%
Board of Assessment Appeals To Fill Vacancy for Four Years,statewide,Jigesh Shah,R,0,0.00%
Board of Education To Fill Vacancy for Two Years,statewide,Amy Coulter,D,0,0.00%
Board of Education To Fill Vacancy for Two Years,statewide,Amanda North,R,0,0.00%
Councilmen District D,statewide,Jan Degenshein,D,0,0.00%
Councilmen District D,statewide,Richard Dellinger,D,0,0.00%
Councilmen District D,statewide,John Levin,R,0,0.00%
Councilmen District D,statewide,Heather Dunn,R,0,0.00%
Councilmen District D,statewide,John Levin,IND,0,0.00%
Councilmen District D,statewide,Heather Dunn,IND,0,0.00%
Zoning Commission Full Term,statewide,Janet M. Hill,D,0,0.00%
Planning & Zoning Alternate Full Term,statewide,D. Duncan Orr,D,0,0.00%
Board of Assessment Appeals Full Term,statewide,Kate Donnelly,D,0,0.00%
Board of Assessment Appeals Full Term,statewide,John Berard,R,0,0.00%
Board of Education Full Term,statewide,Allie Lang,D,0,0.00%
Board of Education Full Term,statewide,Carrie Bender Schwartz,D,0,0.00%
Board of Education Full Term,statewide,Dawn Whitcher,D,0,0.00%
Board of Education Full Term,statewide,Bruce Calef,R,0,0.00%
Board of Education Full Term,statewide,Karl Weinsteiger,R,0,0.00%
Town Plan & Zoning Commission Full Term,statewide,G.G. Cabrera,D,0,0.00%
Town Plan & Zoning Commission Full Term,statewide,Elizabeth Marshea,D,0,0.00%
Town Plan & Zoning Commission Full Term,statewide,Kevin G. Cornell,R,0,0.00%
Town Plan & Zoning Commission Full Term,statewide,Ozzie Parente,R,0,0.00%
Library Directors Full Term,statewide,Donald Nelson,D,0,0.00%
Library Directors Full Term,statewide,Catherine Taylor,R,0,0.00%
Zoning Board of Appeals Alternates Full Term,statewide,Patti Frisch,D,0,0.00%
Zoning Board of Appeals Alternates Full Term,statewide,Greg Murphy,R,0,0.00%
Zoning Board of Appeals Alternates Full Term,statewide,Philip Murphy,R,0,0.00%
Board of Education Full Term,statewide,Matthew Bennett,D,0,0.00%
Board of Education Full Term,statewide,Sonia Greene,D,0,0.00%
Board of Education Full Term,statewide,Judith Ducharme Folkerts,R,0,0.00%
Board of Education Full Term,statewide,Sonia Greene,R,0,0.00%
Board of Assessment Appeals,statewide,Walter Godlewski,D,356,61.38%
Board of Assessment Appeals,statewide,Eric Gundlach,R,224,38.62%
Board of Assessment Appeals,statewide,Jessica Angelo-Julien,D,0,0.00%
Board of Assessment Appeals,statewide,Bryan Sabin,D,0,0.00%
Board of Assessment Appeals,statewide,Sheryl A. Mala,R,0,0.00%
Board of Assessment Appeals,statewide,"Maria ""Jola"" Turczanik",R,0,0.00%
Board of Education,statewide,Melissa Mongillo,D,0,0.00%
Board of Education,statewide,Kimberly Tovar,D,0,0.00%
Board of Education,statewide,"Kenneth R. Marcucio, Sr.",D,0,0.00%
Board of Education,statewide,Jim Gildea,D,0,0.00%
Board of Education,statewide,"Daniel P. Foley, Jr.",D,0,0.00%
Board of Education,statewide,Erica Nuzzo,D,0,0.00%
Board of Education,statewide,Holly Orazietti,R,0,0.00%
Board of Education,statewide,Ryleigh Oliwa,R,0,0.00%
Board of Education,statewide,Karla Malerba,R,0,0.00%
Board of Education,statewide,Ivey Speight,R,0,0.00%
Board of Education,statewide,Ian Schroeder,R,0,0.00%
Board of Education,statewide,Rebecca O'Hara,R,0,0.00%
Zoning Commission Alternates,statewide,Stephen Smith,D,787,23.11%
Zoning Commission Alternates,statewide,David Sawoska,R,1297,38.09%
Zoning Commission Alternates,statewide,Julie Erwin,R,1321,38.80%
Zoning Board of Appeals,statewide,William Joyce,D,0,0.00%
Planning Commission Alternate,statewide,Bill Delaney,R,0,0.00%
Planning and Zoning Commission,statewide,Matt Bowman,D,0,0.00%
Planning and Zoning Commission,statewide,Jim McKenney,D,0,0.00%
Planning and Zoning Commission,statewide,Christopher Affie,D,0,0.00%
Planning and Zoning Commission,statewide,Anita Blake,R,0,0.00%
Planning and Zoning Commission,statewide,S. Woody Dawson,R,0,0.00%
Planning and Zoning Commission,statewide,Robert Brucato,R,0,0.00%
Planning & Zoning Commission Alternates,statewide,Pat McKenney,D,0,0.00%
Planning & Zoning Commission Alternates,statewide,Fran Nussbaum,D,0,0.00%
Planning & Zoning Commission Alternates,statewide,Bill Hearn,D,0,0.00%
Planning & Zoning Commission Alternates,statewide,Levi Tyree,R,0,0.00%
Planning & Zoning Commission Alternates,statewide,Joel Strong,R,0,0.00%
Baliffs,statewide,Michael Kuczenski,D,2108,15.98%
Baliffs,statewide,Drew Cosenza,D,1875,14.21%
Baliffs,statewide,Francis Santana,D,1997,15.14%
Baliffs,statewide,Kristi Pistarelli,R,2007,15.21%
Baliffs,statewide,Evabeth Kloc,R,1724,13.07%
Baliffs,statewide,Steve Loban,R,1544,11.70%
Baliffs,statewide,Daniel J Renzoni,R,1939,14.70%
Police Commissioners,statewide,Marc I. Gelven,D,0,0.00%
Police Commissioners,statewide,Lauren E. DeLoreto,D,0,0.00%
Police Commissioners,statewide,Robert J. Corson,R,0,0.00%
Police Commissioners,statewide,Robert Voss,R,0,0.00%
Planning Commission Alternate to Fill Vacancy for Two Years,statewide,Mark Cody,R,0,0.00%
Planning Commission Alternate to Fill Vacancy for Two Years,statewide,Clayton C. Brown,R,0,0.00%
Zoning Board of Appeals Five Year Term Begins 2025,statewide,Michele Arsenault,D,0,0.00%
Zoning Board of Appeals Five Year Term Begins 2025,statewide,James Bonanno,R,0,0.00%
Library Trustees,statewide,Janice Joseph,D,0,0.00%
Library Trustees,statewide,Janice Paul,D,0,0.00%
Library Trustees,statewide,Mary C. Veillette,R,0,0.00%
Library Trustees,statewide,Rita H. Smith,R,0,0.00%
Planning & Zoning Commission Four Year Term,statewide,Kevin C. Paucar,D,0,0.00%
Planning & Zoning Commission Four Year Term,statewide,Jimmy Tickey,D,0,0.00%
Planning & Zoning Commission Four Year Term,statewide,Robert J. Cristiano,R,0,0.00%
Planning & Zoning Commission Four Year Term,statewide,Win Oppel,R,0,0.00%
Zoning Board of Appeals,statewide,John Keithan,R,0,0.00%
Zoning Commission Alternates,statewide,Justin Bransfield,D,1000,35.71%
Zoning Commission Alternates,statewide,John H. Grasso,D,1055,37.68%
Zoning Commission Alternates,statewide,John F. Planeta,R,745,26.61%
Library Directors,statewide,Meghan Martinez,D,0,0.00%
Library Directors,statewide,Armen A. Beermann,R,0,0.00%
Library Directors,statewide,Seth H. Budd,R,0,0.00%
Library Directors,statewide,Mary K. Degostin,R,0,0.00%
Zoning Commission,statewide,Katrina Sweezea,D,0,0.00%
Zoning Commission,statewide,Andrew Sidhu,D,0,0.00%
Zoning Commission,statewide,"David Dicks, Jr.",R,0,0.00%
Zoning Commission,statewide,Frank DiPerna,R,0,0.00%
Zoning Board of Appeals,statewide,Barbara S. McGrath,D,0,0.00%
Zoning Board of Appeals,statewide,Roger Morin,R,0,0.00%
Zoning Board of Appeals,statewide,Dustin Rood,R,0,0.00%
Zoning Board of Appeals,statewide,Anna Parker,G,0,0.00%
Zoning Board of Appeals,statewide,Jessica Watson,G,0,0.00%
Planning & Zoning Commission,statewide,Brian Santos,D,1051,17.30%
Planning & Zoning Commission,statewide,Joseph Parodi-Brown,D,899,14.80%
Planning & Zoning Commission,statewide,Dan Bennett,R,1294,21.30%
Planning & Zoning Commission,statewide,John B. Lenky,R,1342,22.09%
Planning & Zoning Commission,statewide,David Poplawski,R,1490,24.52%
Zoning Commission To Fill Vacancy for Four Years,statewide,Mitchell J. Solomon,R,0,0.00%
Planning & Zoning Commission,statewide,Kayla Thompson,D,0,0.00%
Planning & Zoning Commission,statewide,Victoria Schulz,D,0,0.00%
Planning & Zoning Commission,statewide,Doreen Rankin,R,0,0.00%
Planning & Zoning Commission,statewide,Charles Raymond,R,0,0.00%
Board of Assessment Appeals,statewide,Kadri Graffeo,R,0,0.00%
Planning & Zoning Commission Alternates,statewide,Domenic Paniccia,D,0,0.00%
Planning & Zoning Commission Alternates,statewide,Nicole Lupo,R,0,0.00%
Planning & Zoning Commission Alternates,statewide,"Dominic Smeraglino, III",R,0,0.00%
Zoning Board of Appeals Alternate,statewide,Adam R Thiele,D,1576,54.29%
Zoning Board of Appeals Alternate,statewide,June Danaher,R,1327,45.71%
Board of Assessment Appeals Full Term,statewide,Richard Wolkowitz,D,344,73.50%
Board of Assessment Appeals Full Term,statewide,David Cavalier,R,124,26.50%
Representative Town Meeting 1st District,statewide,Alisa Waterman,D,0,0.00%
Representative Town Meeting 1st District,statewide,Mark McCall,D,0,0.00%
Representative Town Meeting 1st District,statewide,Tricia Anderson,R,0,0.00%
Representative Town Meeting 1st District,statewide,Lindsay Marottoli Greenberg,R,0,0.00%
Representative Town Meeting 1st District,statewide,Shannen Sharkey,R,0,0.00%
Representative Town Meeting 1st District,statewide,Frank Twohill,R,0,0.00%
Zoning Board of Appeals Alternates Full Term,statewide,Richard Wolf,R,0,0.00%
Zoning Board of Appeals Alternates,statewide,Cori Daggett,D,0,0.00%
Zoning Board of Appeals,statewide,Kristin Pease,D,0,0.00%
Zoning Board of Appeals,statewide,Andrew D. Mordasky,D,0,0.00%
Zoning Board of Appeals,statewide,Dennis Kaba Jr.,R,0,0.00%
Zoning Board of Appeals,statewide,Sage McPherson,R,0,0.00%
Economic Development Commission,statewide,Winona Berdine,D,0,0.00%
Planning & Zoning Commission,statewide,Adam Balgach,D,0,0.00%
Planning & Zoning Commission,statewide,Stephen P. Olvany,R,0,0.00%
Planning & Zoning Commission,statewide,Jamie Zionic,R,0,0.00%
Board of Representatives District 4,statewide,Glenn Price,D,0,0.00%
Board of Representatives District 4,statewide,Ricardo Salas,D,0,0.00%
Board of Representatives District 4,statewide,Erika Talnagi,R,0,0.00%
Board of Representatives District 4,statewide,Robert Roqueta,PC,0,0.00%
Planning & Zoning Commission Five Year Term Begins 2026,statewide,Michael Misiorski,R,0,0.00%
Board of Assessment Appeals Full Term,statewide,Jim Childress,D,0,0.00%
Board of Assessment Appeals Full Term,statewide,Michael S. Terry,R,0,0.00%
Board of Alder Ward 7,statewide,Eli Sabin,D,0,0.00%
Town Council District 8,statewide,Carolann Reid,D,0,0.00%
Town Council District 8,statewide,Carl A. Glad,R,0,0.00%
Planning & Zoning Commission,statewide,Cooper Brown,D,0,0.00%
Planning & Zoning Commission,statewide,Dalton Jacquier,R,0,0.00%
Planning & Zoning Commission,statewide,Walter Schneider,R,0,0.00%
Board of Assessment Appeals,statewide,Nora Bishop,D,0,0.00%
Board of Assessment Appeals,statewide,Robert H Brainard III,R,0,0.00%
Board of Assessment Appeals,statewide,Thomas D. McKeon,D,0,0.00%
Board of Assessment Appeals,statewide,Aden B. Ruwet,R,0,0.00%
Board of Assessment Appeals,statewide,Duncan G. Wilber,PC,0,0.00%
Board of Assessment Appeals,statewide,Cindy Cooper,D,0,0.00%
Board of Assessment Appeals,statewide,Paul E. Riedi,R,0,0.00%
Zoning Board of Appeals Three Year Terms Begins 2026,statewide,Carole Williamson,D,0,0.00%
Zoning Board of Appeals Three Year Terms Begins 2026,statewide,Jason Belval,R,0,0.00%
Library Director To Fill Vacancy for Four Years,statewide,John F. Dignam,D,0,0.00%
Representative Town Meeting District 3,statewide,Guy Calkins,D,0,0.00%
Representative Town Meeting District 3,statewide,Kathy Mullen Kohl,D,0,0.00%
Representative Town Meeting District 3,statewide,Tim Sullivan,D,0,0.00%
Representative Town Meeting District 3,statewide,Tim Fioravanti,D,0,0.00%
Representative Town Meeting District 3,statewide,Julie Watson Jones,D,0,0.00%
Representative Town Meeting District 3,statewide,Paul Goldstein,R,0,0.00%
Representative Town Meeting District 3,statewide,Jennifer Antonino Bracciale,R,0,0.00%
Representative Town Meeting District 3,statewide,Kathleen Elbaum,R,0,0.00%
Representative Town Meeting District 3,statewide,Steve Besade,R,0,0.00%
Representative Town Meeting District 3,statewide,Shawn Monahan,R,0,0.00%
Planning & Zoning Commission,statewide,Jim McPherson,D,246,30.11%
Planning & Zoning Commission,statewide,Doug Cates,R,285,34.88%
Planning & Zoning Commission,statewide,Dan Pearce,R,286,35.01%
Planning & Zoning Commission Alternate,statewide,Kristen C Kling,D,0,0.00%
Planning & Zoning Commission Alternate,statewide,Arthur Christian II,R,0,0.00%
Zoning Board of Appeals,statewide,Toni Phillips,D,0,0.00%
Zoning Board of Appeals,statewide,Stephen Buccheri,R,0,0.00%
Regional Board of Education,statewide,Carey E Fitzgerald,D,0,0.00%
Regional Board of Education,statewide,Kevin Killeen,R,0,0.00%
Regional Board of Education,statewide,Robert A. Hiscox,R,0,0.00%
Library Trustees,statewide,Mark W. Pierce,D,0,0.00%
Library Trustees,statewide,Monika Szirtes,D,0,0.00%
Library Trustees,statewide,"Alexander J. Danka, III",R,0,0.00%
Library Trustees,statewide,Paula F. Chapla,R,0,0.00%
Regional Board of Education,statewide,Nicholas Konstantino,D,0,0.00%
Regional Board of Education,statewide,Christine J. Cowan,D,0,0.00%
Regional Board of Education,statewide,Mark B. Simmons,D,0,0.00%
Regional Board of Education,statewide,Deborah Osvald,R,0,0.00%
Regional Board of Education,statewide,David Thody,R,0,0.00%
Regional Board of Education,statewide,John Mennone,R,0,0.00%
Board of Assessment Appeals,statewide,Wiley Mullins,D,0,0.00%
Board of Assessment Appeals,statewide,Adam Bonoff,R,0,0.00%
Planning Commission To Fill Vacancy for Two Years,statewide,Suzanne Von Holt,R,0,0.00%
Zoning Board of Appeals,statewide,Louis G. Timolat,R,0,0.00%
Zoning Board of Appeals,statewide,Stephen Dean,R,0,0.00%
Regional Board of Education,statewide,Erin Nadeau,D,0,0.00%
Regional Board of Education,statewide,Jamie McCusker,D,0,0.00%
Regional Board of Education,statewide,Samantha Sherman,D,0,0.00%
Regional Board of Education,statewide,Scott Savelle,R,0,0.00%
Regional Board of Education,statewide,Cassandra Dubois,R,0,0.00%
Regional Board of Education,statewide,Melanie Wilhelm,R,0,0.00%
Council Members District 136,statewide,Alfredo Castillo,D,0,0.00%
Council Members District 136,statewide,Frederick Hodges,D,0,0.00%
Council Members District 136,statewide,Philip Flynn,R,0,0.00%
Council Members District 136,statewide,David Herz,R,0,0.00%
Council Members District 136,statewide,Christopher J. Rodriguez,IND,0,0.00%
Library Board of Directors,statewide,Jennifer Tehan,D,0,0.00%
Library Board of Directors,statewide,Laura Rodriguez,D,0,0.00%
Library Board of Directors,statewide,Joy Wrona,R,0,0.00%
Board of Education To Fill Vacancy for Four Years,statewide,Elizabeth Sullivan,D,0,0.00%
Board of Education To Fill Vacancy for Four Years,statewide,"Chris Darrow, Sr.",R,0,0.00%
Planning & Zoning Commission Alternate,statewide,Carlo Galante,D,0,0.00%
Board of Assessment Appeals To Fill Vacancy for Two Years,statewide,Colleen L. Brown,R,0,0.00%
Planning Commission Five Year Term Begins 2026,statewide,Todd Machnik,R,0,0.00%
Zoning Board of Appeals,statewide,Athina Loveland,D,0,0.00%
Zoning Board of Appeals,statewide,Jonathan Treat,R,0,0.00%
Zoning Board of Appeals,statewide,Morris Silverstein,R,0,0.00%
Town Plan & Zoning Commission To Fill Vacancy for Two Years,statewide,Doug Fenichel,D,0,0.00%
Town Plan & Zoning Commission To Fill Vacancy for Two Years,statewide,Jay McGuire,R,0,0.00%
Board of Education To Fill Vacancy for Four Years,statewide,Jessica Dzielak,D,180,41.38%
Board of Education To Fill Vacancy for Four Years,statewide,Jessica Dzielak,R,255,58.62%
Planning & Zoning Commission Alternate,statewide,Mike Lee,D,540,100.00%
Planning & Zoning Commission Alternates,statewide,Peter Zvingilas,D,0,0.00%
Planning & Zoning Commission Alternates,statewide,Laurie Sorder,D,0,0.00%
Planning & Zoning Commission Alternates,statewide,Jerry Doyon,D,0,0.00%
Planning & Zoning Commission Alternates,statewide,Kerri-Anne Moffatt,R,0,0.00%
Planning Commission,statewide,Marilyn Ozols,D,0,0.00%
Planning Commission,statewide,Daniel J Cyr,R,0,0.00%
Councilman District 6,statewide,Grace Teodosio,D,0,0.00%
Councilman District 6,statewide,Mary Algiere,R,0,0.00%
Board of Education District 1,statewide,Nicole Wilhelm,D,0,0.00%
Board of Education District 1,statewide,Mary Claire Edmonds,D,0,0.00%
Board of Education District 1,statewide,Deborah C. Abel,R,0,0.00%
Board of Education District 1,statewide,Melissa Tranquilli,R,0,0.00%
Zoning Board of Appeals Alternate Five Year Term Begins 2025,statewide,Mike Santini,D,0,0.00%
Zoning Board of Appeals Five Year Term Begins 2025,statewide,Matt Broder,D,0,0.00%
Zoning Board of Appeals Five Year Term Begins 2025,statewide,Kevin McGee,R,0,0.00%
Planning & Zoning Commission,statewide,SAMANTHA ADDONIZIO-BUTTS,D,615,27.74%
Planning & Zoning Commission,statewide,JERROLD L SIEGEL,D,569,25.67%
Planning & Zoning Commission,statewide,RYAN PEBURN,R,513,23.14%
Planning & Zoning Commission,statewide,DAVID FEBBRAIO,R,520,23.46%
Board of Education,statewide,Dominic Cipollone,D,0,0.00%
Board of Education,statewide,Keith Landa,D,0,0.00%
Board of Education,statewide,Peggy Katkocin,D,0,0.00%
Board of Education,statewide,Dominic Cipollone,R,0,0.00%
Board of Education,statewide,Patrick Hearty,R,0,0.00%
Board of Education,statewide,Greg E Flanagan,R,0,0.00%
Board of Education,statewide,Amy Johnson,R,0,0.00%
Zoning Commission Alternates To Fill Vacancy for Two Years,statewide,Doug McKown,D,0,0.00%
Zoning Commission Alternates To Fill Vacancy for Two Years,statewide,Stacie Espeso,R,0,0.00%
Zoning Commission Alternates To Fill Vacancy for Two Years,statewide,Dusty Shimkus,R,0,0.00%
Zoning Board of Appeals,statewide,Robert Harlow,D,0,0.00%
Zoning Board of Appeals,statewide,Thomas Weglarz,R,0,0.00%
Representative Town Meeting District 5,statewide,David Hume,D,0,0.00%
Representative Town Meeting District 5,statewide,Pantea Umrysz,D,0,0.00%
Representative Town Meeting District 5,statewide,Fran Whitney,D,0,0.00%
Representative Town Meeting District 5,statewide,Gary Welles,D,0,0.00%
Representative Town Meeting District 5,statewide,Susan E. Deane-Shinbrot,R,0,0.00%
Zoning Board of Appeals Two Year Term,statewide,Christine Hogan,D,0,0.00%
Zoning Board of Appeals Two Year Term,statewide,Adam Lau,R,0,0.00%
Board of Assessment Appeals,statewide,Gayle Carr,D,0,0.00%
Board of Assessment Appeals,statewide,Jesse Nivolo,R,0,0.00%
Board of Education,statewide,Karyn L. Putney,D,0,0.00%
Board of Education,statewide,Erika Santino Santiago,D,0,0.00%
Board of Education,statewide,Patricia (Tia) DePalma,D,0,0.00%
Board of Education,statewide,Michele A. DeLucia,D,0,0.00%
Board of Education,statewide,Marianne Johnson,D,0,0.00%
Board of Education,statewide,John (Jack) Stacey,D,0,0.00%
Board of Education,statewide,Jennifer DiLungo,R,0,0.00%
Board of Education,statewide,Thomas Hennessey,R,0,0.00%
Board of Education,statewide,Nicholas Adams,R,0,0.00%
Board of Education,statewide,Sharon E. Cote',R,0,0.00%
Board of Education,statewide,Lynn Torello,R,0,0.00%
Board of Education,statewide,Kerry Martens,R,0,0.00%
Planning & Zoning Commission,statewide,Steven Petsch,D,0,0.00%
Planning & Zoning Commission,statewide,Nord P. Yakovleff,D,0,0.00%
Planning & Zoning Commission,statewide,Michael Peppin,R,0,0.00%
Zoning Board of Appeals Alternates,statewide,David W. Roberts,D,0,0.00%
Zoning Board of Appeals Alternates,statewide,William O'Leary,R,0,0.00%
Zoning Board of Appeals Alternates To Fill Vacancy for Two Years,statewide,Kathryn Carey-Trull,D,1361,55.51%
Zoning Board of Appeals Alternates To Fill Vacancy for Two Years,statewide,Keith Yags Yagaloff,R,1091,44.49%
Zoning Board of Appeals,statewide,Douglas Clemons,D,0,0.00%
Zoning Board of Appeals,statewide,Andrew Koehm,R,0,0.00%
Zoning Board of Appeals,statewide,Liam Enea,R,0,0.00%
Zoning Board of Appeals,statewide,Terrance Petiprin,R,0,0.00%
Planning & Zoning Commission,statewide,Robert Harrison,D,0,0.00%
Planning & Zoning Commission,statewide,Monte Radler,D,0,0.00%
Planning & Zoning Commission,statewide,Steven Thornquist,D,0,0.00%
Planning & Zoning Commission,statewide,Adam Carrington,R,0,0.00%
Planning & Zoning Commission,statewide,Vincent Torrens,R,0,0.00%
Constables,statewide,Donnie Romeo,D,0,0.00%
Constables,statewide,Dawn Fortunato,D,0,0.00%
Constables,statewide,Donna Maloney,R,0,0.00%
Constables,statewide,Thomas Waurishuk,R,0,0.00%
Constables,statewide,Alan Gaynor,R,0,0.00%
Constables,statewide,Charles Thivierge,R,0,0.00%
Planning Commission,statewide,Tina Rupp,D,0,0.00%
Planning Commission,statewide,Erin Torneo,D,0,0.00%
Planning Commission,statewide,Paula S. Kay,R,0,0.00%
Inland Wetlands Commission,statewide,Christopher J Chabot,D,0,0.00%
Inland Wetlands Commission,statewide,Scott Arsenault,D,0,0.00%
Inland Wetlands Commission,statewide,Dany Vachon,R,0,0.00%
Inland Wetlands Commission,statewide,Catherine Grant,R,0,0.00%
Planning Commission Alternate,statewide,Danielle Fredericks,D,372,60.88%
Planning Commission Alternate,statewide,Danielle Fredericks,R,239,39.12%
Planning Commission,statewide,Laurie L. Heiss,D,1707,45.68%
Planning Commission,statewide,Steve Gagnon,R,982,26.28%
Planning Commission,statewide,Jess Gaspar,R,1048,28.04%
Planning & Zoning Alternate To Fill Vacancy for Four Years,statewide,Eric Chamberland,R,0,0.00%
Board of Assessment Appeals,statewide,Sharon A. Moore,D,0,0.00%
Board of Assessment Appeals,statewide,Youseff Macary,D,0,0.00%
Board of Assessment Appeals,statewide,Adam R. Glasser,R,0,0.00%
Board of Assessment Appeals,statewide,Laurence Peck Jr.,R,0,0.00%
Regional Board of Education,statewide,Greg Miller,D,0,0.00%
Regional Board of Education,statewide,Kathleen Tonry,D,0,0.00%
Board of Assessment Appeals To Fill Vacancy for Two Years,statewide,William New,D,0,0.00%
Board of Assessment Appeals To Fill Vacancy for Two Years,statewide,Roberta Sinatra,D,0,0.00%
Board of Assessment Appeals,statewide,Heidi Degree,D,0,0.00%
Board of Assessment Appeals,statewide,Jonathan Lambert,R,0,0.00%
Planning & Zoning Commission Four Year Term Begins 2025,statewide,Anthony Dougherty Jr,D,0,0.00%
Planning & Zoning Commission Four Year Term Begins 2025,statewide,Steve T Edwards,R,0,0.00%
Planning & Zoning Commission Four Year Term Begins 2025,statewide,Paul F Piezzo,R,0,0.00%
Town & City Clerk,statewide,Beth Shortell Lynch,D,0,0.00%
Town & City Clerk,statewide,Tracey Delibero,R,0,0.00%
Planning & Zoning Commission Full Term,statewide,Molly Dorries,D,0,0.00%
Planning & Zoning Commission Full Term,statewide,Danny Serencsics,D,0,0.00%
Planning & Zoning Commission Full Term,statewide,Erik Brudvig,D,0,0.00%
Planning & Zoning Commission Full Term,statewide,Jeffrey DeRosa,R,0,0.00%
Planning & Zoning Commission Full Term,statewide,Kitty Grant,R,0,0.00%
Planning & Zoning Commission Full Term,statewide,Diane Ryan,R,0,0.00%
Planning & Zoning Commission Full Term,statewide,Jeffrey DeRosa,IND,0,0.00%
Planning & Zoning Commission Full Term,statewide,Kitty Grant,IND,0,0.00%
Planning & Zoning Commission Full Term,statewide,Diane Ryan,IND,0,0.00%
Council Ward 5,statewide,Andrea Gartner,D,0,0.00%
Council Ward 5,statewide,Duane E Perkins,D,0,0.00%
Council Ward 5,statewide,Adam Horosky,R,0,0.00%
Council Ward 5,statewide,Anthony Bruno,R,0,0.00%
Council Ward 5,statewide,Andrea Gartner,WF,0,0.00%
Council Ward 5,statewide,Anthony Bruno,IND,0,0.00%
Board of Assessment Appeals,statewide,David F. Boilard,D,0,0.00%
Board of Assessment Appeals,statewide,Elizabeth A. Wollenberg,R,0,0.00%
Board of Education,statewide,Jihan Schulte,D,0,0.00%
Board of Education,statewide,Maria Scherber,D,0,0.00%
Board of Education,statewide,Jillian K. Zupan,D,0,0.00%
Board of Education,statewide,Wendy Calamari King,R,0,0.00%
Board of Education,statewide,Jennifer Blalock,R,0,0.00%
Planning & Zoning Commission,statewide,Cynthia A Barrett,D,0,0.00%
Planning & Zoning Commission,statewide,Patrick D Lucas,R,0,0.00%
Planning & Zoning Commission,statewide,Jared R Denis,R,0,0.00%
Board of Finance Alternate To Fill Vacancy for Four Years,statewide,Calli E Carboni,D,0,0.00%
Board of Finance Alternate To Fill Vacancy for Four Years,statewide,Parker Sharp,R,0,0.00%
Zoning Board of Appeals,statewide,Benjamin Paletsky,R,391,100.00%
Board of Assessment Appeals,statewide,David  Shypinka,D,0,0.00%
Board of Assessment Appeals,statewide,Mark Olsen,R,0,0.00%
Planning & Zoning Commission,statewide,Darrell Cherniske,D,0,0.00%
Planning & Zoning Commission,statewide,Karen Casey,R,0,0.00%
Planning & Zoning Commission,statewide,Donna Hayes,R,0,0.00%
Representative Town Meeting District Three,statewide,Srikanth Puttagunta,NonP,0,0.00%
Representative Town Meeting District Three,statewide,Adam Drake,NonP,0,0.00%
Representative Town Meeting District Three,statewide,Jimmy Izzo,NonP,0,0.00%
Representative Town Meeting District Three,statewide,Pamela Troy-Kopack,NonP,0,0.00%
Representative Town Meeting District Three,statewide,Ross Burkhardt,NonP,0,0.00%
Councilperson District 1,statewide,Anne Heffernan,D,0,0.00%
Councilperson District 1,statewide,Peter Flynn,R,0,0.00%
Town Plan & Zoning,statewide,Phil Cordeiro,D,0,0.00%
Town Plan & Zoning,statewide,Dave St. Germain,D,0,0.00%
Town Plan & Zoning,statewide,Michael Koster,R,0,0.00%
Town Plan & Zoning,statewide,Peter J Zarella,R,0,0.00%
Board of Education To Fill a Vacancy for Four Years,statewide,Arthur C. Nagel,D,0,0.00%
Board of Education To Fill a Vacancy for Four Years,statewide,Jocelyn Glidewell,R,0,0.00%
Councilmen District E,statewide,Brian Bailey,D,0,0.00%
Councilmen District E,statewide,James Frayer,D,0,0.00%
Councilmen District E,statewide,Peter Bondi,R,0,0.00%
Councilmen District E,statewide,Andrew Anello,R,0,0.00%
Councilmen District E,statewide,Peter Bondi,IND,0,0.00%
Board of Education To Fill Vacancy for Four Years,statewide,Jacklyn Dow Smith,D,0,0.00%
Board of Education To Fill Vacancy for Four Years,statewide,Susan Swan,D,0,0.00%
Board of Education To Fill Vacancy for Four Years,statewide,Shawn Brodeur,R,0,0.00%
Board of Finance Alternate Full Term,statewide,Wayne A Donaldson,D,0,0.00%
Planning & Zoning Commission Full Term,statewide,Wiley Wood,D,382,51.83%
Planning & Zoning Commission Full Term,statewide,Christopher Schaut,D,355,48.17%
Planning & Zoning Commission Full Term,statewide,Sara Locke,D,0,0.00%
Planning & Zoning Commission Full Term,statewide,Pete Zbras,D,0,0.00%
Planning & Zoning Commission Full Term,statewide,Jason Swan,R,0,0.00%
Planning & Zoning Commission Full Term,statewide,Linda Czaplinski,R,0,0.00%
Planning & Zoning Commission Full Term,statewide,Daniel Wall,R,0,0.00%
Board of Education Full Term,statewide,Terry Vance,D,0,0.00%
Board of Education Full Term,statewide,Pam Jarvis,D,0,0.00%
Board of Education Full Term,statewide,Cathy Winburn,R,0,0.00%
Board of Education Full Term,statewide,Chip Kruger,R,0,0.00%
Constables,statewide,Jose Rodriguez,D,0,0.00%
Constables,statewide,Teresa Sapieha-Yanchak,D,0,0.00%
Constables,statewide,Suzanne Bielinski,D,0,0.00%
Constables,statewide,Chris Parker,D,0,0.00%
Constables,statewide,Jamie B. Vaughan,R,0,0.00%
Constables,statewide,Andrew Starczewski,R,0,0.00%
Constables,statewide,Alan F. Zaniewski,R,0,0.00%
Constables,statewide,Sean F. Steele,R,0,0.00%
Zoning Board of Appeals Five Year Term Begins 2025,statewide,Payton Turpin,D,719,37.20%
Zoning Board of Appeals Five Year Term Begins 2025,statewide,Theodore W Root Jr,R,1214,62.80%
Zoning Board of Appeals Alternate,statewide,Cinny MacGonagle,D,0,0.00%
Zoning Commission,statewide,Cathy J. Yuhas,D,0,0.00%
Zoning Commission,statewide,Jim Liska,R,0,0.00%
Zoning Commission,statewide,Anne Thurlow,R,0,0.00%
Zoning Commission,statewide,"Norman B. Peck, III",R,0,0.00%
Zoning Commission,statewide,Carlo B.S. Lombardo,WF,0,0.00%
Planning and Zoning Commission Alternate,statewide,John J. Hilzinger,R,0,0.00%
Planning and Zoning Commission Alternate,statewide,Chuck Neth,R,0,0.00%
Zoning Board of Appeals Five Year Term Begins 2026,statewide,David Tobin,D,0,0.00%
Zoning Board of Appeals Five Year Term Begins 2026,statewide,Ryan Woods,R,0,0.00%
Constables,statewide,Bo Mitchell,D,0,0.00%
Constables,statewide,Sara Sclafani,D,0,0.00%
Constables,statewide,Ernie Ricco,D,0,0.00%
Constables,statewide,Justin Tishman,R,0,0.00%
Constables,statewide,Lauren Gold,R,0,0.00%
Constables,statewide,Alex Ralph,R,0,0.00%
Zoning Commission,statewide,Martin G. Johnson,D,0,0.00%
Zoning Commission,statewide,Thomas Amatruda,R,0,0.00%
Zoning Commission,statewide,"Casey A, Rushin",R,0,0.00%
Zoning Board of Appeals Five Year Term Begins 2026,statewide,Brian Lee Palmer,D,0,0.00%
Pomperaug Valley Water Authority Full Term,statewide,Michael Yantorno,D,0,0.00%
Planning & Zoning Commission Alternates,statewide,Matt McGee,D,0,0.00%
Planning & Zoning Commission Alternates,statewide,Ken Bertola,R,0,0.00%
Zoning Board of Appeals,statewide,Matthew E. Wilson,D,1047,29.45%
Zoning Board of Appeals,statewide,Elizabeth Bransfield,D,1039,29.23%
Zoning Board of Appeals,statewide,Zina D. Planeta,R,732,20.59%
Zoning Board of Appeals,statewide,Patrick A. Pabouet,R,737,20.73%
Planning Commission Alternate Full Three Year Term Begins 2026,statewide,Ruth Hogan,D,0,0.00%
Zoning Commission Alternates,statewide,Dominick Fatibene,D,0,0.00%
Zoning Commission Alternates,statewide,David Henn,R,0,0.00%
Zoning Board of Appeals Alternate,statewide,Dustin Rood,R,0,0.00%
Zoning Board of Appeals Alternate,statewide,Anna Parker,G,0,0.00%
Zoning Board of Appeals Alternate,statewide,Jessica Watson,G,0,0.00%
Board of Finance Alternate To Fill Vacancy for Four Years,statewide,Jonathan Maynard,D,0,0.00%
Planning & Zoning Commission Alternate,statewide,Teresa Eickel,D,0,0.00%
Planning & Zoning Commission Alternate,statewide,Thomas Wright,R,0,0.00%
Planning & Zoning Commission,statewide,Peter Schwarz,D,0,0.00%
Planning & Zoning Commission,statewide,Gregory Rich,R,0,0.00%
Planning & Zoning Commission,statewide,Roy Meadows,R,0,0.00%
Constable,statewide,Pat Tomchik,D,0,0.00%
Constable,statewide,Victor Yanosy,R,0,0.00%
Regional Board of Education,statewide,Rudy A Dellafiore Jr,D,1645,26.73%
Regional Board of Education,statewide,Jessica Hall,D,1733,28.16%
Regional Board of Education,statewide,Brandie O’Reilly,R,1364,22.16%
Regional Board of Education,statewide,Lisa Taute,R,1413,22.96%
Board of Education To Fill Vacancy for Two Years,statewide,Sherry Harmon,D,0,0.00%
Representative Town Meeting 2nd District,statewide,Lola Brooks,D,0,0.00%
Representative Town Meeting 2nd District,statewide,Peter Hentschel,D,0,0.00%
Representative Town Meeting 2nd District,statewide,Chris Hynes,R,0,0.00%
Representative Town Meeting 2nd District,statewide,Steve Chamberlain,R,0,0.00%
Regional Board of Education,statewide,Flora Lazar,D,0,0.00%
Constables,statewide,"Richard P. Dobson, Jr.",D,0,0.00%
Constables,statewide,Gary A. Quinn,D,0,0.00%
Constables,statewide,Dale Maynard,D,0,0.00%
Constables,statewide,Harold Blake Hatch,D,0,0.00%
Constables,statewide,Mason Beauchamp,R,0,0.00%
Constables,statewide,Matthew Bushior,R,0,0.00%
Constables,statewide,Mark Richens,R,0,0.00%
Constables,statewide,James Ravetto,R,0,0.00%
Board of Representatives District 5,statewide,Nicole Beckham,D,0,0.00%
Board of Representatives District 5,statewide,Kierra Dorsey,D,0,0.00%
Board of Representatives District 5,statewide,Sheila Williams-Brown,R,0,0.00%
Board of Representatives District 5,statewide,Thomas Concannon,IND,0,0.00%
Planning & Zoning Commission Alternate Five Year Term Begins 2025,statewide,John Burdick,D,0,0.00%
Board of Assessment Appeals To Fill Vacancy for Four Years,statewide,Jan Perruccio,D,0,0.00%
Board of Alder Ward 8,statewide,Amanda Martinelli,D,0,0.00%
Board of Alder Ward 8,statewide,Andrea Lynn Zola,R,0,0.00%
Town Council District 9,statewide,Jackie Seawright,D,0,0.00%
Town Council District 9,statewide,"George J. Zamary, III",R,0,0.00%
Planning & Zoning Commission Alternate,statewide,Brian Allyn Jr,R,0,0.00%
Planning & Zoning Commission Alternate,statewide,Tucker Whiting,R,0,0.00%
Planning & Zoning Commission Five Year Term Begins 2026,statewide,James Hart,R,0,0.00%
Constables,statewide,William Jasmin,D,0,0.00%
Constables,statewide,John Lossin,D,0,0.00%
Constables,statewide,Rick Tillotson,R,0,0.00%
Constables,statewide,Christopher Roy,R,0,0.00%
Zoning Board of Appeals Full Five Year Term Begins 2025,statewide,Mark Whitten,D,0,0.00%
Zoning Board of Appeals Full Five Year Term Begins 2025,statewide,Robert W. Glamuzina,R,0,0.00%
Zoning Board of Appeals Alternates,statewide,Stanley Rosenstein,D,0,0.00%
Zoning Board of Appeals Alternates,statewide,John Morin,R,0,0.00%
Zoning Board of Appeals Alternates,statewide,Vera Englert,R,0,0.00%
Library Director To Fill Vacancy for Two Years,statewide,Victoria Baker,D,0,0.00%
Representative Town Meeting District 4,statewide,Susan Driscoll,D,0,0.00%
Representative Town Meeting District 4,statewide,Emmy Franklin,D,0,0.00%
Representative Town Meeting District 4,statewide,Ocean Pellett,D,0,0.00%
Representative Town Meeting District 4,statewide,Erica Casper,D,0,0.00%
Representative Town Meeting District 4,statewide,Kathy Nunes Peterson,D,0,0.00%
Representative Town Meeting District 4,statewide,Tom Dembek,R,0,0.00%
Representative Town Meeting District 4,statewide,Rich Gonyo,R,0,0.00%
Representative Town Meeting District 4,statewide,Christina Jessuck,R,0,0.00%
Representative Town Meeting District 4,statewide,David Sugrue,R,0,0.00%
Representative Town Meeting District 4,statewide,Matthew Keatley,R,0,0.00%
Planning & Zoning Commission Alternate,statewide,Jim McPherson,D,319,100.00%
Police Commissioners,statewide,Kristina Hallett,D,0,0.00%
Police Commissioners,statewide,William J Boucher,D,0,0.00%
Police Commissioners,statewide,Dave Shute,R,0,0.00%
Zoning Board of Appeals Alternate,statewide,Adam Brevoort,D,0,0.00%
Zoning Board of Appeals Alternate,statewide,Isaiah Griffith,R,0,0.00%
Zoning Commission,statewide,Michael A. Anastas,D,0,0.00%
Zoning Commission,statewide,Joshua Kenney,D,0,0.00%
Zoning Commission,statewide,Charles Bogie,R,0,0.00%
Zoning Commission,statewide,William D. Taylor,R,0,0.00%
Zoning Board of Appeals Alternate,statewide,Vance Cannon,D,0,0.00%
Zoning Board of Appeals Alternate,statewide,Lee K. Baldwin,R,0,0.00%
Council Members District 137,statewide,Aidee Nieves,D,0,0.00%
Council Members District 137,statewide,Maria Ines Valle,D,0,0.00%
Council Members District 137,statewide,Joseph Christiansen,R,0,0.00%
Council Members District 137,statewide,Ramona Marquez,R,0,0.00%
Council Members District 137,statewide,Ismael Sanchez Jr.,IND,0,0.00%
Council Members District 137,statewide,Wilfredo Martinez,IND,0,0.00%
Library Board of Directors To Fill Vacancy for Two Years,statewide,Rebecca Hayes,D,0,0.00%
Library Board of Directors To Fill Vacancy for Two Years,statewide,Richard Bleiler,D,0,0.00%
Library Board of Directors To Fill Vacancy for Two Years,statewide,John Blessington,R,0,0.00%
Zoning Board of Appeals,statewide,Richard W. Galante,D,0,0.00%
Planning & Zoning Commission,statewide,Benjamin W. Loebick,D,0,0.00%
Planning & Zoning Commission,statewide,Robert F. Hannon,R,0,0.00%
Planning & Zoning Commission,statewide,Roderick Williams,WI,0,0.00%
Planning & Zoning Commission To Fill Vacancy for Two Years,statewide,Diamond Rosa,R,0,0.00%
Zoning Commission Five Year Term Begins 2025,statewide,Michael Fogliano,D,0,0.00%
Zoning Commission Five Year Term Begins 2025,statewide,Sloan Danenhower,R,0,0.00%
Zoning Board of Appeals Alternate,statewide,Athina Loveland,D,0,0.00%
Zoning Board of Appeals Alternate,statewide,Thomas Lyon,R,0,0.00%
Zoning Board of Appeals Alternate,statewide,Andrew Chambers,R,0,0.00%
Constables,statewide,Byron Crosdale Jr.,D,0,0.00%
Constables,statewide,Santo Galatioto Jr.,D,0,0.00%
Constables,statewide,Randy Thomas,D,0,0.00%
Constables,statewide,Gary Palermo,R,0,0.00%
Constables,statewide,Jody Daymon,R,0,0.00%
Constables,statewide,Michael P. Donadeo,R,0,0.00%
Constables,statewide,Jeff Vargo,R,0,0.00%
Board of Assessment Appeals,statewide,Darcey M. Lovell,D,179,40.22%
Board of Assessment Appeals,statewide,Laura F. H. Stevens,R,266,59.78%
Zoning Board of Appeals,statewide,Christopher Ferris,D,545,100.00%
Zoning Board of Appeals,statewide,Mary Ann Manning,D,0,0.00%
Zoning Board of Appeals,statewide,Joe Savino,D,0,0.00%
Zoning Board of Appeals,statewide,Duane Button,R,0,0.00%
Zoning Board of Appeals,statewide,Chris Chastang,R,0,0.00%
Planning & Zoning Commission Five Year Term Begins 2025,statewide,Gary DeCesare,R,0,0.00%
Planning & Zoning Commission Five Year Term Begins 2025,statewide,Matthew B. Rivers,PC,0,0.00%
Zoning Commission,statewide,Ryan Engels,D,0,0.00%
Zoning Commission,statewide,Vince Gentile,D,0,0.00%
Councilman District 7,statewide,Adrian Webber,D,0,0.00%
Councilman District 7,statewide,Demetrius Dailey,R,0,0.00%
Board of Education District 2,statewide,Meghan Doyle,D,0,0.00%
Board of Education District 2,statewide,Susan Glennon,D,0,0.00%
Board of Education District 2,statewide,Tracy Crutchfield,R,0,0.00%
Board of Education District 2,statewide,Kathy Mitas,R,0,0.00%
Zoning Board of Appeals Alternate Five Year Term Begins 2026,statewide,Michael Stenko,R,0,0.00%
Planning & Zoning Commission,statewide,John D. Foley,D,0,0.00%
Planning & Zoning Commission,statewide,"Louis F. DiPietro, Jr.",R,0,0.00%
Board of Education To Fill Vacancy for Two Years,statewide,Brian Green,D,0,0.00%
Board of Education To Fill Vacancy for Two Years,statewide,John P. Okonuk,R,0,0.00%
Zoning Board of Appeals Five Year Term Begins 2026,statewide,Nancy Walkley,D,0,0.00%
Planning & Zoning Commission Alternates,statewide,LAUREN WEBER,D,645,35.91%
Planning & Zoning Commission Alternates,statewide,JULIA VERLAINE,R,543,30.23%
Planning & Zoning Commission Alternates,statewide,JILL FINCH,R,608,33.85%
Board of Assessment Appeals,statewide,Tom Quigley,D,0,0.00%
Zoning Board of Appeals Full Term,statewide,Ram Kaza,D,0,0.00%
Zoning Board of Appeals Full Term,statewide,Margaret Rudin,D,0,0.00%
Zoning Board of Appeals Full Term,statewide,Ken Williams,R,0,0.00%
Zoning Board of Appeals Full Term,statewide,Ellen Gilbert,R,0,0.00%
Zoning Board of Appeals Full Term,statewide,"Leo Cain, Jr.",R,0,0.00%
Zoning Board of Appeals Alternates,statewide,Elizabeth Devlin,D,0,0.00%
Zoning Board of Appeals Alternates,statewide,Deborah Rutter,D,0,0.00%
Representative Town Meeting District 6,statewide,Ann-Marie DeGraffenreidt,D,0,0.00%
Representative Town Meeting District 6,statewide,Melanie L. Morgan,D,0,0.00%
Representative Town Meeting District 6,statewide,Paul Fox,D,0,0.00%
Representative Town Meeting District 6,statewide,Katrina Fitzgerald,D,0,0.00%
Representative Town Meeting District 6,statewide,Emma M. Gibbs,R,0,0.00%
Representative Town Meeting District 6,statewide,Thomas A. Frickman,R,0,0.00%
Zoning Board of Appeals Alternates,statewide,Alethe Fatherley,D,0,0.00%
Zoning Board of Appeals Alternates,statewide,Harold Zawadski,D,0,0.00%
Zoning Board of Appeals Alternates,statewide,Kenneth Osborn,R,0,0.00%
Zoning Board of Appeals Alternates,statewide,Rachel Fowler,R,0,0.00%
Planning & Zoning Commission,statewide,Robert Lupo,D,0,0.00%
Planning & Zoning Commission,statewide,Nerice Gerena,D,0,0.00%
Planning & Zoning Commission,statewide,Zack Miller-Murray,D,0,0.00%
Planning & Zoning Commission,statewide,Peter R. Dauten Jr.,R,0,0.00%
Planning & Zoning Commission,statewide,Georgia Fuessenich,R,0,0.00%
Planning & Zoning Commission,statewide,Coleby Bunnell,R,0,0.00%
Planning & Zoning Commission Alternates,statewide,Douglas C. Jenne,D,0,0.00%
Planning & Zoning Commission Five Year Term Begins 2025,statewide,Joseph Wilcox,D,0,0.00%
Planning & Zoning Commission Five Year Term Begins 2025,statewide,Joseph Wilcox,R,0,0.00%
Town Moderator,statewide,Francis Brady,D,0,0.00%
Town Moderator,statewide,Edward Ohannessian,R,0,0.00%
Constables,statewide,Peter E. Reardon,R,279,50.73%
Constables,statewide,"Robert L Beaumont, Jr",R,271,49.27%
Planning & Zoning Commission Alternate,statewide,Brian Fournier,D,0,0.00%
Planning & Zoning Commission Alternate,statewide,John Magnoli,R,0,0.00%
Representative Town Meeting District 1,statewide,"Carl G. R. Carlson, Jr.",NonP,0,0.00%
Representative Town Meeting District 1,statewide,"Anthony J. Chimblo, III",NonP,0,0.00%
Representative Town Meeting District 1,statewide,Edward D. Dadakis,NonP,0,0.00%
Representative Town Meeting District 1,statewide,Grace Ann Duffield,NonP,0,0.00%
Representative Town Meeting District 1,statewide,Lynn B. Garelick,NonP,0,0.00%
Representative Town Meeting District 1,statewide,Michael A. Gaudiano,NonP,0,0.00%
Representative Town Meeting District 1,statewide,Brigitte A. Lee,NonP,0,0.00%
Representative Town Meeting District 1,statewide,"Frederick Lee, Jr.",NonP,0,0.00%
Representative Town Meeting District 1,statewide,David Aron Levine,NonP,0,0.00%
Representative Town Meeting District 1,statewide,"William B. Lewis, Jr.",NonP,0,0.00%
Representative Town Meeting District 1,statewide,Richard T. Malloy,NonP,0,0.00%
Representative Town Meeting District 1,statewide,Jaysen Lee Medhurst,NonP,0,0.00%
Representative Town Meeting District 1,statewide,"Elizabeth Mills ""Sanders""",NonP,0,0.00%
Representative Town Meeting District 1,statewide,"Averardo ""Aldo"" Peruzzi Pascarella",NonP,0,0.00%
Representative Town Meeting District 1,statewide,Aakash Patel,NonP,0,0.00%
Representative Town Meeting District 1,statewide,Chloe Helena Rosenfeld,NonP,0,0.00%
Representative Town Meeting District 1,statewide,Samuel Aaron Rosenfeld,NonP,0,0.00%
Representative Town Meeting District 1,statewide,Elizabeth Somers Urdang,NonP,0,0.00%
Representative Town Meeting District 1,statewide,Jeffrey Scott Urdang,NonP,0,0.00%
Representative Town Meeting District 1,statewide,Gregory Louis Piccininno,WI,0,0.00%
Zoning Commission,statewide,Robin Kelly,D,0,0.00%
Zoning Commission,statewide,Gerri Lewis,R,0,0.00%
Zoning Commission,statewide,Derrik Kennedy,R,0,0.00%
Inland Wetlands Commission Alternates,statewide,Thomas Plunkett,D,0,0.00%
Zoning Commission,statewide,Amy L. Atamian,D,1700,63.98%
Zoning Commission,statewide,Wiliam Miller,R,957,36.02%
Zoning Board of Appeals,statewide,John Murphy,D,0,0.00%
Zoning Board of Appeals,statewide,Krista Moore,D,0,0.00%
Zoning Board of Appeals,statewide,JT Plona,D,0,0.00%
Zoning Board of Appeals,statewide,Ken Barnes,R,0,0.00%
Zoning Board of Appeals,statewide,James Treanor,R,0,0.00%
Zoning Board of Appeals,statewide,Anthony Lombardi,R,0,0.00%
Library Trustees,statewide,Donna Mingrone,D,0,0.00%
Library Trustees,statewide,Jennifer Phillips,R,0,0.00%
Library Trustees,statewide,Kevin Brewer,R,0,0.00%
Library Trustees,statewide,Lori Sanfratello,WI,0,0.00%
Planning & Zoning Commission Four Year Term Begins 2026,statewide,Annalise H Meadows,R,0,0.00%
Town & City Treasurer,statewide,Joseph Confinante,D,0,0.00%
Town & City Treasurer,statewide,Cheryl Henri,R,0,0.00%
Planning & Zoning Commission Alternate,statewide,Steve Twitchell,D,0,0.00%
Planning & Zoning Commission Alternate,statewide,Frances Pulle,R,0,0.00%
Planning & Zoning Commission Alternate,statewide,Frances Pulle,IND,0,0.00%
Planning & Zoning Alternate To Fill Vacancy for Two Years,statewide,Gary Turenne,R,0,0.00%
Council Ward 6,statewide,Paul Rotello,D,0,0.00%
Council Ward 6,statewide,Benjamin Chianese,D,0,0.00%
Council Ward 6,statewide,Andrew R Wetmore,R,0,0.00%
Council Ward 6,statewide,Phil Curran,R,0,0.00%
Council Ward 6,statewide,Paul Rotello,IND,0,0.00%
Constables,statewide,Brett Festa,D,0,0.00%
Constables,statewide,Paul C. Gianesini,D,0,0.00%
Constables,statewide,William Kremmel,D,0,0.00%
Constables,statewide,Jerry A. Federovich,D,0,0.00%
Constables,statewide,George Castle,R,0,0.00%
Constables,statewide,Richard Pinkerton,R,0,0.00%
Constables,statewide,Christine Ciarmella,R,0,0.00%
Constables,statewide,Eric Pelz,R,0,0.00%
Board of Assessment Appeals,statewide,John Davis,D,0,0.00%
Board of Assessment Appeals,statewide,John Davis,R,0,0.00%
Board of Assessment Appeals,statewide,Brian Dailey,D,0,0.00%
Board of Assessment Appeals,statewide,Ron Amara,R,0,0.00%
Board of Education To Fill Vacancy for Two Years,statewide,Peter Birnbaum,D,0,0.00%
Planning & Zoning Commission - Alternate,statewide,Jessica M Stromback,D,0,0.00%
Planning & Zoning Commission - Alternate,statewide,Dustin R Mosley,R,0,0.00%
Planning & Zoning Commission - Alternate,statewide,Christopher S Hurlburt,R,0,0.00%
Board of Finance Alternate To Fill Vacancy for Two Years,statewide,Heather Allard,D,0,0.00%
Zoning Board of Appeals Alternate,statewide,Diane Arifian,D,353,100.00%
Fire Commissioners,statewide,Robert V. Norton Jr.,D,0,0.00%
Fire Commissioners,statewide,Allan Olivero,R,0,0.00%
Zoning Board of Appeals,statewide,Stephen Pener,D,0,0.00%
Zoning Board of Appeals,statewide,Justin Potter,D,0,0.00%
Zoning Board of Appeals,statewide,John A Johnson,D,0,0.00%
Zoning Board of Appeals,statewide,Nick Downes,R,0,0.00%
Zoning Board of Appeals,statewide,Mark Cowan,R,0,0.00%
Representative Town Meeting District Four,statewide,Charles Lucas,NonP,0,0.00%
Representative Town Meeting District Four,statewide,Jeffrey N Wieser,NonP,0,0.00%
Representative Town Meeting District Four,statewide,Andrew Colabella,NonP,0,0.00%
Representative Town Meeting District Four,statewide,Victoria Wylie,NonP,0,0.00%
Representative Town Meeting District Four,statewide,Clarence Hayes,NonP,0,0.00%
Planning & Zoning Commission Alternate,statewide,Geoffrey Bolte,D,1226,100.00%
Councilperson District 2,statewide,Nancy Tagliatela,D,0,0.00%
Councilperson District 2,statewide,Bonnie Posick,R,0,0.00%
Board of Education To Fill Vacancy for Two Years,statewide,Maria Lucia Cuadros,D,0,0.00%
Board of Education To Fill Vacancy for Two Years,statewide,Erik Trotter,R,0,0.00%
Planning & Zoning Commission To Fill a Vacancy for Four Years,statewide,Steven Landes,D,354,61.35%
Planning & Zoning Commission To Fill a Vacancy for Four Years,statewide,Marion K. Felton,R,223,38.65%
Town Plan & Zoning Alternates,statewide,Taylor Pogson,D,0,0.00%
Town Plan & Zoning Alternates,statewide,Josh Davidson,D,0,0.00%
Town Plan & Zoning Alternates,statewide,Frank D Roth,R,0,0.00%
Town Plan & Zoning Alternates,statewide,Robert Ingvertsen,R,0,0.00%
Board of Education At Large,statewide,Marcus Jaime,D,0,0.00%
Board of Education At Large,statewide,Dana Nellie Cole,D,0,0.00%
Board of Education At Large,statewide,Sheri McCready Brown,D,0,0.00%
Board of Education At Large,statewide,Garrett Oliver,D,0,0.00%
Board of Education At Large,statewide,Tricia Massucco,R,0,0.00%
Board of Education At Large,statewide,Xavier Guzman,R,0,0.00%
Board of Education At Large,statewide,Alexandrea Kemeny,R,0,0.00%
Board of Education At Large,statewide,Artie Kassimis,R,0,0.00%
Board of Education At Large,statewide,Tricia Massucco,IND,0,0.00%
Board of Education At Large,statewide,Xavier Guzman,IND,0,0.00%
Board of Education At Large,statewide,Alexandrea Kemeny,IND,0,0.00%
Board of Education At Large,statewide,Lisa  M. Brinton,IND,0,0.00%
Police Commissioners Full Term,statewide,Elizabeth Mcguire,D,1287,35.41%
Police Commissioners Full Term,statewide,Kristina Nordell,D,1302,35.82%
Police Commissioners Full Term,statewide,Bob Leach,R,1046,28.78%
Library Director Full Term,statewide,Cynthia Newby,D,384,20.89%
Library Director Full Term,statewide,Pamela J Southworth,D,377,20.51%
Library Director Full Term,statewide,Ciara Gorglione,D,373,20.29%
Library Director Full Term,statewide,Cynthia Newby,R,232,12.62%
Library Director Full Term,statewide,Pamela J Southworth,R,236,12.84%
Library Director Full Term,statewide,Ciara Gorglione,R,236,12.84%
Zoning Board of Appeals Five Year Term Begins 2026,statewide,Franci Knight,D,688,35.63%
Zoning Board of Appeals Five Year Term Begins 2026,statewide,Thomas J Rotondo,R,1243,64.37%
Fire Commissioner,statewide,Michael Reimers,D,0,0.00%
Fire Commissioner,statewide,Don Offner,R,0,0.00%
Zoning Commission Alternate,statewide,Sarah Susco,D,0,0.00%
Zoning Commission Alternate,statewide,Kerry Edwards,D,0,0.00%
Zoning Commission Alternate,statewide,William R. Follett,R,0,0.00%
Zoning Board of Appeals,statewide,Therese Bradley,D,0,0.00%
Zoning Board of Appeals,statewide,Edmond Cullinan,D,0,0.00%
Zoning Board of Appeals,statewide,Jackie Cianci,R,0,0.00%
Zoning Board of Appeals,statewide,Doug Noble,R,0,0.00%
Zoning Board of Appeals Five Year Term Begins 2027,statewide,Jennifer Cook,D,0,0.00%
Zoning Board of Appeals Five Year Term Begins 2027,statewide,Cassie Rozanski,R,0,0.00%
Police Commission,statewide,Steve Ezzes,D,0,0.00%
Police Commission,statewide,John Dembishack,D,0,0.00%
Police Commission,statewide,Robert Kozlowsky,R,0,0.00%
Police Commission,statewide,Kirby Brendsel,R,0,0.00%
Zoning Commission Alternate Full Term,statewide,Thomas S. Benedetto,R,0,0.00%
Zoning Board of Appeals Alternates Five Year Term Begins 2025,statewide,Sara Schmidt,D,0,0.00%
Pomperaug Valley Water Authority To Fill Vacancy for Two Years,statewide,Christian Yantorno,D,0,0.00%
Pomperaug Valley Water Authority To Fill Vacancy for Two Years,statewide,Christopher Gilbertie,R,0,0.00%
Library Board of Directors,statewide,Nathan K. Diur,D,0,0.00%
Library Board of Directors,statewide,Edward A. Szalan,R,0,0.00%
Library Board of Directors,statewide,Sally Finck,R,0,0.00%
Zoning Board of Appeals Alternates,statewide,Robert J. Larson,D,1068,54.21%
Zoning Board of Appeals Alternates,statewide,Donna M. Mosher,R,902,45.79%
Zoning Board of Appeals,statewide,Catharine Sweeney,D,0,0.00%
Zoning Board of Appeals,statewide,Rebecca Rebillard,R,0,0.00%
Zoning Board of Appeals,statewide,Chris Smudin,D,0,0.00%
Zoning Board of Appeals,statewide,Lisa Antrum,D,0,0.00%
Zoning Board of Appeals,statewide,Jennifer Wysocki,D,0,0.00%
Zoning Board of Appeals,statewide,Gary Garofalo,R,0,0.00%
Zoning Board of Appeals,statewide,David Pittari,R,0,0.00%
Zoning Board of Appeals,statewide,Leslie Lavallee,D,1043,43.01%
Zoning Board of Appeals,statewide,Ross Dimock,R,1382,56.99%
Board of Finance Alternate To Fill Vacancy for Two Years,statewide,Wayne A Donaldon,D,0,0.00%
Zoning Board of Appeals,statewide,Michael Hinton,D,0,0.00%
Zoning Board of Appeals,statewide,Nicholas Vegliante,D,0,0.00%
Planning & Zoning Commission Alternates,statewide,Jill Soderholm,D,0,0.00%
Planning & Zoning Commission Alternates,statewide,Don Mitchell,D,0,0.00%
Planning & Zoning Commission Alternates,statewide,Will Drew,R,0,0.00%
Planning & Zoning Commission Alternates,statewide,David Landau,R,0,0.00%
Planning & Zoning Commission,statewide,Phillip West,D,346,52.50%
Planning & Zoning Commission,statewide,Stephen Saccardi,R,313,47.50%
Board of Assessment Appeals,statewide,Cynthia Arpin,D,0,0.00%
Board of Assessment Appeals,statewide,Lois Dupointe,D,0,0.00%
Board of Assessment Appeals,statewide,Kerilynn Lewis,R,0,0.00%
Board of Assessment Appeals,statewide,Mary Landry,R,0,0.00%
Representative Town Meeting 3rd District,statewide,Iryna Bonenberger,D,0,0.00%
Representative Town Meeting 3rd District,statewide,Richard Jennings,D,0,0.00%
Representative Town Meeting 3rd District,statewide,Ralph Murray,R,0,0.00%
Representative Town Meeting 3rd District,statewide,Alexander King,R,0,0.00%
Planning and Zoning Commission,statewide,Ben Buehler,D,0,0.00%
Planning and Zoning Commission,statewide,Edward C. Learned,R,0,0.00%
Board of Representatives District 6,statewide,Parker Johnson,D,0,0.00%
Board of Representatives District 6,statewide,Ryan Hughes,D,0,0.00%
Board of Representatives District 6,statewide,Francise Jean-Louis,R,0,0.00%
Planning & Zoning Commission Alternate Five Year Term Begins 2026,statewide,Karen Griswold-Nelson,D,0,0.00%
Planning & Zoning Commission Alternate Five Year Term Begins 2026,statewide,Denis Miller,R,0,0.00%
Regional Board of Education,statewide,Lon Seidman,D,0,0.00%
Regional Board of Education,statewide,Lon Seidman,R,0,0.00%
Board of Alder Ward 9,statewide,Caroline T. Smith,D,0,0.00%
Town Council District 10,statewide,Karen Tracy,D,0,0.00%
Town Council District 10,statewide,Paul T. Aurelia,R,0,0.00%
Zoning Board of Appeals,statewide,Brian Allyn,D,0,0.00%
Zoning Board of Appeals,statewide,Matthew Freund,D,0,0.00%
Zoning Board of Appeals,statewide,Scott Zinke,R,0,0.00%
Planning & Zoning Commission Five Year Term Begins 2027,statewide,Elizabeth Buck,D,0,0.00%
Planning & Zoning Commission Five Year Term Begins 2027,statewide,Johnny Polderman,R,0,0.00%
Zoning Board of Appeals Full Five Year Term Begins 2026,statewide,Neal Cunningham,D,0,0.00%
Financial Planning & Allocation Commission,statewide,Marie Ramm,D,0,0.00%
Financial Planning & Allocation Commission,statewide,Michael Carroll,R,0,0.00%
Financial Planning & Allocation Commission,statewide,Art Rowbotham,R,0,0.00%
Financial Planning & Allocation Commission,statewide,Kelley Peck,R,0,0.00%
District Authority Two Year Term Begins 2026,statewide,Ross Johnson,D,0,0.00%
District Authority Two Year Term Begins 2026,statewide,Stephen Etzel,D,0,0.00%
District Authority Two Year Term Begins 2026,statewide,Anne St.Onge,D,0,0.00%
District Authority Two Year Term Begins 2026,statewide,Joe Carvalho,D,0,0.00%
District Authority Two Year Term Begins 2026,statewide,Steven Gagnon,R,0,0.00%
District Authority Two Year Term Begins 2026,statewide,Brian Maynard,R,0,0.00%
District Authority Two Year Term Begins 2026,statewide,Earl Rosebrooks,R,0,0.00%
District Authority Two Year Term Begins 2026,statewide,Norm Perron,R,0,0.00%
Zoning Board of Appeals,statewide,Brendan Kane,D,326,100.00%
Fire Commissioners,statewide,Amanda Thibedeau,D,0,0.00%
Fire Commissioners,statewide,Dan Vindigni,D,0,0.00%
Fire Commissioners,statewide,Victor G Mathieu,R,0,0.00%
Fire Commissioners,statewide,Jack Bucior,R,0,0.00%
Fire Commissioners,statewide,Peter Yeskey,R,0,0.00%
Library Directors,statewide,Susan Leon,D,0,0.00%
Library Directors,statewide,Joan Motyka,D,0,0.00%
Library Directors,statewide,Lori Caine,R,0,0.00%
Zoning Board of Appeals,statewide,Stephanie Christie,D,0,0.00%
Zoning Board of Appeals,statewide,Joseph A. Palmieri,R,0,0.00%
Zoning Board of Appeals,statewide,James Wright,R,0,0.00%
Zoning Board of Appeals,statewide,Theodore W. Hine,D,0,0.00%
Zoning Board of Appeals,statewide,Scott Leddy,R,0,0.00%
Zoning Board of Appeals,statewide,Kelly Franzese,R,0,0.00%
Constables,statewide,Thom Wilson,D,0,0.00%
Constables,statewide,Donna M. Heinz,D,0,0.00%
Constables,statewide,Elizabeth Pierce,D,0,0.00%
Constables,statewide,Matthew Hansen,R,0,0.00%
Constables,statewide,Dennis M. Jacobs,R,0,0.00%
Constables,statewide,Louis G. Timolat,R,0,0.00%
Constables,statewide,Timothy Downs,R,0,0.00%
Council Members District 138,statewide,Maria Pereira,D,0,0.00%
Council Members District 138,statewide,Keyla Medina,D,0,0.00%
Council Members District 138,statewide,Quentin Dreher,R,0,0.00%
Council Members District 138,statewide,Jose Quiroga,R,0,0.00%
Council Members District 138,statewide,Keyla Medina,IND,0,0.00%
Council Members District 138,statewide,Kevin George Monks,WI,0,0.00%
Council Members District 138,statewide,Samia Suliman,WI,0,0.00%
Regional Board of Education Full Term,statewide,Sarah Smith,D,0,0.00%
Regional Board of Education Full Term,statewide,Allen Ayers,D,0,0.00%
Regional Board of Education Full Term,statewide,Rachel Cook,R,0,0.00%
Board of Assessment Appeals,statewide,Phil Ziel,D,0,0.00%
Board of Assessment Appeals,statewide,Kimberly Meanix Miller,D,0,0.00%
Board of Assessment Appeals,statewide,Bruce Calef,R,0,0.00%
Zoning Board of Appeals Alternate,statewide,Blair Busenbark,D,0,0.00%
Planning & Zoning Commission Alternate,statewide,Ronald D. Penton,D,0,0.00%
Planning & Zoning Commission Alternate,statewide,Mark A. Parisi,R,0,0.00%
Planning & Zoning Commission Alternate,statewide,Giancarlo Gallo,R,0,0.00%
Zoning Commission Five Year Term Begins 2026,statewide,Jane Marsh,R,0,0.00%
Town Meeting Moderator,statewide,Adam J Teller,D,0,0.00%
Town Meeting Moderator,statewide,Thomas Fiorentino,R,0,0.00%
Amity Regional Board of Education,statewide,Ralph Marguy,D,0,0.00%
Amity Regional Board of Education,statewide,Sean-Michael Green,D,0,0.00%
Amity Regional Board of Education,statewide,Jennifer Blando Jacquet,D,0,0.00%
Amity Regional Board of Education,statewide,Meghan Rabuse,R,0,0.00%
Amity Regional Board of Education,statewide,Christian Young,R,0,0.00%
Constables,statewide,Jennifer L. Abalan-Kershaw,D,248,21.07%
Constables,statewide,Brad A. Wright,D,184,15.63%
Constables,statewide,Michael J. Ryan,R,240,20.39%
Constables,statewide,"Peter P. Sevetz, Jr.",R,209,17.76%
Constables,statewide,William Hilbrecht,R,296,25.15%
Zoning Board of Appeals Alternates,statewide,Todd Babbitt,D,0,0.00%
Zoning Board of Appeals Alternates,statewide,Sherri Tanguay,D,0,0.00%
Zoning Board of Appeals Alternates,statewide,Joe Savino,D,0,0.00%
Zoning Board of Appeals Alternates,statewide,Greg Allard,R,0,0.00%
Zoning Board of Appeals Alternates,statewide,Heather Edge,R,0,0.00%
Planning & Zoning Commission Five Year Term Begins 2026,statewide,Kevin Grindle,D,0,0.00%
Zoning Board of Appeals,statewide,Bonnie Hall,R,0,0.00%
Zoning Board of Appeals,statewide,Vincent A. Neri,R,0,0.00%
Councilman District 8,statewide,Ted Stevens,D,0,0.00%
Councilman District 8,statewide,David Iezzi,R,0,0.00%
Board of Education District 3,statewide,Adam Scobie,D,0,0.00%
Board of Education District 3,statewide,Jennifer Brown,D,0,0.00%
Board of Education District 3,statewide,Renee C. Casey,R,0,0.00%
Inland Wetlands Board Full Term,statewide,David L Smith,D,0,0.00%
Inland Wetlands Board Full Term,statewide,Keith Carlson,D,0,0.00%
Inland Wetlands Board Full Term,statewide,Tim Bishop,R,0,0.00%
Constables,statewide,David W. Kayne,D,0,0.00%
Constables,statewide,Nathaniel Gross,D,0,0.00%
Constables,statewide,Patricia Kelly,R,0,0.00%
Constables,statewide,Raymond Luvara,R,0,0.00%
Zoning Board of Appeals Five Year Term Begins 2026,statewide,KATHLEEN FAZZONE,R,698,100.00%
Zoning Board of Appeals To Fill Vacancy for Two Years,statewide,Jonathan Yeisley,D,0,0.00%
Zoning Board of Appeals To Fill Vacancy for Two Years,statewide,Trevor Brittell,R,0,0.00%
Regional Board of Education,statewide,Matthew Riggs,D,0,0.00%
Regional Board of Education,statewide,Sonja Charpentier,D,0,0.00%
Regional Board of Education,statewide,Kelly Haeckel,D,0,0.00%
Regional Board of Education,statewide,Joseph Centofanti,R,0,0.00%
Regional Board of Education,statewide,Corey Roberts,R,0,0.00%
Representative Town Meeting District 7,statewide,Briar Woods,D,0,0.00%
Representative Town Meeting District 7,statewide,Alexis Dudden,D,0,0.00%
Representative Town Meeting District 7,statewide,Emily Norman,D,0,0.00%
Representative Town Meeting District 7,statewide,Sarah Kadden,D,0,0.00%
Constables,statewide,Kevin W. Flynn,D,0,0.00%
Constables,statewide,Ruth Smey,D,0,0.00%
Constables,statewide,Charlene Sabia Lebo,D,0,0.00%
Constables,statewide,Jay Wolk,D,0,0.00%
Constables,statewide,Roger V. Autuori,R,0,0.00%
Constables,statewide,Holly Lanese,R,0,0.00%
Constables,statewide,Michael D. Herley,R,0,0.00%
Constables,statewide,Matt Paul,R,0,0.00%
Planning & Zoning Commission Alternates,statewide,Stephen Healy,D,0,0.00%
Planning & Zoning Commission Alternates,statewide,Roland F. Greenwood Jr.,R,0,0.00%
Planning & Zoning Commission Alternates,statewide,Denise Correia,R,0,0.00%
Zoning Board of Appeals,statewide,John Lippert,D,0,0.00%
Zoning Board of Appeals,statewide,Deborah Maccarone,D,0,0.00%
Zoning Board of Appeals,statewide,Betty Bartok,R,0,0.00%
Zoning Board of Appeals,statewide,Thomas Martin,R,0,0.00%
Planning & Zoning Commission Five Year Term Begins 2026,statewide,Laszlo Pinter,D,0,0.00%
Planning & Zoning Commission Five Year Term Begins 2026,statewide,Laszlo Pinter,R,0,0.00%
Library Directors,statewide,Megan M Nelson,D,164,19.76%
Library Directors,statewide,Amy L Russell,D,178,21.45%
Library Directors,statewide,Bobbie Maschka,R,252,30.36%
Library Directors,statewide,Brenda L. Gagnon,R,236,28.43%
Zoning Board of Appeals,statewide,Cynthia Megyola,D,0,0.00%
Zoning Board of Appeals,statewide,Marie Pulito,D,0,0.00%
Zoning Board of Appeals,statewide,Armand L. Rivellini Jr,R,0,0.00%
Zoning Board of Appeals,statewide,Nicholas Poulmas,R,0,0.00%
Representative Town Meeting District 2,statewide,David Wentworth Carter,NonP,0,0.00%
Representative Town Meeting District 2,statewide,Donald R. Conway,NonP,0,0.00%
Representative Town Meeting District 2,statewide,Marissa Dungey,NonP,0,0.00%
Representative Town Meeting District 2,statewide,Jennifer Alexis Jones,NonP,0,0.00%
Representative Town Meeting District 2,statewide,Jill T. Kelly,NonP,0,0.00%
Representative Town Meeting District 2,statewide,Katherine N. LoBalbo,NonP,0,0.00%
Representative Town Meeting District 2,statewide,Ammar F. Murad,NonP,0,0.00%
Representative Town Meeting District 2,statewide,Pragati Soni,NonP,0,0.00%
Representative Town Meeting District 2,statewide,"Joyce ""Jay"" Pauline Teevan",NonP,0,0.00%
Representative Town Meeting District 2,statewide,Erika Walsh,NonP,0,0.00%
Representative Town Meeting District 2,statewide,Randy Caravella,WI,0,0.00%
Representative Town Meeting District 2,statewide,Charles F. Mangold,WI,0,0.00%
Zoning Board of Appeals,statewide,Andrew Morosky,D,0,0.00%
Zoning Board of Appeals,statewide,Laurie Deneen,R,0,0.00%
Zoning Board of Appeals,statewide,Kevin Danby,R,0,0.00%
Zoning Board of Appeals,statewide,Charles Gadon,R,0,0.00%
Library Trustees,statewide,Joyce Melgey,D,0,0.00%
Library Trustees,statewide,Bonnie Merrill,D,0,0.00%
Planning Commission Alternate to Fill a Vacancy for Two Years,statewide,Heidi Latka,R,0,0.00%
Zoning Board of Appeals,statewide,Jonathan Hopkins,D,1684,63.24%
Zoning Board of Appeals,statewide,Jill  H. Cilo,R,979,36.76%
Library Trustees,statewide,Kerry McRae,D,0,0.00%
Library Trustees,statewide,Dawn Barlow,WI,0,0.00%
Constables,statewide,Kevin Starbird,D,0,0.00%
Constables,statewide,Christopher Ficeto,D,0,0.00%
Constables,statewide,Nicholas Ficeto,D,0,0.00%
Constables,statewide,Brock L. Weber,R,0,0.00%
Constables,statewide,Donald J. Charette Sr.,R,0,0.00%
Constables,statewide,Peter J. Sheehan,R,0,0.00%
Ethics Commission,statewide,Nancy Cohn,D,0,0.00%
Ethics Commission,statewide,Joshua Rutty,D,0,0.00%
Ethics Commission,statewide,Eileen B. Richard,R,0,0.00%
Ethics Commission,statewide,Dale Winchell,R,0,0.00%
Board of Education,statewide,David A. Knapp,D,0,0.00%
Board of Education,statewide,Steven Adamowski,D,0,0.00%
Board of Education,statewide,Elizabeth LaBerge,R,0,0.00%
Board of Education,statewide,Steven Adamowski,R,0,0.00%
Planning & Zoning Commission Alternate To Fill Vacancy for Two Years,statewide,Cindy Slater,D,0,0.00%
Planning & Zoning Commission Alternate To Fill Vacancy for Two Years,statewide,Tom Davies,R,0,0.00%
Planning & Zoning Commission Alternate To Fill Vacancy for Two Years,statewide,Tom Davies,IND,0,0.00%
Council Ward 7,statewide,Claire Jabbour,D,0,0.00%
Council Ward 7,statewide,Lou Giordano,D,0,0.00%
Council Ward 7,statewide,Jeffrey Berlant,R,0,0.00%
Council Ward 7,statewide,Albert A Russo,R,0,0.00%
Council Ward 7,statewide,Lou Giordano,WF,0,0.00%
Planning & Zoning Commission,statewide,Joseph Polulech,D,0,0.00%
Planning & Zoning Commission,statewide,Syd Blodgett,D,0,0.00%
Planning & Zoning Commission,statewide,Joseph Adiletta,D,0,0.00%
Planning & Zoning Commission,statewide,David Morse,R,0,0.00%
Planning & Zoning Commission Full Term,statewide,Jonathan S. Tobin,D,0,0.00%
Planning & Zoning Commission Full Term,statewide,Rebecca Mead,D,0,0.00%
Planning & Zoning Commission Full Term,statewide,Henry Krempel,D,0,0.00%
Planning & Zoning Commission Full Term,statewide,Mark Fishkind,R,0,0.00%
Planning & Zoning Commission Full Term,statewide,Ron Amara,R,0,0.00%
Board of Assessment Appeals,statewide,Debbie Hanlon,D,0,0.00%
Library Trustees Full Term,statewide,Joanne Picard,D,0,0.00%
Library Trustees Full Term,statewide,Lisa Bower Courtney,D,0,0.00%
Library Trustees Full Term,statewide,Barbara Galvin,D,0,0.00%
Fire Commissioners,statewide,Michael Bergin,D,0,0.00%
Fire Commissioners,statewide,Seth P Breakell,R,0,0.00%
Fire Commissioners,statewide,Donald M Sage,R,0,0.00%
Board of Education,statewide,Kelsey Malik,D,0,0.00%
Board of Education,statewide,Melynda Flanagan,D,0,0.00%
Board of Education,statewide,Steven Lain,R,0,0.00%
Board of Education,statewide,Amy Konow,R,0,0.00%
Library Directors,statewide,Maureen Fitzpatrick,D,403,44.14%
Library Directors,statewide,Beverly Huntley,D,256,28.04%
Library Directors,statewide,Beverly Huntley,R,254,27.82%
Representative Town Meeting District Five,statewide,Karen A Kramer,NonP,0,0.00%
Representative Town Meeting District Five,statewide,Dick Lowenstein,NonP,0,0.00%
Representative Town Meeting District Five,statewide,Peter Gold,NonP,0,0.00%
Representative Town Meeting District Five,statewide,Claudia Shaum,NonP,0,0.00%
Zoning Board of Appeals Alternate,statewide,Adam Manes,D,0,0.00%
Councilperson District 3,statewide,Sarah Ackbarali,D,0,0.00%
Councilperson District 3,statewide,Juan Ayala,R,0,0.00%
Planning & Zoning Commission To Fill Vacancy for Two Years,statewide,Edward M. Barron,R,250,100.00%
Zoning Board of Appeals,statewide,Christopher Cloud,D,0,0.00%
Zoning Board of Appeals,statewide,Jon Schoenhorn,D,0,0.00%
Zoning Board of Appeals,statewide,Steven P Walsh,R,0,0.00%
Zoning Board of Appeals,statewide,John Brockelman,R,0,0.00%
Constables,statewide,Diana Revolus,D,0,0.00%
Constables,statewide,Johnnie Mae Weldon,D,0,0.00%
Constables,statewide,DaJuan Wiggins,D,0,0.00%
Constables,statewide,Jalin Sead,D,0,0.00%
Constables,statewide,Ray A. Cooke,R,0,0.00%
Constables,statewide,Peter Bondi,R,0,0.00%
Constables,statewide,Jay Parisi,R,0,0.00%
Constables,statewide,Greg Helms,R,0,0.00%
Constables,statewide,Ray A. Cooke,IND,0,0.00%
Board of Assessment Appeals,statewide,Dennis Girard,D,0,0.00%
Board of Assessment Appeals,statewide,Robert Green,R,0,0.00%
Police Commissioners To Fill Vacancy for Two Years,statewide,Randi Reichle,R,1347,100.00%
Planning Commission Full Term,statewide,David M Zeh,D,0,0.00%
Planning Commission Full Term,statewide,Susan Blank,D,0,0.00%
Planning Commission Full Term,statewide,Noel Mannion,D,0,0.00%
Planning Commission Full Term,statewide,Noel Mannion,R,0,0.00%
Planning Commission Full Term,statewide,Thomas Marino,R,0,0.00%
Planning Commission Full Term,statewide,John Ewing III,R,0,0.00%
Zoning Board of Appeals Full Term,statewide,William Sarris,D,0,0.00%
Zoning Board of Appeals Full Term,statewide,Martin Zajac,D,0,0.00%
Zoning Board of Appeals Full Term,statewide,Larry Ellis,R,0,0.00%
Zoning Board of Appeals Full Term,statewide,"Richard J. Burns, Jr",R,0,0.00%
Representative Town Meeting District 1,statewide,Peter Drippe,NonP,0,0.00%
Representative Town Meeting District 1,statewide,Patti Finn Bumgardner,NonP,0,0.00%
Representative Town Meeting District 1,statewide,Lois J. Schneider,NonP,0,0.00%
Representative Town Meeting District 1,statewide,Karen McNicoll,NonP,0,0.00%
Representative Town Meeting District 1,statewide,Kapil Desai,NonP,0,0.00%
Representative Town Meeting District 1,statewide,Jessica Cahill,NonP,0,0.00%
Representative Town Meeting District 1,statewide,Luisa Brakman,NonP,0,0.00%
Representative Town Meeting District 1,statewide,Patrick Keane,NonP,0,0.00%
Library Trustees,statewide,Barbara Lee,D,0,0.00%
Library Trustees,statewide,Joseph Calabro,D,0,0.00%
Library Trustees,statewide,Phyllis Nardella,R,0,0.00%
Library Trustees,statewide,Phyllis Nardella,R,0,0.00%
Library Trustees,statewide,Melanie Dobos,R,0,0.00%
Zoning Board of Appeals Alternate Five Year Term Begins 2025,statewide,Kristine Durante,D,731,37.95%
Zoning Board of Appeals Alternate Five Year Term Begins 2025,statewide,Pamela J Root,R,1195,62.05%
Zoning Board of Appeals Alternate,statewide,Gerald Devine,D,0,0.00%
Zoning Board of Appeals Alternate,statewide,Paul R. Orlowski,R,0,0.00%
Zoning Board of Appeals Alternate,statewide,David Ioime,R,0,0.00%
Zoning Board of Appeals Alternates,statewide,Peter Ritter,D,0,0.00%
Zoning Board of Appeals Alternates,statewide,Jennifer G Frank,D,0,0.00%
Zoning Board of Appeals Alternates,statewide,Josette Lumbruno,D,0,0.00%
Zoning Board of Appeals Alternates,statewide,Donovan Gregory,R,0,0.00%
Zoning Commission Alternate To Fill Vacancy for Two Years,statewide,Andrew J. Gumkowski,D,0,0.00%
Zoning Commission Alternate To Fill Vacancy for Two Years,statewide,Jacob Amorando,R,0,0.00%
Regional Board of Education,statewide,Shannon Martin,D,0,0.00%
Regional Board of Education,statewide,Jonathan Woodhouse,D,0,0.00%
Regional Board of Education,statewide,Shannon Cavallo,R,0,0.00%
Regional Board of Education,statewide,John Jenusaitis,R,0,0.00%
Regional Board of Education,statewide,Pamela A. Farrington,D,1108,56.85%
Regional Board of Education,statewide,Carey A. Fraulino,R,841,43.15%
Inland Wetlands Commission Full Three Year Term Begins 2025,statewide,Jennifer Assard Gallo,D,0,0.00%
Inland Wetlands Commission Full Three Year Term Begins 2025,statewide,Paul Reid,R,0,0.00%
Inland Wetlands Commission Full Three Year Term Begins 2025,statewide,Todd A Reisel,R,0,0.00%
Zoning Board of Appeals Alternates,statewide,Kat Smith,D,0,0.00%
Zoning Board of Appeals Alternates,statewide,"John Allen, Jr.",R,0,0.00%
Board of Education,statewide,Jenny Danburg,D,0,0.00%
Board of Education,statewide,Judith Jencks,D,0,0.00%
Board of Education,statewide,Laura Sweet,WI,0,0.00%
Zoning Board of Appeals Alternate,statewide,Robert Castronova,D,0,0.00%
Zoning Board of Appeals Alternate,statewide,Kaitlin Clabbers,D,0,0.00%
Zoning Board of Appeals Full Term,statewide,Alan Clavette,D,0,0.00%
Zoning Board of Appeals Full Term,statewide,Rachel Rowan,R,0,0.00%
Zoning Board of Appeals Full Term,statewide,Jim O'Connor,R,0,0.00%
Zoning Board of Appeals,statewide,Lynn Scoville,R,316,57.45%
Zoning Board of Appeals,statewide,Christi Bodwell,R,234,42.55%
Representative Town Meeting 4th District,statewide,Joanna Gorman,D,0,0.00%
Representative Town Meeting 4th District,statewide,Gyanu Shrestha,D,0,0.00%
Representative Town Meeting 4th District,statewide,Shahida Soomro,D,0,0.00%
Representative Town Meeting 4th District,statewide,Dan Adelman,D,0,0.00%
Representative Town Meeting 4th District,statewide,Massimo Gambardella,R,0,0.00%
Representative Town Meeting 4th District,statewide,Sean Kelly,R,0,0.00%
Representative Town Meeting 4th District,statewide,Chuck Witkowski,R,0,0.00%
Representative Town Meeting 4th District,statewide,Chiran Neupane,R,0,0.00%
Planning and Zoning Commission Alternate,statewide,Elizabeth Kirmmse,D,0,0.00%
Planning and Zoning Commission Alternate,statewide,Mark Leonard,D,0,0.00%
Planning and Zoning Commission Alternate,statewide,Joseph E. Cherenzia,R,0,0.00%
Planning and Zoning Commission Alternate,statewide,"Mark S. Perkins, Jr.",R,0,0.00%
Board of Representatives District 7,statewide,Michael McKeown,D,0,0.00%
Board of Representatives District 7,statewide,Winton Hill,D,0,0.00%
Board of Representatives District 7,statewide,Michael Battinelli,R,0,0.00%
Zoning Board of Appeals Five Year Term Begins 2025,statewide,Arthur Jackman,R,0,0.00%
Board of Alder Ward 10,statewide,Anna Marie Festa,D,0,0.00%
Board of Education,statewide,Yvonne Temple,D,0,0.00%
Board of Education,statewide,Kenneth L. Pugh Sr.,D,0,0.00%
Board of Education,statewide,Mike Fiorello,D,0,0.00%
Board of Education,statewide,Kristen Zapata,D,0,0.00%
Board of Education,statewide,Prez Palmer,R,0,0.00%
Board of Education,statewide,"Edward ""Ed"" Kingston",R,0,0.00%
Board of Education,statewide,Laura Dancho,R,0,0.00%
Board of Education,statewide,James J. Connor,R,0,0.00%
Zoning Board of Appeals Alternate,statewide,Joe Cieslowski,D,0,0.00%
Zoning Board of Appeals Five Year Term Begins 2026,statewide,William H LeGeyt Jr,R,0,0.00%
Zoning Board of Appeals Alternate Full Term,statewide,Edward W. Smalley Jr.,R,0,0.00%
Zoning Board of Appeals Alternate,statewide,Brendan Kane,D,237,49.58%
Zoning Board of Appeals Alternate,statewide,Paul Tetreault,R,241,50.42%
Water Pollution Control Authority,statewide,Michael Blanchette,D,0,0.00%
Water Pollution Control Authority,statewide,Daniel Holmes,D,0,0.00%
Water Pollution Control Authority,statewide,Nicholas D Shute,R,0,0.00%
Water Pollution Control Authority,statewide,Benjamin R Frost,R,0,0.00%
Regional Board of Education,statewide,Anna B. James,D,0,0.00%
Regional Board of Education,statewide,Lannie Mossberg,R,0,0.00%
Constables,statewide,Tracy Carlucci,D,0,0.00%
Constables,statewide,"Raymond Martin, III",D,0,0.00%
Constables,statewide,David Katz,D,0,0.00%
Constables,statewide,Irv Silverman,D,0,0.00%
Constables,statewide,Darrin  D. Silhavy,R,0,0.00%
Constables,statewide,Genevieve Waterbury,R,0,0.00%
Constables,statewide,Anthony Battaglia,R,0,0.00%
Regional Board of Education,statewide,Patricia Allyn Mechare,D,0,0.00%
Regional Board of Education,statewide,Patricia Allyn Mechare,R,0,0.00%
Council Members District 139,statewide,Eneida Martinez,D,0,0.00%
Council Members District 139,statewide,Ernest E. Newton II,D,0,0.00%
Council Members District 139,statewide,Javier Leon,R,0,0.00%
Council Members District 139,statewide,Ashley Velez,R,0,0.00%
Regional Board of Education To Fill Vacancy for Two Years,statewide,Julie Marshall,D,0,0.00%
Planning & Zoning Commission,statewide,Thomas Benoit,D,0,0.00%
Planning & Zoning Commission,statewide,Robin Chesmer,D,0,0.00%
Planning & Zoning Commission,statewide,Todd Plourde,R,0,0.00%
Constables,statewide,Richard A. Huoppi,D,0,0.00%
Constables,statewide,Stephen Chouinard,D,0,0.00%
Constables,statewide,William A. Ireland,R,0,0.00%
Constables,statewide,Christopher Coyle,R,0,0.00%
Constables,statewide,Jessica Ireland,R,0,0.00%
Zoning Board of Appeals,statewide,Kieran J. Ahern,D,0,0.00%
Zoning Board of Appeals,statewide,Keisha S. Gatison,D,0,0.00%
Zoning Board of Appeals,statewide,Andrew P. Gorry,R,0,0.00%
Zoning Board of Appeals,statewide,"Luigi G. Coppola, Sr.",R,0,0.00%
Regional Board of Education,statewide,Lisa Connelly,D,0,0.00%
Regional Board of Education,statewide,Tara Amatrudo,D,0,0.00%
Regional Board of Education,statewide,Matthew S. Nunzianto,R,0,0.00%
Zoning Board of Appeals Five Year Term Begins 2025,statewide,Michaelle Pearson,D,0,0.00%
Zoning Board of Appeals Five Year Term Begins 2025,statewide,Stephen Dix,R,0,0.00%
Zoning Board of Appeals Alternate,statewide,Jamie Kleinman,D,520,100.00%
Zoning Board of Appeals Five Year Term Begins 2025,statewide,Marc Cardwell,D,0,0.00%
Zoning Board of Appeals Five Year Term Begins 2025,statewide,Zachary Burdick-Chapel,R,0,0.00%
Library Board of Trustees,statewide,Kate Zapadka,D,0,0.00%
Library Board of Trustees,statewide,Elizabeth Fabrizi,D,0,0.00%
Library Board of Trustees,statewide,Megan E Ruppenicker,R,0,0.00%
Library Board of Trustees,statewide,Nilani Shankar,R,0,0.00%
Councilman District 9,statewide,Tameeka Parks,D,0,0.00%
Councilman District 9,statewide,James Anthony,R,0,0.00%
Board of Education District 4,statewide,Tom Koba,D,0,0.00%
Board of Education District 4,statewide,Cindy Wolfe Boynton,D,0,0.00%
Board of Education District 4,statewide,Frank Fanelli III,R,0,0.00%
Representative Town Meeting District 2,statewide,Vincent Arguimbau,NonP,0,0.00%
Representative Town Meeting District 2,statewide,Karen Knapp,NonP,0,0.00%
Representative Town Meeting District 2,statewide,Petr Marousek,NonP,0,0.00%
Representative Town Meeting District 2,statewide,Kelly Scallon,NonP,0,0.00%
Representative Town Meeting District 2,statewide,Ann-Gail Hult,NonP,0,0.00%
Representative Town Meeting District 2,statewide,Jacquie Miller,NonP,0,0.00%
Representative Town Meeting District 2,statewide,Matthew Baldwin,NonP,0,0.00%
Inland Wetlands Board to Fill Vacancy for Two Years,statewide,Noah Berkowicz,D,0,0.00%
Inland Wetlands Board to Fill Vacancy for Two Years,statewide,Chris Luffman,R,0,0.00%
Councilmen District I,statewide,Steven Spillane,D,0,0.00%
Councilmen District I,statewide,Mary Isaac,D,0,0.00%
Councilmen District I,statewide,Mike Buswell,R,0,0.00%
Councilmen District I,statewide,Mike Colohan,R,0,0.00%
Zoning Board of Appeals Five Year Term Begins 2027,statewide,RICHARD DEVINE,R,688,100.00%
Zoning Board of Appeals Alternates To Fill Vacancy for Two Years,statewide,John Merz,D,0,0.00%
Zoning Board of Appeals Alternates To Fill Vacancy for Two Years,statewide,Amy McLean Salls,D,0,0.00%
Zoning Board of Appeals Alternates To Fill Vacancy for Two Years,statewide,Kelly Kearney,R,0,0.00%
Zoning Board of Appeals Alternates To Fill Vacancy for Two Years,statewide,Andrew Droney,R,0,0.00%
Zoning Board of Appeals Alternates To Fill Vacancy for Two Years,statewide,Tim Walczak,R,0,0.00%
Representative Town Meeting District 1,statewide,Doug Kniffin,D,0,0.00%
Representative Town Meeting District 1,statewide,Kenneth Astarita,R,0,0.00%
Representative Town Meeting District 1,statewide,Melissa Longo,R,0,0.00%
Representative Town Meeting District 1,statewide,Peter Britton,R,0,0.00%
Representative Town Meeting District 1,statewide,Brooke Sparacino,R,0,0.00%
Zoning Board of Appeals Alternate,statewide,Catherine W. Sampson,D,0,0.00%
Zoning Board of Appeals Alternate,statewide,Jean McCarthy,D,0,0.00%
Planning Commission To Fill Vacancy for Two Years,statewide,Jena Alviti,D,0,0.00%
Planning Commission To Fill Vacancy for Two Years,statewide,Cynthia Ross-Zweig,R,0,0.00%
Planning & Zoning Commission Alternate Three Year Term Begins 2025,statewide,Betsy Perlman,D,0,0.00%
Constable To Fill Vacancy for Two Years,statewide,James P. Barton,WI,3,16.67%
Constable To Fill Vacancy for Two Years,statewide,Christina Cresenzi,WI,15,83.33%
Zoning Board of Appeals Alternate,statewide,Meghan Gallagher,D,0,0.00%
Police Commission,statewide,Alfred H. (Chub) Wilcox,D,0,0.00%
Police Commission,statewide,Renee Root Shippee,D,0,0.00%
Police Commission,statewide,Kristin Bonneau,D,0,0.00%
Police Commission,statewide,Jill Notar-Francesco,D,0,0.00%
Police Commission,statewide,Shawn Hatchel,R,0,0.00%
Police Commission,statewide,Mark Caldarella,R,0,0.00%
Police Commission,statewide,Mike Kapij,R,0,0.00%
Police Commission,statewide,Charles Gadon,R,0,0.00%
Zoning Board of Appeals Alternates,statewide,Sarah Unfried,R,996,54.88%
Zoning Board of Appeals Alternates,statewide,Leif Smith,G,819,45.12%
Library Trustee To Fill Vacancy for Two Years,statewide,Laurel White,D,0,0.00%
City Sheriffs,statewide,Christopher Grizzle,D,0,0.00%
City Sheriffs,statewide,"Sean P. Rowley, Sr..",D,0,0.00%
City Sheriffs,statewide,Timothy Holman,R,0,0.00%
City Sheriffs,statewide,Joseph Jeanette,R,0,0.00%
City Sheriffs,statewide,Frank Appleby,R,0,0.00%
Zoning Board of Appeals,statewide,Denise Farren,D,0,0.00%
Zoning Board of Appeals,statewide,Brianna Ferraro,D,0,0.00%
Zoning Board of Appeals,statewide,Jackie Mustakas,D,0,0.00%
Zoning Board of Appeals,statewide,Jay R. Streaman,R,0,0.00%
Zoning Board of Appeals,statewide,Douglas Cuny,R,0,0.00%
Zoning Board of Appeals,statewide,Kristin Fedders,R,0,0.00%
Zoning Board of Appeals,statewide,Jay R. Streaman,IND,0,0.00%
Zoning Board of Appeals,statewide,Douglas Cuny,IND,0,0.00%
Zoning Board of Appeals,statewide,Kristin Fedders,IND,0,0.00%
"Board of Education Full Term Five to be Elected, Not More Than Three from One Party",statewide,Lea Agbomson,D,0,0.00%
"Board of Education Full Term Five to be Elected, Not More Than Three from One Party",statewide,Shaun Ratchford,D,0,0.00%
"Board of Education Full Term Five to be Elected, Not More Than Three from One Party",statewide,Luisa Zagottis-Britton,D,0,0.00%
"Board of Education Full Term Five to be Elected, Not More Than Three from One Party",statewide,Al Almeida,D,0,0.00%
"Board of Education Full Term Five to be Elected, Not More Than Three from One Party",statewide,Mini Santosh,D,0,0.00%
"Board of Education Full Term Five to be Elected, Not More Than Three from One Party",statewide,Cyndi Henry,R,0,0.00%
"Board of Education Full Term Five to be Elected, Not More Than Three from One Party",statewide,J. Antony Borges,R,0,0.00%
"Board of Education Full Term Five to be Elected, Not More Than Three from One Party",statewide,Cameron M Coe,R,0,0.00%
"Board of Education Full Term Five to be Elected, Not More Than Three from One Party",statewide,Sherry LeBlanc,R,0,0.00%
"Board of Education Full Term Five to be Elected, Not More Than Three from One Party",statewide,Christopher C. Garitee,R,0,0.00%
"Board of Education Full Term Five to be Elected, Not More Than Three from One Party",statewide,Luisa Zagottis-Britton,WF,0,0.00%
"Board of Education Full Term Five to be Elected, Not More Than Three from One Party",statewide,Al Almeida,WF,0,0.00%
"Board of Education Full Term Five to be Elected, Not More Than Three from One Party",statewide,Mini Santosh,WF,0,0.00%
"Board of Education Full Term Five to be Elected, Not More Than Three from One Party",statewide,Cyndi Henry,IND,0,0.00%
Library Trustee To Fill Vacancy for Two Years,statewide,Alyssa DeBarros,R,0,0.00%
Planning & Zoning Commission Alternate,statewide,Amy Monahan,D,0,0.00%
Planning & Zoning Commission To Fill Vacancy for Two Years,statewide,Carlie Dailey,D,0,0.00%
Planning & Zoning Commission,statewide,Susan Lynn,D,0,0.00%
Planning & Zoning Commission,statewide,"Stanley MacMillan, Jr.",D,0,0.00%
Planning & Zoning Commission,statewide,"Stanley MacMillan, Jr.",R,0,0.00%
Fire Commissioner Alternate,statewide,Gary A Stango,D,0,0.00%
Fire Commissioner Alternate,statewide,Felix A Sambuco,R,0,0.00%
Board of Assessment Appeals,statewide,Alison Dvorak,D,0,0.00%
Board of Assessment Appeals,statewide,Ethan J Gagnon,R,0,0.00%
Sewer Commission,statewide,Elissa Potts,D,0,0.00%
Sewer Commission,statewide,Catherine Mazza,D,0,0.00%
Sewer Commission,statewide,Carmel Karina O'Meara,R,0,0.00%
Representative Town Meeting District Six,statewide,Seth Braunstein,NonP,0,0.00%
Representative Town Meeting District Six,statewide,Alma Sarelli,NonP,0,0.00%
Representative Town Meeting District Six,statewide,Candace Banks,NonP,0,0.00%
Representative Town Meeting District Six,statewide,Lauren Karpf,NonP,0,0.00%
Zoning Board of Appeals Alternate,statewide,Leslie Lavallee,D,880,43.01%
Zoning Board of Appeals Alternate,statewide,Ross Dimock,R,1166,56.99%
Ethics Commission Alternate Full Term,statewide,Andrew Schmitz,D,0,0.00%
Ethics Commission Alternate Full Term,statewide,Margo Hilfinger Elliott,R,0,0.00%
Councilperson District 4,statewide,Gary Donovan,D,0,0.00%
Councilperson District 4,statewide,Domenic Broccoli,R,0,0.00%
Zoning Board of Appeals Alternates,statewide,Marianne Dess-Santoro,D,0,0.00%
Zoning Board of Appeals Alternates,statewide,Haritha Subramanian,D,0,0.00%
Zoning Board of Appeals Alternates,statewide,Donna Mambrino,R,0,0.00%
Zoning Board of Appeals Alternates,statewide,Steven Lam,R,0,0.00%
Zoning Board of Appeals To Fill Vacancy for Two Years,statewide,Vincent Scafa,R,0,0.00%
1st Taxing District Commissioner,statewide,Jalin Sead,D,0,0.00%
1st Taxing District Commissioner,statewide,Tricia Massucco,R,0,0.00%
Representative Town Meeting District 3,statewide,Hale Bayram,NonP,0,0.00%
Representative Town Meeting District 3,statewide,Isra Selin Bayram,NonP,0,0.00%
Representative Town Meeting District 3,statewide,John V. Bologna,NonP,0,0.00%
Representative Town Meeting District 3,statewide,Christopher Joseph Colford,NonP,0,0.00%
Representative Town Meeting District 3,statewide,Tiffany Aparecida Evangelista,NonP,0,0.00%
Representative Town Meeting District 3,statewide,Paul Charles Genovese,NonP,0,0.00%
Representative Town Meeting District 3,statewide,"Peter P. Mynarski, Jr.",NonP,0,0.00%
Representative Town Meeting District 3,statewide,Rosalind Nicastro,NonP,0,0.00%
Representative Town Meeting District 3,statewide,"Sylvester J. Pecora, Sr.",NonP,0,0.00%
Representative Town Meeting District 3,statewide,Steven Paul Rubin,NonP,0,0.00%
Representative Town Meeting District 3,statewide,Karsten Vagner,NonP,0,0.00%
Library Trustees Full Term,statewide,Amy Bourque,D,329,31.82%
Library Trustees Full Term,statewide,Linda Ackerman,D,175,16.92%
Library Trustees Full Term,statewide,Pamela Langer,D,300,29.01%
Library Trustees Full Term,statewide,Linda Ackerman,R,230,22.24%
Planning & Zoning Commission Alternate Full Term,statewide,Sandra M. Anasoulis,R,246,100.00%
Planning and Zoning Commission,statewide,Mary Ann Chinatti,D,0,0.00%
Planning and Zoning Commission,statewide,Karla Desjardins,D,0,0.00%
Planning and Zoning Commission,statewide,Daniel Kapszukiewicz,R,0,0.00%
Planning & Zoning Commission,statewide,Tony Griggs,D,0,0.00%
Planning & Zoning Commission,statewide,Kim Hargrave,D,0,0.00%
Planning & Zoning Commission,statewide,Sarah Diamond,D,0,0.00%
Planning & Zoning Commission,statewide,Patrick Donovan II,R,0,0.00%
Planning & Zoning Commission,statewide,Vernon Smith,R,0,0.00%
Planning & Zoning Commission,statewide,Mark Medrzychowski,R,0,0.00%
Zoning Board of Appeals Alternate Five Year Term Begins 2026,statewide,Pamela Rahn,D,681,35.41%
Zoning Board of Appeals Alternate Five Year Term Begins 2026,statewide,Brooke Cheney,R,1242,64.59%
Constable,statewide,Breina Schain,D,0,0.00%
Constable,statewide,Ron Gagliardi,D,0,0.00%
Constable,statewide,Michael Rapetski,R,0,0.00%
Constable,statewide,Randy Raines,R,0,0.00%
Zoning Board of Appeals,statewide,Jane Donn,D,0,0.00%
Zoning Board of Appeals,statewide,Robert Ratzenberger,R,0,0.00%
Zoning Board of Appeals,statewide,Michael Novak,R,0,0.00%
Inland Wetlands Commission                             Full Three Year Term Begins 2026,statewide,Robert Smith,D,0,0.00%
Inland Wetlands Commission,statewide,Jason Hoyt,D,0,0.00%
Inland Wetlands Commission,statewide,Donna Lesch,D,0,0.00%
Inland Wetlands Commission,statewide,Thomas Weldon,D,0,0.00%
Inland Wetlands Commission,statewide,Daniel Slywka,R,0,0.00%
Water Pollution Control Authority,statewide,Susan Salisbury,D,810,38.87%
Water Pollution Control Authority,statewide,Kenneth Sabourin,R,1274,61.13%
Board of Assessment Appeals,statewide,Kim Lang,R,0,0.00%
Zoning Board of Appeals To Fill Vacancy for Two Years,statewide,Dennis Bloom,R,0,0.00%
Representative Town Meeting 5th District,statewide,Tracy Everson,D,0,0.00%
Representative Town Meeting 5th District,statewide,Alex Larsson,D,0,0.00%
Representative Town Meeting 5th District,statewide,John Hartwell,D,0,0.00%
Representative Town Meeting 5th District,statewide,Abigail  E. Adams,D,0,0.00%
Representative Town Meeting 5th District,statewide,Ray Ingraham,R,0,0.00%
Representative Town Meeting 5th District,statewide,Dennis Flanigan,R,0,0.00%
Representative Town Meeting 5th District,statewide,Paul Crisci,R,0,0.00%
Representative Town Meeting 5th District,statewide,Carolyn Sires,R,0,0.00%
Zoning Board of Appeals Full Term,statewide,David McCord,D,0,0.00%
Zoning Board of Appeals Full Term,statewide,"Stanley ""Chet"" Stefanowicz",D,0,0.00%
Zoning Board of Appeals Full Term,statewide,Michael Westgate,R,0,0.00%
Zoning Board of Appeals Full Term,statewide,Will Mason,R,0,0.00%
Board of Representatives District 8,statewide,Theodore Gross,D,0,0.00%
Board of Representatives District 8,statewide,Matthew Yeager,D,0,0.00%
Board of Representatives District 8,statewide,Maria Larrea,R,0,0.00%
Board of Representatives District 8,statewide,Ammy G. Hernandez,IND,0,0.00%
Zoning Board of Appeals Five Year Term Begins 2026,statewide,Keith Schaufler,R,0,0.00%
Board of Alder Ward 11,statewide,Henry Rodney Murphy Sr.,D,0,0.00%
Planning Commission District III,statewide,Jennifer Budai,D,0,0.00%
Planning Commission District III,statewide,Earl Samerotti,R,0,0.00%
Regional Board of Education,statewide,Craig Whiting,R,0,0.00%
Zoning Board of Appeals Five Year Term Begins 2027,statewide,Kevin Noblet,D,0,0.00%
Zoning Board of Appeals Five Year Term Begins 2027,statewide,Daniel Lamont,R,0,0.00%
Library Board of Trustees,statewide,Diane Sanchez,D,238,26.33%
Library Board of Trustees,statewide,Diana Alvarez,D,210,23.23%
Library Board of Trustees,statewide,Diane Sanchez,R,223,24.67%
Library Board of Trustees,statewide,Diana Alvarez,R,233,25.77%
Planning & Zoning Commission Alternate,statewide,Kimberly Meanix Miller,D,0,0.00%
Planning & Zoning Commission Alternate,statewide,Ethan Stearns,R,0,0.00%
Zoning Board of Appeals Five Year Term Begins 2026,statewide,Kip Kotzan,D,0,0.00%
Zoning Board of Appeals Five Year Term Begins 2026,statewide,Lisa K Siegmund,D,0,0.00%
Zoning Board of Appeals Five Year Term Begins 2026,statewide,Shirley J Freeman,R,0,0.00%
Board of Education District 5,statewide,Hanna Tedros,D,0,0.00%
Board of Education District 5,statewide,Nicole Flowers,D,0,0.00%
Board of Education District 5,statewide,Suzanne DiBiase,R,0,0.00%
Board of Education District 5,statewide,Gerald Mirto,R,0,0.00%
Board of Police Commissioners,statewide,Sharon Wicks Dornfeld,D,0,0.00%
Board of Police Commissioners,statewide,Stephen Riebling,D,0,0.00%
Board of Police Commissioners,statewide,John Frey,R,0,0.00%
Board of Police Commissioners,statewide,Marcie Coffin,R,0,0.00%
Councilmen District II,statewide,Jennifer Winschel,D,0,0.00%
Councilmen District II,statewide,Bill Mecca,D,0,0.00%
Councilmen District II,statewide,Jayne Sarris,R,0,0.00%
Councilmen District II,statewide,Ann Sather,R,0,0.00%
Constables,statewide,JAMES F BAIRD,D,650,25.56%
Constables,statewide,MICHAEL CRAWFORD,R,618,24.30%
Constables,statewide,GEORGE O LINKLETTER,R,586,23.04%
Constables,statewide,ROBERT OSTROSKY,R,689,27.09%
Planning Commission Alternates,statewide,Tom Quigley,D,0,0.00%
Planning Commission Alternates,statewide,Christina McCartney,D,0,0.00%
Planning Commission Alternates,statewide,Richard M Maccarone Jr,R,0,0.00%
Planning Commission Alternates,statewide,Timothy Bellavita,R,0,0.00%
Library Board of Trustee Full Term,statewide,Don Heymann,D,0,0.00%
Library Board of Trustee Full Term,statewide,Anne Erickson,R,0,0.00%
Library Board of Trustee Full Term,statewide,Susan Ray,R,0,0.00%
Library Board of Trustee Full Term,statewide,Jennifer Pringle,R,0,0.00%
Representative Town Meeting District 2,statewide,Tara Cook-Littman,D,0,0.00%
Representative Town Meeting District 2,statewide,Scott Bisang,D,0,0.00%
Representative Town Meeting District 2,statewide,Craig Diamond,D,0,0.00%
Representative Town Meeting District 2,statewide,Gil Larsen,D,0,0.00%
Representative Town Meeting District 2,statewide,Edward Bateson,R,0,0.00%
Representative Town Meeting District 2,statewide,Denise Fernandez,R,0,0.00%
Representative Town Meeting District 2,statewide,Meghan McCloat,R,0,0.00%
Representative Town Meeting District 2,statewide,Christopher Shea,R,0,0.00%
Library Trustees,statewide,John Lippert,D,0,0.00%
Library Trustees,statewide,Elizabeth Fitzroy,R,0,0.00%
Library Trustees,statewide,Linda Falletti,R,0,0.00%
Library Trustees,statewide,Nancy A. Neff,PC,0,0.00%
Planning & Zoning Commission Alternate Three Year Term Begins 2026,statewide,James David Askey,R,0,0.00%
Regional Board of Education,statewide,Autumn Cloud-Ingram,D,0,0.00%
Regional Board of Education,statewide,Lulefer Vinca,R,0,0.00%
Representative Town Meeting District 4,statewide,Javier Alejandro Aleman,NonP,0,0.00%
Representative Town Meeting District 4,statewide,Seth Wayland Bacon,NonP,0,0.00%
Representative Town Meeting District 4,statewide,Ronald Francis Carosella,NonP,0,0.00%
Representative Town Meeting District 4,statewide,Andrea J. Casson,NonP,0,0.00%
Representative Town Meeting District 4,statewide,"Elizabeth J. ""Liz"" Eckert",NonP,0,0.00%
Representative Town Meeting District 4,statewide,Rosemarie Macaluso,NonP,0,0.00%
Representative Town Meeting District 4,statewide,Alexander J. Popp,NonP,0,0.00%
Representative Town Meeting District 4,statewide,Catherine E. Reynolds,NonP,0,0.00%
Representative Town Meeting District 4,statewide,Romulo E. Samaniego,NonP,0,0.00%
Representative Town Meeting District 4,statewide,Diego Sanchez,NonP,0,0.00%
Representative Town Meeting District 4,statewide,Gregg E. Sollenne,NonP,0,0.00%
Representative Town Meeting District 4,statewide,Lucy H. von Brachel,NonP,0,0.00%
Representative Town Meeting District 4,statewide,Bonnie F. Zeh,NonP,0,0.00%
Representative Town Meeting District 4,statewide,Matthew James DeMarkey,WI,0,0.00%
Representative Town Meeting District 4,statewide,Mark D. Fichtel,WI,0,0.00%
Representative Town Meeting District 4,statewide,Malcolm S. Frampton,WI,0,0.00%
Representative Town Meeting District 4,statewide,Chris T. Leonard,WI,0,0.00%
Park & Recreation Commission,statewide,Nancy Gatta,D,0,0.00%
Park & Recreation Commission,statewide,Alejandro Bertran,R,0,0.00%
Park & Recreation Commission,statewide,Barbara Krucko,R,0,0.00%
Park & Recreation Commission,statewide,Theresa Watford,R,0,0.00%
Constables,statewide,Ron Derven,D,1454,18.94%
Constables,statewide,Jeffrey A. Boxer,D,1498,19.51%
Constables,statewide,Jeffery Fligelman,D,1490,19.41%
Constables,statewide,Cheryl Graziano,D,1556,20.27%
Constables,statewide,Jeanine Herman,R,744,9.69%
Constables,statewide,Urs B. Furrer,R,690,8.99%
Constables,statewide,Leif Smith,G,245,3.19%
Planning & Zoning Commission Alternate Full Term,statewide,Sophie Arustei,D,0,0.00%
Zoning Board of Appeals Alternate,statewide,Myra Drucker,D,0,0.00%
Board of Education To Fill Vacancy for Two Years,statewide,Rich Jannelli,D,0,0.00%
Board of Education To Fill Vacancy for Two Years,statewide,July C Miliano,R,0,0.00%
Board of Education To Fill Vacancy for Two Years,statewide,July C Miliano,IND,0,0.00%
Planning & Zoning Commission Alternate,statewide,Marlene Reynolds,R,0,0.00%
Constables,statewide,Henrietta C Horvay,D,0,0.00%
Constables,statewide,Dexter S Kinsella,D,0,0.00%
Constables,statewide,Gary A Stango,D,0,0.00%
Constables,statewide,Bryan T Beausoleil,R,0,0.00%
Constables,statewide,Marianne Arancio Stilson,R,0,0.00%
Constables,statewide,Russell B Hurley,R,0,0.00%
Constables,statewide,Michael J Esposito,R,0,0.00%
Planning & Zoning Commission,statewide,Calli E Carboni,D,0,0.00%
Planning & Zoning Commission,statewide,David Bachand,D,0,0.00%
Planning & Zoning Commission,statewide,Josh Gagnon,R,0,0.00%
Planning & Zoning Commission,statewide,Patrick McCarthy,R,0,0.00%
Planning & Zoning Commission,statewide,Matt Calvert,R,0,0.00%
Representative Town Meeting District Seven,statewide,Joseph Carson,NonP,0,0.00%
Representative Town Meeting District Seven,statewide,Ellen Lautenberg Hendel,NonP,0,0.00%
Representative Town Meeting District Seven,statewide,Jack Klinge,NonP,0,0.00%
Representative Town Meeting District Seven,statewide,Brandi Briggs,NonP,0,0.00%
Ethics Commission Alternate to Fill Vacancy for Two Years,statewide,Kate Webb,D,0,0.00%
Ethics Commission Alternate to Fill Vacancy for Two Years,statewide,Elizabeth M. Scholfield,R,0,0.00%
Councilperson District 5,statewide,Edward McMillian,D,0,0.00%
Councilperson District 5,statewide,Bob Wittkofske,R,0,0.00%
Planning & Zoning Commission Alternate,statewide,Andrus Nichols,D,0,0.00%
Library Trustee To Fill Vacancy for Two Years,statewide,Darcey M. Lovell,D,329,100.00%
Constables,statewide,Swapna Das,D,0,0.00%
Constables,statewide,Peter Bagdigian,D,0,0.00%
Constables,statewide,Geno J Avenoso,R,0,0.00%
Constables,statewide,April A Rogers,R,0,0.00%
1st Taxing District Treasurer,statewide,Rosa M. Murray,D,0,0.00%
1st Taxing District Treasurer,statewide,John C. Miller Jr.,R,0,0.00%
Zoning Board of Appeals To Fill Vacancy for Two Years,statewide,Joel I. Rudikoff,D,0,0.00%
Regional Board of Education To Fill Vacancy for Two Years,statewide,Ben Sodergren,D,0,0.00%
Regional Board of Education To Fill Vacancy for Two Years,statewide,Aubrey Gonzalez,R,0,0.00%
Library Board Full Term,statewide,Kristine Oulman,D,0,0.00%
Library Board Full Term,statewide,Diane Parker,R,0,0.00%
Planning and Zoning Commission Alternate,statewide,Zulfiqar Ali,R,0,0.00%
Library Trustees Full Term,statewide,Timothy Gillane,D,0,0.00%
Library Trustees Full Term,statewide,Sally J. Rogers,D,0,0.00%
Library Trustees Full Term,statewide,Susan Black,R,0,0.00%
Representative Town Meeting District 3,statewide,Anne King,NonP,0,0.00%
Representative Town Meeting District 3,statewide,Seth Morton,NonP,0,0.00%
Representative Town Meeting District 3,statewide,Doug Creutz,NonP,0,0.00%
Representative Town Meeting District 3,statewide,Cynthia Torres,NonP,0,0.00%
Representative Town Meeting District 3,statewide,Thomas Moore,NonP,0,0.00%
Representative Town Meeting District 3,statewide,Bill Dunn,NonP,0,0.00%
Representative Town Meeting District 3,statewide,Steven Walker,NonP,0,0.00%
Representative Town Meeting District 3,statewide,Beth Lane,NonP,0,0.00%
Representative Town Meeting District 3,statewide,Adele Conniff,NonP,0,0.00%
Representative Town Meeting District 3,statewide,Kari Cardone,NonP,0,0.00%
Board of Education,statewide,Melissa A. Kaplan,D,0,0.00%
Board of Education,statewide,Nancy Edmonds-Hill,D,0,0.00%
Board of Education,statewide,Christopher M. Piscitelli,D,0,0.00%
Board of Education,statewide,David Asbery,D,0,0.00%
Board of Education,statewide,Marcia Brown,R,0,0.00%
Board of Education,statewide,Crystal Dailey,R,0,0.00%
Regional Board of Education,statewide,Dayan Aguilera-Rua,D,685,17.77%
Regional Board of Education,statewide,Power Boothe,D,700,18.16%
Regional Board of Education,statewide,Thomas R Fausel,R,1248,32.37%
Regional Board of Education,statewide,Matthew Szydlo,R,1222,31.70%
Inland Wetlands Commission Alternates,statewide,Matt Linnell,D,0,0.00%
Planning & Zoning Commission,statewide,Cheryl Blanchard,D,0,0.00%
Planning & Zoning Commission,statewide,Kim Sperry,D,0,0.00%
Planning & Zoning Commission,statewide,Trevor Danburg,D,0,0.00%
Planning & Zoning Commission,statewide,Robert D Adams,R,0,0.00%
Planning & Zoning Commission,statewide,Veronica Lutzen,R,0,0.00%
Zoning Board of Appeals Alternates,statewide,Betsy Paynter,D,0,0.00%
Zoning Board of Appeals Alternates,statewide,Pete Wlasuk,R,0,0.00%
Zoning Board of Appeals Alternates,statewide,Stephen Riccitelli,R,0,0.00%
Representative Town Meeting 6th District,statewide,Chris Sullivan,D,0,0.00%
Representative Town Meeting 6th District,statewide,Nancy McCormack,D,0,0.00%
Representative Town Meeting 6th District,statewide,Gino Popolizio,R,0,0.00%
Representative Town Meeting 6th District,statewide,Joseph Loffredo,R,0,0.00%
Representative Town Meeting 6th District,statewide,Anthony Alfone,R,0,0.00%
Zoning Board of Appeals To Fill Vacancy for Four Years,statewide,Steven Weicksel,D,0,0.00%
Board of Representatives District 9,statewide,Kindrea Walston,D,0,0.00%
Board of Representatives District 9,statewide,Candace Weathers,D,0,0.00%
Board of Representatives District 9,statewide,Osvin Lucero-Garcia,IND,0,0.00%
Zoning Board of Appeals Alternate Five Year Term Begins 2025,statewide,Steven Bedford,D,0,0.00%
Board of Alder Ward 12,statewide,Theresa L. Morant,D,0,0.00%
Board of Alder Ward 12,statewide,"Robert J. Vitello, Sr.",R,0,0.00%
Board of Alder Ward 12,statewide,"Robert J. Vitello, Sr.",IND,0,0.00%
Planning Commission District IV,statewide,Andrea Corcoran,D,0,0.00%
Planning Commission District IV,statewide,Debra Lamberti,R,0,0.00%
Regional Board of Education,statewide,Judy Doyle,D,0,0.00%
Regional Board of Education,statewide,Mary Duran,R,0,0.00%
Police Commission,statewide,Luis Vazquez,D,0,0.00%
Police Commission,statewide,Roy Zettlemoyer,D,0,0.00%
Library Board of Trustees To Fill Vacancy for Two Years,statewide,Jeanette Haines,D,320,100.00%
Zoning Board of Appeals,statewide,Donna Skaats,D,0,0.00%
Zoning Board of Appeals Alternates,statewide,Richard Korsmeyer,D,0,0.00%
Zoning Board of Appeals Alternates,statewide,Kathleen Tracy,D,0,0.00%
Zoning Board of Appeals Alternates,statewide,James T. Scott,R,0,0.00%
Zoning Board of Appeals Alternates,statewide,Jill Pilgrim,R,0,0.00%
Zoning Board of Appeals Alternates,statewide,Nicholas Fulton,R,0,0.00%
Constables,statewide,Jeffrey E Smith Jr,D,0,0.00%
Constables,statewide,Adam Sheridan,D,0,0.00%
Constables,statewide,Ralph Brand,R,0,0.00%
Constables,statewide,Wanda L Willard,R,0,0.00%
Constables,statewide,Patrick J. Navin,PC,0,0.00%
Planning & Zoning Board District 1,statewide,Damon Ralph,D,0,0.00%
Planning & Zoning Board District 1,statewide,Scott Firmender,R,0,0.00%
Councilmen District III,statewide,Jason Marsh,D,0,0.00%
Councilmen District III,statewide,Christine El Eris,D,0,0.00%
Councilmen District III,statewide,Veronica Lenzen,R,0,0.00%
Councilmen District III,statewide,Rich Wolf,R,0,0.00%
Library Board of Trustee To Fill Vacancy for Four Years,statewide,Heather Czuchta,D,0,0.00%
Library Board of Trustee To Fill Vacancy for Four Years,statewide,Ruth Scroggins,R,0,0.00%
Representative Town Meeting District 3,statewide,Anne Fifick,D,0,0.00%
Representative Town Meeting District 3,statewide,Cindy Waldron,D,0,0.00%
Representative Town Meeting District 3,statewide,Myke Nicholas-Hartigan,D,0,0.00%
Representative Town Meeting District 3,statewide,Ashby Dodge,D,0,0.00%
Representative Town Meeting District 3,statewide,Shenton King,R,0,0.00%
Representative Town Meeting District 3,statewide,Karen McCormack,R,0,0.00%
Representative Town Meeting District 3,statewide,Michael Finneran,R,0,0.00%
Representative Town Meeting District 3,statewide,Jeffrey Steele,R,0,0.00%
Regional Board of Education,statewide,Timothy Rourke,D,0,0.00%
Regional Board of Education,statewide,Morgaen L. Donaldson,D,0,0.00%
Zoning Board of Appeals Five Year Term Begins 2025,statewide,James Crosskey,D,0,0.00%
Zoning Board of Appeals Five Year Term Begins 2025,statewide,James Crosskey,R,0,0.00%
Representative Town Meeting District 5,statewide,Eric Peter Beiley,NonP,0,0.00%
Representative Town Meeting District 5,statewide,Jennifer Leigh Bird,NonP,0,0.00%
Representative Town Meeting District 5,statewide,"Edward T. ""Tom"" Broadhurst, III",NonP,0,0.00%
Representative Town Meeting District 5,statewide,Linda A. Cochran,NonP,0,0.00%
Representative Town Meeting District 5,statewide,Odysseas Demosthenes Kostas,NonP,0,0.00%
Representative Town Meeting District 5,statewide,Christopher Michael Langel,NonP,0,0.00%
Representative Town Meeting District 5,statewide,Lindy Marie Lilien,NonP,0,0.00%
Representative Town Meeting District 5,statewide,Sean Andrew Olesen,NonP,0,0.00%
Representative Town Meeting District 5,statewide,"Felice ""Felix"" Rovelli",NonP,0,0.00%
Representative Town Meeting District 5,statewide,Joan Button Thakor,NonP,0,0.00%
Representative Town Meeting District 5,statewide,Kimberly R. Treibick,NonP,0,0.00%
Representative Town Meeting District 5,statewide,Jessica Nelson Basham,WI,0,0.00%
Representative Town Meeting District 5,statewide,"Joseph H. Benoit, Jr.",WI,0,0.00%
Representative Town Meeting District 5,statewide,Jerome J. Cincotta,WI,0,0.00%
Representative Town Meeting District 5,statewide,Laura Braden Davis,WI,0,0.00%
Representative Town Meeting District 5,statewide,Lauren Popper Ellis,WI,0,0.00%
Representative Town Meeting District 5,statewide,Michael E. Hahn,WI,0,0.00%
Representative Town Meeting District 5,statewide,Patricia Jomo,WI,0,0.00%
Representative Town Meeting District 5,statewide,Nancy Korobkin,WI,0,0.00%
Representative Town Meeting District 5,statewide,Hannah Peck,WI,0,0.00%
Representative Town Meeting District 5,statewide,Matthew Brian Wilson,WI,0,0.00%
Harbor Management Commission,statewide,Robert Soden,D,0,0.00%
Harbor Management Commission,statewide,David Cole,R,0,0.00%
Regional Board of Education,statewide,Meghan Bendish,D,1748,50.06%
Regional Board of Education,statewide,Kristina Scaviola,D,1744,49.94%
Planning & Zoning Commission Alternate To Fill Vacancy for Two Years,statewide,Costa Konstantinidis,R,0,0.00%
Inland Wetlands Commission Full Term,statewide,Pat Perrefort,D,0,0.00%
Inland Wetlands Commission Full Term,statewide,Chris Mustakas,D,0,0.00%
Inland Wetlands Commission Full Term,statewide,Nico Jordan,D,0,0.00%
Inland Wetlands Commission Full Term,statewide,Terry Rotella,R,0,0.00%
Inland Wetlands Commission Full Term,statewide,Kevin Seaman,R,0,0.00%
Inland Wetlands Commission Full Term,statewide,"Paul Shanley, Jr.",R,0,0.00%
Inland Wetlands Commission Full Term,statewide,Terry Rotella,IND,0,0.00%
Inland Wetlands Commission Full Term,statewide,Kevin Seaman,IND,0,0.00%
Inland Wetlands Commission Full Term,statewide,"Paul Shanley, Jr.",IND,0,0.00%
Zoning Commission,statewide,Richard Jowdy,D,0,0.00%
Zoning Commission,statewide,Jen O'Neill,D,0,0.00%
Zoning Commission,statewide,Sidney Nazario,D,0,0.00%
Zoning Commission,statewide,Henry Hall,D,0,0.00%
Zoning Commission,statewide,Bianca Ogando,D,0,0.00%
Zoning Commission,statewide,Theodore J Haddad Jr,D,0,0.00%
Zoning Commission,statewide,Michelle James,D,0,0.00%
Zoning Commission,statewide,Sonia Passos Havasi,D,0,0.00%
Zoning Commission,statewide,Gustavo Fuchs,D,0,0.00%
Zoning Commission,statewide,Thomas A Nejame,R,0,0.00%
Zoning Commission,statewide,Michelina 'Michele' Palanzo,R,0,0.00%
Zoning Commission,statewide,Tom Giegler,R,0,0.00%
Zoning Commission,statewide,Bill 'Mr Morning' Trotta,R,0,0.00%
Zoning Commission,statewide,Bruce Bennett,R,0,0.00%
Zoning Commission,statewide,Robert 'Bob' Botelho,R,0,0.00%
Zoning Commission,statewide,Milan David,R,0,0.00%
Zoning Commission,statewide,William 'Billy' Katzing,R,0,0.00%
Zoning Commission,statewide,Henry Hall,WF,0,0.00%
Zoning Commission,statewide,Theodore J Haddad Jr,WF,0,0.00%
Zoning Board of Appeals,statewide,Christopher Peterson,D,390,65.33%
Zoning Board of Appeals,statewide,"Ronald M. Bombero, Jr.",R,207,34.67%
Planning & Zoning Commission Alternate To Fill Vacancy for Four Years,statewide,John Guthrie,D,0,0.00%
Library Directors,statewide,Josephine F Jones,D,0,0.00%
Library Directors,statewide,Kristen Durso,D,0,0.00%
Library Directors,statewide,Rebecca Prause,R,0,0.00%
Planning & Zoning Commission Alternates,statewide,Calli E Carboni,D,0,0.00%
Planning & Zoning Commission Alternates,statewide,David Bachand,D,0,0.00%
Planning & Zoning Commission Alternates,statewide,Steven Boucher,R,0,0.00%
Representative Town Meeting District Eight,statewide,Josh Newman,NonP,0,0.00%
Representative Town Meeting District Eight,statewide,Wendy Goldwyn Batteau,NonP,0,0.00%
Representative Town Meeting District Eight,statewide,Jill Grayson,NonP,0,0.00%
Representative Town Meeting District Eight,statewide,Rachel Steel Cohn,NonP,0,0.00%
Agent of School Deposit Fund,statewide,Thomas W. Lindner,R,0,0.00%
Library Board To Fill Vacancy for Two Years,statewide,Lise Fleuette,D,0,0.00%
Library Board To Fill Vacancy for Two Years,statewide,Mary Welch,R,0,0.00%
Councilperson District 6,statewide,Dawn Callahan,D,0,0.00%
Councilperson District 6,statewide,Michelle  Konareski,R,0,0.00%
2nd Taxing District Commissioner,statewide,James Del Greco,D,0,0.00%
2nd Taxing District Commissioner,statewide,Martha Wooten-Dumas,D,0,0.00%
2nd Taxing District Commissioner,statewide,Luigi DiMeglio,R,0,0.00%
Zoning Board of Appeals Alternate To Fill Vacancy for Two Years,statewide,Reilly P. Cargan,R,0,0.00%
Zoning Commission,statewide,Jeff Alviti,D,0,0.00%
Zoning Commission,statewide,Kevin Kuczma,D,0,0.00%
Zoning Commission,statewide,Tomas Kavaliauskas,R,0,0.00%
Zoning Commission,statewide,John T Moran,R,0,0.00%
Zoning Board of Appeals,statewide,Audrey Richardson Lemieux,D,0,0.00%
Zoning Board of Appeals,statewide,Laura A. Dancik,R,0,0.00%
Zoning Board of Appeals Full Term,statewide,James Wexler,D,0,0.00%
Zoning Board of Appeals Full Term,statewide,Scott Pastre,R,0,0.00%
Library Board of Trustees Full Term,statewide,A Aileen Witkowski,D,1046,30.90%
Library Board of Trustees Full Term,statewide,Linda Charlton,D,972,28.71%
Library Board of Trustees Full Term,statewide,Donna Reynolds Lynch,R,1367,40.38%
Representative Town Meeting District 4,statewide,Joseph D. Miceli,NonP,0,0.00%
Representative Town Meeting District 4,statewide,Morgan Whittier,NonP,0,0.00%
Representative Town Meeting District 4,statewide,Stephanie Rodousakis,NonP,0,0.00%
Representative Town Meeting District 4,statewide,Dan Guller,NonP,0,0.00%
Representative Town Meeting District 4,statewide,Sandra Savage,NonP,0,0.00%
Representative Town Meeting District 4,statewide,Jim Cameron,NonP,0,0.00%
Representative Town Meeting District 4,statewide,Rolf Obin,NonP,0,0.00%
Representative Town Meeting District 4,statewide,Per Sekse,NonP,0,0.00%
Representative Town Meeting District 4,statewide,Dan Coonan,NonP,0,0.00%
Representative Town Meeting District 4,statewide,Andy Millar,NonP,0,0.00%
Representative Town Meeting District 4,statewide,Jennifer Kline,NonP,0,0.00%
Zoning Board of Appeals Alternate To Fill Vacancy for Two Years,statewide,Demetrius C. Leonard,D,0,0.00%
Inland Wetlands Commission Alternate                   Full Three Year Term Begins 2025,statewide,Thomas Hill,R,0,0.00%
Pomperaug Valley Water Authority,statewide,Rich Boritz,D,0,0.00%
Planning & Zoning Commission Alternates,statewide,Laura Sweet,D,0,0.00%
Planning & Zoning Commission Alternates,statewide,Nathanial Beardsworth,R,0,0.00%
Police Commissioners,statewide,Dan Cruson Jr.,D,0,0.00%
Police Commissioners,statewide,Keith Torreso,R,0,0.00%
Police Commissioners,statewide,Scott Cicciari,R,0,0.00%
Representative Town Meeting 7th District,statewide,Susan Dahill,D,0,0.00%
Representative Town Meeting 7th District,statewide,Jo-Anne Basile,D,0,0.00%
Representative Town Meeting 7th District,statewide,Barbara Maresca,R,0,0.00%
Representative Town Meeting 7th District,statewide,Kevin Healy,R,0,0.00%
Zoning Board of Appeals To Fill Vacancy for Two Years,statewide,Toula Balestracci,D,0,0.00%
Zoning Board of Appeals To Fill Vacancy for Two Years,statewide,Joshua Strunk,R,0,0.00%
Board of Representatives District 10,statewide,Felix Gardner,D,0,0.00%
Board of Representatives District 10,statewide,Stephanie Sylvestre,D,0,0.00%
Board of Representatives District 10,statewide,Ken Wenberg,R,0,0.00%
Board of Representatives District 10,statewide,Brittany L. Lawrence,IND,0,0.00%
Zoning Board of Appeals Alternate Five Year Term Begins 2026,statewide,Antonio Persechino,D,0,0.00%
Board of Alder Ward 13,statewide,Mildred Melendez,D,0,0.00%
Board of Alder Ward 13,statewide,Paul A. Garlinghouse,G,0,0.00%
Board of Alder Ward 13,statewide,Luis A. Jimenez Sr.,IND,0,0.00%
Planning Commission District V,statewide,Kathleen Callahan,D,0,0.00%
Planning Commission District V,statewide,John Zbell,R,0,0.00%
Fire Commission,statewide,Guido Montemerlo,D,0,0.00%
Fire Commission,statewide,Roy Zettlemoyer,D,0,0.00%
Fire Commission,statewide,Dennis A. Gragnolati,R,0,0.00%
Regional Board of Education,statewide,Carolyn Oppenheim,D,0,0.00%
Regional Board of Education,statewide,Leny Wallen-Friedman,D,0,0.00%
Regional Board of Education,statewide,Archangelo A. Distefano,R,0,0.00%
Regional Board of Education,statewide,Todd A. Johnston,R,0,0.00%
Zoning Board of Appeals Alternate,statewide,Diane Busey,D,0,0.00%
Zoning Board of Appeals Alternate,statewide,Edward W. Tytor,R,0,0.00%
Police Commission,statewide,Alden Mead,D,0,0.00%
Police Commission,statewide,Lawrence S. Lazaroff,R,0,0.00%
Police Commission,statewide,Robert F. Hannon,R,0,0.00%
Regional Board of Education,statewide,Sheryl Shyloski,D,0,0.00%
Regional Board of Education,statewide,Cynthia Love McCollum,D,0,0.00%
Regional Board of Education,statewide,Jason L. Kemp,D,0,0.00%
Regional Board of Education,statewide,Michael J. Hansen,D,0,0.00%
Regional Board of Education,statewide,Jarod Bushey,R,0,0.00%
Regional Board of Education,statewide,Brandy Campbell,R,0,0.00%
Regional Board of Education,statewide,Carlos Piña,R,0,0.00%
Regional Board of Education,statewide,Shaun Mastroianni,R,0,0.00%
Constables,statewide,Jeff Hasbargen,R,579,25.06%
Constables,statewide,Joseph R. Sangermano,R,592,25.63%
Constables,statewide,Roy Saluk,R,571,24.72%
Constables,statewide,John C. Daigneault,R,568,24.59%
Planning & Zoning Board District 2,statewide,John Mortimer,D,0,0.00%
Planning & Zoning Board District 2,statewide,Bob Tschilske,R,0,0.00%
Councilmen District IV,statewide,Ashley Gaudiano,D,0,0.00%
Councilmen District IV,statewide,Caryn Kaufman,D,0,0.00%
Councilmen District IV,statewide,Anthony Dorsey,R,0,0.00%
Councilmen District IV,statewide,Carl Massaro,R,0,0.00%
Representative Town Meeting District 4,statewide,Elizabeth A. Zezima,D,0,0.00%
Representative Town Meeting District 4,statewide,Jennifer A. Hauhuth,D,0,0.00%
Representative Town Meeting District 4,statewide,Laura Karson,D,0,0.00%
Representative Town Meeting District 4,statewide,Michelle McCabe,D,0,0.00%
Representative Town Meeting District 4,statewide,Dan Ford,R,0,0.00%
Representative Town Meeting District 4,statewide,Lisa Miro,R,0,0.00%
Representative Town Meeting District 4,statewide,Mike DeMato,R,0,0.00%
Representative Town Meeting District 4,statewide,Jill Grant,R,0,0.00%
Zoning Board of Appeals Five Year Term Begins 2026,statewide,Brad Goldstein,D,0,0.00%
Representative Town Meeting District 6,statewide,Jennifer Ann Andrews,NonP,0,0.00%
Representative Town Meeting District 6,statewide,Radley Baine,NonP,0,0.00%
Representative Town Meeting District 6,statewide,Marilyn Ross Cahn,NonP,0,0.00%
Representative Town Meeting District 6,statewide,Robert W. Carter,NonP,0,0.00%
Representative Town Meeting District 6,statewide,Nicole Murphy Chaudhri,NonP,0,0.00%
Representative Town Meeting District 6,statewide,Jessica Hope Cosloy,NonP,0,0.00%
Representative Town Meeting District 6,statewide,Morgan R. Evans,NonP,0,0.00%
Representative Town Meeting District 6,statewide,Noah R. Finz,NonP,0,0.00%
Representative Town Meeting District 6,statewide,Daniel Izzo,NonP,0,0.00%
Representative Town Meeting District 6,statewide,Coline Jenkins,NonP,0,0.00%
Representative Town Meeting District 6,statewide,Brian J. Maher,NonP,0,0.00%
Representative Town Meeting District 6,statewide,James S. McGuigan,NonP,0,0.00%
Representative Town Meeting District 6,statewide,John M. Merrill,NonP,0,0.00%
Representative Town Meeting District 6,statewide,Stephen Meskers,NonP,0,0.00%
Representative Town Meeting District 6,statewide,Barbara E. O'Neill,NonP,0,0.00%
Representative Town Meeting District 6,statewide,"Tracy Dawn Parsons ""Grossman""",NonP,0,0.00%
Representative Town Meeting District 6,statewide,Anna S. Povinelli,NonP,0,0.00%
Representative Town Meeting District 6,statewide,Vernon B. Schwartz,NonP,0,0.00%
Representative Town Meeting District 6,statewide,Pascale Sejean,NonP,0,0.00%
Representative Town Meeting District 6,statewide,"Kathleen S. ""Kathy"" Smith",NonP,0,0.00%
Representative Town Meeting District 6,statewide,David P. Snyder,NonP,0,0.00%
Representative Town Meeting District 6,statewide,Janet L. Stone McGuigan,NonP,0,0.00%
Representative Town Meeting District 6,statewide,Mary Manuel Tobin,NonP,0,0.00%
Representative Town Meeting District 6,statewide,Alexis Voulgaris,NonP,0,0.00%
Representative Town Meeting District 6,statewide,Stacey L. Widlitz,NonP,0,0.00%
Representative Town Meeting District 6,statewide,Joanna Githa Marie Willott,NonP,0,0.00%
Representative Town Meeting District 6,statewide,Victoria Martin Young,NonP,0,0.00%
Zoning Board of Appeals,statewide,Becky Nortz,D,0,0.00%
Zoning Board of Appeals,statewide,Jennifer Lindo,D,0,0.00%
Zoning Board of Appeals,statewide,Emil Casciano,R,0,0.00%
Zoning Board of Appeals,statewide,LaVan Norwood,R,0,0.00%
Regional Board of Education,statewide,Keri MacLean,D,0,0.00%
Regional Board of Education,statewide,"Robert J. Palumbo, III",R,0,0.00%
Inland Wetlands Commission To Fill Vacancy for Two Years,statewide,Karolyn Baumgartner,D,0,0.00%
Inland Wetlands Commission To Fill Vacancy for Two Years,statewide,Nicholas Saccomani,R,0,0.00%
Inland Wetlands Commission To Fill Vacancy for Two Years,statewide,Nicholas Saccomani,IND,0,0.00%
Zoning Commission Alternates,statewide,Elvis Novas,D,0,0.00%
Zoning Commission Alternates,statewide,Alexis Villacres,D,0,0.00%
Zoning Commission Alternates,statewide,George O'Loughlin,D,0,0.00%
Zoning Commission Alternates,statewide,Neil Palanzo,R,0,0.00%
Zoning Commission Alternates,statewide,Caron A Nejame,R,0,0.00%
Zoning Commission Alternates,statewide,David Pinckney,R,0,0.00%
Zoning Commission Alternates,statewide,Elvis Novas,WF,0,0.00%
Zoning Board of Appeals Alternate,statewide,Walter Godlewski,D,367,100.00%
Zoning Board of Appeals To Fill Vacancy for Two Years,statewide,Theodore Coulombe,D,0,0.00%
Zoning Board of Appeals,statewide,Kelsey Malik,D,0,0.00%
Zoning Board of Appeals,statewide,Derek Allard,D,0,0.00%
Zoning Board of Appeals,statewide,Traci L Hastings,R,0,0.00%
Zoning Board of Appeals,statewide,Alden Miner,R,0,0.00%
Representative Town Meeting District Nine,statewide,Nancy Kail,NonP,0,0.00%
Representative Town Meeting District Nine,statewide,Kristin Schneeman,NonP,0,0.00%
Representative Town Meeting District Nine,statewide,Addison Moore,NonP,0,0.00%
Representative Town Meeting District Nine,statewide,Rachel Precious,NonP,0,0.00%
Representative Town Meeting District Nine,statewide,Jennifer Johnson,NonP,0,0.00%
Representative Town Meeting District Nine,statewide,Sal Liccione,NonP,0,0.00%
Library Board of Trustees To Fill Vacancy for Four Years,statewide,Bernadette Quercia,D,865,41.25%
Library Board of Trustees To Fill Vacancy for Four Years,statewide,Bernadette Quercia,R,1232,58.75%
Councilperson District 7,statewide,Kathy Tucker,D,0,0.00%
2nd Taxing District Treasurer,statewide,Darlene Young,D,0,0.00%
2nd Taxing District Treasurer,statewide,Thomas Henderson,R,0,0.00%
Zoning Board of Appeals Full Term,statewide,Robert M Rollmann,D,0,0.00%
Zoning Board of Appeals Full Term,statewide,Keith Landa,D,0,0.00%
Zoning Board of Appeals Full Term,statewide,John M Apple,R,0,0.00%
Zoning Board of Appeals Full Term,statewide,Christine Garabo,R,0,0.00%
Zoning Board of Appeals Full Term,statewide,Joe DePaul,R,0,0.00%
Planning & Zoning Commission Alternate To Fill Vacancy for Two Years,statewide,Michael A. Sanders,CGP,0,0.00%
Planning & Zoning Commission Alternate To Fill Vacancy for Two Years,statewide,Ronald Trapani,R,0,0.00%
Zoning Board of Appeals Alternate,statewide,Ralph W. Hopkins,D,0,0.00%
Representative Town Meeting District 5,statewide,Erika Procaccini,NonP,0,0.00%
Representative Town Meeting District 5,statewide,James M. Patrick,NonP,0,0.00%
Representative Town Meeting District 5,statewide,Jane Matthews,NonP,0,0.00%
Representative Town Meeting District 5,statewide,Anna Maria Lowman,NonP,0,0.00%
Representative Town Meeting District 5,statewide,Amy Zabetakis,NonP,0,0.00%
Representative Town Meeting District 5,statewide,Holly Huang,NonP,0,0.00%
Inland Wetlands and Watercourse Agency,statewide,Mary Elsenboss Tyrrell,D,0,0.00%
Inland Wetlands and Watercourse Agency,statewide,Kyle Turoczi,R,0,0.00%
Inland Wetlands and Watercourse Agency,statewide,Ernest Werner,R,0,0.00%
Inland Wetlands Commission Alternate Full Three Year Term Begins 2026,statewide,Eric Nelson,D,0,0.00%
Regional Board of Education,statewide,Marion Manzo,R,0,0.00%
Regional Board of Education,statewide,Heather White Rodgers,R,0,0.00%
Regional Board of Education,statewide,Thomas Marks,R,0,0.00%
Zoning Board of Appeals,statewide,Robert Jencks,R,0,0.00%
Board of Managers of Edmond Town Hall,statewide,Herbert Rosenthal,D,0,0.00%
Board of Managers of Edmond Town Hall,statewide,Melanie Mattegat,R,0,0.00%
Zoning Board of Appeals Alternate,statewide,Mark Leonard,D,0,0.00%
Board of Representatives District 11,statewide,Maureen Pollack,D,0,0.00%
Board of Representatives District 11,statewide,Cara Gilbride,D,0,0.00%
Board of Representatives District 11,statewide,Christopher Woodside,R,0,0.00%
Regional Board of Education,statewide,Robert Jerram,R,0,0.00%
Board of Alder Ward 14,statewide,Sarah A. Miller,D,0,0.00%
Planning Commission District II To Fill Vacancy for Two Years,statewide,Claire Barber,D,0,0.00%
Planning Commission District II To Fill Vacancy for Two Years,statewide,Ed Scinto,R,0,0.00%
Park Commissioner,statewide,Patrick Roy,D,0,0.00%
Park Commissioner,statewide,Amber Mortensen-Hurdle,D,0,0.00%
Park Commissioner,statewide,Edward W. Smalley Jr.,R,0,0.00%
Library Board of Trustees,statewide,Karen Ziel,D,0,0.00%
Library Board of Trustees,statewide,Janice Knudsen,D,0,0.00%
Library Board of Trustees,statewide,Caitlin Jamrock,D,0,0.00%
Library Board of Trustees,statewide,Sherry Masterson,R,0,0.00%
Library Board of Trustees,statewide,Michelle Kersey,R,0,0.00%
Fire Commission,statewide,Patricia A. Brown,D,0,0.00%
Fire Commission,statewide,"Peter J. Criscuolo, Jr.",D,0,0.00%
Fire Commission,statewide,"Luigi G. Coppola, Sr.",R,0,0.00%
Fire Commission,statewide,Pasquale F. Nuzzolillo,R,0,0.00%
Library Board of Trustees,statewide,Virginia Romero-Caron,D,451,24.85%
Library Board of Trustees,statewide,Aidan D'Elia,D,436,24.02%
Library Board of Trustees,statewide,Guy Simmons,R,444,24.46%
Library Board of Trustees,statewide,Zandra Trudeau,R,484,26.67%
Planning & Zoning Board District 3,statewide,Jim Quish,D,0,0.00%
Planning & Zoning Board District 3,statewide,Steve Visconti,R,0,0.00%
Councilmen District V,statewide,Matt Dunn,D,0,0.00%
Councilmen District V,statewide,Tom Broderick,D,0,0.00%
Councilmen District V,statewide,John Foreman,R,0,0.00%
Councilmen District V,statewide,Joe Pifko,R,0,0.00%
Representative Town Meeting District 5,statewide,Jay Wolk,D,0,0.00%
Representative Town Meeting District 5,statewide,Betsy Elrick,D,0,0.00%
Representative Town Meeting District 5,statewide,Sharon B. Pistilli,D,0,0.00%
Representative Town Meeting District 5,statewide,Josh Garskof,D,0,0.00%
Representative Town Meeting District 5,statewide,Jamie R. DeFelice,R,0,0.00%
Representative Town Meeting District 5,statewide,Bob Hersh,R,0,0.00%
Representative Town Meeting District 5,statewide,Wyatt Whiteman,R,0,0.00%
Representative Town Meeting District 5,statewide,Roger V. Autuori,R,0,0.00%
Zoning Board of Appeals Alternate,statewide,Ed Artale,D,0,0.00%
Inland Wetlands Commission Alternate,statewide,Mary Straniti-Thompson,D,0,0.00%
Constables,statewide,Scott Britton,D,0,0.00%
Constables,statewide,John Gogliettino,D,0,0.00%
Constables,statewide,Silvia Merlim,D,0,0.00%
Constables,statewide,Paul McAllister,R,0,0.00%
Constables,statewide,Michael Safranek,R,0,0.00%
Constables,statewide,Louise P McMahon,R,0,0.00%
Zoning Board of Appeals Full Term,statewide,Aaron Zain,D,0,0.00%
Zoning Board of Appeals Full Term,statewide,Robert Blair,R,0,0.00%
Zoning Board of Appeals Full Term,statewide,John Chillock,R,0,0.00%
Zoning Board of Appeals Alternate,statewide,Pauline R. Moore,D,0,0.00%
Zoning Board of Appeals Alternates,statewide,.,D,0,0.00%
Councilperson District 8,statewide,Christopher Vargo Jr.,D,0,0.00%
Councilperson District 8,statewide,Victor Borras,R,0,0.00%
3rd Taxing District Commissioner,statewide,Michele Sweeney,D,0,0.00%
3rd Taxing District Commissioner,statewide,James Anderson,R,0,0.00%
Representative Town Meeting District 7,statewide,Debbie L. Appelbaum,NonP,0,0.00%
Representative Town Meeting District 7,statewide,Michael Peter Behringer,NonP,0,0.00%
Representative Town Meeting District 7,statewide,Kimberly Morgan Blank,NonP,0,0.00%
Representative Town Meeting District 7,statewide,Ellen M. Brennan-Galvin,NonP,0,0.00%
Representative Town Meeting District 7,statewide,Margaret H. Butler,NonP,0,0.00%
Representative Town Meeting District 7,statewide,Thomas Cahill,NonP,0,0.00%
Representative Town Meeting District 7,statewide,Alice B. Duff,NonP,0,0.00%
Representative Town Meeting District 7,statewide,Danielle Eason,NonP,0,0.00%
Representative Town Meeting District 7,statewide,"Irwin George ""Patrick"" Freydberg, Jr.",NonP,0,0.00%
Representative Town Meeting District 7,statewide,"Elizabeth J. ""Betsy"" Galindo",NonP,0,0.00%
Representative Town Meeting District 7,statewide,"William W. Galvin, III",NonP,0,0.00%
Representative Town Meeting District 7,statewide,Dean C. Gamanos,NonP,0,0.00%
Representative Town Meeting District 7,statewide,Marianne Gattinella,NonP,0,0.00%
Representative Town Meeting District 7,statewide,Hilary Adams Gunn,NonP,0,0.00%
Representative Town Meeting District 7,statewide,Lucia D. Jansen,NonP,0,0.00%
Representative Town Meeting District 7,statewide,Scott E. Kalb,NonP,0,0.00%
Representative Town Meeting District 7,statewide,Elizabeth C. Mac Gillivray,NonP,0,0.00%
Representative Town Meeting District 7,statewide,"Elizabeth ""Wynn"" McDaniel",NonP,0,0.00%
Representative Town Meeting District 7,statewide,William J. Meurer,NonP,0,0.00%
Representative Town Meeting District 7,statewide,Anthony James Moor,NonP,0,0.00%
Representative Town Meeting District 7,statewide,Ellen-Jane Moss,NonP,0,0.00%
Representative Town Meeting District 7,statewide,Valerie Stauffer,NonP,0,0.00%
Representative Town Meeting District 7,statewide,Maya Louise Tichio,NonP,0,0.00%
Representative Town Meeting District 7,statewide,Sandra N. Waters,NonP,0,0.00%
Representative Town Meeting District 7,statewide,Stephen M. Waters,NonP,0,0.00%
Police Commissioners,statewide,Colleen Lugauskas,D,0,0.00%
Police Commissioners,statewide,Lois Dupointe,D,0,0.00%
Police Commissioners,statewide,Daniel Hutchinson,R,0,0.00%
Police Commissioners,statewide,Joseph T. Sangermano,R,0,0.00%
Representative Town Meeting District 6,statewide,Laura Pesce-Gray,NonP,0,0.00%
Representative Town Meeting District 6,statewide,William Van Loan Jr.,NonP,0,0.00%
Representative Town Meeting District 6,statewide,Liza Lucas,NonP,0,0.00%
Representative Town Meeting District 6,statewide,Trevor Hawley,NonP,0,0.00%
Representative Town Meeting District 6,statewide,Janet Fitzsimons,NonP,0,0.00%
Representative Town Meeting District 6,statewide,Peter Orphanos,NonP,0,0.00%
Representative Town Meeting District 6,statewide,Michael Querijero,NonP,0,0.00%
Representative Town Meeting District 6,statewide,Joseph Bartning,NonP,0,0.00%
Representative Town Meeting District 6,statewide,Janeen Duarte,NonP,0,0.00%
Representative Town Meeting District 6,statewide,Violet Yazbeck Aldaia,NonP,0,0.00%
Representative Town Meeting District 6,statewide,Mary Nevin Gauthier,NonP,0,0.00%
Representative Town Meeting District 6,statewide,Martha Caroline Luz,NonP,0,0.00%
Inland Wetlands and Watercourse Agency Alternate,statewide,Ian Budrewicz,D,0,0.00%
Inland Wetlands and Watercourse Agency Alternate,statewide,Timothy Pabst,R,0,0.00%
Zoning Board of Appeals Alternate,statewide,Jenny Danburg,D,0,0.00%
Zoning Board of Appeals Alternate,statewide,James Contino II,R,0,0.00%
Board of Representatives District 12,statewide,David Blank,D,0,0.00%
Board of Representatives District 12,statewide,Ramya Shaw,D,0,0.00%
Board of Representatives District 12,statewide,Carola Cammann,R,0,0.00%
Board of Alder Ward 15,statewide,Frank Ralph Redente Jr.,D,0,0.00%
Zoning Commission District III,statewide,Misty Percifield,D,0,0.00%
Zoning Commission District III,statewide,Alec Voccola,R,0,0.00%
Sewer Commissioner,statewide,Peggy Sayers,D,0,0.00%
Sewer Commissioner,statewide,Brenda Wojtas,D,0,0.00%
Sewer Commissioner,statewide,Daniel A. Flanagan,R,0,0.00%
Sewer Commissioner,statewide,John M. Farrelly Jr.,R,0,0.00%
Planning & Zoning Board District 4,statewide,Brian E. Kaligian,D,0,0.00%
Councilmen District VI,statewide,Kelly Mallozzi,D,0,0.00%
Councilmen District VI,statewide,Joy Colon,D,0,0.00%
Councilmen District VI,statewide,Chris Pettinella,R,0,0.00%
Councilmen District VI,statewide,Brian Walsh,R,0,0.00%
Representative Town Meeting District 6,statewide,Emma Barron,D,0,0.00%
Representative Town Meeting District 6,statewide,Tracy Rodriguez,D,0,0.00%
Representative Town Meeting District 6,statewide,Erik Drewniak,D,0,0.00%
Representative Town Meeting District 6,statewide,Rob Blanchard,D,0,0.00%
Representative Town Meeting District 6,statewide,Trisha Pytko,R,0,0.00%
Representative Town Meeting District 6,statewide,Dominick Spadaro,R,0,0.00%
Representative Town Meeting District 6,statewide,Hannah Gale,R,0,0.00%
Representative Town Meeting District 6,statewide,Tony DeLaurentis,R,0,0.00%
Library Board of Trustees To Fill Vacancy for Four Years,statewide,Melissa Schwab,D,523,100.00%
Representative Town Meeting District 8,statewide,Hector Eduardo Arzeno,NonP,0,0.00%
Representative Town Meeting District 8,statewide,Lisa Becker Edmundson,NonP,0,0.00%
Representative Town Meeting District 8,statewide,"Francis J. ""Kip"" Burgweger, Jr.",NonP,0,0.00%
Representative Town Meeting District 8,statewide,Craig Edward Chapman,NonP,0,0.00%
Representative Town Meeting District 8,statewide,Blazej Rafal Cichy,NonP,0,0.00%
Representative Town Meeting District 8,statewide,Stephanie A. Cowie,NonP,0,0.00%
Representative Town Meeting District 8,statewide,Peter Michael Cruikshank,NonP,0,0.00%
Representative Town Meeting District 8,statewide,Michael J. DeVita,NonP,0,0.00%
Representative Town Meeting District 8,statewide,M. Irene Dietrich,NonP,0,0.00%
Representative Town Meeting District 8,statewide,Philip A. Dodson,NonP,0,0.00%
Representative Town Meeting District 8,statewide,Nicholas Gt Enthoven,NonP,0,0.00%
Representative Town Meeting District 8,statewide,"SamuelGonzalez, Jr.",NonP,0,0.00%
Representative Town Meeting District 8,statewide,Myra H. Klockenbrink,NonP,0,0.00%
Representative Town Meeting District 8,statewide,"Genevieve J. ""Genny"" Krob",NonP,0,0.00%
Representative Town Meeting District 8,statewide,Gail A. Lauridsen,NonP,0,0.00%
Representative Town Meeting District 8,statewide,Sharon Lee Lazar,NonP,0,0.00%
Representative Town Meeting District 8,statewide,Cheryl A. Moss,NonP,0,0.00%
Representative Town Meeting District 8,statewide,Sheila M. Phelan,NonP,0,0.00%
Representative Town Meeting District 8,statewide,Caryn S. Rosenbaum,NonP,0,0.00%
Representative Town Meeting District 8,statewide,"Mary M. ""Molly"" Saleeby",NonP,0,0.00%
Representative Town Meeting District 8,statewide,Siv J. Schultz,NonP,0,0.00%
Representative Town Meeting District 8,statewide,Brian Geoge Sullivan,NonP,0,0.00%
Representative Town Meeting District 8,statewide,Nicholas Medgyesi Wilder,NonP,0,0.00%
Representative Town Meeting District 8,statewide,Kathleen A. Yu,NonP,0,0.00%
Representative Town Meeting District 8,statewide,Adele Catino,WI,0,0.00%
Representative Town Meeting District 8,statewide,Stephen Gerald Puschel,WI,0,0.00%
Representative Town Meeting District 8,statewide,"Joseph G. Solari, III",WI,0,0.00%
Representative Town Meeting District 8,statewide,Elspeth Marie Spransy,WI,0,0.00%
Representative Town Meeting District 8,statewide,Kevin Demar Thompson,WI,0,0.00%
Police Commission,statewide,Michael Vlash,D,0,0.00%
Police Commission,statewide,Pat Morton,D,0,0.00%
Police Commission,statewide,Sean Ferguson,D,0,0.00%
Police Commission,statewide,Richard Kolwicz,R,0,0.00%
Police Commission,statewide,Kevin Cleary,R,0,0.00%
Zoning Board of Appeals Alternate Full Term,statewide,Marlene Reynolds,R,0,0.00%
Library Directors Full Term,statewide,Caroline Grant,D,0,0.00%
Library Directors Full Term,statewide,Matthew Novosad,D,0,0.00%
Library Directors Full Term,statewide,James A Dyer,D,0,0.00%
Library Directors Full Term,statewide,Debra S Beisiegel,R,0,0.00%
Councilperson District 9,statewide,David Beaton,D,0,0.00%
Councilperson District 9,statewide,Jeff Christman,R,0,0.00%
3rd Taxing District Treasurer,statewide,Read Auerbach,R,0,0.00%
Library Directors,statewide,Danette Onofrio,D,0,0.00%
Library Directors,statewide,Anne Marie Manz,D,0,0.00%
Library Directors,statewide,Roberta Preis Anderson,R,0,0.00%
Library Board of Directors Full Term,statewide,Mary E. Whittaker,D,0,0.00%
Library Board of Directors Full Term,statewide,Becky Nortz,D,0,0.00%
Library Board of Directors Full Term,statewide,Teresa Jorgensen,R,0,0.00%
Library Board of Directors Full Term,statewide,Allie Fritz,R,0,0.00%
Town Moderator,statewide,James H. McLaughlin,R,0,0.00%
Library Trustees                            Full Six Year Term Begins 2025,statewide,Elaine Brodeur,D,0,0.00%
Library Trustees                            Full Six Year Term Begins 2025,statewide,Virginia D Hoffman,D,0,0.00%
Library Trustees                            Full Six Year Term Begins 2025,statewide,Heather Palma Demers,R,0,0.00%
Constables,statewide,Trevor Danburg,D,0,0.00%
Constables,statewide,Jason Lebel,D,0,0.00%
Constables,statewide,Steve Beck,D,0,0.00%
Constables,statewide,Ben Hull,R,0,0.00%
Constables,statewide,Robert LaChapelle,R,0,0.00%
Constables,statewide,Michael Lutzen,R,0,0.00%
Board of Representatives District 13,statewide,Amiel Goldberg,D,0,0.00%
Board of Representatives District 13,statewide,Eric Morson,D,0,0.00%
Board of Representatives District 13,statewide,David Portanova,R,0,0.00%
Board of Representatives District 13,statewide,James Sarnelle,R,0,0.00%
Board of Representatives District 13,statewide,David Portanova,IND,0,0.00%
Board of Representatives District 13,statewide,Eric Morson,IND,0,0.00%
Board of Alder Ward 16,statewide,Magda A. Natal,D,0,0.00%
Board of Alder Ward 16,statewide,"Rafael Fuentes, Jr.",IND,0,0.00%
Zoning Commission District IV,statewide,Steve Taccogna,D,0,0.00%
Zoning Commission District IV,statewide,Sarah Graham,R,0,0.00%
Constables,statewide,Kevin Gannuscio,D,0,0.00%
Constables,statewide,Shane O'Connor,D,0,0.00%
Constables,statewide,Bill Hamel,D,0,0.00%
Constables,statewide,Alan Gannuscio,D,0,0.00%
Constables,statewide,Joseph D. Chapman,R,0,0.00%
Constables,statewide,Tamie I. Quagliaroli,R,0,0.00%
Constables,statewide,James E. Cannon III,R,0,0.00%
Constables,statewide,Roger E. Nelson,R,0,0.00%
Planning & Zoning Board District 5,statewide,Bryan Neil Anderson,D,0,0.00%
Planning & Zoning Board District 5,statewide,Michael Ranilla,R,0,0.00%
Councilmen District VII,statewide,Jerrod Ferrari,D,0,0.00%
Councilmen District VII,statewide,Nikki Satin,D,0,0.00%
Councilmen District VII,statewide,Tony Scinto,R,0,0.00%
Councilmen District VII,statewide,Lorraine Wojchik,R,0,0.00%
Representative Town Meeting District 7,statewide,John Kuhn,D,0,0.00%
Representative Town Meeting District 7,statewide,Scott Nickel,D,0,0.00%
Representative Town Meeting District 7,statewide,Steve Berecz,D,0,0.00%
Representative Town Meeting District 7,statewide,Lori Galdenzi,D,0,0.00%
Representative Town Meeting District 7,statewide,Thomas McCarthy,R,0,0.00%
Representative Town Meeting District 7,statewide,Jack Shostak,R,0,0.00%
Representative Town Meeting District 7,statewide,Jackson Shostak,R,0,0.00%
Representative Town Meeting District 7,statewide,Plamena Georgieva,R,0,0.00%
Library Board of Trustees To Fill Vacancy for Two Years,statewide,JoAnn Johnson,R,614,100.00%
Library Board of Directors To Fill Vacancy for Four Years,statewide,Mary N. Cikatz,D,0,0.00%
Library Board of Directors To Fill Vacancy for Four Years,statewide,Michelle Mills,R,0,0.00%
Zoning Board of Appeals Alternate To Fill Vacancy for Two Years,statewide,Carolyn Kane,R,0,0.00%
Regional Board of Education,statewide,Sara Cousins,D,0,0.00%
Councilperson District 10,statewide,Ronald Quagliani,D,0,0.00%
6th Taxing District Commissioner,statewide,J. Alex Sparkman,D,0,0.00%
6th Taxing District Commissioner,statewide,J. Alex Sparkman,R,0,0.00%
Representative Town Meeting District 9,statewide,Patricia Adams,NonP,0,0.00%
Representative Town Meeting District 9,statewide,Anthony G. Cicchetti,NonP,0,0.00%
Representative Town Meeting District 9,statewide,Barbara T. Darula,NonP,0,0.00%
Representative Town Meeting District 9,statewide,Pamela R. Ferraro,NonP,0,0.00%
Representative Town Meeting District 9,statewide,Donna F. Gaudioso-Zeale,NonP,0,0.00%
Representative Town Meeting District 9,statewide,"Elizabeth Porcher ""Shaye"" Hester",NonP,0,0.00%
Representative Town Meeting District 9,statewide,Abbe F. Large,NonP,0,0.00%
Representative Town Meeting District 9,statewide,Brian J. Malin,NonP,0,0.00%
Representative Town Meeting District 9,statewide,Lauren B. O'Keefe,NonP,0,0.00%
Representative Town Meeting District 9,statewide,Geralyn Beth Orlovitz Rubenstein,NonP,0,0.00%
Representative Town Meeting District 9,statewide,Ferdinando Giuseppe Schiro,NonP,0,0.00%
Representative Town Meeting District 9,statewide,Jonathan R. Shankman,NonP,0,0.00%
Representative Town Meeting District 9,statewide,Joanne I. Steinhart,NonP,0,0.00%
Representative Town Meeting District 9,statewide,Jane C. Weisbecker,NonP,0,0.00%
Representative Town Meeting District 9,statewide,Stacy A. Young,NonP,0,0.00%
Representative Town Meeting District 9,statewide,Carol A. Zarrilli,NonP,0,0.00%
Representative Town Meeting District 9,statewide,Michael J. Acerbo,WI,0,0.00%
Representative Town Meeting District 9,statewide,Carina A. Adams-Szabo,WI,0,0.00%
Representative Town Meeting District 9,statewide,Roberto J. Fernandez,WI,0,0.00%
Board of Representatives District 14,statewide,Andrew Zachary,D,0,0.00%
Board of Representatives District 14,statewide,Dan Sandford,D,0,0.00%
Board of Alder Ward 17,statewide,Salvatore C. Punzo,D,0,0.00%
Zoning Commission District V,statewide,Peter Carroll,D,0,0.00%
Zoning Commission District V,statewide,Michael F. Henrick,R,0,0.00%
Representative Town Meeting District 8,statewide,Lenny Braman,D,0,0.00%
Representative Town Meeting District 8,statewide,Richard Jacobs,D,0,0.00%
Representative Town Meeting District 8,statewide,Chris Carroll,D,0,0.00%
Representative Town Meeting District 8,statewide,Eileen O'Reilly,D,0,0.00%
Representative Town Meeting District 8,statewide,Christine Ludwiczak,R,0,0.00%
Representative Town Meeting District 8,statewide,Brendan Murray,R,0,0.00%
Representative Town Meeting District 8,statewide,Collin Colburn,R,0,0.00%
Representative Town Meeting District 8,statewide,Andrew Keefe,R,0,0.00%
Library Trustees Full Term,statewide,Abigail J. Rice,D,0,0.00%
6th Taxing District Treasurer,statewide,Gilbert S. Kernan,R,0,0.00%
Representative Town Meeting District 10,statewide,D. Ryan Brumberg,NonP,0,0.00%
Representative Town Meeting District 10,statewide,Peter Jude Collins,NonP,0,0.00%
Representative Town Meeting District 10,statewide,Allyson Tucker Cowin,NonP,0,0.00%
Representative Town Meeting District 10,statewide,Pamela Mercedes Fontana,NonP,0,0.00%
Representative Town Meeting District 10,statewide,Annabel F. Gatto,NonP,0,0.00%
Representative Town Meeting District 10,statewide,Michael T. Goldstein,NonP,0,0.00%
Representative Town Meeting District 10,statewide,Amaris Loren Guadalupe,NonP,0,0.00%
Representative Town Meeting District 10,statewide,Ogden H. Hammond,NonP,0,0.00%
Representative Town Meeting District 10,statewide,Hilary Haroche,NonP,0,0.00%
Representative Town Meeting District 10,statewide,Sandra K. Harris,NonP,0,0.00%
Representative Town Meeting District 10,statewide,W. Brooks Harris,NonP,0,0.00%
Representative Town Meeting District 10,statewide,John S. Hopley,NonP,0,0.00%
Representative Town Meeting District 10,statewide,Ramya Thambuswamy Hopley,NonP,0,0.00%
Representative Town Meeting District 10,statewide,Michael R. Howe,NonP,0,0.00%
Representative Town Meeting District 10,statewide,Nan Michelle Levy,NonP,0,0.00%
Representative Town Meeting District 10,statewide,Peter Bennett Levy,NonP,0,0.00%
Representative Town Meeting District 10,statewide,Pamela C. Pell,NonP,0,0.00%
Representative Town Meeting District 10,statewide,Kara Lynn Philbin,NonP,0,0.00%
Representative Town Meeting District 10,statewide,Jane S. Sprung,NonP,0,0.00%
Memorial Hall Commission                     Full Four Year Term Begins 2025,statewide,Clayton Hilpertshauser,D,0,0.00%
Memorial Hall Commission                     Full Four Year Term Begins 2025,statewide,Richard O'Neil,D,0,0.00%
Memorial Hall Commission                     Full Four Year Term Begins 2025,statewide,Peter Essex,R,0,0.00%
Memorial Hall Commission                     Full Four Year Term Begins 2025,statewide,George E Murdock,R,0,0.00%
Board of Representatives District 15,statewide,Scott Stone,D,0,0.00%
Board of Representatives District 15,statewide,Matthew Boudreau,D,0,0.00%
Board of Alder Ward 18,statewide,Leland John Moore,D,0,0.00%
Board of Alder Ward 18,statewide,Anthony D. Acri,R,0,0.00%
Board of Alder Ward 18,statewide,Anthony D. Acri,IND,0,0.00%
Board of Alder Ward 18,statewide,Zelema V. Harris,PC,0,0.00%
Zoning Board of Appeals District I,statewide,Paula Sweeley,D,0,0.00%
Zoning Board of Appeals District I,statewide,Christopher Pia,R,0,0.00%
Representative Town Meeting District 9,statewide,Dru Georgiadis,D,0,0.00%
Representative Town Meeting District 9,statewide,Lisa Havey,D,0,0.00%
Representative Town Meeting District 9,statewide,Karen Wackerman,D,0,0.00%
Representative Town Meeting District 9,statewide,Amanda Parrish Morgan,D,0,0.00%
Representative Town Meeting District 9,statewide,Peter Collins,R,0,0.00%
Representative Town Meeting District 9,statewide,Bruce Ryan,R,0,0.00%
Library Trustees To Fill Vacancy for Four Years,statewide,Susan Wright,D,0,0.00%
Representative Town Meeting District 11,statewide,Jennifer L. Barro,NonP,0,0.00%
Representative Town Meeting District 11,statewide,Thomas M. Devaney,NonP,0,0.00%
Representative Town Meeting District 11,statewide,Susan D. Fahey,NonP,0,0.00%
Representative Town Meeting District 11,statewide,Joanna Foyle,NonP,0,0.00%
Representative Town Meeting District 11,statewide,Tracy Freedman,NonP,0,0.00%
Representative Town Meeting District 11,statewide,Ingrid Hang,NonP,0,0.00%
Representative Town Meeting District 11,statewide,Elizabeth Hopley,NonP,0,0.00%
Representative Town Meeting District 11,statewide,"Cathleen M. ""Cate"" Keeney",NonP,0,0.00%
Representative Town Meeting District 11,statewide,Susan Chisholm Khanna,NonP,0,0.00%
Representative Town Meeting District 11,statewide,Jennifer Ann Klein,NonP,0,0.00%
Representative Town Meeting District 11,statewide,Jan Rogers Kniffen,NonP,0,0.00%
Representative Town Meeting District 11,statewide,Adam L. Leader,NonP,0,0.00%
Representative Town Meeting District 11,statewide,Mark J. Lewis,NonP,0,0.00%
Representative Town Meeting District 11,statewide,Cyril E. Moulle-Berteaux,NonP,0,0.00%
Representative Town Meeting District 11,statewide,Richard J. Neuman,NonP,0,0.00%
Representative Town Meeting District 11,statewide,Vinay S. Pande,NonP,0,0.00%
Representative Town Meeting District 11,statewide,Peter J. Samponaro,NonP,0,0.00%
Representative Town Meeting District 11,statewide,Robin C. Sherwood,NonP,0,0.00%
Representative Town Meeting District 11,statewide,Erin B. Spiess Chang,NonP,0,0.00%
Representative Town Meeting District 11,statewide,"Cathryn Fineman ""Cathy"" Steel",NonP,0,0.00%
Representative Town Meeting District 11,statewide,Thomas M. West,NonP,0,0.00%
Representative Town Meeting District 11,statewide,Jordan E. Yarett,NonP,0,0.00%
Representative Town Meeting District 11,statewide,Gregory J. Zorthian,NonP,0,0.00%
Board of Representatives District 16,statewide,Phillip G. Bradford,D,0,0.00%
Board of Representatives District 16,statewide,Matthew Didelot,D,0,0.00%
Board of Representatives District 16,statewide,Layne Rodney,R,0,0.00%
Board of Alder Ward 19,statewide,Kimberly R. Edwards,D,0,0.00%
Zoning Board of Appeals District II,statewide,Andrea Lynch,D,0,0.00%
Zoning Board of Appeals District II,statewide,Casimir Mizera,R,0,0.00%
Representative Town Meeting District 10,statewide,Margaret Horton,D,0,0.00%
Representative Town Meeting District 10,statewide,Matt Ambrose,D,0,0.00%
Representative Town Meeting District 10,statewide,Justin Contratto,D,0,0.00%
Representative Town Meeting District 10,statewide,Pierre Ratzki,D,0,0.00%
Representative Town Meeting District 10,statewide,Greg Alprin,R,0,0.00%
Representative Town Meeting District 10,statewide,Ceasar N. Anquillare,R,0,0.00%
Representative Town Meeting District 10,statewide,Dean Kardamis,R,0,0.00%
Representative Town Meeting District 10,statewide,Laurie Quick,R,0,0.00%
Regional Board of Education Full Term,statewide,Douglas Mahana,D,0,0.00%
Regional Board of Education Full Term,statewide,Wendy Calamari King,R,0,0.00%
Representative Town Meeting District 12,statewide,Francia Alvarez,NonP,0,0.00%
Representative Town Meeting District 12,statewide,Craig W. Amundson,NonP,0,0.00%
Representative Town Meeting District 12,statewide,Glen A. Canner,NonP,0,0.00%
Representative Town Meeting District 12,statewide,Mary Connolly Flynn,NonP,0,0.00%
Representative Town Meeting District 12,statewide,Barbara G. Hindman,NonP,0,0.00%
Representative Town Meeting District 12,statewide,Jonathan A. Kantor,NonP,0,0.00%
Representative Town Meeting District 12,statewide,Mary A. Keller,NonP,0,0.00%
Representative Town Meeting District 12,statewide,Aaron J. Leonard,NonP,0,0.00%
Representative Town Meeting District 12,statewide,Abigail R. McCarthy,NonP,0,0.00%
Representative Town Meeting District 12,statewide,Ellen Margaret Murdock,NonP,0,0.00%
Representative Town Meeting District 12,statewide,Jocelyn Yuan Riddle,NonP,0,0.00%
Representative Town Meeting District 12,statewide,Jane S. Sulich,NonP,0,0.00%
Representative Town Meeting District 12,statewide,Christina Turiano-Sander,NonP,0,0.00%
Representative Town Meeting District 12,statewide,James Waters,NonP,0,0.00%
Representative Town Meeting District 12,statewide,Roli Agrawal,WI,0,0.00%
Representative Town Meeting District 12,statewide,Nathan James Cray,WI,0,0.00%
Representative Town Meeting District 12,statewide,Gail P. DePoli,WI,0,0.00%
Representative Town Meeting District 12,statewide,Thomas Peter Kania,WI,0,0.00%
Representative Town Meeting District 12,statewide,Karen H. Marks,WI,0,0.00%
Representative Town Meeting District 12,statewide,Richard S. Montier,WI,0,0.00%
Representative Town Meeting District 12,statewide,Monica Prihoda,WI,0,0.00%
Representative Town Meeting District 12,statewide,Gene D. Rostov,WI,0,0.00%
Representative Town Meeting District 12,statewide,"Ernest A. Zahn, III",WI,0,0.00%
Board of Representatives District 17,statewide,Lewis Finkel,D,0,0.00%
Board of Representatives District 17,statewide,Bobby Pavia,D,0,0.00%
Board of Representatives District 17,statewide,Mary Fedeli,R,0,0.00%
Board of Representatives District 17,statewide,Sean D. Boeger,IND,0,0.00%
Board of Alder Ward 20,statewide,Brittiany T. Mabery-Niblack,D,0,0.00%
Zoning Board of Appeals District III,statewide,Matthew Schlager,D,0,0.00%
Zoning Board of Appeals District III,statewide,Khi Samerotti,R,0,0.00%
Regional Board of Education To Fill Vacancy for Four Years,statewide,John Harris,D,0,0.00%
Regional Board of Education To Fill Vacancy for Four Years,statewide,John P. O'Hare,R,0,0.00%
Board of Alder Ward 21,statewide,Maceo T. Streater,D,0,0.00%
Constables,statewide,Laura Markis Johnson,D,0,0.00%
Constables,statewide,Carol G. Cabral,R,0,0.00%
Constables,statewide,"Richard ""Dick"" Brown",R,0,0.00%
Constables,statewide,Frank A. Bevacqua,R,0,0.00%
Constables,statewide,Edward J. Scinto,R,0,0.00%
Constables,statewide,Judith L. Cleri,IND,0,0.00%
Constables,statewide,Richard T. Marcone,IND,0,0.00%
Board of Representatives District 18,statewide,Karen Camporeale,D,0,0.00%
Board of Representatives District 18,statewide,Michael Field,D,0,0.00%
Board of Representatives District 18,statewide,Timothy McGrath-DiMare,R,0,0.00%
Board of Representatives District 19,statewide,Noah Lapine,D,0,0.00%
Board of Representatives District 19,statewide,John Pelliccia,D,0,0.00%
Board of Representatives District 19,statewide,William Aron,R,0,0.00%
Board of Alder Ward 22,statewide,Jeanette L. Morrison,D,0,0.00%
Board of Representatives District 20,statewide,Carl Weinberg,D,0,0.00%
Board of Representatives District 20,statewide,Jeff Wirz,D,0,0.00%
Board of Representatives District 20,statewide,Vincent Sessano,R,0,0.00%
Board of Alder Ward 23,statewide,Tyisha S. Walker,D,0,0.00%
Board of Alder Ward 24,statewide,Evette T. Hamilton,D,0,0.00%
Board of Alder Ward 25,statewide,Adam J. Marchand,D,0,0.00%
Board of Alder Ward 26,statewide,Amy D. Marx,D,0,0.00%
Board of Alder Ward 27,statewide,Richard W. Furlow,D,0,0.00%
Board of Alder Ward 28,statewide,Gary B. Hogan,D,0,0.00%
Board of Alder Ward 29,statewide,Brian Wingate,D,0,0.00%
Board of Alder Ward 30,statewide,Honda Smith,D,0,0.00%
Board of Alder Ward 30,statewide,Perry J. Flowers,R,0,0.00%
Board of Education District 1,statewide,Edward T. Joyner,D,0,0.00%
Board of Education District 1,statewide,John A. Carlson,R,0,0.00%
Town Clerk To Fill Vacancy for Two Years,Andover,Jayne Jurovaty,D,0,0.00%
Town Clerk To Fill Vacancy for Two Years,Andover,Roberta Dougherty,R,0,0.00%
Board of Finance,Andover,Robert T. England,D,0,0.00%
Board of Finance,Andover,Nicholas Clark,D,0,0.00%
Board of Finance,Andover,Heather M. Van Cara,D,0,0.00%
Board of Finance,Andover,Anna Dziadosz,R,0,0.00%
Board of Finance,Andover,Ronald Langlois,R,0,0.00%
Board of Finance,Andover,Donald Denley,R,0,0.00%
Board of Education,Andover,Sharon St. Rock,D,0,0.00%
Board of Education,Andover,Michael Beckwith,D,0,0.00%
Board of Education,Andover,Gerard Creme,D,0,0.00%
Board of Education,Andover,Sharon St. Rock,R,0,0.00%
Board of Education,Andover,Marcie Miner,R,0,0.00%
Planning & Zoning Commission,Andover,Patrick I. Dougherty,D,0,0.00%
Planning & Zoning Commission,Andover,Leigh Ann Hutchinson,R,0,0.00%
Planning & Zoning Commission,Andover,Stephen King,R,0,0.00%
Planning & Zoning Commission Alternate,Andover,Jay R. Kamins,D,0,0.00%
Planning & Zoning Commission Alternate,Andover,Beata Gadomski,R,0,0.00%
Zoning Board of Appeals,Andover,Michael D. Greenhouse,D,0,0.00%
Zoning Board of Appeals,Andover,Julia A. Haverl,D,0,0.00%
Zoning Board of Appeals,Andover,Andreas Halidis,R,0,0.00%
Zoning Board of Appeals,Andover,Adrian Mandeville,R,0,0.00%
Zoning Board of Appeals Alternate,Andover,Jeffrey C. Ballard,D,0,0.00%
Zoning Board of Appeals Alternate,Andover,Suzanne Langlois,R,0,0.00%
Board of Fire Commissioners,Andover,Scott E. Yeomans,D,0,0.00%
Board of Fire Commissioners,Andover,Shawn Covell,R,0,0.00%
Mayor,Ansonia,Frank Tyszka,D,0,0.00%
Mayor,Ansonia,David S. Cassetti,R,0,0.00%
Mayor,Ansonia,Thomas Gerard Egan,PC,0,0.00%
Alderman Ward 1,Ansonia,Tyler Kennedy,D,0,0.00%
Alderman Ward 1,Ansonia,Jacquelyn Daniels,D,0,0.00%
Alderman Ward 1,Ansonia,Dana Haigh,R,0,0.00%
Alderman Ward 1,Ansonia,Gary Farrar,R,0,0.00%
Alderman Ward 2,Ansonia,Jaylen Daniels,D,0,0.00%
Alderman Ward 2,Ansonia,Frank Pergola,D,0,0.00%
Alderman Ward 2,Ansonia,Timothy Holman,R,0,0.00%
Alderman Ward 2,Ansonia,Rasheem Gonzalez,R,0,0.00%
Alderman Ward 2,Ansonia,"Harry R. Danley, Jr.",PC,0,0.00%
Alderman Ward 3,Ansonia,Sean Rallis,D,0,0.00%
Alderman Ward 3,Ansonia,Adam Prestin,D,0,0.00%
Alderman Ward 3,Ansonia,Joseph Jeanette,R,0,0.00%
Alderman Ward 3,Ansonia,Joseph Cassetti,R,0,0.00%
Alderman Ward 4,Ansonia,Noah Darrow,D,0,0.00%
Alderman Ward 4,Ansonia,Rohan Brown,D,0,0.00%
Alderman Ward 4,Ansonia,Nathaniel Hardy,R,0,0.00%
Alderman Ward 4,Ansonia,"Robert Knott, III",R,0,0.00%
Alderman Ward 5,Ansonia,Christopher Rogers,D,0,0.00%
Alderman Ward 5,Ansonia,Patricia DaSilva,D,0,0.00%
Alderman Ward 5,Ansonia,"Kevin P. Mello, Jr.",R,0,0.00%
Alderman Ward 5,Ansonia,Stephanie Mello,R,0,0.00%
Alderman Ward 5,Ansonia,Takiya Lynee Green,PC,0,0.00%
Alderman Ward 6,Ansonia,Karl D. Williams,D,0,0.00%
Alderman Ward 6,Ansonia,Daniel Stahl,D,0,0.00%
Alderman Ward 6,Ansonia,Anthony T. Mammone,R,0,0.00%
Alderman Ward 6,Ansonia,Joshua A. Shuart,R,0,0.00%
Alderman Ward 7,Ansonia,Lisa Glazer,D,0,0.00%
Alderman Ward 7,Ansonia,Anne Lynch,D,0,0.00%
Alderman Ward 7,Ansonia,Jennifer Cassetti,R,0,0.00%
Alderman Ward 7,Ansonia,Anthony Levinsky,R,0,0.00%
Town & City Clerk,Ansonia,Beth Shortell Lynch,D,0,0.00%
Town & City Clerk,Ansonia,Tracey Delibero,R,0,0.00%
Town & City Treasurer,Ansonia,Joseph Confinante,D,0,0.00%
Town & City Treasurer,Ansonia,Cheryl Henri,R,0,0.00%
Board of Education,Ansonia,David A. Knapp,D,0,0.00%
Board of Education,Ansonia,Steven Adamowski,D,0,0.00%
Board of Education,Ansonia,Elizabeth LaBerge,R,0,0.00%
Board of Education,Ansonia,Steven Adamowski,R,0,0.00%
City Sheriffs,Ansonia,Christopher Grizzle,D,0,0.00%
City Sheriffs,Ansonia,"Sean P. Rowley, Sr..",D,0,0.00%
City Sheriffs,Ansonia,Timothy Holman,R,0,0.00%
City Sheriffs,Ansonia,Joseph Jeanette,R,0,0.00%
City Sheriffs,Ansonia,Frank Appleby,R,0,0.00%
First Selectman,Ashford,Cathryn E. Silver-Smith,D,0,0.00%
First Selectman,Ashford,William A. Falletti Sr,R,0,0.00%
Selectman,Ashford,Alfred W. Maccarone Jr.,D,0,0.00%
Selectman,Ashford,Tess Grous,R,0,0.00%
Board of Finance,Ashford,Timothy Rhodes,D,0,0.00%
Board of Finance,Ashford,Betty Bartok,R,0,0.00%
Board of Finance,Ashford,Keith Lipker,R,0,0.00%
Board of Finance Alternate Full Term,Ashford,Robert Chernuk,R,0,0.00%
Board of Finance Alternate To Fill Vacancy for Two Years,Ashford,Valerie Peppin,R,0,0.00%
Board of Education Full Term,Ashford,Chonte Fields,D,0,0.00%
Board of Education Full Term,Ashford,Kimberly L. Kouatly,D,0,0.00%
Board of Education Full Term,Ashford,Edward Carvalho,R,0,0.00%
Board of Education Full Term,Ashford,Diane Flewelling,R,0,0.00%
Board of Education To Fill Vacancy for Two Years,Ashford,Kurt A. Love,D,0,0.00%
Board of Assessment Appeals,Ashford,Joseph F. Peters,D,0,0.00%
Planning & Zoning Commission,Ashford,Steven Petsch,D,0,0.00%
Planning & Zoning Commission,Ashford,Nord P. Yakovleff,D,0,0.00%
Planning & Zoning Commission,Ashford,Michael Peppin,R,0,0.00%
Planning & Zoning Commission Alternates,Ashford,Douglas C. Jenne,D,0,0.00%
Zoning Board of Appeals,Ashford,John Lippert,D,0,0.00%
Zoning Board of Appeals,Ashford,Deborah Maccarone,D,0,0.00%
Zoning Board of Appeals,Ashford,Betty Bartok,R,0,0.00%
Zoning Board of Appeals,Ashford,Thomas Martin,R,0,0.00%
Zoning Board of Appeals Alternate,Ashford,Catherine W. Sampson,D,0,0.00%
Zoning Board of Appeals Alternate,Ashford,Jean McCarthy,D,0,0.00%
Library Trustees,Ashford,John Lippert,D,0,0.00%
Library Trustees,Ashford,Elizabeth Fitzroy,R,0,0.00%
Library Trustees,Ashford,Linda Falletti,R,0,0.00%
Library Trustees,Ashford,Nancy A. Neff,PC,0,0.00%
Regional Board of Education,Ashford,Timothy Rourke,D,0,0.00%
Regional Board of Education,Ashford,Morgaen L. Donaldson,D,0,0.00%
Town Council,Avon,Anthony Weber,D,0,0.00%
Town Council,Avon,Dan Polhamus,D,0,0.00%
Town Council,Avon,Barbara Ausiello,D,0,0.00%
Town Council,Avon,Erin Barthel,D,0,0.00%
Town Council,Avon,Margaret Bratton,R,0,0.00%
Town Council,Avon,Raj Subbu,R,0,0.00%
Town Council,Avon,Dan Carvahlo,R,0,0.00%
Town Council,Avon,Brian Loveless,R,0,0.00%
Board of Finance,Avon,Michael Szekeres,D,0,0.00%
Board of Finance,Avon,Carl Gisnarian,D,0,0.00%
Board of Finance,Avon,Houston Putnam Lowry,D,0,0.00%
Board of Finance,Avon,Kathy Randall Gill,R,0,0.00%
Board of Finance,Avon,Kathleen Johnson,R,0,0.00%
Board of Finance,Avon,Randall Bowers,R,0,0.00%
Board of Finance,Avon,Kasem Omary,R,0,0.00%
Board of Education,Avon,Lynn Katz,D,0,0.00%
Board of Education,Avon,Thej Singh,D,0,0.00%
Board of Education,Avon,Summer Yule,R,0,0.00%
Board of Education,Avon,Jessica Giulietti,R,0,0.00%
Board of Education,Avon,Kevin McGarry,R,0,0.00%
Board of Education,Avon,Mark Buchanan,R,0,0.00%
Board of Education,Avon,Jeffrey S. Fleischman,PC,0,0.00%
Board of Assessment Appeals,Avon,Nathan Mahoney,D,0,0.00%
Board of Assessment Appeals,Avon,Erin Dawson,D,0,0.00%
Board of Assessment Appeals,Avon,K. David Shultz,R,0,0.00%
Board of Assessment Appeals,Avon,Stephen Hunt,R,0,0.00%
Zoning Board of Appeals,Avon,Kershwin Singh,D,0,0.00%
Zoning Board of Appeals,Avon,Michele O'Connor,D,0,0.00%
Zoning Board of Appeals,Avon,Dave Cappello,R,0,0.00%
Zoning Board of Appeals,Avon,Noelle Aarons Cass,R,0,0.00%
First Selectman,Barkhamsted,Meaghan M H Cook,D,0,0.00%
First Selectman,Barkhamsted,Mark Mahoney,R,0,0.00%
Selectman,Barkhamsted,Ray Pech,D,0,0.00%
Selectman,Barkhamsted,Nicholas A Lukiwsky,R,0,0.00%
Town Clerk,Barkhamsted,Holly Krouse,R,0,0.00%
Town Treasurer,Barkhamsted,Don Stein,D,0,0.00%
Town Treasurer,Barkhamsted,Bernadette M Warren,R,0,0.00%
Board of Finance To Fill Vacancy for Four Years,Barkhamsted,Christopher Buck,D,0,0.00%
Board of Finance Alternate,Barkhamsted,Juan Jaramillo,D,0,0.00%
Board of Education,Barkhamsted,Jaclyn Dombrowski,D,0,0.00%
Board of Education,Barkhamsted,Timothy Garand,D,0,0.00%
Board of Education,Barkhamsted,Leigh Connole,D,0,0.00%
Board of Education,Barkhamsted,Caitlin Chabot,D,0,0.00%
Board of Education,Barkhamsted,Stacie Heath,R,0,0.00%
Board of Education To Fill Vacancy for Two Years,Barkhamsted,Amy Coulter,D,0,0.00%
Board of Education To Fill Vacancy for Two Years,Barkhamsted,Amanda North,R,0,0.00%
Board of Assessment Appeals,Barkhamsted,Nora Bishop,D,0,0.00%
Board of Assessment Appeals,Barkhamsted,Robert H Brainard III,R,0,0.00%
Planning & Zoning Commission Five Year Term Begins 2026,Barkhamsted,James Hart,R,0,0.00%
Planning & Zoning Commission Five Year Term Begins 2027,Barkhamsted,Elizabeth Buck,D,0,0.00%
Planning & Zoning Commission Five Year Term Begins 2027,Barkhamsted,Johnny Polderman,R,0,0.00%
Zoning Board of Appeals Five Year Term Begins 2026,Barkhamsted,William H LeGeyt Jr,R,0,0.00%
Zoning Board of Appeals Five Year Term Begins 2027,Barkhamsted,Kevin Noblet,D,0,0.00%
Zoning Board of Appeals Five Year Term Begins 2027,Barkhamsted,Daniel Lamont,R,0,0.00%
Regional Board of Education,Barkhamsted,Judy Doyle,D,0,0.00%
Regional Board of Education,Barkhamsted,Mary Duran,R,0,0.00%
First Selectman,Beacon Falls,Gerard Smith,R,0,0.00%
Selectman,Beacon Falls,Peter Betkoski,D,0,0.00%
Selectman,Beacon Falls,Michael A. Krenesky,R,0,0.00%
Town Treasurer,Beacon Falls,Sheryl Feducia,D,0,0.00%
Town Treasurer,Beacon Falls,Dalton Fennell,R,0,0.00%
Board of Finance,Beacon Falls,Kathleen Lembo,D,0,0.00%
Board of Finance,Beacon Falls,Kyle Brennan,R,0,0.00%
Board of Assessment Appeals,Beacon Falls,Gary Komarowsky,D,0,0.00%
Board of Assessment Appeals,Beacon Falls,David Dlugos,R,0,0.00%
Zoning Board of Appeals,Beacon Falls,Kevin McDuffie,D,0,0.00%
Zoning Board of Appeals,Beacon Falls,Benjamin Smith,R,0,0.00%
Zoning Board of Appeals,Beacon Falls,Bruce Richard Jr.,R,0,0.00%
Library Trustees,Beacon Falls,Robert Uhl,D,0,0.00%
Library Trustees,Beacon Falls,David Dlugos,R,0,0.00%
Regional Board of Education,Beacon Falls,Eleanor McAdam,D,0,0.00%
Regional Board of Education,Beacon Falls,Tiffany M. Burkitt-Lyga,R,0,0.00%
Mayor,Berlin,Brian DeLude,D,0,0.00%
Mayor,Berlin,Mark Kaczynski,R,0,0.00%
Town Council,Berlin,Kate Atkinson,D,0,0.00%
Town Council,Berlin,Mark Pruzin,D,0,0.00%
Town Council,Berlin,Peter Rosso,D,0,0.00%
Town Council,Berlin,Donna Veach,R,0,0.00%
Town Council,Berlin,Charles Paonessa,R,0,0.00%
Town Council,Berlin,Sandra Coppola,R,0,0.00%
Board of Finance,Berlin,Gerald Paradis,D,0,0.00%
Board of Finance,Berlin,Salvatore Bordonaro,R,0,0.00%
Board of Finance,Berlin,George Millerd,R,0,0.00%
Board of Assessment Appeals,Berlin,Charles D. Wilber,D,0,0.00%
Board of Assessment Appeals,Berlin,John Frink,R,0,0.00%
Police Commission,Berlin,Melissa Urrunaga,D,0,0.00%
Police Commission,Berlin,Kari Sassu,D,0,0.00%
Police Commission,Berlin,John F. Diakun,R,0,0.00%
Board of Education,Berlin,Melissa Anne Gibbons,NonP,0,0.00%
Board of Education,Berlin,Peter Zarabozo,NonP,0,0.00%
Board of Education,Berlin,Christina T. Elmani,NonP,0,0.00%
First Selectman,Bethany,Carol R. Goldberg,D,0,0.00%
First Selectman,Bethany,Salvatore Amadeo,R,0,0.00%
First Selectman,Bethany,Seth F. Harkness,PC,0,0.00%
Board of Selectmen,Bethany,Amy Rushlow,D,0,0.00%
Board of Selectmen,Bethany,Joseph Colaci,R,0,0.00%
Board of Selectmen,Bethany,Sharon J. Huxley,PC,0,0.00%
Town Treasurer,Bethany,Nancy Spagnolo,D,0,0.00%
Town Treasurer,Bethany,Lisa Gaw,R,0,0.00%
Tax Collector,Bethany,Elizabeth Thornquist,D,0,0.00%
Tax Collector,Bethany,Linda Bates,R,0,0.00%
Board of Finance Full Term,Bethany,Rachel Medbery,D,0,0.00%
Board of Finance Full Term,Bethany,Sally Huyser,D,0,0.00%
Board of Finance Full Term,Bethany,Kevin Dingle,R,0,0.00%
Board of Finance Full Term,Bethany,Patricia Ryan,R,0,0.00%
Board of Finance To Fill Vacancy for Two Years,Bethany,Janet Brunwin,D,0,0.00%
Board of Education,Bethany,Johanna Fernandez,D,0,0.00%
Board of Education,Bethany,Allyson Wuerth,D,0,0.00%
Board of Education,Bethany,Melissa Zaldo,D,0,0.00%
Board of Education,Bethany,Matthew E. Erickson,D,0,0.00%
Board of Education,Bethany,David Pecoraro,R,0,0.00%
Board of Education,Bethany,John Paul Garcia,R,0,0.00%
Board of Education,Bethany,Shawn Uscilla,R,0,0.00%
Board of Education,Bethany,Caroline M. Leary,PC,0,0.00%
Board of Assessment Appeals,Bethany,Ruth Beardsley,D,0,0.00%
Board of Assessment Appeals,Bethany,Richard Huxley,R,0,0.00%
Board of Assessment Appeals,Bethany,Gary Ross,R,0,0.00%
Planning & Zoning Commission,Bethany,Robert Harrison,D,0,0.00%
Planning & Zoning Commission,Bethany,Monte Radler,D,0,0.00%
Planning & Zoning Commission,Bethany,Steven Thornquist,D,0,0.00%
Planning & Zoning Commission,Bethany,Adam Carrington,R,0,0.00%
Planning & Zoning Commission,Bethany,Vincent Torrens,R,0,0.00%
Planning & Zoning Commission Alternate,Bethany,Brian Fournier,D,0,0.00%
Planning & Zoning Commission Alternate,Bethany,John Magnoli,R,0,0.00%
Zoning Board of Appeals,Bethany,Cynthia Megyola,D,0,0.00%
Zoning Board of Appeals,Bethany,Marie Pulito,D,0,0.00%
Zoning Board of Appeals,Bethany,Armand L. Rivellini Jr,R,0,0.00%
Zoning Board of Appeals,Bethany,Nicholas Poulmas,R,0,0.00%
Zoning Board of Appeals Alternate,Bethany,Meghan Gallagher,D,0,0.00%
Regional Board of Education,Bethany,Autumn Cloud-Ingram,D,0,0.00%
Regional Board of Education,Bethany,Lulefer Vinca,R,0,0.00%
First Selectman,Bethel,Tom Borysiewicz,D,0,0.00%
First Selectman,Bethel,Dan Carter,R,0,0.00%
First Selectman,Bethel,Dan Carter,IND,0,0.00%
Selectmen,Bethel,Penny Kessler,D,0,0.00%
Selectmen,Bethel,Bryan Terzian,R,0,0.00%
Selectmen,Bethel,Bryan Terzian,IND,0,0.00%
Town Clerk,Bethel,Lisa Bergh,D,0,0.00%
Town Clerk,Bethel,Lisa Bergh,R,0,0.00%
Town Clerk,Bethel,Lisa Bergh,IND,0,0.00%
Town Treasurer,Bethel,Matthew  Knickerbocker,D,0,0.00%
Town Treasurer,Bethel,Paul Szatkowski,R,0,0.00%
Town Treasurer,Bethel,Paul Szatkowski,IND,0,0.00%
Board of Finance,Bethel,Pat Cosentino,D,0,0.00%
Board of Finance,Bethel,James Keene,D,0,0.00%
Board of Finance,Bethel,Jessica Ferguson,D,0,0.00%
Board of Finance,Bethel,Karen Foster,D,0,0.00%
Board of Finance,Bethel,Bill Slifkin,R,0,0.00%
Board of Finance,Bethel,Michael Duff,R,0,0.00%
Board of Finance,Bethel,James Hancock,R,0,0.00%
Board of Finance,Bethel,John Lennon,R,0,0.00%
Board of Finance,Bethel,Bill Slifkin,IND,0,0.00%
Board of Finance,Bethel,Michael Duff,IND,0,0.00%
Board of Finance,Bethel,James Hancock,IND,0,0.00%
Board of Finance,Bethel,John Lennon,IND,0,0.00%
Board of Education Full Term,Bethel,Gabriela Hernandez,D,0,0.00%
Board of Education Full Term,Bethel,Kara DiBartolo,D,0,0.00%
Board of Education Full Term,Bethel,Jen Larsen,D,0,0.00%
Board of Education Full Term,Bethel,Lauren Shekari,D,0,0.00%
Board of Education Full Term,Bethel,Patricia Rist,R,0,0.00%
Board of Education Full Term,Bethel,Patricia Rist,IND,0,0.00%
Board of Education To Fill Vacancy for Two Years,Bethel,Brenda Reed,D,0,0.00%
Board of Education To Fill Vacancy for Two Years,Bethel,Jane Gangi,D,0,0.00%
Board of Education To Fill Vacancy for Two Years,Bethel,Jeffrey Spies,R,0,0.00%
Board of Education To Fill Vacancy for Two Years,Bethel,Anthony Cassio,R,0,0.00%
Board of Education To Fill Vacancy for Two Years,Bethel,Jeffrey Spies,IND,0,0.00%
Board of Education To Fill Vacancy for Two Years,Bethel,Anthony Cassio,IND,0,0.00%
Board of Assessment Appeals,Bethel,Bobbi Lyon,D,0,0.00%
Board of Assessment Appeals,Bethel,Marissa Allen-Amundsen,D,0,0.00%
Board of Assessment Appeals,Bethel,Bruce Cornwell,R,0,0.00%
Board of Assessment Appeals,Bethel,Kate Jordan,R,0,0.00%
Board of Assessment Appeals,Bethel,Bruce Cornwell,IND,0,0.00%
Board of Assessment Appeals,Bethel,Kate Jordan,IND,0,0.00%
Planning & Zoning Commission Full Term,Bethel,Molly Dorries,D,0,0.00%
Planning & Zoning Commission Full Term,Bethel,Danny Serencsics,D,0,0.00%
Planning & Zoning Commission Full Term,Bethel,Erik Brudvig,D,0,0.00%
Planning & Zoning Commission Full Term,Bethel,Jeffrey DeRosa,R,0,0.00%
Planning & Zoning Commission Full Term,Bethel,Kitty Grant,R,0,0.00%
Planning & Zoning Commission Full Term,Bethel,Diane Ryan,R,0,0.00%
Planning & Zoning Commission Full Term,Bethel,Jeffrey DeRosa,IND,0,0.00%
Planning & Zoning Commission Full Term,Bethel,Kitty Grant,IND,0,0.00%
Planning & Zoning Commission Full Term,Bethel,Diane Ryan,IND,0,0.00%
Planning & Zoning Commission Alternate,Bethel,Steve Twitchell,D,0,0.00%
Planning & Zoning Commission Alternate,Bethel,Frances Pulle,R,0,0.00%
Planning & Zoning Commission Alternate,Bethel,Frances Pulle,IND,0,0.00%
Planning & Zoning Commission Alternate To Fill Vacancy for Two Years,Bethel,Cindy Slater,D,0,0.00%
Planning & Zoning Commission Alternate To Fill Vacancy for Two Years,Bethel,Tom Davies,R,0,0.00%
Planning & Zoning Commission Alternate To Fill Vacancy for Two Years,Bethel,Tom Davies,IND,0,0.00%
Zoning Board of Appeals,Bethel,Denise Farren,D,0,0.00%
Zoning Board of Appeals,Bethel,Brianna Ferraro,D,0,0.00%
Zoning Board of Appeals,Bethel,Jackie Mustakas,D,0,0.00%
Zoning Board of Appeals,Bethel,Jay R. Streaman,R,0,0.00%
Zoning Board of Appeals,Bethel,Douglas Cuny,R,0,0.00%
Zoning Board of Appeals,Bethel,Kristin Fedders,R,0,0.00%
Zoning Board of Appeals,Bethel,Jay R. Streaman,IND,0,0.00%
Zoning Board of Appeals,Bethel,Douglas Cuny,IND,0,0.00%
Zoning Board of Appeals,Bethel,Kristin Fedders,IND,0,0.00%
Zoning Board of Appeals Alternate,Bethel,Myra Drucker,D,0,0.00%
Inland Wetlands Commission Full Term,Bethel,Pat Perrefort,D,0,0.00%
Inland Wetlands Commission Full Term,Bethel,Chris Mustakas,D,0,0.00%
Inland Wetlands Commission Full Term,Bethel,Nico Jordan,D,0,0.00%
Inland Wetlands Commission Full Term,Bethel,Terry Rotella,R,0,0.00%
Inland Wetlands Commission Full Term,Bethel,Kevin Seaman,R,0,0.00%
Inland Wetlands Commission Full Term,Bethel,"Paul Shanley, Jr.",R,0,0.00%
Inland Wetlands Commission Full Term,Bethel,Terry Rotella,IND,0,0.00%
Inland Wetlands Commission Full Term,Bethel,Kevin Seaman,IND,0,0.00%
Inland Wetlands Commission Full Term,Bethel,"Paul Shanley, Jr.",IND,0,0.00%
Inland Wetlands Commission To Fill Vacancy for Two Years,Bethel,Karolyn Baumgartner,D,0,0.00%
Inland Wetlands Commission To Fill Vacancy for Two Years,Bethel,Nicholas Saccomani,R,0,0.00%
Inland Wetlands Commission To Fill Vacancy for Two Years,Bethel,Nicholas Saccomani,IND,0,0.00%
Inland Wetlands Commission Alternate,Bethel,Mary Straniti-Thompson,D,0,0.00%
Police Commission,Bethel,Michael Vlash,D,0,0.00%
Police Commission,Bethel,Pat Morton,D,0,0.00%
Police Commission,Bethel,Sean Ferguson,D,0,0.00%
Police Commission,Bethel,Richard Kolwicz,R,0,0.00%
Police Commission,Bethel,Kevin Cleary,R,0,0.00%
First Selectman,Bethlehem,Raymond Butkus,D,0,0.00%
Selectman,Bethlehem,Jennifer Assard Gallo,D,0,0.00%
Selectman,Bethlehem,George J Rehkamp,R,0,0.00%
Town Clerk,Bethlehem,Katie Mayer,D,0,0.00%
Town Clerk,Bethlehem,Katie Mayer,R,0,0.00%
Town Treasurer,Bethlehem,Theresa Radauskas,D,0,0.00%
Town Treasurer,Bethlehem,Theresa Radauskas,R,0,0.00%
Board of Finance Full Six Year Term Begins 2025,Bethlehem,Christopher T Gallo,D,0,0.00%
Board of Finance Full Six Year Term Begins 2025,Bethlehem,Richard O'Neil,D,0,0.00%
Board of Finance Full Six Year Term Begins 2025,Bethlehem,Anthony C Barbino,R,0,0.00%
Board of Finance Full Six Year Term Begins 2025,Bethlehem,Phil Dunphy,R,0,0.00%
Board of Assessment Appeals,Bethlehem,Jon O'Neill,D,0,0.00%
Board of Assessment Appeals,Bethlehem,Karen S Miller,R,0,0.00%
Planning Commission Full Five Year Term Begins 2025,Bethlehem,Christopher T Gallo,D,0,0.00%
Planning Commission Full Five Year Term Begins 2026,Bethlehem,Marjorie O'Neill,D,0,0.00%
Planning Commission Alternate Full Three Year Term Begins 2026,Bethlehem,Ruth Hogan,D,0,0.00%
Planning Commission Alternate to Fill a Vacancy for Two Years,Bethlehem,Heidi Latka,R,0,0.00%
Inland Wetlands Commission Full Three Year Term Begins 2025,Bethlehem,Jennifer Assard Gallo,D,0,0.00%
Inland Wetlands Commission Full Three Year Term Begins 2025,Bethlehem,Paul Reid,R,0,0.00%
Inland Wetlands Commission Full Three Year Term Begins 2025,Bethlehem,Todd A Reisel,R,0,0.00%
Inland Wetlands Commission                             Full Three Year Term Begins 2026,Bethlehem,Robert Smith,D,0,0.00%
Inland Wetlands Commission Alternate                   Full Three Year Term Begins 2025,Bethlehem,Thomas Hill,R,0,0.00%
Inland Wetlands Commission Alternate Full Three Year Term Begins 2026,Bethlehem,Eric Nelson,D,0,0.00%
Library Trustees                            Full Six Year Term Begins 2025,Bethlehem,Elaine Brodeur,D,0,0.00%
Library Trustees                            Full Six Year Term Begins 2025,Bethlehem,Virginia D Hoffman,D,0,0.00%
Library Trustees                            Full Six Year Term Begins 2025,Bethlehem,Heather Palma Demers,R,0,0.00%
Memorial Hall Commission                     Full Four Year Term Begins 2025,Bethlehem,Clayton Hilpertshauser,D,0,0.00%
Memorial Hall Commission                     Full Four Year Term Begins 2025,Bethlehem,Richard O'Neil,D,0,0.00%
Memorial Hall Commission                     Full Four Year Term Begins 2025,Bethlehem,Peter Essex,R,0,0.00%
Memorial Hall Commission                     Full Four Year Term Begins 2025,Bethlehem,George E Murdock,R,0,0.00%
Town Council,Bloomfield,Michael Oliver,D,0,0.00%
Town Council,Bloomfield,Suzette DeBeatham-Brown,D,0,0.00%
Town Council,Bloomfield,Darrell Goodwin,D,0,0.00%
Town Council,Bloomfield,Anthony (Tony) Harrington,D,0,0.00%
Town Council,Bloomfield,Todd Cooper,D,0,0.00%
Town Council,Bloomfield,Cindi Lloyd,D,0,0.00%
Town Council,Bloomfield,Thomas S. Moore,R,0,0.00%
Town Council,Bloomfield,Elizabeth Waterhouse,R,0,0.00%
Town Council,Bloomfield,Shamar Mahon,R,0,0.00%
Town Council,Bloomfield,Joseph Merritt,R,0,0.00%
Town Council,Bloomfield,Vivilyn Smith,R,0,0.00%
Town Council,Bloomfield,Seth M. Pitts,R,0,0.00%
Town Council,Bloomfield,Rickford Kirton,WI,0,0.00%
Board of Education Four Year Term,Bloomfield,Kim Dunbar,D,0,0.00%
Board of Education Four Year Term,Bloomfield,Tiffany Mack-Mohammed,D,0,0.00%
Board of Education Four Year Term,Bloomfield,Clovis Jones,R,0,0.00%
Board of Education Two Year Term,Bloomfield,Howard Steven Frydman,D,0,0.00%
Board of Education Two Year Term,Bloomfield,Ricky Rowe,R,0,0.00%
Town Plan & Zoning Commission,Bloomfield,Renae A. James,D,0,0.00%
Town Plan & Zoning Commission,Bloomfield,Kevin Gough,D,0,0.00%
Town Plan & Zoning Commission,Bloomfield,Stephen J. Millette,R,0,0.00%
Town Plan & Zoning Commission,Bloomfield,Troy Mitchell,WI,0,0.00%
Town Plan & Zoning Commission Alternate,Bloomfield,Roger J. O'Brien,D,0,0.00%
Town Plan & Zoning Commission Alternate,Bloomfield,Eunice Medwinter,R,0,0.00%
Zoning Board of Appeals,Bloomfield,Jacqueline Isaacson,D,0,0.00%
Zoning Board of Appeals,Bloomfield,Shirley P. Williams,D,0,0.00%
Zoning Board of Appeals,Bloomfield,Pansy Archer,D,0,0.00%
Zoning Board of Appeals,Bloomfield,Alan Budkofsky,R,0,0.00%
Zoning Board of Appeals,Bloomfield,Seth M. Pitts,R,0,0.00%
Zoning Board of Appeals Alternates,Bloomfield,Shelby J. Maybin,D,0,0.00%
Zoning Board of Appeals Alternates,Bloomfield,Vivilyn Smith,R,0,0.00%
Library Trustees,Bloomfield,Sherry-Ann Chance,D,0,0.00%
Library Trustees,Bloomfield,Harvey Leon Frydman,D,0,0.00%
Library Trustees,Bloomfield,Patrick A. DeLorenzo,R,0,0.00%
Selectman Full Four Year Term,Bolton,David Cowles,D,0,0.00%
Selectman Full Four Year Term,Bolton,Robert DePietro,D,0,0.00%
Selectman Full Four Year Term,Bolton,Bryce Aaronson,D,0,0.00%
Selectman Full Four Year Term,Bolton,Stephen Wierzbicki,R,0,0.00%
Selectman Full Four Year Term,Bolton,Christopher Fiano,R,0,0.00%
Finance Committee Full Four Year Term,Bolton,Melissa Wielandt,D,0,0.00%
Finance Committee Full Four Year Term,Bolton,Tyler Egner,R,0,0.00%
Board of Education,Bolton,Jennifer Stahl,D,0,0.00%
Board of Education,Bolton,Grae Norman-Hall,D,0,0.00%
Board of Education,Bolton,James Perkins,D,0,0.00%
Board of Education,Bolton,Christopher Duffy,R,0,0.00%
Board of Education,Bolton,Ashley Paggioli,R,0,0.00%
Board of Education To Fill Vacancy for Two Years,Bolton,Denay Johnston,D,0,0.00%
Board of Assessment Appeals,Bolton,Amanda Gordon,D,0,0.00%
Board of Assessment Appeals,Bolton,Thomas Fiorentino,R,0,0.00%
Planning & Zoning Commission,Bolton,Kawan Gordon,D,0,0.00%
Planning & Zoning Commission,Bolton,Eric Loveland,D,0,0.00%
Planning & Zoning Commission,Bolton,Ellen King,D,0,0.00%
Planning & Zoning Commission,Bolton,Jeremy Flick,R,0,0.00%
Planning & Zoning Commission,Bolton,Diane DeNunzio,R,0,0.00%
Planning & Zoning Commission,Bolton,Thomas Robbins,R,0,0.00%
Planning & Zoning Commission Alternate,Bolton,Peyton Rutledge,D,0,0.00%
Planning & Zoning Commission Alternate,Bolton,Ellen King,D,0,0.00%
Planning & Zoning Commission Alternate,Bolton,Joshua Lloyd,R,0,0.00%
Planning & Zoning Commission Alternate To Fill Vacancy for Two Years,Bolton,Rhea Klein,D,0,0.00%
Planning & Zoning Commission Alternate To Fill Vacancy for Two Years,Bolton,Richard Parkes,R,0,0.00%
Zoning Board of Appeals,Bolton,Athina Loveland,D,0,0.00%
Zoning Board of Appeals,Bolton,Jonathan Treat,R,0,0.00%
Zoning Board of Appeals,Bolton,Morris Silverstein,R,0,0.00%
Zoning Board of Appeals Alternate,Bolton,Athina Loveland,D,0,0.00%
Zoning Board of Appeals Alternate,Bolton,Thomas Lyon,R,0,0.00%
Zoning Board of Appeals Alternate,Bolton,Andrew Chambers,R,0,0.00%
Town Meeting Moderator,Bolton,Adam J Teller,D,0,0.00%
Town Meeting Moderator,Bolton,Thomas Fiorentino,R,0,0.00%
First Selectman,Bozrah,Glenn S. Pianka,R,0,0.00%
Selectman,Bozrah,William E. Ballinger III,D,0,0.00%
Selectman,Bozrah,Jeremy P. Tarasevich,R,0,0.00%
Town Clerk,Bozrah,Laura S. Lieske,D,0,0.00%
Town Clerk,Bozrah,Logan M. Gordon,PC,0,0.00%
Town Treasurer,Bozrah,Diana M. Santo,R,0,0.00%
Tax Collector,Bozrah,Nancy J. Renshaw,D,0,0.00%
Tax Collector,Bozrah,Nancy J. Renshaw,R,0,0.00%
Board of Finance,Bozrah,Jeanne M. Goulart,D,0,0.00%
Board of Finance,Bozrah,Michael J. O'Connor,R,0,0.00%
Board of Education,Bozrah,Abby L. von Halem,D,0,0.00%
Board of Education,Bozrah,Nicholas Savoie,D,0,0.00%
Board of Education,Bozrah,Lindsey M. Baah,R,0,0.00%
Board of Education,Bozrah,Justin A. LaPre,R,0,0.00%
Board of Assessment Appeals,Bozrah,Timothy B. Lenehan,D,0,0.00%
Board of Assessment Appeals,Bozrah,Donald E. LaPre,R,0,0.00%
Zoning Board of Appeals Five Year Term Begins 2025,Bozrah,Michele Arsenault,D,0,0.00%
Zoning Board of Appeals Five Year Term Begins 2025,Bozrah,James Bonanno,R,0,0.00%
Zoning Board of Appeals Five Year Term Begins 2026,Bozrah,Brian Lee Palmer,D,0,0.00%
Zoning Board of Appeals Alternates Five Year Term Begins 2025,Bozrah,Sara Schmidt,D,0,0.00%
First Selectman,Branford,Josh Brooks,D,0,0.00%
First Selectman,Branford,Jeff Vailette,R,0,0.00%
Selectman,Branford,Raymond E. Dunbar,D,0,0.00%
Selectman,Branford,Victoria Verderame,R,0,0.00%
Town Treasurer,Branford,Kurt Schwanfelder,D,0,0.00%
Town Treasurer,Branford,Ed Prete,R,0,0.00%
Board of Education,Branford,Amanda Henry,D,0,0.00%
Board of Education,Branford,Donna Laich,D,0,0.00%
Board of Education,Branford,Meaghan DeLucia,R,0,0.00%
Board of Education,Branford,Laura Troidle,R,0,0.00%
Board of Education To Fill Vacancy for Four Years,Branford,Daniel Hally,D,0,0.00%
Board of Education To Fill Vacancy for Four Years,Branford,"Alex Palluzzi, Jr.",R,0,0.00%
Board of Education To Fill Vacancy for Two Years,Branford,Isaak Aronson,D,0,0.00%
Board of Education To Fill Vacancy for Two Years,Branford,Harlan Fichtenholtz,D,0,0.00%
Board of Education To Fill Vacancy for Two Years,Branford,Emily Johnson,R,0,0.00%
Board of Education To Fill Vacancy for Two Years,Branford,Erin (Yiran) Gu,R,0,0.00%
Board of Education To Fill Vacancy for Two Years,Branford,Rebecca Anne Cudgma,PC,0,0.00%
Board of Assessment Appeals,Branford,Kurt Schwanfelder,D,0,0.00%
Board of Assessment Appeals,Branford,Dennis Nardella,R,0,0.00%
Constables,Branford,Kathleen Fox,D,0,0.00%
Constables,Branford,Nancy McCormack,D,0,0.00%
Constables,Branford,Francis Walsh,D,0,0.00%
Constables,Branford,Kevin Coughlin,D,0,0.00%
Constables,Branford,Laura Myjak,R,0,0.00%
Constables,Branford,George Weted,R,0,0.00%
Constables,Branford,Richard Aitro,R,0,0.00%
Constables,Branford,Dennis Nardella,R,0,0.00%
Representative Town Meeting 1st District,Branford,Alisa Waterman,D,0,0.00%
Representative Town Meeting 1st District,Branford,Mark McCall,D,0,0.00%
Representative Town Meeting 1st District,Branford,Tricia Anderson,R,0,0.00%
Representative Town Meeting 1st District,Branford,Lindsay Marottoli Greenberg,R,0,0.00%
Representative Town Meeting 1st District,Branford,Shannen Sharkey,R,0,0.00%
Representative Town Meeting 1st District,Branford,Frank Twohill,R,0,0.00%
Representative Town Meeting 2nd District,Branford,Lola Brooks,D,0,0.00%
Representative Town Meeting 2nd District,Branford,Peter Hentschel,D,0,0.00%
Representative Town Meeting 2nd District,Branford,Chris Hynes,R,0,0.00%
Representative Town Meeting 2nd District,Branford,Steve Chamberlain,R,0,0.00%
Representative Town Meeting 3rd District,Branford,Iryna Bonenberger,D,0,0.00%
Representative Town Meeting 3rd District,Branford,Richard Jennings,D,0,0.00%
Representative Town Meeting 3rd District,Branford,Ralph Murray,R,0,0.00%
Representative Town Meeting 3rd District,Branford,Alexander King,R,0,0.00%
Representative Town Meeting 4th District,Branford,Joanna Gorman,D,0,0.00%
Representative Town Meeting 4th District,Branford,Gyanu Shrestha,D,0,0.00%
Representative Town Meeting 4th District,Branford,Shahida Soomro,D,0,0.00%
Representative Town Meeting 4th District,Branford,Dan Adelman,D,0,0.00%
Representative Town Meeting 4th District,Branford,Massimo Gambardella,R,0,0.00%
Representative Town Meeting 4th District,Branford,Sean Kelly,R,0,0.00%
Representative Town Meeting 4th District,Branford,Chuck Witkowski,R,0,0.00%
Representative Town Meeting 4th District,Branford,Chiran Neupane,R,0,0.00%
Representative Town Meeting 5th District,Branford,Tracy Everson,D,0,0.00%
Representative Town Meeting 5th District,Branford,Alex Larsson,D,0,0.00%
Representative Town Meeting 5th District,Branford,John Hartwell,D,0,0.00%
Representative Town Meeting 5th District,Branford,Abigail  E. Adams,D,0,0.00%
Representative Town Meeting 5th District,Branford,Ray Ingraham,R,0,0.00%
Representative Town Meeting 5th District,Branford,Dennis Flanigan,R,0,0.00%
Representative Town Meeting 5th District,Branford,Paul Crisci,R,0,0.00%
Representative Town Meeting 5th District,Branford,Carolyn Sires,R,0,0.00%
Representative Town Meeting 6th District,Branford,Chris Sullivan,D,0,0.00%
Representative Town Meeting 6th District,Branford,Nancy McCormack,D,0,0.00%
Representative Town Meeting 6th District,Branford,Gino Popolizio,R,0,0.00%
Representative Town Meeting 6th District,Branford,Joseph Loffredo,R,0,0.00%
Representative Town Meeting 6th District,Branford,Anthony Alfone,R,0,0.00%
Representative Town Meeting 7th District,Branford,Susan Dahill,D,0,0.00%
Representative Town Meeting 7th District,Branford,Jo-Anne Basile,D,0,0.00%
Representative Town Meeting 7th District,Branford,Barbara Maresca,R,0,0.00%
Representative Town Meeting 7th District,Branford,Kevin Healy,R,0,0.00%
Board of Education,Bridgeport,Jennifer Perez,D,0,0.00%
Board of Education,Bridgeport,Jowanne Burks-Jennings,D,0,0.00%
Board of Education,Bridgeport,Lamond Daniels,D,0,0.00%
Board of Education,Bridgeport,Akisha Cassermere,R,0,0.00%
Board of Education,Bridgeport,David Gelin,R,0,0.00%
Board of Education,Bridgeport,Robert Traber,WF,0,0.00%
Board of Education,Bridgeport,Joseph Sokolovic,WF,0,0.00%
Board of Education,Bridgeport,Robert Traber,IND,0,0.00%
Board of Education,Bridgeport,Joseph Sokolovic,IND,0,0.00%
City Sheriffs,Bridgeport,Stephen M. Nelson,D,0,0.00%
City Sheriffs,Bridgeport,Ricardo Guzman,D,0,0.00%
City Sheriffs,Bridgeport,Richard Paoletto Jr.,D,0,0.00%
City Sheriffs,Bridgeport,Michael Garrett,R,0,0.00%
City Sheriffs,Bridgeport,Michael Moretti,R,0,0.00%
City Sheriffs,Bridgeport,James Carbone,R,0,0.00%
City Sheriffs,Bridgeport,Wilfredo Martinez,IND,0,0.00%
City Sheriffs,Bridgeport,Willie J. Smith,IND,0,0.00%
City Sheriffs,Bridgeport,Jacquelynn A. Perry,IND,0,0.00%
Council Members District 130,Bridgeport,Galen Murray,D,0,0.00%
Council Members District 130,Bridgeport,Nicole Nelson,D,0,0.00%
Council Members District 130,Bridgeport,Steven Sikora,R,0,0.00%
Council Members District 130,Bridgeport,Francis Kalangala,R,0,0.00%
Council Members District 131,Bridgeport,Denese Taylor-Moye,D,0,0.00%
Council Members District 131,Bridgeport,Jorge Cruz Sr.,D,0,0.00%
Council Members District 131,Bridgeport,Rossell Veras,R,0,0.00%
Council Members District 131,Bridgeport,Juan M. Uribe,R,0,0.00%
Council Members District 132,Bridgeport,Rolanda Smith,D,0,0.00%
Council Members District 132,Bridgeport,Dasha Spell,D,0,0.00%
Council Members District 132,Bridgeport,Peter Perillo,R,0,0.00%
Council Members District 132,Bridgeport,Vallorie L. Clark,R,0,0.00%
Council Members District 132,Bridgeport,Robert E. Halstead,IND,0,0.00%
Council Members District 133,Bridgeport,Aikeem Boyd,D,0,0.00%
Council Members District 133,Bridgeport,Jeanette Herron,D,0,0.00%
Council Members District 133,Bridgeport,Oliver Bourgeois,R,0,0.00%
Council Members District 133,Bridgeport,Jeanette Herron,IND,0,0.00%
Council Members District 134,Bridgeport,Michelle A. Lyons,D,0,0.00%
Council Members District 134,Bridgeport,Loretta Dubac,D,0,0.00%
Council Members District 134,Bridgeport,Leona Delvecchio,R,0,0.00%
Council Members District 134,Bridgeport,Donna Purciello,R,0,0.00%
Council Members District 134,Bridgeport,Michelle A. Lyons,IND,0,0.00%
Council Members District 134,Bridgeport,Loretta  DuBac,IND,0,0.00%
Council Members District 135,Bridgeport,Mary McBride-Lee,D,0,0.00%
Council Members District 135,Bridgeport,Richard Ortiz,D,0,0.00%
Council Members District 135,Bridgeport,Marcos Torres,R,0,0.00%
Council Members District 135,Bridgeport,Louriem McKlosky,R,0,0.00%
Council Members District 135,Bridgeport,Digna Veloz,IND,0,0.00%
Council Members District 135,Bridgeport,Pierre D'Haiti,IND,0,0.00%
Council Members District 136,Bridgeport,Alfredo Castillo,D,0,0.00%
Council Members District 136,Bridgeport,Frederick Hodges,D,0,0.00%
Council Members District 136,Bridgeport,Philip Flynn,R,0,0.00%
Council Members District 136,Bridgeport,David Herz,R,0,0.00%
Council Members District 136,Bridgeport,Christopher J. Rodriguez,IND,0,0.00%
Council Members District 137,Bridgeport,Aidee Nieves,D,0,0.00%
Council Members District 137,Bridgeport,Maria Ines Valle,D,0,0.00%
Council Members District 137,Bridgeport,Joseph Christiansen,R,0,0.00%
Council Members District 137,Bridgeport,Ramona Marquez,R,0,0.00%
Council Members District 137,Bridgeport,Ismael Sanchez Jr.,IND,0,0.00%
Council Members District 137,Bridgeport,Wilfredo Martinez,IND,0,0.00%
Council Members District 138,Bridgeport,Maria Pereira,D,0,0.00%
Council Members District 138,Bridgeport,Keyla Medina,D,0,0.00%
Council Members District 138,Bridgeport,Quentin Dreher,R,0,0.00%
Council Members District 138,Bridgeport,Jose Quiroga,R,0,0.00%
Council Members District 138,Bridgeport,Keyla Medina,IND,0,0.00%
Council Members District 138,Bridgeport,Kevin George Monks,WI,0,0.00%
Council Members District 138,Bridgeport,Samia Suliman,WI,0,0.00%
Council Members District 139,Bridgeport,Eneida Martinez,D,0,0.00%
Council Members District 139,Bridgeport,Ernest E. Newton II,D,0,0.00%
Council Members District 139,Bridgeport,Javier Leon,R,0,0.00%
Council Members District 139,Bridgeport,Ashley Velez,R,0,0.00%
First Selectman,Bridgewater,Eric Gsell,D,0,0.00%
First Selectman,Bridgewater,Jeremy T. Lingenfelser,R,0,0.00%
Selectman,Bridgewater,Carolan Dwyer,D,0,0.00%
Selectman,Bridgewater,Eric Soetbeer,R,0,0.00%
Town Clerk,Bridgewater,Cheryl Pinkos,D,0,0.00%
Town Treasurer,Bridgewater,Susan C. Wilcox,D,0,0.00%
Town Treasurer,Bridgewater,Susan C. Wilcox,R,0,0.00%
Tax Collector,Bridgewater,Catherine Vikstrom,D,0,0.00%
Board of Finance,Bridgewater,Joel Thomas Presby,D,0,0.00%
Board of Finance,Bridgewater,Julie Mangino,D,0,0.00%
Board of Finance,Bridgewater,Joel Thomas Presby,R,0,0.00%
Board of Finance,Bridgewater,Julie Mangino,R,0,0.00%
Board of Finance To Fill Vacancy for Two Years,Bridgewater,Paul Hines,D,0,0.00%
Board of Assessment Appeals,Bridgewater,Greg Dembowski,D,0,0.00%
Board of Assessment Appeals,Bridgewater,Greg Dembowski,R,0,0.00%
Board of Assessment Appeals To Fill Vacancy for Two Years,Bridgewater,William New,D,0,0.00%
Board of Assessment Appeals To Fill Vacancy for Two Years,Bridgewater,Roberta Sinatra,D,0,0.00%
Planning & Zoning Commission Five Year Term Begins 2025,Bridgewater,Joseph Wilcox,D,0,0.00%
Planning & Zoning Commission Five Year Term Begins 2025,Bridgewater,Joseph Wilcox,R,0,0.00%
Planning & Zoning Commission Five Year Term Begins 2026,Bridgewater,Laszlo Pinter,D,0,0.00%
Planning & Zoning Commission Five Year Term Begins 2026,Bridgewater,Laszlo Pinter,R,0,0.00%
Planning & Zoning Commission Alternate Three Year Term Begins 2025,Bridgewater,Betsy Perlman,D,0,0.00%
Planning & Zoning Commission Alternate Three Year Term Begins 2026,Bridgewater,James David Askey,R,0,0.00%
Zoning Board of Appeals Five Year Term Begins 2025,Bridgewater,James Crosskey,D,0,0.00%
Zoning Board of Appeals Five Year Term Begins 2025,Bridgewater,James Crosskey,R,0,0.00%
Zoning Board of Appeals Five Year Term Begins 2026,Bridgewater,Brad Goldstein,D,0,0.00%
Mayor,Bristol,Ellen Zoppo-Sassu,D,0,0.00%
Mayor,Bristol,Jeffrey Caggiano,R,0,0.00%
Treasurer,Bristol,John Lodovico,D,0,0.00%
Treasurer,Bristol,Robert Parenti,R,0,0.00%
Council Member District 1,Bristol,"DeWayne Wynn, Jr.",D,0,0.00%
Council Member District 1,Bristol,Greg Hahn,D,0,0.00%
Council Member District 1,Bristol,Erick Rosengren,R,0,0.00%
Council Member District 1,Bristol,Jennifer St. John,R,0,0.00%
Council Member District 2,Bristol,Jennifer Tagariello,D,0,0.00%
Council Member District 2,Bristol,Peter Kelley,D,0,0.00%
Council Member District 2,Bristol,Susan Tyler,R,0,0.00%
Council Member District 2,Bristol,Jacqueline Violette-Olsen,R,0,0.00%
Council Member District 3,Bristol,Steve Seymour,D,0,0.00%
Council Member District 3,Bristol,Mark Dickau,D,0,0.00%
Council Member District 3,Bristol,Cheryl Thibeault,R,0,0.00%
Council Member District 3,Bristol,Stephen Coan,R,0,0.00%
Board of Education,Bristol,Jill Fitzsimons-Bula,D,0,0.00%
Board of Education,Bristol,Barbara Tedesco,D,0,0.00%
Board of Education,Bristol,Kara Ledger,D,0,0.00%
Board of Education,Bristol,Jennifer Van Gorder,R,0,0.00%
Board of Education,Bristol,Jonathan F. Lukasiewicz,R,0,0.00%
Board of Education,Bristol,Diane Salmoiraghi,R,0,0.00%
Board of Assessment Appeals,Bristol,Ann Marie Heering,D,0,0.00%
Board of Assessment Appeals,Bristol,Liza Salgado-Sirko,D,0,0.00%
Board of Assessment Appeals,Bristol,Greg Klimek,R,0,0.00%
Board of Assessment Appeals,Bristol,Wesley Hoyt,R,0,0.00%
First Selectman,Brookfield,Steve Dunn,D,0,0.00%
First Selectman,Brookfield,Karl Hinger,R,0,0.00%
Selectman,Brookfield,Bob Belden,D,0,0.00%
Selectman,Brookfield,Alan Donnelly,R,0,0.00%
Town Clerk To Fill Vacancy for Two Years,Brookfield,Phoebe J. Holmes,D,0,0.00%
Town Clerk To Fill Vacancy for Two Years,Brookfield,Jeffrey E. Murphy,R,0,0.00%
Board of Finance,Brookfield,Joseph M. Levanti,D,0,0.00%
Board of Finance,Brookfield,Rosa T. Fernandes,D,0,0.00%
Board of Finance,Brookfield,Kenneth Schwartz,D,0,0.00%
Board of Finance,Brookfield,Leslie P. Slater,D,0,0.00%
Board of Finance,Brookfield,Glenn Rooney,R,0,0.00%
Board of Finance,Brookfield,John Mascolo,R,0,0.00%
Board of Finance,Brookfield,Michael Barnes,R,0,0.00%
Board of Finance,Brookfield,Brianna Ruocco,R,0,0.00%
"Board of Education, Not More than Two from One Party",Brookfield,Adam L. Wollowick,D,0,0.00%
"Board of Education, Not More than Two from One Party",Brookfield,Caroline Cowles,D,0,0.00%
"Board of Education, Not More than Two from One Party",Brookfield,Richard Briggs,D,0,0.00%
"Board of Education, Not More than Two from One Party",Brookfield,Erin Scalera,R,0,0.00%
"Board of Education, Not More than Two from One Party",Brookfield,Andy Corea,R,0,0.00%
"Board of Education, Not More than Two from One Party",Brookfield,Joy Greenstein,R,0,0.00%
"Board of Education, Not More than Two from One Party",Brookfield,Marc Moorash,PC,0,0.00%
Board of Assessment Appeals,Brookfield,Shannon Riley,D,0,0.00%
Board of Assessment Appeals,Brookfield,Jeffrey Bronn,R,0,0.00%
Planning & Zoning Commission Full Term,Brookfield,Marc S. Loewengart,D,0,0.00%
Planning & Zoning Commission Full Term,Brookfield,Brian McGovern,D,0,0.00%
Planning & Zoning Commission Full Term,Brookfield,Gregory Petriccione,R,0,0.00%
Planning & Zoning Commission Full Term,Brookfield,Dionisio Fontana,R,0,0.00%
Planning & Zoning Commission Full Term,Brookfield,Geoff Hunton,R,0,0.00%
Planning & Zoning Commission To Fill Vacancy for Two Years,Brookfield,Curtis Timmerman,D,0,0.00%
Planning & Zoning Commission To Fill Vacancy for Two Years,Brookfield,Elliott C. Morales,R,0,0.00%
Zoning Board of Appeals,Brookfield,Douglas Clemons,D,0,0.00%
Zoning Board of Appeals,Brookfield,Andrew Koehm,R,0,0.00%
Zoning Board of Appeals,Brookfield,Liam Enea,R,0,0.00%
Zoning Board of Appeals,Brookfield,Terrance Petiprin,R,0,0.00%
First Selectman,Brooklyn,Joe Bellavance,D,0,0.00%
First Selectman,Brooklyn,Austin Tanner,R,0,0.00%
First Selectman,Brooklyn,Michael Patrick Rekola,PC,0,0.00%
Board of Selectmen,Brooklyn,Sherri Vogt,D,0,0.00%
Board of Selectmen,Brooklyn,Kayla Burgess,R,0,0.00%
Board of Selectmen,Brooklyn,Joseph James Voccio,PC,0,0.00%
Town Clerk,Brooklyn,Kate Bisson,D,0,0.00%
Town Clerk,Brooklyn,Kate Bisson,R,0,0.00%
Board of Finance,Brooklyn,Richard Ives,D,0,0.00%
Board of Finance,Brooklyn,Robert Smanik,D,0,0.00%
Board of Finance,Brooklyn,Sandy Brodeur,R,0,0.00%
Board of Finance,Brooklyn,David Fuss,R,0,0.00%
Board of Education,Brooklyn,Melissa Perkins-Banas,D,0,0.00%
Board of Education,Brooklyn,Kayla Burgess,R,0,0.00%
Board of Education,Brooklyn,Dann Stuyniski,R,0,0.00%
Board of Education,Brooklyn,Justin Phaiah,R,0,0.00%
Board of Assessment Appeals,Brooklyn,Susan Wasstrom,D,0,0.00%
Board of Assessment Appeals,Brooklyn,Joanne Eiler,R,0,0.00%
Board of Assessment Appeals,Brooklyn,Justin Phaiah,R,0,0.00%
Judge of Probate District 10 To Fill Vacancy,Burlington,Paul R. Bedard,D,0,0.00%
First Selectman,Burlington,Douglas K. Thompson,R,0,0.00%
Selectman,Burlington,Tom Zabel,D,0,0.00%
Selectman,Burlington,Lauren Woods Owens,R,0,0.00%
Selectman,Burlington,Jason Boucher,R,0,0.00%
Town Treasurer,Burlington,Sean Scully,R,0,0.00%
Board of Finance,Burlington,"John ""Skip"" Achilli",D,0,0.00%
Board of Finance,Burlington,John Kirschner,D,0,0.00%
Board of Finance,Burlington,Sharon Farmer,D,0,0.00%
Board of Finance,Burlington,Susan A. Brault,R,0,0.00%
Board of Finance,Burlington,Donald A. Riley,R,0,0.00%
Board of Assessment Appeals,Burlington,Kerri Kazlauskas,D,0,0.00%
Board of Assessment Appeals,Burlington,"Roy A. Merritt, Jr.",R,0,0.00%
Planning & Zoning Commission,Burlington,Robert Wilson,D,0,0.00%
Planning & Zoning Commission,Burlington,Mark Smaldone,R,0,0.00%
Planning & Zoning Commission,Burlington,Rich Miller,R,0,0.00%
Planning & Zoning Commission,Burlington,Rudy Franciamore,R,0,0.00%
Zoning Board of Appeals,Burlington,Jessica Langley,D,0,0.00%
Zoning Board of Appeals,Burlington,Peter Perkins,R,0,0.00%
Zoning Board of Appeals,Burlington,Belinda Cargill,R,0,0.00%
Regional Board of Education,Burlington,Erin Nadeau,D,0,0.00%
Regional Board of Education,Burlington,Jamie McCusker,D,0,0.00%
Regional Board of Education,Burlington,Samantha Sherman,D,0,0.00%
Regional Board of Education,Burlington,Scott Savelle,R,0,0.00%
Regional Board of Education,Burlington,Cassandra Dubois,R,0,0.00%
Regional Board of Education,Burlington,Melanie Wilhelm,R,0,0.00%
First Selectman,Canaan,David R. Barger,D,0,0.00%
First Selectman,Canaan,David R. Barger,R,0,0.00%
Selectman,Canaan,Chris Kinsella,D,0,0.00%
Selectman,Canaan,Judy Jacobs,R,0,0.00%
Board of Finance,Canaan,Richard S. Berzine,D,0,0.00%
Board of Finance,Canaan,Ginger M. Betti,D,0,0.00%
Board of Finance,Canaan,Andrea L. Downs,R,0,0.00%
Board of Finance,Canaan,Karl Munson,R,0,0.00%
Board of Finance To Fill Vacancy for Two Years,Canaan,Martin Deeg,D,0,0.00%
Board of Finance To Fill Vacancy for Two Years,Canaan,Marisa Ohler,R,0,0.00%
Board of Finance Alternate,Canaan,Vanessa Pereira,D,0,0.00%
Board of Finance Alternate,Canaan,Henry Todd,R,0,0.00%
Board of Finance Alternate To Fill Vacancy for Two Years,Canaan,Hazel K. McGuire,R,0,0.00%
Board of Education,Canaan,Patricia Allyn Mechare,D,0,0.00%
Board of Education,Canaan,Adam L. Sher,D,0,0.00%
Board of Education,Canaan,Scott Miller,R,0,0.00%
Board of Education,Canaan,Adam L. Sher,R,0,0.00%
Board of Assessment Appeals Full Term,Canaan,Hazel K. McGuire,D,0,0.00%
Board of Assessment Appeals Full Term,Canaan,Tami Reid,D,0,0.00%
Board of Assessment Appeals Full Term,Canaan,Hazel K. McGuire,R,0,0.00%
Board of Assessment Appeals Full Term,Canaan,Tami Reid,R,0,0.00%
Zoning Board of Appeals,Canaan,Louis G. Timolat,R,0,0.00%
Zoning Board of Appeals,Canaan,Stephen Dean,R,0,0.00%
Zoning Board of Appeals Alternate,Canaan,Vance Cannon,D,0,0.00%
Zoning Board of Appeals Alternate,Canaan,Lee K. Baldwin,R,0,0.00%
Constables,Canaan,Thom Wilson,D,0,0.00%
Constables,Canaan,Donna M. Heinz,D,0,0.00%
Constables,Canaan,Elizabeth Pierce,D,0,0.00%
Constables,Canaan,Matthew Hansen,R,0,0.00%
Constables,Canaan,Dennis M. Jacobs,R,0,0.00%
Constables,Canaan,Louis G. Timolat,R,0,0.00%
Constables,Canaan,Timothy Downs,R,0,0.00%
Regional Board of Education,Canaan,Patricia Allyn Mechare,D,0,0.00%
Regional Board of Education,Canaan,Patricia Allyn Mechare,R,0,0.00%
First Selectman,Canterbury,Aaron Spruance,D,400,43.57%
First Selectman,Canterbury,Chris Lippke,R,518,56.43%
Selectman,Canterbury,Jon Lane,D,404,44.44%
Selectman,Canterbury,Mark O. Weeks,R,505,55.56%
Board of Finance,Canterbury,Mike Lee,D,534,100.00%
Board of Finance Alternate,Canterbury,Brady Farland,D,402,44.72%
Board of Finance Alternate,Canterbury,Sarah Hasbargen,R,497,55.28%
Board of Education,Canterbury,Matthew Pritchard,D,508,32.73%
Board of Education,Canterbury,Jamie Kleinman,D,497,32.02%
Board of Education,Canterbury,Laurie Marquis,R,547,35.24%
Board of Education To Fill Vacancy for Two Years,Canterbury,Matthew Pritchard,D,513,51.04%
Board of Education To Fill Vacancy for Two Years,Canterbury,Jamie Kleinman,D,492,48.96%
Board of Assessment Appeals,Canterbury,William Kivic,R,627,100.00%
Planning & Zoning Commission,Canterbury,Bob Hegan,D,453,17.42%
Planning & Zoning Commission,Canterbury,Jason Levine,D,437,16.80%
Planning & Zoning Commission,Canterbury,Eric Harriott,D,391,15.03%
Planning & Zoning Commission,Canterbury,Michael Hughes,R,476,18.30%
Planning & Zoning Commission,Canterbury,Donald Wolford,R,391,15.03%
Planning & Zoning Commission,Canterbury,Stephen E. Buchko,R,453,17.42%
Planning & Zoning Commission Alternate,Canterbury,Mike Lee,D,540,100.00%
Zoning Board of Appeals,Canterbury,Christopher Ferris,D,545,100.00%
Zoning Board of Appeals Alternate,Canterbury,Jamie Kleinman,D,520,100.00%
Constables,Canterbury,Jeff Hasbargen,R,579,25.06%
Constables,Canterbury,Joseph R. Sangermano,R,592,25.63%
Constables,Canterbury,Roy Saluk,R,571,24.72%
Constables,Canterbury,John C. Daigneault,R,568,24.59%
Library Board of Trustees,Canterbury,Virginia Romero-Caron,D,451,24.85%
Library Board of Trustees,Canterbury,Aidan D'Elia,D,436,24.02%
Library Board of Trustees,Canterbury,Guy Simmons,R,444,24.46%
Library Board of Trustees,Canterbury,Zandra Trudeau,R,484,26.67%
Library Board of Trustees To Fill Vacancy for Four Years,Canterbury,Melissa Schwab,D,523,100.00%
Library Board of Trustees To Fill Vacancy for Two Years,Canterbury,JoAnn Johnson,R,614,100.00%
Board of Selectman,Canton,Sarah Faulkner,D,0,0.00%
Board of Selectman,Canton,Sarah Hague,D,0,0.00%
Board of Selectman,Canton,Steve Sedor,R,0,0.00%
Board of Finance,Canton,Bob Namnoum,D,0,0.00%
Board of Finance,Canton,Brian McCullough,D,0,0.00%
Board of Finance,Canton,Michael J. Pendell,D,0,0.00%
Board of Finance,Canton,Bill Canny,R,0,0.00%
Board of Finance,Canton,Tom Blatchley,R,0,0.00%
Board of Education,Canton,Ali Barker,D,0,0.00%
Board of Education,Canton,Felicia Jordan,D,0,0.00%
Board of Education,Canton,Michelle Kulak,D,0,0.00%
Board of Education,Canton,Andrew Lavery,R,0,0.00%
Board of Education,Canton,Jordan Mae Toussaint,R,0,0.00%
Board of Education,Canton,Russell Bush,R,0,0.00%
Board of Assessment Appeals Full Term,Canton,Kim Bowen,D,0,0.00%
Board of Assessment Appeals Full Term,Canton,Susan Vincent,R,0,0.00%
Board of Assessment Appeals To Fill Vacancy for Two Years,Canton,Lisa Foy,R,0,0.00%
First Selectman,Chaplin,James Harrington,R,355,100.00%
Selectman,Chaplin,Leslie Ricklin,D,249,49.40%
Selectman,Chaplin,"Juan Roman, III",R,255,50.60%
Town Clerk,Chaplin,Shari Smith,D,246,49.70%
Town Clerk,Chaplin,Shari Smith,R,249,50.30%
Town Treasurer,Chaplin,Diana Alvarez,R,340,100.00%
Board of Finance,Chaplin,Mike O'Neill,D,269,32.97%
Board of Finance,Chaplin,Ryan Perry,R,248,30.39%
Board of Finance,Chaplin,Victor Boomer,R,299,36.64%
Board of Finance Alternate,Chaplin,Mike O'Neill,D,317,100.00%
Board of Education Full Term,Chaplin,Hayley Tiller-Albert,D,262,31.95%
Board of Education Full Term,Chaplin,Jeremiah Rufini,R,244,29.76%
Board of Education Full Term,Chaplin,Diana Alvarez,R,314,38.29%
Board of Assessment Appeals,Chaplin,Matt Foster,R,322,100.00%
Planning & Zoning Commission,Chaplin,Jim McPherson,D,246,30.11%
Planning & Zoning Commission,Chaplin,Doug Cates,R,285,34.88%
Planning & Zoning Commission,Chaplin,Dan Pearce,R,286,35.01%
Planning & Zoning Commission Alternate,Chaplin,Jim McPherson,D,319,100.00%
Zoning Board of Appeals,Chaplin,Brendan Kane,D,326,100.00%
Zoning Board of Appeals Alternate,Chaplin,Brendan Kane,D,237,49.58%
Zoning Board of Appeals Alternate,Chaplin,Paul Tetreault,R,241,50.42%
Library Board of Trustees,Chaplin,Diane Sanchez,D,238,26.33%
Library Board of Trustees,Chaplin,Diana Alvarez,D,210,23.23%
Library Board of Trustees,Chaplin,Diane Sanchez,R,223,24.67%
Library Board of Trustees,Chaplin,Diana Alvarez,R,233,25.77%
Library Board of Trustees To Fill Vacancy for Two Years,Chaplin,Jeanette Haines,D,320,100.00%
Town Council at Large,Cheshire,Gregory Wolff,D,0,0.00%
Town Council at Large,Cheshire,Peter J. Talbot,D,0,0.00%
Town Council at Large,Cheshire,Debrah Manke,D,0,0.00%
Town Council at Large,Cheshire,A. Fiona Pearson,D,0,0.00%
Town Council at Large,Cheshire,Louis Todisco,D,0,0.00%
Town Council at Large,Cheshire,Gregg Johnstone,R,0,0.00%
Town Council at Large,Cheshire,Tom Bartley,R,0,0.00%
Town Council at Large,Cheshire,James Bulger,R,0,0.00%
Town Council at Large,Cheshire,John Milone,R,0,0.00%
Town Council at Large,Cheshire,Jeff Falk,R,0,0.00%
Town Council First District,Cheshire,David Veleber,R,0,0.00%
Town Council Second District,Cheshire,Jim Jinks,D,0,0.00%
Town Council Second District,Cheshire,Lori Barnes,R,0,0.00%
Town Council Third District,Cheshire,Paul Calaluce,D,0,0.00%
Town Council Third District,Cheshire,Don Walsh,R,0,0.00%
Town Council Fourth District,Cheshire,Tricia Cramer,D,0,0.00%
Town Council Fourth District,Cheshire,Michael Stavola,R,0,0.00%
Town Clerk,Cheshire,Patti King,D,0,0.00%
Town Clerk,Cheshire,Patti King,R,0,0.00%
Board of Education,Cheshire,Sam Rosenberg,D,0,0.00%
Board of Education,Cheshire,Mandy C. Miller,D,0,0.00%
Board of Education,Cheshire,Heather Fitzgerald,D,0,0.00%
Board of Education,Cheshire,Jason Pinkus,R,0,0.00%
Board of Education,Cheshire,Adam Grippo,R,0,0.00%
Board of Education,Cheshire,Matthew Colehour,R,0,0.00%
Board of Assessment Appeals,Cheshire,Michael O'Brien,R,0,0.00%
Planning and Zoning Commission,Cheshire,Matt Bowman,D,0,0.00%
Planning and Zoning Commission,Cheshire,Jim McKenney,D,0,0.00%
Planning and Zoning Commission,Cheshire,Christopher Affie,D,0,0.00%
Planning and Zoning Commission,Cheshire,Anita Blake,R,0,0.00%
Planning and Zoning Commission,Cheshire,S. Woody Dawson,R,0,0.00%
Planning and Zoning Commission,Cheshire,Robert Brucato,R,0,0.00%
Planning and Zoning Commission Alternate,Cheshire,John J. Hilzinger,R,0,0.00%
Planning and Zoning Commission Alternate,Cheshire,Chuck Neth,R,0,0.00%
Zoning Board of Appeals,Cheshire,Therese Bradley,D,0,0.00%
Zoning Board of Appeals,Cheshire,Edmond Cullinan,D,0,0.00%
Zoning Board of Appeals,Cheshire,Jackie Cianci,R,0,0.00%
Zoning Board of Appeals,Cheshire,Doug Noble,R,0,0.00%
Zoning Board of Appeals Alternate,Cheshire,Gerald Devine,D,0,0.00%
Zoning Board of Appeals Alternate,Cheshire,Paul R. Orlowski,R,0,0.00%
Zoning Board of Appeals Alternate,Cheshire,David Ioime,R,0,0.00%
Constable,Cheshire,Breina Schain,D,0,0.00%
Constable,Cheshire,Ron Gagliardi,D,0,0.00%
Constable,Cheshire,Michael Rapetski,R,0,0.00%
Constable,Cheshire,Randy Raines,R,0,0.00%
First Selectman,Chester,Cynthia Lignar,D,0,0.00%
Selectman,Chester,Patricia Bandzes,D,0,0.00%
Selectman,Chester,Paul Radicchi,R,0,0.00%
Town Clerk,Chester,Kathryn Hair,D,0,0.00%
Town Clerk,Chester,Kathryn Hair,R,0,0.00%
Board of Finance Full Term,Chester,John Chillock,R,0,0.00%
Board of Finance Full Term,Chester,Philip B. Reynolds,R,0,0.00%
Board of Finance To Fill Vacancy for Four Years,Chester,John Connelly,D,0,0.00%
Board of Finance To Fill Vacancy for Four Years,Chester,John P. O'Hare,R,0,0.00%
Board of Finance To Fill Vacancy for Two Years,Chester,Meredith Park Devanney,R,0,0.00%
Board of Finance Alternate Full Term,Chester,Justin Kronholm,D,0,0.00%
Board of Finance Alternate To Fill Vacancy for Four Years,Chester,Bria Gilbert,D,0,0.00%
Board of Education,Chester,Jihan Schulte,D,0,0.00%
Board of Education,Chester,Maria Scherber,D,0,0.00%
Board of Education,Chester,Jillian K. Zupan,D,0,0.00%
Board of Education,Chester,Wendy Calamari King,R,0,0.00%
Board of Education,Chester,Jennifer Blalock,R,0,0.00%
Board of Assessment Appeals,Chester,Brian Dailey,D,0,0.00%
Board of Assessment Appeals,Chester,Ron Amara,R,0,0.00%
Planning & Zoning Commission Full Term,Chester,Jonathan S. Tobin,D,0,0.00%
Planning & Zoning Commission Full Term,Chester,Rebecca Mead,D,0,0.00%
Planning & Zoning Commission Full Term,Chester,Henry Krempel,D,0,0.00%
Planning & Zoning Commission Full Term,Chester,Mark Fishkind,R,0,0.00%
Planning & Zoning Commission Full Term,Chester,Ron Amara,R,0,0.00%
Planning & Zoning Commission To Fill Vacancy for Two Years,Chester,Carlie Dailey,D,0,0.00%
Planning & Zoning Commission Alternate,Chester,Marlene Reynolds,R,0,0.00%
Planning & Zoning Commission Alternate To Fill Vacancy for Four Years,Chester,John Guthrie,D,0,0.00%
Planning & Zoning Commission Alternate To Fill Vacancy for Two Years,Chester,Ronald Trapani,R,0,0.00%
Planning & Zoning Commission Alternate To Fill Vacancy for Two Years,Chester,Michael A. Sanders,CGP,0,0.00%
Zoning Board of Appeals Full Term,Chester,Aaron Zain,D,0,0.00%
Zoning Board of Appeals Full Term,Chester,Robert Blair,R,0,0.00%
Zoning Board of Appeals Full Term,Chester,John Chillock,R,0,0.00%
Zoning Board of Appeals Alternate Full Term,Chester,Marlene Reynolds,R,0,0.00%
Zoning Board of Appeals Alternate To Fill Vacancy for Two Years,Chester,Carolyn Kane,R,0,0.00%
Library Trustees Full Term,Chester,Abigail J. Rice,D,0,0.00%
Library Trustees To Fill Vacancy for Four Years,Chester,Susan Wright,D,0,0.00%
Regional Board of Education Full Term,Chester,Douglas Mahana,D,0,0.00%
Regional Board of Education Full Term,Chester,Wendy Calamari King,R,0,0.00%
Regional Board of Education To Fill Vacancy for Four Years,Chester,John Harris,D,0,0.00%
Regional Board of Education To Fill Vacancy for Four Years,Chester,John P. O'Hare,R,0,0.00%
Town Council,Clinton,Carrie F. Allen,D,0,0.00%
Town Council,Clinton,Chris Passante,D,0,0.00%
Town Council,Clinton,Jeremiah Dunn,R,0,0.00%
Town Council,Clinton,Michael Shove,R,0,0.00%
Board of Education Not More than Two from One Party,Clinton,Jason M. Feeney,D,0,0.00%
Board of Education Not More than Two from One Party,Clinton,Erica S. Gelven,D,0,0.00%
Board of Education Not More than Two from One Party,Clinton,Lawrence C. Pilcher,R,0,0.00%
Board of Education Not More than Two from One Party,Clinton,Matt Guarnieri,R,0,0.00%
Board of Assessment Appeals,Clinton,James H. Segaloff,D,0,0.00%
Board of Assessment Appeals,Clinton,Gail G. Henrick,R,0,0.00%
Board of Assessment Appeals Alternate,Clinton,Jeffrey C. Barske,R,0,0.00%
Planning & Zoning Commission,Clinton,Cinzia S. Lettieri,D,0,0.00%
Planning & Zoning Commission,Clinton,Michael J. Rossi,D,0,0.00%
Planning & Zoning Commission,Clinton,Ellen Dahlgren,D,0,0.00%
Planning & Zoning Commission,Clinton,Mike Florio,R,0,0.00%
Planning & Zoning Commission,Clinton,Walter Beau Clark,R,0,0.00%
Planning & Zoning Commission Alternate,Clinton,Susan J. Marcus,D,0,0.00%
Planning & Zoning Commission Alternate,Clinton,Andrew V. Randi,R,0,0.00%
Zoning Board of Appeals,Clinton,Laurie Jaffe,D,0,0.00%
Zoning Board of Appeals,Clinton,Terri O'Rourke,D,0,0.00%
Zoning Board of Appeals,Clinton,Joseph Alves,R,0,0.00%
Zoning Board of Appeals,Clinton,Wayne R. Buchanan,R,0,0.00%
Zoning Board of Appeals Alternate,Clinton,Bruce J. King,D,0,0.00%
Zoning Board of Appeals Alternate,Clinton,John Whittel,R,0,0.00%
Police Commissioners,Clinton,Marc I. Gelven,D,0,0.00%
Police Commissioners,Clinton,Lauren E. DeLoreto,D,0,0.00%
Police Commissioners,Clinton,Robert J. Corson,R,0,0.00%
Police Commissioners,Clinton,Robert Voss,R,0,0.00%
First Selectman,Colchester,Bernie Dennler,D,0,0.00%
First Selectman,Colchester,John Thomas,R,0,0.00%
Selectmen,Colchester,Rosemary Coyle,D,0,0.00%
Selectmen,Colchester,Denise Turner,D,0,0.00%
Selectmen,Colchester,Cliff O'Donal,R,0,0.00%
Selectmen,Colchester,Art Shilosky,R,0,0.00%
Selectmen,Colchester,Tim Vaillancourt,R,0,0.00%
Town Treasurer,Colchester,David Koji,D,0,0.00%
Town Treasurer,Colchester,John Ringo,R,0,0.00%
Board of Finance,Colchester,Sean Gillespie,D,0,0.00%
Board of Finance,Colchester,Jillian T. Vinci,D,0,0.00%
Board of Finance,Colchester,Michael Dubreuil,R,0,0.00%
Board of Finance To Fill Vacancy for Four Years,Colchester,Krista Kardys,D,0,0.00%
Board of Finance To Fill Vacancy for Four Years,Colchester,Amber Webster,R,0,0.00%
Board of Education,Colchester,Gussie Gilberti,D,0,0.00%
Board of Education,Colchester,Nancy P. Nelson,D,0,0.00%
Board of Education,Colchester,Corrine Loyola,R,0,0.00%
Board of Education,Colchester,Olivia Duksa,R,0,0.00%
Board of Education,Colchester,Cari Duigou,R,0,0.00%
Board of Education,Colchester,Cody McNeely,R,0,0.00%
Board of Education,Colchester,Donna Marie Antonacci,PC,0,0.00%
Board of Education,Colchester,Marguerite M. Gignac,PC,0,0.00%
Board of Assessment Appeals,Colchester,Andrew J. Cournoyer,D,0,0.00%
Board of Assessment Appeals,Colchester,Eric Arthur Jackson,D,0,0.00%
Board of Assessment Appeals,Colchester,Michael Begun,R,0,0.00%
Board of Assessment Appeals,Colchester,Glenn Shilosky,R,0,0.00%
First Selectman,Colebrook,Bradley N. Bremer,D,0,0.00%
First Selectman,Colebrook,Bradley N. Bremer,R,0,0.00%
Selectman,Colebrook,Alyssa Correll,D,0,0.00%
Selectman,Colebrook,Aden J. Ruwet,R,0,0.00%
Town Clerk,Colebrook,Debra L. McKeon,D,0,0.00%
Town Clerk,Colebrook,Debra L. McKeon,R,0,0.00%
Town Treasurer,Colebrook,Melanie Knap,D,0,0.00%
Town Treasurer,Colebrook,Melanie Knap,R,0,0.00%
Tax Collector,Colebrook,Laura Bartlett,D,0,0.00%
Tax Collector,Colebrook,Laura Bartlett,R,0,0.00%
Board of Finance Full Term,Colebrook,Scott T. Norton,D,0,0.00%
Board of Finance Full Term,Colebrook,Charles N. Buchanan,D,0,0.00%
Board of Finance Full Term,Colebrook,Scott T. Norton,R,0,0.00%
Board of Finance Full Term,Colebrook,Charles N. Buchanan,R,0,0.00%
Board of Finance Full Term,Colebrook,Duncan G. Wilber,PC,0,0.00%
Board of Finance To Fill Vacancy for Two Years,Colebrook,Diane Johnstone,D,0,0.00%
Board of Finance To Fill Vacancy for Two Years,Colebrook,Diane Johnstone,R,0,0.00%
Board of Education,Colebrook,John T. Mudano,D,0,0.00%
Board of Education,Colebrook,Alison P. Jassen,D,0,0.00%
Board of Education,Colebrook,Alison P. Jassen,R,0,0.00%
Board of Education,Colebrook,Sarah Robichaud,R,0,0.00%
Board of Assessment Appeals,Colebrook,Thomas D. McKeon,D,0,0.00%
Board of Assessment Appeals,Colebrook,Aden B. Ruwet,R,0,0.00%
Board of Assessment Appeals,Colebrook,Duncan G. Wilber,PC,0,0.00%
Constables,Colebrook,William Jasmin,D,0,0.00%
Constables,Colebrook,John Lossin,D,0,0.00%
Constables,Colebrook,Rick Tillotson,R,0,0.00%
Constables,Colebrook,Christopher Roy,R,0,0.00%
First Selectman,Columbia,Steven M Everett,R,0,0.00%
Selectman,Columbia,Robert Hellstrom,D,0,0.00%
Selectman,Columbia,Paul Zator,R,0,0.00%
Selectman,Columbia,Rachel Riendeau,R,0,0.00%
Board of Education,Columbia,Susan Spiggle,D,0,0.00%
Board of Education,Columbia,Paul Kordonowy,D,0,0.00%
Board of Education,Columbia,Gina Jarvis,R,0,0.00%
Board of Education,Columbia,Kristin Locke,R,0,0.00%
Board of Assessment Appeals,Columbia,Tom Martin,D,0,0.00%
Board of Assessment Appeals,Columbia,Tom Currier,D,0,0.00%
Board of Assessment Appeals,Columbia,Phyllis Dunn,R,0,0.00%
Planning & Zoning Commission Four Year Term Begins 2025,Columbia,Rick Nassiff,D,0,0.00%
Planning & Zoning Commission Four Year Term Begins 2025,Columbia,Nancy Hammarstrom,D,0,0.00%
Planning & Zoning Commission Four Year Term Begins 2025,Columbia,Freddy Giannelli,R,0,0.00%
Planning & Zoning Commission Three Year Term Begins 2026,Columbia,Nick Ferris,D,0,0.00%
Planning & Zoning Commission Three Year Term Begins 2026,Columbia,Justin Riendeau,R,0,0.00%
Planning & Zoning Commission Alternates,Columbia,Tim Andrews,R,0,0.00%
Planning & Zoning Commission Alternates,Columbia,Jason Arico,R,0,0.00%
Zoning Board of Appeals Four Year Term Begins 2025,Columbia,Caroline Johnson,D,0,0.00%
Zoning Board of Appeals Four Year Term Begins 2025,Columbia,Joe Narkawicz,D,0,0.00%
Zoning Board of Appeals Four Year Term Begins 2025,Columbia,Keith Peck,R,0,0.00%
Zoning Board of Appeals Three Year Terms Begins 2026,Columbia,Carole Williamson,D,0,0.00%
Zoning Board of Appeals Three Year Terms Begins 2026,Columbia,Jason Belval,R,0,0.00%
Zoning Board of Appeals Alternates,Columbia,Stanley Rosenstein,D,0,0.00%
Zoning Board of Appeals Alternates,Columbia,John Morin,R,0,0.00%
Zoning Board of Appeals Alternates,Columbia,Vera Englert,R,0,0.00%
Financial Planning & Allocation Commission,Columbia,Marie Ramm,D,0,0.00%
Financial Planning & Allocation Commission,Columbia,Michael Carroll,R,0,0.00%
Financial Planning & Allocation Commission,Columbia,Art Rowbotham,R,0,0.00%
Financial Planning & Allocation Commission,Columbia,Kelley Peck,R,0,0.00%
First Selectman,Cornwall,Gordon M. Ridgway,D,402,100.00%
Selectman,Cornwall,Rocco Botto,D,332,72.97%
Selectman,Cornwall,John F. Brown,R,123,27.03%
Town Clerk,Cornwall,Kathryn Lee,D,380,80.85%
Town Clerk,Cornwall,Kathryn Lee,R,90,19.15%
Town Treasurer,Cornwall,Richard Bramley,D,434,100.00%
Board of Finance Full Term,Cornwall,Gary Steinkohl,D,392,66.10%
Board of Finance Full Term,Cornwall,Carl Z. Hermann,R,201,33.90%
Board of Finance To Fill Vacancy for Two Years,Cornwall,Kate Sandmeyer Ward,D,439,100.00%
Board of Finance Alternate,Cornwall,Richard Wolkowitz,D,389,67.65%
Board of Finance Alternate,Cornwall,Cody Gillotti,R,186,32.35%
Board of Education,Cornwall,Anna Kallman,D,366,33.52%
Board of Education,Cornwall,Martha Bruehl,D,392,35.90%
Board of Education,Cornwall,Kathleen Bodwell,R,134,12.27%
Board of Education,Cornwall,Katherine Scoville,R,200,18.32%
Board of Assessment Appeals Full Term,Cornwall,Richard Wolkowitz,D,344,73.50%
Board of Assessment Appeals Full Term,Cornwall,David Cavalier,R,124,26.50%
Planning & Zoning Commission,Cornwall,Phillip West,D,346,52.50%
Planning & Zoning Commission,Cornwall,Stephen Saccardi,R,313,47.50%
Zoning Board of Appeals,Cornwall,Lynn Scoville,R,316,57.45%
Zoning Board of Appeals,Cornwall,Christi Bodwell,R,234,42.55%
Town Council,Coventry,Lisa Thomas,D,0,0.00%
Town Council,Coventry,Peter Larson,D,0,0.00%
Town Council,Coventry,Matthew Kyer,D,0,0.00%
Town Council,Coventry,Robyn Gallagher,D,0,0.00%
Town Council,Coventry,Jonathan Hand,D,0,0.00%
Town Council,Coventry,Mark Wheaton,R,0,0.00%
Town Council,Coventry,Matthew O'Brien,R,0,0.00%
Town Council,Coventry,John French,R,0,0.00%
Town Council,Coventry,Julie A. Blanchard,R,0,0.00%
Town Council,Coventry,Luke Kunz,R,0,0.00%
Board of Education,Coventry,Megan Boshuyzen,D,0,0.00%
Board of Education,Coventry,Mary Kortmann,D,0,0.00%
Board of Education,Coventry,Jennifer E. Beausoleil,D,0,0.00%
Board of Education,Coventry,Emma Eaton,D,0,0.00%
Board of Education,Coventry,Joshua Clark,R,0,0.00%
Board of Education,Coventry,Mark A. Larson,R,0,0.00%
Board of Education,Coventry,Courtney Rossignol,R,0,0.00%
Board of Education,Coventry,Christina Williams,R,0,0.00%
Board of Assessment Appeals,Coventry,Barbara Riordan,D,0,0.00%
Board of Assessment Appeals,Coventry,Carolyn G. Arabolos,D,0,0.00%
Board of Assessment Appeals,Coventry,Phillip C. Bouchard,R,0,0.00%
Zoning Board of Appeals,Coventry,Colleen Baker,D,0,0.00%
Zoning Board of Appeals,Coventry,Robert M. Danehy,D,0,0.00%
Zoning Board of Appeals,Coventry,William J. Zenko,D,0,0.00%
Zoning Board of Appeals,Coventry,Suzanne Haviland,D,0,0.00%
Zoning Board of Appeals,Coventry,Caroline Dowd,D,0,0.00%
Zoning Board of Appeals,Coventry,Peter Depaola,R,0,0.00%
Zoning Board of Appeals,Coventry,Michael D. Gerrity,R,0,0.00%
Zoning Board of Appeals,Coventry,Patricia E. Hodge,R,0,0.00%
Zoning Board of Appeals Alternates,Coventry,Jill Wood Reviczky,D,0,0.00%
Zoning Board of Appeals Alternates,Coventry,Lorraine Funk,D,0,0.00%
Zoning Board of Appeals Alternates,Coventry,Lisa Conant,D,0,0.00%
Zoning Board of Appeals Alternates,Coventry,Richard Williams,R,0,0.00%
Zoning Board of Appeals Alternates,Coventry,Bob Morin,R,0,0.00%
Town Clerk,Cromwell,JoAnn Doyle,R,0,0.00%
Tax Collector,Cromwell,Denise Lamontagne,D,0,0.00%
Board of Finance,Cromwell,James Fedeli,D,0,0.00%
Board of Finance,Cromwell,Daniel Kelly,D,0,0.00%
Board of Finance To Fill Vacancy for Two Years,Cromwell,"Edwin J. Maley, Jr.",D,0,0.00%
Board of Finance To Fill Vacancy for Two Years,Cromwell,Jamin DeProto,R,0,0.00%
Board of Education,Cromwell,Jessica Lamb,D,0,0.00%
Board of Education,Cromwell,Donna Mattei,D,0,0.00%
Board of Education,Cromwell,Fylliccia D'Angelo,R,0,0.00%
Board of Education,Cromwell,Kelly Franklin,R,0,0.00%
Board of Education,Cromwell,"Alan R. Schumann, Jr.",R,0,0.00%
Board of Education,Cromwell,Matthew Zabroski,R,0,0.00%
Board of Education,Cromwell,John K. Aylward,PC,0,0.00%
Board of Education,Cromwell,Celina Kelleher,PC,0,0.00%
Board of Assessment Appeals To Fill Vacancy for Two Years,Cromwell,Charles R. Epstein,D,0,0.00%
Board of Assessment Appeals To Fill Vacancy for Two Years,Cromwell,Karen Torrenti,R,0,0.00%
Planning & Zoning Commission,Cromwell,Richard Nordmann,D,0,0.00%
Planning & Zoning Commission,Cromwell,Vincenzo Marfella,R,0,0.00%
Planning & Zoning Commission,Cromwell,Andrew Holt,R,0,0.00%
Planning & Zoning Commission,Cromwell,Brian Dufresne,R,0,0.00%
Planning & Zoning Commission To Fill a Vacancy for Two Years,Cromwell,Douglas Kalinowski,R,0,0.00%
Zoning Board of Appeals,Cromwell,John Keithan,R,0,0.00%
Mayor,Danbury,Roberto L Alves,D,0,0.00%
Mayor,Danbury,Emile G Buzaid,R,0,0.00%
Mayor,Danbury,Roberto L Alves,WF,0,0.00%
Treasurer,Danbury,Daniel P Jowdy,D,0,0.00%
Treasurer,Danbury,Warren M Levy,R,0,0.00%
Town Clerk,Danbury,Laurie A Esposito,D,0,0.00%
Town Clerk,Danbury,Theresa Buzaid,R,0,0.00%
Town Clerk,Danbury,Laurie A Esposito,WF,0,0.00%
Councilmen at Large,Danbury,Cheryl Wallace Smith,D,0,0.00%
Councilmen at Large,Danbury,Mike Flanagan,D,0,0.00%
Councilmen at Large,Danbury,Ryan Hawley,D,0,0.00%
Councilmen at Large,Danbury,Eva Aveiga,D,0,0.00%
Councilmen at Large,Danbury,Diane LaPine,D,0,0.00%
Councilmen at Large,Danbury,Gary Simone,D,0,0.00%
Councilmen at Large,Danbury,Barry Rickert,D,0,0.00%
Councilmen at Large,Danbury,Michael E Henry,R,0,0.00%
Councilmen at Large,Danbury,Robert C Melillo,R,0,0.00%
Councilmen at Large,Danbury,Jason 'Jay' Eriquez,R,0,0.00%
Councilmen at Large,Danbury,Candace Fay,R,0,0.00%
Councilmen at Large,Danbury,Deborah 'Debbie' Rizzo,R,0,0.00%
Councilmen at Large,Danbury,Michael J Coelho,R,0,0.00%
Councilmen at Large,Danbury,Sean Marcus,R,0,0.00%
Councilmen at Large,Danbury,Cheryl Wallace Smith,WF,0,0.00%
Councilmen at Large,Danbury,Mike Flanagan,WF,0,0.00%
Councilmen at Large,Danbury,Ryan Hawley,WF,0,0.00%
Councilmen at Large,Danbury,Eva Aveiga,WF,0,0.00%
Councilmen at Large,Danbury,Diane LaPine,WF,0,0.00%
Council Ward 1,Danbury,Dennis R. Perkins Jr,D,0,0.00%
Council Ward 1,Danbury,Mia Spain Reichl,D,0,0.00%
Council Ward 1,Danbury,Michael J Masi,R,0,0.00%
Council Ward 1,Danbury,Irving Matthew Fox,R,0,0.00%
Council Ward 1,Danbury,Mia Spain Reichl,WF,0,0.00%
Council Ward 2,Danbury,John Laughinghouse,D,0,0.00%
Council Ward 2,Danbury,Holly Robinson,D,0,0.00%
Council Ward 2,Danbury,Elmer Palma,R,0,0.00%
Council Ward 2,Danbury,Juan Rivas,R,0,0.00%
Council Ward 2,Danbury,Holly Robinson,WF,0,0.00%
Council Ward 3,Danbury,Peter Buzaid,D,0,0.00%
Council Ward 3,Danbury,Frank R Salvatore Jr,D,0,0.00%
Council Ward 3,Danbury,Brenda Santopolo Hefferon,R,0,0.00%
Council Ward 3,Danbury,Ralph Merlo,R,0,0.00%
Council Ward 3,Danbury,Frank R Salvatore Jr,WF,0,0.00%
Council Ward 4,Danbury,Joseph W. Britton,D,0,0.00%
Council Ward 4,Danbury,T. William McAllister,D,0,0.00%
Council Ward 4,Danbury,Michael J Esposito,R,0,0.00%
Council Ward 4,Danbury,Anthony P Rongetti,R,0,0.00%
Council Ward 4,Danbury,Joseph W. Britton,WF,0,0.00%
Council Ward 5,Danbury,Andrea Gartner,D,0,0.00%
Council Ward 5,Danbury,Duane E Perkins,D,0,0.00%
Council Ward 5,Danbury,Adam Horosky,R,0,0.00%
Council Ward 5,Danbury,Anthony Bruno,R,0,0.00%
Council Ward 5,Danbury,Andrea Gartner,WF,0,0.00%
Council Ward 5,Danbury,Anthony Bruno,IND,0,0.00%
Council Ward 6,Danbury,Paul Rotello,D,0,0.00%
Council Ward 6,Danbury,Benjamin Chianese,D,0,0.00%
Council Ward 6,Danbury,Andrew R Wetmore,R,0,0.00%
Council Ward 6,Danbury,Phil Curran,R,0,0.00%
Council Ward 6,Danbury,Paul Rotello,IND,0,0.00%
Council Ward 7,Danbury,Claire Jabbour,D,0,0.00%
Council Ward 7,Danbury,Lou Giordano,D,0,0.00%
Council Ward 7,Danbury,Jeffrey Berlant,R,0,0.00%
Council Ward 7,Danbury,Albert A Russo,R,0,0.00%
Council Ward 7,Danbury,Lou Giordano,WF,0,0.00%
"Board of Education Full Term Five to be Elected, Not More Than Three from One Party",Danbury,Lea Agbomson,D,0,0.00%
"Board of Education Full Term Five to be Elected, Not More Than Three from One Party",Danbury,Shaun Ratchford,D,0,0.00%
"Board of Education Full Term Five to be Elected, Not More Than Three from One Party",Danbury,Luisa Zagottis-Britton,D,0,0.00%
"Board of Education Full Term Five to be Elected, Not More Than Three from One Party",Danbury,Al Almeida,D,0,0.00%
"Board of Education Full Term Five to be Elected, Not More Than Three from One Party",Danbury,Mini Santosh,D,0,0.00%
"Board of Education Full Term Five to be Elected, Not More Than Three from One Party",Danbury,Cyndi Henry,R,0,0.00%
"Board of Education Full Term Five to be Elected, Not More Than Three from One Party",Danbury,J. Antony Borges,R,0,0.00%
"Board of Education Full Term Five to be Elected, Not More Than Three from One Party",Danbury,Cameron M Coe,R,0,0.00%
"Board of Education Full Term Five to be Elected, Not More Than Three from One Party",Danbury,Sherry LeBlanc,R,0,0.00%
"Board of Education Full Term Five to be Elected, Not More Than Three from One Party",Danbury,Christopher C. Garitee,R,0,0.00%
"Board of Education Full Term Five to be Elected, Not More Than Three from One Party",Danbury,Luisa Zagottis-Britton,WF,0,0.00%
"Board of Education Full Term Five to be Elected, Not More Than Three from One Party",Danbury,Al Almeida,WF,0,0.00%
"Board of Education Full Term Five to be Elected, Not More Than Three from One Party",Danbury,Mini Santosh,WF,0,0.00%
"Board of Education Full Term Five to be Elected, Not More Than Three from One Party",Danbury,Cyndi Henry,IND,0,0.00%
Board of Education To Fill Vacancy for Two Years,Danbury,Rich Jannelli,D,0,0.00%
Board of Education To Fill Vacancy for Two Years,Danbury,July C Miliano,R,0,0.00%
Board of Education To Fill Vacancy for Two Years,Danbury,July C Miliano,IND,0,0.00%
Zoning Commission,Danbury,Richard Jowdy,D,0,0.00%
Zoning Commission,Danbury,Jen O'Neill,D,0,0.00%
Zoning Commission,Danbury,Sidney Nazario,D,0,0.00%
Zoning Commission,Danbury,Henry Hall,D,0,0.00%
Zoning Commission,Danbury,Bianca Ogando,D,0,0.00%
Zoning Commission,Danbury,Theodore J Haddad Jr,D,0,0.00%
Zoning Commission,Danbury,Michelle James,D,0,0.00%
Zoning Commission,Danbury,Sonia Passos Havasi,D,0,0.00%
Zoning Commission,Danbury,Gustavo Fuchs,D,0,0.00%
Zoning Commission,Danbury,Thomas A Nejame,R,0,0.00%
Zoning Commission,Danbury,Michelina 'Michele' Palanzo,R,0,0.00%
Zoning Commission,Danbury,Tom Giegler,R,0,0.00%
Zoning Commission,Danbury,Bill 'Mr Morning' Trotta,R,0,0.00%
Zoning Commission,Danbury,Bruce Bennett,R,0,0.00%
Zoning Commission,Danbury,Robert 'Bob' Botelho,R,0,0.00%
Zoning Commission,Danbury,Milan David,R,0,0.00%
Zoning Commission,Danbury,William 'Billy' Katzing,R,0,0.00%
Zoning Commission,Danbury,Henry Hall,WF,0,0.00%
Zoning Commission,Danbury,Theodore J Haddad Jr,WF,0,0.00%
Zoning Commission Alternates,Danbury,Elvis Novas,D,0,0.00%
Zoning Commission Alternates,Danbury,Alexis Villacres,D,0,0.00%
Zoning Commission Alternates,Danbury,George O'Loughlin,D,0,0.00%
Zoning Commission Alternates,Danbury,Neil Palanzo,R,0,0.00%
Zoning Commission Alternates,Danbury,Caron A Nejame,R,0,0.00%
Zoning Commission Alternates,Danbury,David Pinckney,R,0,0.00%
Zoning Commission Alternates,Danbury,Elvis Novas,WF,0,0.00%
Constables,Danbury,Scott Britton,D,0,0.00%
Constables,Danbury,John Gogliettino,D,0,0.00%
Constables,Danbury,Silvia Merlim,D,0,0.00%
Constables,Danbury,Paul McAllister,R,0,0.00%
Constables,Danbury,Michael Safranek,R,0,0.00%
Constables,Danbury,Louise P McMahon,R,0,0.00%
First Selectman,Darien,Jon E. Zagrodzky,R,0,0.00%
Selectman,Darien,Michael J. Burke,D,0,0.00%
Selectman,Darien,Sarah Neumann,D,0,0.00%
Selectman,Darien,Monica M. McNally,R,0,0.00%
Selectman,Darien,Marcy A. Minnick,R,0,0.00%
Town Clerk,Darien,Christa Sheehan McNamara,R,0,0.00%
Town Treasurer,Darien,Joan D. Hendrickson,R,0,0.00%
Tax Collector,Darien,Kathleen M. Larkins,R,0,0.00%
Board of Finance,Darien,Millyn Gaaserud,D,0,0.00%
Board of Finance,Darien,Paul Hendrickson,R,0,0.00%
Board of Finance,Darien,Jennifer A. Schwartz,R,0,0.00%
Board of Finance,Darien,Robert Cardone,R,0,0.00%
Board of Education,Darien,Kadiatu M. Lublin,D,0,0.00%
Board of Education,Darien,Bill Vredenburgh,R,0,0.00%
Board of Education,Darien,Jon Dunn,R,0,0.00%
Board of Assessment Appeals,Darien,Glenn Ritch,D,0,0.00%
Board of Assessment Appeals,Darien,Christopher S. Peters,R,0,0.00%
Planning & Zoning Commission,Darien,Adam Balgach,D,0,0.00%
Planning & Zoning Commission,Darien,Stephen P. Olvany,R,0,0.00%
Planning & Zoning Commission,Darien,Jamie Zionic,R,0,0.00%
Representative Town Meeting District 1,Darien,Peter Drippe,NonP,0,0.00%
Representative Town Meeting District 1,Darien,Patti Finn Bumgardner,NonP,0,0.00%
Representative Town Meeting District 1,Darien,Lois J. Schneider,NonP,0,0.00%
Representative Town Meeting District 1,Darien,Karen McNicoll,NonP,0,0.00%
Representative Town Meeting District 1,Darien,Kapil Desai,NonP,0,0.00%
Representative Town Meeting District 1,Darien,Jessica Cahill,NonP,0,0.00%
Representative Town Meeting District 1,Darien,Luisa Brakman,NonP,0,0.00%
Representative Town Meeting District 1,Darien,Patrick Keane,NonP,0,0.00%
Representative Town Meeting District 2,Darien,Vincent Arguimbau,NonP,0,0.00%
Representative Town Meeting District 2,Darien,Karen Knapp,NonP,0,0.00%
Representative Town Meeting District 2,Darien,Petr Marousek,NonP,0,0.00%
Representative Town Meeting District 2,Darien,Kelly Scallon,NonP,0,0.00%
Representative Town Meeting District 2,Darien,Ann-Gail Hult,NonP,0,0.00%
Representative Town Meeting District 2,Darien,Jacquie Miller,NonP,0,0.00%
Representative Town Meeting District 2,Darien,Matthew Baldwin,NonP,0,0.00%
Representative Town Meeting District 3,Darien,Anne King,NonP,0,0.00%
Representative Town Meeting District 3,Darien,Seth Morton,NonP,0,0.00%
Representative Town Meeting District 3,Darien,Doug Creutz,NonP,0,0.00%
Representative Town Meeting District 3,Darien,Cynthia Torres,NonP,0,0.00%
Representative Town Meeting District 3,Darien,Thomas Moore,NonP,0,0.00%
Representative Town Meeting District 3,Darien,Bill Dunn,NonP,0,0.00%
Representative Town Meeting District 3,Darien,Steven Walker,NonP,0,0.00%
Representative Town Meeting District 3,Darien,Beth Lane,NonP,0,0.00%
Representative Town Meeting District 3,Darien,Adele Conniff,NonP,0,0.00%
Representative Town Meeting District 3,Darien,Kari Cardone,NonP,0,0.00%
Representative Town Meeting District 4,Darien,Joseph D. Miceli,NonP,0,0.00%
Representative Town Meeting District 4,Darien,Morgan Whittier,NonP,0,0.00%
Representative Town Meeting District 4,Darien,Stephanie Rodousakis,NonP,0,0.00%
Representative Town Meeting District 4,Darien,Dan Guller,NonP,0,0.00%
Representative Town Meeting District 4,Darien,Sandra Savage,NonP,0,0.00%
Representative Town Meeting District 4,Darien,Jim Cameron,NonP,0,0.00%
Representative Town Meeting District 4,Darien,Rolf Obin,NonP,0,0.00%
Representative Town Meeting District 4,Darien,Per Sekse,NonP,0,0.00%
Representative Town Meeting District 4,Darien,Dan Coonan,NonP,0,0.00%
Representative Town Meeting District 4,Darien,Andy Millar,NonP,0,0.00%
Representative Town Meeting District 4,Darien,Jennifer Kline,NonP,0,0.00%
Representative Town Meeting District 5,Darien,Erika Procaccini,NonP,0,0.00%
Representative Town Meeting District 5,Darien,James M. Patrick,NonP,0,0.00%
Representative Town Meeting District 5,Darien,Jane Matthews,NonP,0,0.00%
Representative Town Meeting District 5,Darien,Anna Maria Lowman,NonP,0,0.00%
Representative Town Meeting District 5,Darien,Amy Zabetakis,NonP,0,0.00%
Representative Town Meeting District 5,Darien,Holly Huang,NonP,0,0.00%
Representative Town Meeting District 6,Darien,Laura Pesce-Gray,NonP,0,0.00%
Representative Town Meeting District 6,Darien,William Van Loan Jr.,NonP,0,0.00%
Representative Town Meeting District 6,Darien,Liza Lucas,NonP,0,0.00%
Representative Town Meeting District 6,Darien,Trevor Hawley,NonP,0,0.00%
Representative Town Meeting District 6,Darien,Janet Fitzsimons,NonP,0,0.00%
Representative Town Meeting District 6,Darien,Peter Orphanos,NonP,0,0.00%
Representative Town Meeting District 6,Darien,Michael Querijero,NonP,0,0.00%
Representative Town Meeting District 6,Darien,Joseph Bartning,NonP,0,0.00%
Representative Town Meeting District 6,Darien,Janeen Duarte,NonP,0,0.00%
Representative Town Meeting District 6,Darien,Violet Yazbeck Aldaia,NonP,0,0.00%
Representative Town Meeting District 6,Darien,Mary Nevin Gauthier,NonP,0,0.00%
Representative Town Meeting District 6,Darien,Martha Caroline Luz,NonP,0,0.00%
First Selectman,Deep River,Carol Jones,D,0,0.00%
First Selectman,Deep River,Kathryn A. Russell,R,0,0.00%
First Selectman,Deep River,Oswald Sheppard,PC,0,0.00%
Selectman,Deep River,Duane Gates,D,0,0.00%
Selectman,Deep River,Cynthia Torres,R,0,0.00%
Town Clerk,Deep River,Amy Macmillan Winchell,PC,0,0.00%
Town Treasurer,Deep River,Thomas W. Lindner,R,0,0.00%
Tax Collector,Deep River,Katherine Cryder,D,0,0.00%
Board of Finance,Deep River,Timothy Puglielli,R,0,0.00%
Board of Finance,Deep River,Barry Allen Luff,R,0,0.00%
Board of Education Full Term,Deep River,Lenore Grunko,D,0,0.00%
Board of Education Full Term,Deep River,Kyra Beta,D,0,0.00%
Board of Education Full Term,Deep River,John Ely,R,0,0.00%
Board of Education Full Term,Deep River,Alyson Whelan,R,0,0.00%
Board of Education to Fill Vacancy for Two Years,Deep River,Robert Ferretti,D,0,0.00%
Board of Education to Fill Vacancy for Two Years,Deep River,Suzanne Sutch,R,0,0.00%
Board of Assessment Appeals,Deep River,Heidi Degree,D,0,0.00%
Board of Assessment Appeals,Deep River,Jonathan Lambert,R,0,0.00%
Library Trustees,Deep River,Donna Mingrone,D,0,0.00%
Library Trustees,Deep River,Jennifer Phillips,R,0,0.00%
Library Trustees,Deep River,Kevin Brewer,R,0,0.00%
Library Trustees,Deep River,Lori Sanfratello,WI,0,0.00%
Ethics Commission,Deep River,Nancy Cohn,D,0,0.00%
Ethics Commission,Deep River,Joshua Rutty,D,0,0.00%
Ethics Commission,Deep River,Eileen B. Richard,R,0,0.00%
Ethics Commission,Deep River,Dale Winchell,R,0,0.00%
Ethics Commission Alternate Full Term,Deep River,Andrew Schmitz,D,0,0.00%
Ethics Commission Alternate Full Term,Deep River,Margo Hilfinger Elliott,R,0,0.00%
Ethics Commission Alternate to Fill Vacancy for Two Years,Deep River,Kate Webb,D,0,0.00%
Ethics Commission Alternate to Fill Vacancy for Two Years,Deep River,Elizabeth M. Scholfield,R,0,0.00%
Agent of School Deposit Fund,Deep River,Thomas W. Lindner,R,0,0.00%
Regional Board of Education,Deep River,Keri MacLean,D,0,0.00%
Regional Board of Education,Deep River,"Robert J. Palumbo, III",R,0,0.00%
Mayor,Derby,Joseph L. DiMartino,D,0,0.00%
Mayor,Derby,Scott Derby,R,0,0.00%
Town/City Clerk,Derby,Marc J. Garofalo,D,0,0.00%
Town/City Clerk,Derby,Gino DiGiovanni,R,0,0.00%
Treasurer,Derby,Barbara J. Montalvo,D,0,0.00%
Treasurer,Derby,Judy Szewczyk,R,0,0.00%
Constable,Derby,"""Owney"" Malerba, Jr.",D,0,0.00%
Constable,Derby,"Carl Malerba, Sr.",R,0,0.00%
Ward 1 - Board of Aldermen/Alderwomen,Derby,Sarah Widomski,D,0,0.00%
Ward 1 - Board of Aldermen/Alderwomen,Derby,Amy L. Pettinicchi,D,0,0.00%
Ward 1 - Board of Aldermen/Alderwomen,Derby,Arthur Newberg,D,0,0.00%
Ward 1 - Board of Aldermen/Alderwomen,Derby,Gary Collins,R,0,0.00%
Ward 1 - Board of Aldermen/Alderwomen,Derby,Rich DiCarlo,R,0,0.00%
Ward 1 - Board of Aldermen/Alderwomen,Derby,Paula Musante,R,0,0.00%
Ward 2 - Board of Aldermen/Alderwomen,Derby,Roberto Santos,D,0,0.00%
Ward 2 - Board of Aldermen/Alderwomen,Derby,Ronald M. Sill,D,0,0.00%
Ward 2 - Board of Aldermen/Alderwomen,Derby,George F. Kurtyka,D,0,0.00%
Ward 2 - Board of Aldermen/Alderwomen,Derby,Al Lotto,R,0,0.00%
Ward 2 - Board of Aldermen/Alderwomen,Derby,Sal Coppola,R,0,0.00%
Ward 2 - Board of Aldermen/Alderwomen,Derby,Gino DiGiovanni,R,0,0.00%
Ward 3 - Board of Aldermen/Alderwomen,Derby,Robert Hyder,D,0,0.00%
Ward 3 - Board of Aldermen/Alderwomen,Derby,David Chevarella,D,0,0.00%
Ward 3 - Board of Aldermen/Alderwomen,Derby,Robin Falcioni-Smith,D,0,0.00%
Ward 3 - Board of Aldermen/Alderwomen,Derby,William Soderberg,R,0,0.00%
Ward 3 - Board of Aldermen/Alderwomen,Derby,Ann Kimball,R,0,0.00%
Ward 3 - Board of Aldermen/Alderwomen,Derby,Licia Soderberg,R,0,0.00%
Board of Apportionment and Taxation,Derby,Kristen Mancini-Wright,D,0,0.00%
Board of Apportionment and Taxation,Derby,Jennifer Desroches,D,0,0.00%
Board of Apportionment and Taxation,Derby,Michael Gray,D,0,0.00%
Board of Apportionment and Taxation,Derby,Colleen Germain-Ezzo,D,0,0.00%
Board of Apportionment and Taxation,Derby,Tina Parelli-Silkoff,D,0,0.00%
Board of Apportionment and Taxation,Derby,Bhamini Patel,D,0,0.00%
Board of Apportionment and Taxation,Derby,Laura Wabno,R,0,0.00%
Board of Apportionment and Taxation,Derby,Heidi DiGiovanni,R,0,0.00%
Board of Apportionment and Taxation,Derby,Burnease Ragin,R,0,0.00%
Board of Apportionment and Taxation,Derby,Ashley Simon,R,0,0.00%
Board of Apportionment and Taxation,Derby,Jerry Borrelli,R,0,0.00%
Board of Apportionment and Taxation,Derby,Jimmy Silkoff,R,0,0.00%
Board of Education,Derby,Melissa Mongillo,D,0,0.00%
Board of Education,Derby,Kimberly Tovar,D,0,0.00%
Board of Education,Derby,"Kenneth R. Marcucio, Sr.",D,0,0.00%
Board of Education,Derby,Jim Gildea,D,0,0.00%
Board of Education,Derby,"Daniel P. Foley, Jr.",D,0,0.00%
Board of Education,Derby,Erica Nuzzo,D,0,0.00%
Board of Education,Derby,Holly Orazietti,R,0,0.00%
Board of Education,Derby,Ryleigh Oliwa,R,0,0.00%
Board of Education,Derby,Karla Malerba,R,0,0.00%
Board of Education,Derby,Ivey Speight,R,0,0.00%
Board of Education,Derby,Ian Schroeder,R,0,0.00%
Board of Education,Derby,Rebecca O'Hara,R,0,0.00%
Treasurer To Fill Vacancy for Two Years,Durham,Thomas R. Peters,D,0,0.00%
Treasurer To Fill Vacancy for Two Years,Durham,Brett W. Eagleson,R,0,0.00%
Board of Finance,Durham,William J. Castro,D,0,0.00%
Board of Finance,Durham,Philip G. Muzio,D,0,0.00%
Board of Finance,Durham,John E. Batorski,R,0,0.00%
Board of Finance,Durham,Chuck Stengel,R,0,0.00%
Board of Assessment Appeals,Durham,Elizabeth W. Shoudy,D,0,0.00%
Board of Assessment Appeals,Durham,Debra DeFelice,R,0,0.00%
Planning & Zoning Commission,Durham,Peter D. Lynch,D,0,0.00%
Planning & Zoning Commission,Durham,Janet F. Morganti,D,0,0.00%
Planning & Zoning Commission,Durham,Christopher Balay,D,0,0.00%
Planning & Zoning Commission,Durham,Joshua D. Eddinger,D,0,0.00%
Planning & Zoning Commission,Durham,Philip S. Augur,R,0,0.00%
Planning & Zoning Commission,Durham,Angela M. Helfrich,R,0,0.00%
Planning & Zoning Commission,Durham,Robert S. Guynn,R,0,0.00%
Planning & Zoning Commission,Durham,James C. Martinelli,R,0,0.00%
Planning & Zoning Commission,Durham,Carleton L. Stoup,R,0,0.00%
Planning & Zoning Commission Alternate,Durham,John T. DeNunzio,D,0,0.00%
Planning & Zoning Commission Alternate,Durham,Joseph V. Rohrig,R,0,0.00%
Planning & Zoning Commission Alternate to Fill Vacancy for Two Years,Durham,Patricia Dynia,D,0,0.00%
Planning & Zoning Commission Alternate to Fill Vacancy for Two Years,Durham,Mark E. Laudano,R,0,0.00%
Zoning Board of Appeals,Durham,Thomas R. Peters,D,0,0.00%
Zoning Board of Appeals,Durham,Jon Scagnelli,R,0,0.00%
Zoning Board of Appeals,Durham,Susan L. Gardner-McNulty,R,0,0.00%
Zoning Board of Appeals Alternate,Durham,Chuck Stengel,R,0,0.00%
Regional Board of Education,Durham,Nicholas Konstantino,D,0,0.00%
Regional Board of Education,Durham,Christine J. Cowan,D,0,0.00%
Regional Board of Education,Durham,Mark B. Simmons,D,0,0.00%
Regional Board of Education,Durham,Deborah Osvald,R,0,0.00%
Regional Board of Education,Durham,David Thody,R,0,0.00%
Regional Board of Education,Durham,John Mennone,R,0,0.00%
First Selectman,Eastford,Deborah A. Richards,D,0,0.00%
First Selectman,Eastford,Deborah A. Richards,R,0,0.00%
First Selectman,Eastford,Michael D. Schultz,PC,0,0.00%
Selectman,Eastford,Ashlyn Ellsworth,D,0,0.00%
Selectman,Eastford,Paul A. Torcellini,R,0,0.00%
Town Clerk,Eastford,Johanna H. Wolfe,D,0,0.00%
Town Clerk,Eastford,Johanna H. Wolfe,R,0,0.00%
Town Treasurer,Eastford,Martha L. Burgess,R,0,0.00%
Tax Collector,Eastford,Christine E. Hustus,D,0,0.00%
Tax Collector,Eastford,Christine E. Hustus,R,0,0.00%
Board of Education,Eastford,Nancy L. Neff,D,0,0.00%
Board of Education,Eastford,Michael Bilica,D,0,0.00%
Board of Education,Eastford,Lauren J. Barlow,R,0,0.00%
Board of Education,Eastford,Stephen W. Bowen,R,0,0.00%
Board of Assessment Appeals,Eastford,Robert Johnson,D,0,0.00%
Constables,Eastford,Arvind Shaw,D,0,0.00%
Constables,Eastford,Randal Chinnock,D,0,0.00%
Constables,Eastford,Nathaniel F. Fabian,R,0,0.00%
Constables,Eastford,Christopher D. Bowen,R,0,0.00%
Library Directors,Eastford,Meghan Martinez,D,0,0.00%
Library Directors,Eastford,Armen A. Beermann,R,0,0.00%
Library Directors,Eastford,Seth H. Budd,R,0,0.00%
Library Directors,Eastford,Mary K. Degostin,R,0,0.00%
First Selectman,East Granby,Jason Hayes,D,0,0.00%
First Selectman,East Granby,Eden Wimpfheimer,R,0,0.00%
Selectman,East Granby,Amanda Thompson,D,0,0.00%
Selectman,East Granby,Todd Zessin,R,0,0.00%
Board of Finance Full Term,East Granby,Joanna Taczanowsky,D,0,0.00%
Board of Finance Full Term,East Granby,Jeff Clark,D,0,0.00%
Board of Finance Full Term,East Granby,Ralph Blanchard,R,0,0.00%
Board of Finance Full Term,East Granby,Ken Ouellette,R,0,0.00%
Board of Finance To Fill Vacancy for Two Years,East Granby,Michael Malloy,D,0,0.00%
Board of Finance To Fill Vacancy for Two Years,East Granby,Paul Krzykowski,R,0,0.00%
Board of Education,East Granby,Lynn Landolina,D,0,0.00%
Board of Education,East Granby,David Gilroy,D,0,0.00%
Board of Education,East Granby,Bob Loomis,R,0,0.00%
Board of Education,East Granby,Dreux Namnoun,R,0,0.00%
Board of Assessment Appeals,East Granby,Patrick Rosenberger,D,0,0.00%
Board of Assessment Appeals,East Granby,Jim Luchina,R,0,0.00%
Planning & Zoning Commission Full Term,East Granby,John Welsh,D,0,0.00%
Planning & Zoning Commission Full Term,East Granby,Bob Ravens-Seger,D,0,0.00%
Planning & Zoning Commission Full Term,East Granby,Todd Zessin,R,0,0.00%
Planning & Zoning Commission Full Term,East Granby,Ryan Rea,R,0,0.00%
Planning & Zoning To Fill Vacancy for Two Years,East Granby,Austin Gelinas,D,0,0.00%
Planning & Zoning To Fill Vacancy for Two Years,East Granby,Jay Tran,R,0,0.00%
Planning & Zoning Commission Alternates,East Granby,Pat McKenney,D,0,0.00%
Planning & Zoning Commission Alternates,East Granby,Fran Nussbaum,D,0,0.00%
Planning & Zoning Commission Alternates,East Granby,Bill Hearn,D,0,0.00%
Planning & Zoning Commission Alternates,East Granby,Levi Tyree,R,0,0.00%
Planning & Zoning Commission Alternates,East Granby,Joel Strong,R,0,0.00%
Zoning Board of Appeals Five Year Term Begins 2026,East Granby,David Tobin,D,0,0.00%
Zoning Board of Appeals Five Year Term Begins 2026,East Granby,Ryan Woods,R,0,0.00%
Zoning Board of Appeals Five Year Term Begins 2027,East Granby,Jennifer Cook,D,0,0.00%
Zoning Board of Appeals Five Year Term Begins 2027,East Granby,Cassie Rozanski,R,0,0.00%
Zoning Board of Appeals Alternates,East Granby,Peter Ritter,D,0,0.00%
Zoning Board of Appeals Alternates,East Granby,Jennifer G Frank,D,0,0.00%
Zoning Board of Appeals Alternates,East Granby,Josette Lumbruno,D,0,0.00%
Zoning Board of Appeals Alternates,East Granby,Donovan Gregory,R,0,0.00%
First Selectman,East Haddam,Tanya Bourgoin,D,0,0.00%
First Selectman,East Haddam,Todd Gelston,R,0,0.00%
First Selectman,East Haddam,Tanya Bourgoin,IND,0,0.00%
Selectman,East Haddam,Thomas Sevigny,D,0,0.00%
Selectman,East Haddam,Erik Dill,R,0,0.00%
Town Treasurer,East Haddam,Carol Faraci,D,0,0.00%
Town Treasurer,East Haddam,Michele Gregorio,R,0,0.00%
Board of Finance,East Haddam,Michael J Callahan,D,0,0.00%
Board of Finance,East Haddam,Scott Jezek,D,0,0.00%
Board of Finance,East Haddam,Debra Denette,R,0,0.00%
Board of Finance,East Haddam,William Barney,R,0,0.00%
Board of Finance,East Haddam,Maureen Goff,R,0,0.00%
Board of Education,East Haddam,Jessica Hatfield,D,0,0.00%
Board of Education,East Haddam,Daniel Flack,D,0,0.00%
Board of Education,East Haddam,Aram deKoven,D,0,0.00%
Board of Education,East Haddam,Melissa Ziobron,R,0,0.00%
Board of Education,East Haddam,Stephen Trojan,R,0,0.00%
Board of Education,East Haddam,Sean Morrissey,R,0,0.00%
Board of Assessment Appeals,East Haddam,Edward C Blaschik,D,0,0.00%
Planning & Zoning,East Haddam,Maureen Pierson,D,0,0.00%
Planning & Zoning,East Haddam,Susan E Kinsman,D,0,0.00%
Planning & Zoning,East Haddam,Toni Dumaine,R,0,0.00%
Planning & Zoning,East Haddam,Richard Pettinelli,R,0,0.00%
Planning & Zoning Alternate Full Term,East Haddam,D. Duncan Orr,D,0,0.00%
Planning & Zoning Alternate To Fill Vacancy for Four Years,East Haddam,Eric Chamberland,R,0,0.00%
Planning & Zoning Alternate To Fill Vacancy for Two Years,East Haddam,Gary Turenne,R,0,0.00%
Library Trustees,East Haddam,Kerry McRae,D,0,0.00%
Library Trustees,East Haddam,Dawn Barlow,WI,0,0.00%
Library Trustee To Fill Vacancy for Two Years,East Haddam,Laurel White,D,0,0.00%
Town Council,East Hampton,Joelyn Leon,D,0,0.00%
Town Council,East Hampton,Karen Wanat,D,0,0.00%
Town Council,East Hampton,Richard E. Knotek,D,0,0.00%
Town Council,East Hampton,Dean P. Markham,D,0,0.00%
Town Council,East Hampton,Jack Solomon,D,0,0.00%
Town Council,East Hampton,Alannah Danaher Coshow,R,0,0.00%
Town Council,East Hampton,Tim Feegel,R,0,0.00%
Town Council,East Hampton,Eric Peterson,R,0,0.00%
Town Council,East Hampton,Ted Hintz,R,0,0.00%
Town Council,East Hampton,Darin Hurne,R,0,0.00%
Board of Finance,East Hampton,Daniel Finn,D,0,0.00%
Board of Finance,East Hampton,David L. Caterisano,D,0,0.00%
Board of Finance,East Hampton,Joey Guest,R,0,0.00%
Board of Finance,East Hampton,Bridget McLennan,R,0,0.00%
Board of Finance,East Hampton,Alison Walck,R,0,0.00%
Board of Finance,East Hampton,Jim Radavich,R,0,0.00%
Board of Education,East Hampton,Sarah Strange,D,0,0.00%
Board of Education,East Hampton,Nancy Kohler,D,0,0.00%
Board of Education,East Hampton,Corinne Clark Barney,D,0,0.00%
Board of Education,East Hampton,Nathan Jaycox,R,0,0.00%
Board of Education,East Hampton,Sal Nucifora,R,0,0.00%
Board of Education,East Hampton,Sarah LeBlanc,R,0,0.00%
Board of Assessment Appeals,East Hampton,Paul Wisniewski,D,0,0.00%
Board of Assessment Appeals,East Hampton,Carol Williams,D,0,0.00%
Board of Assessment Appeals,East Hampton,Diane Achenbach-Zatorski,R,0,0.00%
Zoning Board of Appeals Five Year Term Begins 2025,East Hampton,John Tuttle,D,0,0.00%
Zoning Board of Appeals Five Year Term Begins 2025,East Hampton,Cathy Ann Clark,R,0,0.00%
Zoning Board of Appeals Five Year Term Begins 2026,East Hampton,Matthew D. Walton,D,0,0.00%
Zoning Board of Appeals Five Year Term Begins 2026,East Hampton,Julie Ciucias,R,0,0.00%
Zoning Board of Appeals Alternates,East Hampton,Robert Hines,D,0,0.00%
Zoning Board of Appeals Alternates,East Hampton,Bob Hein,D,0,0.00%
Mayor,East Hartford,Connor Martin,D,0,0.00%
Mayor,East Hartford,Salema Davis,R,0,0.00%
Town Council,East Hartford,Angie Parkinson,D,0,0.00%
Town Council,East Hartford,Richard Kehoe,D,0,0.00%
Town Council,East Hartford,Donald Bell Jr.,D,0,0.00%
Town Council,East Hartford,Harry Amadasun Jr.,D,0,0.00%
Town Council,East Hartford,Sebrina E. Wilson,D,0,0.00%
Town Council,East Hartford,Awet Tsegai,D,0,0.00%
Town Council,East Hartford,John G. Morrison,R,0,0.00%
Town Council,East Hartford,Matt Harper,R,0,0.00%
Town Council,East Hartford,Travis Simpson,R,0,0.00%
Treasurer,East Hartford,Tia L. Woods,D,0,0.00%
Treasurer,East Hartford,Florence Oten,R,0,0.00%
Board of Education,East Hartford,Isalena Gilzene,D,0,0.00%
Board of Education,East Hartford,Tyron Harris,D,0,0.00%
Board of Education,East Hartford,Joshua F. Quintana,D,0,0.00%
Board of Education,East Hartford,Matt Lauf,R,0,0.00%
Board of Education,East Hartford,Jaclyn A. Clarke,R,0,0.00%
Board of Education To Fill Vacancy for Two Years,East Hartford,Vanessa Jenkins,D,0,0.00%
Selectman,East Hartford,Daniel T. Thompson,D,0,0.00%
Selectman,East Hartford,Pasquale J. Salemi,D,0,0.00%
Selectman,East Hartford,Rob Rosa Jr.,R,0,0.00%
Constables,East Hartford,Lakisher Hurst,D,0,0.00%
Constables,East Hartford,Daron Ross,D,0,0.00%
Constables,East Hartford,Susan J. Tukey,D,0,0.00%
Constables,East Hartford,Henry J. Pawlowski Jr.,D,0,0.00%
Constables,East Hartford,Esther B. Clarke,R,0,0.00%
Constables,East Hartford,Lina K. Acheampong,R,0,0.00%
Constables,East Hartford,Melodie Wilson,R,0,0.00%
Mayor,East Haven,Joseph A. Carfora,D,0,0.00%
Mayor,East Haven,Anthony Camposano,R,0,0.00%
Town Council District 1,East Haven,Ann Penington,D,0,0.00%
Town Council District 1,East Haven,Alphonse Camera,D,0,0.00%
Town Council District 1,East Haven,"Mariano ""Juny"" Santiago",D,0,0.00%
Town Council District 1,East Haven,Eileen Parlato,R,0,0.00%
Town Council District 1,East Haven,Sandra A. Woodhouse,R,0,0.00%
Town Council District 1,East Haven,Eric Kropiwnicki,R,0,0.00%
Town Council District 2,East Haven,Karen A. Martin,D,0,0.00%
Town Council District 2,East Haven,Joseph E. Deko,D,0,0.00%
Town Council District 2,East Haven,Joseph Santino Jr.,D,0,0.00%
Town Council District 2,East Haven,Nick Palladino,R,0,0.00%
Town Council District 2,East Haven,Jack Tiboni,R,0,0.00%
Town Council District 2,East Haven,Steve DeLucia,R,0,0.00%
Town Council District 3,East Haven,Joseph Bracale,D,0,0.00%
Town Council District 3,East Haven,Louis Pacelli,D,0,0.00%
Town Council District 3,East Haven,Marianne Cesare,D,0,0.00%
Town Council District 3,East Haven,Vincent Acampora Jr.,R,0,0.00%
Town Council District 3,East Haven,Marc Conte Sr.,R,0,0.00%
Town Council District 3,East Haven,Donna Richo,R,0,0.00%
Town Council District 4,East Haven,Michael Ginnetti,D,0,0.00%
Town Council District 4,East Haven,Richard Esposito,D,0,0.00%
Town Council District 4,East Haven,Tina Hedley,D,0,0.00%
Town Council District 4,East Haven,Samantha A. Parlato,R,0,0.00%
Town Council District 4,East Haven,John J. Miessau,R,0,0.00%
Town Council District 4,East Haven,Jeffrey Lendroth,R,0,0.00%
Town Council District 5,East Haven,Gaetano (Guy) Bimonte,D,0,0.00%
Town Council District 5,East Haven,Joseph Kikosicki,D,0,0.00%
Town Council District 5,East Haven,Al Vollono,D,0,0.00%
Town Council District 5,East Haven,Loria Jaffe,R,0,0.00%
Town Council District 5,East Haven,Bryan Surprenant,R,0,0.00%
Town Clerk,East Haven,Lisa Balter,D,0,0.00%
Town Clerk,East Haven,Michael Enders,R,0,0.00%
Board of Finance,East Haven,Jeff Crisafi,D,0,0.00%
Board of Finance,East Haven,Christopher Perdo,D,0,0.00%
Board of Finance,East Haven,Ronald DeSena,D,0,0.00%
Board of Finance,East Haven,Alfred Z. Purzycki,D,0,0.00%
Board of Finance,East Haven,Beth Purcell,R,0,0.00%
Board of Finance,East Haven,William Richardson,R,0,0.00%
Board of Finance,East Haven,Ralph J. Vitale,R,0,0.00%
Board of Finance,East Haven,Edwin Zorrilla,R,0,0.00%
Board of Education,East Haven,Karyn L. Putney,D,0,0.00%
Board of Education,East Haven,Erika Santino Santiago,D,0,0.00%
Board of Education,East Haven,Patricia (Tia) DePalma,D,0,0.00%
Board of Education,East Haven,Michele A. DeLucia,D,0,0.00%
Board of Education,East Haven,Marianne Johnson,D,0,0.00%
Board of Education,East Haven,John (Jack) Stacey,D,0,0.00%
Board of Education,East Haven,Jennifer DiLungo,R,0,0.00%
Board of Education,East Haven,Thomas Hennessey,R,0,0.00%
Board of Education,East Haven,Nicholas Adams,R,0,0.00%
Board of Education,East Haven,Sharon E. Cote',R,0,0.00%
Board of Education,East Haven,Lynn Torello,R,0,0.00%
Board of Education,East Haven,Kerry Martens,R,0,0.00%
First Selectman,East Lyme,Daniel Cunningham,D,0,0.00%
First Selectman,East Lyme,Anne Santoro,R,0,0.00%
Board of Selectmen Full Four Year Term,East Lyme,Ann Cicchiello,D,0,0.00%
Board of Selectmen Full Four Year Term,East Lyme,Candice Carlson,R,0,0.00%
Board of Selectmen Full Two Year Term,East Lyme,Jason Deeble,D,0,0.00%
Board of Selectmen Full Two Year Term,East Lyme,Cindy Collins,D,0,0.00%
Board of Selectmen Full Two Year Term,East Lyme,Rose Ann Hardy,R,0,0.00%
Board of Selectmen Full Two Year Term,East Lyme,Don MacKenzie,R,0,0.00%
Board of Selectmen Full Two Year Term,East Lyme,Richard Steel,PC,0,0.00%
Town Treasurer,East Lyme,Bob Curry,D,0,0.00%
Town Treasurer,East Lyme,Scott E. Fraser,R,0,0.00%
Board of Finance,East Lyme,Barry Sheckley,D,0,0.00%
Board of Finance,East Lyme,Kimberly A. Kalajainen,D,0,0.00%
Board of Finance,East Lyme,Bonnie L. Smithers,R,0,0.00%
Board of Finance,East Lyme,Mario Richards,R,0,0.00%
Board of Finance,East Lyme,Sandra Bullock,R,0,0.00%
Board of Education,East Lyme,Stephen Luber,D,0,0.00%
Board of Education,East Lyme,Vivek Purohit,D,0,0.00%
Board of Education,East Lyme,Bill Derry,D,0,0.00%
Board of Education,East Lyme,John A. Olexa,R,0,0.00%
Board of Education,East Lyme,Alisa Bradley,R,0,0.00%
Board of Education,East Lyme,Olivia Fairchild,R,0,0.00%
Board of Education,East Lyme,Leigh McNamara Gianakos,R,0,0.00%
Board of Assessment Appeals,East Lyme,Gary Cicchiello,D,0,0.00%
Board of Assessment Appeals,East Lyme,Deanna Delaney,R,0,0.00%
Planning Commission,East Lyme,Nina Franco,D,0,0.00%
Planning Commission,East Lyme,"Thomas W. Fitting, Jr.",R,0,0.00%
Planning Commission,East Lyme,Timothy LaDucer,R,0,0.00%
Planning Commission Alternate,East Lyme,Bill Delaney,R,0,0.00%
Zoning Commission,East Lyme,Cathy J. Yuhas,D,0,0.00%
Zoning Commission,East Lyme,Jim Liska,R,0,0.00%
Zoning Commission,East Lyme,Anne Thurlow,R,0,0.00%
Zoning Commission,East Lyme,"Norman B. Peck, III",R,0,0.00%
Zoning Commission,East Lyme,Carlo B.S. Lombardo,WF,0,0.00%
Zoning Commission Alternate,East Lyme,Sarah Susco,D,0,0.00%
Zoning Commission Alternate,East Lyme,Kerry Edwards,D,0,0.00%
Zoning Commission Alternate,East Lyme,William R. Follett,R,0,0.00%
First Selectman,Easton,Nicholas D'Addario,D,0,0.00%
First Selectman,Easton,Dan Lent,R,0,0.00%
Selectmen,Easton,Adrienne Burke,D,0,0.00%
Selectmen,Easton,Kristi Sogofsky,R,0,0.00%
Town Clerk,Easton,Debbie Szegedi,R,0,0.00%
Town Treasurer,Easton,Christine Calvert,D,0,0.00%
Tax Collector,Easton,Krista Kot,R,0,0.00%
Board of Finance,Easton,Joshua Bailey,R,0,0.00%
Board of Finance,Easton,Colin Cote,R,0,0.00%
Board of Education Full Term,Easton,Jill Madeo,D,0,0.00%
Board of Education Full Term,Easton,Kristin Falzone,R,0,0.00%
Board of Education To Fill Vacancy for Four Years,Easton,Jessica Zannetti,D,0,0.00%
Board of Assessment Appeals,Easton,Wiley Mullins,D,0,0.00%
Board of Assessment Appeals,Easton,Adam Bonoff,R,0,0.00%
Planning & Zoning Commission,Easton,John D. Foley,D,0,0.00%
Planning & Zoning Commission,Easton,"Louis F. DiPietro, Jr.",R,0,0.00%
Zoning Board of Appeals,Easton,Stephanie Christie,D,0,0.00%
Zoning Board of Appeals,Easton,Joseph A. Palmieri,R,0,0.00%
Zoning Board of Appeals,Easton,James Wright,R,0,0.00%
Constables,Easton,Tracy Carlucci,D,0,0.00%
Constables,Easton,"Raymond Martin, III",D,0,0.00%
Constables,Easton,David Katz,D,0,0.00%
Constables,Easton,Irv Silverman,D,0,0.00%
Constables,Easton,Darrin  D. Silhavy,R,0,0.00%
Constables,Easton,Genevieve Waterbury,R,0,0.00%
Constables,Easton,Anthony Battaglia,R,0,0.00%
Library Board Full Term,Easton,Kristine Oulman,D,0,0.00%
Library Board Full Term,Easton,Diane Parker,R,0,0.00%
Library Board To Fill Vacancy for Two Years,Easton,Lise Fleuette,D,0,0.00%
Library Board To Fill Vacancy for Two Years,Easton,Mary Welch,R,0,0.00%
Regional Board of Education,Easton,Carolyn Oppenheim,D,0,0.00%
Regional Board of Education,Easton,Leny Wallen-Friedman,D,0,0.00%
Regional Board of Education,Easton,Archangelo A. Distefano,R,0,0.00%
Regional Board of Education,Easton,Todd A. Johnston,R,0,0.00%
Selectmen,East Windsor,Rick LeBorious,D,1259,21.79%
Selectmen,East Windsor,Alan Baker,D,1278,22.11%
Selectmen,East Windsor,Keith Yags Yagaloff,R,1036,17.93%
Selectmen,East Windsor,Heather Spencer,R,1155,19.99%
Selectmen,East Windsor,Bob Leach,R,1051,18.19%
Board of Finance Full Term,East Windsor,Randy Clifton,D,1261,26.77%
Board of Finance Full Term,East Windsor,Michael Fishman,D,1252,26.58%
Board of Finance Full Term,East Windsor,Tom Talamini,R,1108,23.52%
Board of Finance Full Term,East Windsor,Tom Rondeau,R,1090,23.14%
Board of Finance To Fill Vacancy for Two Years,East Windsor,Steve Austin,R,1348,100.00%
Board of Finance Alternates,East Windsor,Margaret Kooharian,D,1416,100.00%
Board of Education,East Windsor,Noreen Farmer,D,1384,53.03%
Board of Education,East Windsor,Frances Neill,R,1226,46.97%
Board of Assessment Appeals Full Term,East Windsor,David Swaim,D,1248,55.44%
Board of Assessment Appeals Full Term,East Windsor,Nicole Vacila,R,1003,44.56%
Zoning Board of Appeals,East Windsor,David Swaim,D,1291,36.89%
Zoning Board of Appeals,East Windsor,Mystica L. Davis,R,1104,31.54%
Zoning Board of Appeals,East Windsor,Scott L. Morgan,R,1105,31.57%
Zoning Board of Appeals Alternates To Fill Vacancy for Two Years,East Windsor,Kathryn Carey-Trull,D,1361,55.51%
Zoning Board of Appeals Alternates To Fill Vacancy for Two Years,East Windsor,Keith Yags Yagaloff,R,1091,44.49%
Police Commissioners Full Term,East Windsor,Elizabeth Mcguire,D,1287,35.41%
Police Commissioners Full Term,East Windsor,Kristina Nordell,D,1302,35.82%
Police Commissioners Full Term,East Windsor,Bob Leach,R,1046,28.78%
Police Commissioners To Fill Vacancy for Two Years,East Windsor,Randi Reichle,R,1347,100.00%
Constable To Fill Vacancy for Two Years,East Windsor,James P. Barton,WI,3,16.67%
Constable To Fill Vacancy for Two Years,East Windsor,Christina Cresenzi,WI,15,83.33%
First Selectman,Ellington,Laurie Burstein,D,2409,51.71%
First Selectman,Ellington,Lori Spielman,R,2250,48.29%
Selectmen,Ellington,Mary Cardin,D,2391,13.31%
Selectmen,Ellington,Charlotte J. Ward,D,2315,12.88%
Selectmen,Ellington,Su Thanvanthri,D,2229,12.40%
Selectmen,Ellington,Jamie Boucher,D,2467,13.73%
Selectmen,Ellington,Ronald Stomberg,R,2088,11.62%
Selectmen,Ellington,James Prichard,R,2175,12.10%
Selectmen,Ellington,John W Turner,R,2135,11.88%
Selectmen,Ellington,David E Stavens,R,2170,12.08%
Board of Finance,Ellington,Liz Nord,D,2458,27.30%
Board of Finance,Ellington,Gomathi Ramachandran,D,2206,24.50%
Board of Finance,Ellington,Douglas Harding,R,2198,24.41%
Board of Finance,Ellington,Barry Pinto,R,2141,23.78%
Board of Education,Ellington,Christal Banville,D,2453,14.20%
Board of Education,Ellington,Karl A Stocker,D,2466,14.27%
Board of Education,Ellington,Megan Johnson,D,2562,14.83%
Board of Education,Ellington,Angela Moser,R,2474,14.32%
Board of Education,Ellington,Steven Viens,R,2159,12.50%
Board of Education,Ellington,Marcia Kupferschmid,R,2495,14.44%
Board of Education,Ellington,Jennifer Dzen,R,2669,15.45%
Planning & Zoning Commission,Ellington,William R Hogan,D,2499,17.35%
Planning & Zoning Commission,Ellington,Jeremiah Williams,D,2324,16.14%
Planning & Zoning Commission,Ellington,Subhra Roy,D,2332,16.19%
Planning & Zoning Commission,Ellington,F Michael Francis,D,2545,17.67%
Planning & Zoning Commission,Ellington,Jonathan Moser,R,2381,16.53%
Planning & Zoning Commission,Ellington,Arlo Hoffman,R,2320,16.11%
Zoning Board of Appeals,Ellington,Suren Thirumappan,D,2182,24.79%
Zoning Board of Appeals,Ellington,Eugene LeDuc,D,2278,25.88%
Zoning Board of Appeals,Ellington,Juliet D'Antonio,R,2125,24.14%
Zoning Board of Appeals,Ellington,Katherine Heminway,R,2217,25.19%
Library Board of Trustees,Ellington,Anna Michalak,D,2457,21.10%
Library Board of Trustees,Ellington,Kalagena Sullivan,D,2257,19.38%
Library Board of Trustees,Ellington,John M Halloran,D,2544,21.85%
Library Board of Trustees,Ellington,Deanna Wambolt-Gulick,R,2116,18.17%
Library Board of Trustees,Ellington,Christina M Keune,R,2271,19.50%
Councilor District #1,Enfield,Linda Allegro,D,0,0.00%
Councilor District #1,Enfield,Ken Nelson Jr,R,0,0.00%
Councilor District #2,Enfield,John P Santantella,D,0,0.00%
Councilor District #2,Enfield,Robert Gillespie,R,0,0.00%
Councilor District #3,Enfield,Cynthia Mangini,D,0,0.00%
Councilor District #3,Enfield,Carl Sferrazza,R,0,0.00%
Councilor District #4,Enfield,Maya Nicole Matthews,D,0,0.00%
Councilor District #4,Enfield,Bob Hendrickson,R,0,0.00%
Councilors at Large,Enfield,Gina Cekala,D,0,0.00%
Councilors at Large,Enfield,Bob Cressotti,D,0,0.00%
Councilors at Large,Enfield,Zach Zannoni,D,0,0.00%
Councilors at Large,Enfield,Aaron Thomas,D,0,0.00%
Councilors at Large,Enfield,Marie Pyznar,R,0,0.00%
Councilors at Large,Enfield,Carol Hall,R,0,0.00%
Councilors at Large,Enfield,Jeff Rousseau,R,0,0.00%
Councilors at Large,Enfield,Lori Unghire,R,0,0.00%
Board of Education,Enfield,Danielle Girard,D,0,0.00%
Board of Education,Enfield,Amanda Pickett,D,0,0.00%
Board of Education,Enfield,Rosalee Brocuglio,D,0,0.00%
Board of Education,Enfield,"Roberta ""Bobbie"" Kiner",D,0,0.00%
Board of Education,Enfield,Kelsey McGuire-Bruce,D,0,0.00%
Board of Education,Enfield,Dean Gousse,R,0,0.00%
Board of Education,Enfield,Janet Cushman,R,0,0.00%
Board of Education,Enfield,Philip Kober,R,0,0.00%
Board of Education,Enfield,Theresa M Meyer,R,0,0.00%
Board of Education,Enfield,Rob Anderson,R,0,0.00%
Constables,Enfield,Alex Sferrazza,D,0,0.00%
Constables,Enfield,Bekah Halpin,D,0,0.00%
Constables,Enfield,Rebecca Green,D,0,0.00%
Constables,Enfield,Marshall Elemen,D,0,0.00%
Constables,Enfield,Walter J Kruzel,R,0,0.00%
Constables,Enfield,Ken Kaufman,R,0,0.00%
Constables,Enfield,John Unghire,R,0,0.00%
Constables,Enfield,Mary Ann Turner,R,0,0.00%
First Selectman,Essex,Norman Needleman,D,0,0.00%
Selectman,Essex,Stacia Rice Libby,D,0,0.00%
Selectman,Essex,Bruce Glowac,R,0,0.00%
Selectman,Essex,Gary Comstock,PC,0,0.00%
Town Clerk,Essex,Caitlin Riley,D,0,0.00%
Town Clerk,Essex,Caitlin Riley,R,0,0.00%
Town Treasurer,Essex,Jim Francis,D,0,0.00%
Town Treasurer,Essex,Vincent A. Pacileo III,R,0,0.00%
Tax Collector,Essex,Megan D. Haskins,D,0,0.00%
Tax Collector,Essex,Megan D. Haskins,R,0,0.00%
Board of Finance,Essex,"W. Campbell Hudson, III",D,0,0.00%
Board of Finance,Essex,Mary-Louise H. Polo,D,0,0.00%
Board of Finance,Essex,"W. Campbell Hudson, III",R,0,0.00%
Board of Finance,Essex,Mary-Louise H. Polo,R,0,0.00%
Board of Education Full Term,Essex,Jan Perruccio,D,0,0.00%
Board of Education Full Term,Essex,Kristen Pillion,R,0,0.00%
Board of Education To Fill Vacancy for Two Years,Essex,Mark Watson,R,0,0.00%
Board of Assessment Appeals Full Term,Essex,Jim Childress,D,0,0.00%
Board of Assessment Appeals Full Term,Essex,Michael S. Terry,R,0,0.00%
Board of Assessment Appeals To Fill Vacancy for Four Years,Essex,Jan Perruccio,D,0,0.00%
Regional Board of Education,Essex,Lon Seidman,D,0,0.00%
Regional Board of Education,Essex,Lon Seidman,R,0,0.00%
Board of Finance Full Term,Fairfield,Shane Pendley,D,0,0.00%
Board of Finance Full Term,Fairfield,Robert Ellwanger,D,0,0.00%
Board of Finance Full Term,Fairfield,Brendan T. Lynch,R,0,0.00%
Board of Finance Full Term,Fairfield,Jim Meyers,R,0,0.00%
Board of Finance Full Term,Fairfield,Robert Ellwanger,WF,0,0.00%
Board of Finance To Fill Vacancy for Two Years,Fairfield,Dave Rock,D,0,0.00%
Board of Finance To Fill Vacancy for Two Years,Fairfield,David Pelsue,R,0,0.00%
"Board of Education, Four to be Elected, not more than Two from One Party",Fairfield,Jennifer Jacobsen,D,0,0.00%
"Board of Education, Four to be Elected, not more than Two from One Party",Fairfield,Kristin O'Neill,D,0,0.00%
"Board of Education, Four to be Elected, not more than Two from One Party",Fairfield,Jacquelyn Bardenwerper,R,0,0.00%
"Board of Education, Four to be Elected, not more than Two from One Party",Fairfield,Nicholas Aysseh,R,0,0.00%
"Board of Education, Four to be Elected, not more than Two from One Party",Fairfield,Kristin O'Neill,WF,0,0.00%
Board of Assessment Appeals,Fairfield,Ronek Patel,D,0,0.00%
Board of Assessment Appeals,Fairfield,Neal R. Fink,D,0,0.00%
Board of Assessment Appeals,Fairfield,Paulette Cuozzo,R,0,0.00%
Board of Assessment Appeals,Fairfield,Judy Szablak,R,0,0.00%
Town Plan and Zoning Commission Four Year Term,Fairfield,Jonathan Delgado,D,0,0.00%
Town Plan and Zoning Commission Four Year Term,Fairfield,Steven A. Levy,D,0,0.00%
Town Plan and Zoning Commission Four Year Term,Fairfield,Thomas Noonan,R,0,0.00%
Town Plan and Zoning Commission Four Year Term,Fairfield,Veronica Monahan,R,0,0.00%
Town Plan and Zoning Commission Two Year Term,Fairfield,Peter Capozzi,D,0,0.00%
Town Plan and Zoning Commission Two Year Term,Fairfield,Alexis P. Harrison,R,0,0.00%
Town Plan and Zoning Commission Alternate,Fairfield,Peter Siccardi,D,0,0.00%
Town Plan and Zoning Commission Alternate,Fairfield,Joseph Siebert,D,0,0.00%
Town Plan and Zoning Commission Alternate,Fairfield,Lukas Thomas,R,0,0.00%
Town Plan and Zoning Commission Alternate,Fairfield,Andrew Ragonese,R,0,0.00%
Town Plan and Zoning Commission Alternate,Fairfield,Peter Siccardi,WF,0,0.00%
Zoning Board of Appeals Four Year Term,Fairfield,Brian Avallone,D,0,0.00%
Zoning Board of Appeals Four Year Term,Fairfield,Joseph DeMartino,R,0,0.00%
Zoning Board of Appeals Two Year Term,Fairfield,Christine Hogan,D,0,0.00%
Zoning Board of Appeals Two Year Term,Fairfield,Adam Lau,R,0,0.00%
Zoning Board of Appeals Alternates,Fairfield,Alethe Fatherley,D,0,0.00%
Zoning Board of Appeals Alternates,Fairfield,Harold Zawadski,D,0,0.00%
Zoning Board of Appeals Alternates,Fairfield,Kenneth Osborn,R,0,0.00%
Zoning Board of Appeals Alternates,Fairfield,Rachel Fowler,R,0,0.00%
Constables,Fairfield,Kevin W. Flynn,D,0,0.00%
Constables,Fairfield,Ruth Smey,D,0,0.00%
Constables,Fairfield,Charlene Sabia Lebo,D,0,0.00%
Constables,Fairfield,Jay Wolk,D,0,0.00%
Constables,Fairfield,Roger V. Autuori,R,0,0.00%
Constables,Fairfield,Holly Lanese,R,0,0.00%
Constables,Fairfield,Michael D. Herley,R,0,0.00%
Constables,Fairfield,Matt Paul,R,0,0.00%
Representative Town Meeting District 1,Fairfield,Doug Kniffin,D,0,0.00%
Representative Town Meeting District 1,Fairfield,Kenneth Astarita,R,0,0.00%
Representative Town Meeting District 1,Fairfield,Melissa Longo,R,0,0.00%
Representative Town Meeting District 1,Fairfield,Peter Britton,R,0,0.00%
Representative Town Meeting District 1,Fairfield,Brooke Sparacino,R,0,0.00%
Representative Town Meeting District 2,Fairfield,Tara Cook-Littman,D,0,0.00%
Representative Town Meeting District 2,Fairfield,Scott Bisang,D,0,0.00%
Representative Town Meeting District 2,Fairfield,Craig Diamond,D,0,0.00%
Representative Town Meeting District 2,Fairfield,Gil Larsen,D,0,0.00%
Representative Town Meeting District 2,Fairfield,Edward Bateson,R,0,0.00%
Representative Town Meeting District 2,Fairfield,Denise Fernandez,R,0,0.00%
Representative Town Meeting District 2,Fairfield,Meghan McCloat,R,0,0.00%
Representative Town Meeting District 2,Fairfield,Christopher Shea,R,0,0.00%
Representative Town Meeting District 3,Fairfield,Anne Fifick,D,0,0.00%
Representative Town Meeting District 3,Fairfield,Cindy Waldron,D,0,0.00%
Representative Town Meeting District 3,Fairfield,Myke Nicholas-Hartigan,D,0,0.00%
Representative Town Meeting District 3,Fairfield,Ashby Dodge,D,0,0.00%
Representative Town Meeting District 3,Fairfield,Shenton King,R,0,0.00%
Representative Town Meeting District 3,Fairfield,Karen McCormack,R,0,0.00%
Representative Town Meeting District 3,Fairfield,Michael Finneran,R,0,0.00%
Representative Town Meeting District 3,Fairfield,Jeffrey Steele,R,0,0.00%
Representative Town Meeting District 4,Fairfield,Elizabeth A. Zezima,D,0,0.00%
Representative Town Meeting District 4,Fairfield,Jennifer A. Hauhuth,D,0,0.00%
Representative Town Meeting District 4,Fairfield,Laura Karson,D,0,0.00%
Representative Town Meeting District 4,Fairfield,Michelle McCabe,D,0,0.00%
Representative Town Meeting District 4,Fairfield,Dan Ford,R,0,0.00%
Representative Town Meeting District 4,Fairfield,Lisa Miro,R,0,0.00%
Representative Town Meeting District 4,Fairfield,Mike DeMato,R,0,0.00%
Representative Town Meeting District 4,Fairfield,Jill Grant,R,0,0.00%
Representative Town Meeting District 5,Fairfield,Jay Wolk,D,0,0.00%
Representative Town Meeting District 5,Fairfield,Betsy Elrick,D,0,0.00%
Representative Town Meeting District 5,Fairfield,Sharon B. Pistilli,D,0,0.00%
Representative Town Meeting District 5,Fairfield,Josh Garskof,D,0,0.00%
Representative Town Meeting District 5,Fairfield,Jamie R. DeFelice,R,0,0.00%
Representative Town Meeting District 5,Fairfield,Bob Hersh,R,0,0.00%
Representative Town Meeting District 5,Fairfield,Wyatt Whiteman,R,0,0.00%
Representative Town Meeting District 5,Fairfield,Roger V. Autuori,R,0,0.00%
Representative Town Meeting District 6,Fairfield,Emma Barron,D,0,0.00%
Representative Town Meeting District 6,Fairfield,Tracy Rodriguez,D,0,0.00%
Representative Town Meeting District 6,Fairfield,Erik Drewniak,D,0,0.00%
Representative Town Meeting District 6,Fairfield,Rob Blanchard,D,0,0.00%
Representative Town Meeting District 6,Fairfield,Trisha Pytko,R,0,0.00%
Representative Town Meeting District 6,Fairfield,Dominick Spadaro,R,0,0.00%
Representative Town Meeting District 6,Fairfield,Hannah Gale,R,0,0.00%
Representative Town Meeting District 6,Fairfield,Tony DeLaurentis,R,0,0.00%
Representative Town Meeting District 7,Fairfield,John Kuhn,D,0,0.00%
Representative Town Meeting District 7,Fairfield,Scott Nickel,D,0,0.00%
Representative Town Meeting District 7,Fairfield,Steve Berecz,D,0,0.00%
Representative Town Meeting District 7,Fairfield,Lori Galdenzi,D,0,0.00%
Representative Town Meeting District 7,Fairfield,Thomas McCarthy,R,0,0.00%
Representative Town Meeting District 7,Fairfield,Jack Shostak,R,0,0.00%
Representative Town Meeting District 7,Fairfield,Jackson Shostak,R,0,0.00%
Representative Town Meeting District 7,Fairfield,Plamena Georgieva,R,0,0.00%
Representative Town Meeting District 8,Fairfield,Lenny Braman,D,0,0.00%
Representative Town Meeting District 8,Fairfield,Richard Jacobs,D,0,0.00%
Representative Town Meeting District 8,Fairfield,Chris Carroll,D,0,0.00%
Representative Town Meeting District 8,Fairfield,Eileen O'Reilly,D,0,0.00%
Representative Town Meeting District 8,Fairfield,Christine Ludwiczak,R,0,0.00%
Representative Town Meeting District 8,Fairfield,Brendan Murray,R,0,0.00%
Representative Town Meeting District 8,Fairfield,Collin Colburn,R,0,0.00%
Representative Town Meeting District 8,Fairfield,Andrew Keefe,R,0,0.00%
Representative Town Meeting District 9,Fairfield,Dru Georgiadis,D,0,0.00%
Representative Town Meeting District 9,Fairfield,Lisa Havey,D,0,0.00%
Representative Town Meeting District 9,Fairfield,Karen Wackerman,D,0,0.00%
Representative Town Meeting District 9,Fairfield,Amanda Parrish Morgan,D,0,0.00%
Representative Town Meeting District 9,Fairfield,Peter Collins,R,0,0.00%
Representative Town Meeting District 9,Fairfield,Bruce Ryan,R,0,0.00%
Representative Town Meeting District 10,Fairfield,Margaret Horton,D,0,0.00%
Representative Town Meeting District 10,Fairfield,Matt Ambrose,D,0,0.00%
Representative Town Meeting District 10,Fairfield,Justin Contratto,D,0,0.00%
Representative Town Meeting District 10,Fairfield,Pierre Ratzki,D,0,0.00%
Representative Town Meeting District 10,Fairfield,Greg Alprin,R,0,0.00%
Representative Town Meeting District 10,Fairfield,Ceasar N. Anquillare,R,0,0.00%
Representative Town Meeting District 10,Fairfield,Dean Kardamis,R,0,0.00%
Representative Town Meeting District 10,Fairfield,Laurie Quick,R,0,0.00%
Judge of Probate District 10 To Fill Vacancy,Farmington,Paul R. Bedard,D,0,0.00%
"Town Council, Chair",Farmington,Brian FX Connolly,D,0,0.00%
"Town Council, Chair",Farmington,Joe Capodiferro,R,0,0.00%
"Town Council, First District",Farmington,Bruce Polsky,D,0,0.00%
"Town Council, First District",Farmington,Dave Wlodkowski,D,0,0.00%
"Town Council, First District",Farmington,Nadine Canto,R,0,0.00%
"Town Council, First District",Farmington,Henry Purtill,R,0,0.00%
"Town Council, Second District",Farmington,Bill Beckert,D,0,0.00%
"Town Council, Second District",Farmington,Patricia Boye-Williams,D,0,0.00%
"Town Council, Second District",Farmington,Keith Vibert,R,0,0.00%
"Town Council, Second District",Farmington,Amy Palumbo,R,0,0.00%
Town Clerk,Farmington,Mike Tucci,D,0,0.00%
Town Clerk,Farmington,Maureen Frink,R,0,0.00%
Board of Education,Farmington,Andrea Sobinski,D,0,0.00%
Board of Education,Farmington,Matt Hutvagner,D,0,0.00%
Board of Education,Farmington,Haley Pellegren,D,0,0.00%
Board of Education,Farmington,Ann O'Malley Kerr,R,0,0.00%
Board of Education,Farmington,Suraj Kurtakoti,R,0,0.00%
Board of Education,Farmington,Matthew Domejczyk,R,0,0.00%
Board of Education,Farmington,Jeff Przech,WI,0,0.00%
Board of Assessment Appeals Full Term,Farmington,Ted Glanzer,D,0,0.00%
Board of Assessment Appeals Full Term,Farmington,John R Truhan,R,0,0.00%
Board of Assessment Appeals To Fill Vacancy for Four Years,Farmington,Joan M Williams,D,0,0.00%
Board of Assessment Appeals To Fill Vacancy for Four Years,Farmington,Jigesh Shah,R,0,0.00%
Town Plan & Zoning,Farmington,Phil Cordeiro,D,0,0.00%
Town Plan & Zoning,Farmington,Dave St. Germain,D,0,0.00%
Town Plan & Zoning,Farmington,Michael Koster,R,0,0.00%
Town Plan & Zoning,Farmington,Peter J Zarella,R,0,0.00%
Town Plan & Zoning Alternates,Farmington,Taylor Pogson,D,0,0.00%
Town Plan & Zoning Alternates,Farmington,Josh Davidson,D,0,0.00%
Town Plan & Zoning Alternates,Farmington,Frank D Roth,R,0,0.00%
Town Plan & Zoning Alternates,Farmington,Robert Ingvertsen,R,0,0.00%
Zoning Board of Appeals,Farmington,Christopher Cloud,D,0,0.00%
Zoning Board of Appeals,Farmington,Jon Schoenhorn,D,0,0.00%
Zoning Board of Appeals,Farmington,Steven P Walsh,R,0,0.00%
Zoning Board of Appeals,Farmington,John Brockelman,R,0,0.00%
Zoning Board of Appeals Alternates,Farmington,Marianne Dess-Santoro,D,0,0.00%
Zoning Board of Appeals Alternates,Farmington,Haritha Subramanian,D,0,0.00%
Zoning Board of Appeals Alternates,Farmington,Donna Mambrino,R,0,0.00%
Zoning Board of Appeals Alternates,Farmington,Steven Lam,R,0,0.00%
Constables,Farmington,Swapna Das,D,0,0.00%
Constables,Farmington,Peter Bagdigian,D,0,0.00%
Constables,Farmington,Geno J Avenoso,R,0,0.00%
Constables,Farmington,April A Rogers,R,0,0.00%
First Selectman,Franklin,Judi Novosad,R,0,0.00%
First Selectman,Franklin,Thomas M Curran,PC,0,0.00%
Selectman,Franklin,Thomas A Craney,D,0,0.00%
Selectman,Franklin,Ashley McAuliffe,R,0,0.00%
Town Clerk,Franklin,Lynda Feder-Craney,D,0,0.00%
Town Treasurer,Franklin,Jessie C Barbone,D,0,0.00%
Tax Collector,Franklin,Kelsey Allard,D,0,0.00%
Tax Collector,Franklin,Melissa McGuire,R,0,0.00%
Board of Finance Full Term,Franklin,Melissa Sevigny,D,0,0.00%
Board of Finance Full Term,Franklin,Calli E Carboni,D,0,0.00%
Board of Finance Full Term,Franklin,Ethan J Gagnon,R,0,0.00%
Board of Finance Full Term,Franklin,Richard Weingart,R,0,0.00%
Board of Finance To Fill Vacancy for Two Years,Franklin,Kevin P Winkler,D,0,0.00%
Board of Finance Alternate,Franklin,Melissa Sevigny,D,0,0.00%
Board of Finance Alternate,Franklin,Jonathan Miller,R,0,0.00%
Board of Finance Alternate To Fill Vacancy for Four Years,Franklin,Calli E Carboni,D,0,0.00%
Board of Finance Alternate To Fill Vacancy for Four Years,Franklin,Parker Sharp,R,0,0.00%
Board of Finance Alternate To Fill Vacancy for Two Years,Franklin,Heather Allard,D,0,0.00%
Board of Education,Franklin,Kelsey Malik,D,0,0.00%
Board of Education,Franklin,Melynda Flanagan,D,0,0.00%
Board of Education,Franklin,Steven Lain,R,0,0.00%
Board of Education,Franklin,Amy Konow,R,0,0.00%
Board of Assessment Appeals,Franklin,Alison Dvorak,D,0,0.00%
Board of Assessment Appeals,Franklin,Ethan J Gagnon,R,0,0.00%
Planning & Zoning Commission,Franklin,Calli E Carboni,D,0,0.00%
Planning & Zoning Commission,Franklin,David Bachand,D,0,0.00%
Planning & Zoning Commission,Franklin,Josh Gagnon,R,0,0.00%
Planning & Zoning Commission,Franklin,Patrick McCarthy,R,0,0.00%
Planning & Zoning Commission,Franklin,Matt Calvert,R,0,0.00%
Planning & Zoning Commission Alternates,Franklin,Calli E Carboni,D,0,0.00%
Planning & Zoning Commission Alternates,Franklin,David Bachand,D,0,0.00%
Planning & Zoning Commission Alternates,Franklin,Steven Boucher,R,0,0.00%
Zoning Board of Appeals,Franklin,Kelsey Malik,D,0,0.00%
Zoning Board of Appeals,Franklin,Derek Allard,D,0,0.00%
Zoning Board of Appeals,Franklin,Traci L Hastings,R,0,0.00%
Zoning Board of Appeals,Franklin,Alden Miner,R,0,0.00%
Zoning Board of Appeals Alternates,Franklin,.,D,0,0.00%
Library Directors Full Term,Franklin,Caroline Grant,D,0,0.00%
Library Directors Full Term,Franklin,Matthew Novosad,D,0,0.00%
Library Directors Full Term,Franklin,James A Dyer,D,0,0.00%
Library Directors Full Term,Franklin,Debra S Beisiegel,R,0,0.00%
Town Council,Glastonbury,Larry Niland,D,0,0.00%
Town Council,Glastonbury,Corey Turner,D,0,0.00%
Town Council,Glastonbury,Anthony DiLizia,D,0,0.00%
Town Council,Glastonbury,Tom Gullotta,D,0,0.00%
Town Council,Glastonbury,Jennifer Wang,D,0,0.00%
Town Council,Glastonbury,Mary LaChance,D,0,0.00%
Town Council,Glastonbury,Whit Osgood,R,0,0.00%
Town Council,Glastonbury,Laszlo Szivak,R,0,0.00%
Town Council,Glastonbury,Nick Korns,R,0,0.00%
Town Council,Glastonbury,Kurt P. Cavanaugh,R,0,0.00%
Town Council,Glastonbury,John Cavanna,R,0,0.00%
Town Council,Glastonbury,Marion Terry,R,0,0.00%
Board of Finance,Glastonbury,Constantine Constantine,D,0,0.00%
Board of Finance,Glastonbury,Robert Lynn,R,0,0.00%
Board of Education,Glastonbury,Douglas C. Foyle,D,0,0.00%
Board of Education,Glastonbury,David Peniston,D,0,0.00%
Board of Education,Glastonbury,Jenn Jennings,R,0,0.00%
Board of Education,Glastonbury,Austin Apanovitch,R,0,0.00%
Board of Assessment Appeals,Glastonbury,Manisha Srivastava,D,0,0.00%
Board of Assessment Appeals,Glastonbury,David Cordone,R,0,0.00%
Zoning Board of Appeals,Glastonbury,Jaye Winkler,D,0,0.00%
Zoning Board of Appeals,Glastonbury,David Hoopes,D,0,0.00%
Zoning Board of Appeals,Glastonbury,Susan Dzialo,R,0,0.00%
Board of Fire Commissioners,Glastonbury,John (Jay) Cofiell,D,0,0.00%
Board of Fire Commissioners,Glastonbury,Anthony Nero,R,0,0.00%
First Selectman,Goshen,Seth P Breakell,R,0,0.00%
First Selectman,Goshen,Todd M Carusillo,PC,0,0.00%
Selectmen,Goshen,Dexter S Kinsella,D,0,0.00%
Selectmen,Goshen,Scott Olson,R,0,0.00%
Selectmen,Goshen,Toby G Geiger,PC,0,0.00%
Town Clerk,Goshen,Barbara L Breor,R,0,0.00%
Town Treasurer,Goshen,Henrietta C Horvay,D,0,0.00%
Town Treasurer,Goshen,Devin T Stilson,R,0,0.00%
Board of Finance - Full Term,Goshen,T Renee Kujawski,D,0,0.00%
Board of Finance - Full Term,Goshen,Matthew Blondin,D,0,0.00%
Board of Finance - Full Term,Goshen,Scott Tillmann,R,0,0.00%
Board of Finance - Full Term,Goshen,James Korner,R,0,0.00%
Board of Finance to fill a Four Year Vacancy,Goshen,Lynn M Steinmayer,D,0,0.00%
Board of Finance to fill a Four Year Vacancy,Goshen,Lorraine M Lucas,R,0,0.00%
Board of Finance Alternate,Goshen,Patrick J Reilly,D,0,0.00%
Board of Finance Alternate,Goshen,Robert J Layer,R,0,0.00%
Board of Assessment Appeals,Goshen,Audrey Blondin,D,0,0.00%
Board of Assessment Appeals,Goshen,Donna Molon,R,0,0.00%
Planning & Zoning Commission,Goshen,Cynthia A Barrett,D,0,0.00%
Planning & Zoning Commission,Goshen,Patrick D Lucas,R,0,0.00%
Planning & Zoning Commission,Goshen,Jared R Denis,R,0,0.00%
Planning & Zoning Commission - Alternate,Goshen,Jessica M Stromback,D,0,0.00%
Planning & Zoning Commission - Alternate,Goshen,Dustin R Mosley,R,0,0.00%
Planning & Zoning Commission - Alternate,Goshen,Christopher S Hurlburt,R,0,0.00%
Fire Commissioners,Goshen,Michael Bergin,D,0,0.00%
Fire Commissioners,Goshen,Seth P Breakell,R,0,0.00%
Fire Commissioners,Goshen,Donald M Sage,R,0,0.00%
Fire Commissioner Alternate,Goshen,Gary A Stango,D,0,0.00%
Fire Commissioner Alternate,Goshen,Felix A Sambuco,R,0,0.00%
Constables,Goshen,Henrietta C Horvay,D,0,0.00%
Constables,Goshen,Dexter S Kinsella,D,0,0.00%
Constables,Goshen,Gary A Stango,D,0,0.00%
Constables,Goshen,Bryan T Beausoleil,R,0,0.00%
Constables,Goshen,Marianne Arancio Stilson,R,0,0.00%
Constables,Goshen,Russell B Hurley,R,0,0.00%
Constables,Goshen,Michael J Esposito,R,0,0.00%
Library Directors,Goshen,Josephine F Jones,D,0,0.00%
Library Directors,Goshen,Kristen Durso,D,0,0.00%
Library Directors,Goshen,Rebecca Prause,R,0,0.00%
First Selectman,Granby,Mark Fiorentino,R,0,0.00%
Selectmen,Granby,Margaret Q. Chapple,D,0,0.00%
Selectmen,Granby,Kim Becker,D,0,0.00%
Selectmen,Granby,Frederick Moffa,D,0,0.00%
Selectmen,Granby,Mark Neumann,R,0,0.00%
Selectmen,Granby,Andrew Badeau,R,0,0.00%
Board of Finance,Granby,Dave Demchak,D,0,0.00%
Board of Finance,Granby,Kent McCord,D,0,0.00%
Board of Finance,Granby,Toby Proctor,D,0,0.00%
Board of Finance,Granby,James C. Tsaptsinos,R,0,0.00%
Board of Finance,Granby,Benjamin Perron,R,0,0.00%
Board of Education,Granby,Andrew Billig,D,0,0.00%
Board of Education,Granby,Ann Woods,D,0,0.00%
Board of Education,Granby,Melissa Dethlefsen,R,0,0.00%
Board of Education,Granby,Donna Nolan,R,0,0.00%
Board of Education,Granby,Jessica Diglio,R,0,0.00%
Board of Assessment Appeals,Granby,Victoria K. Dirienzo,D,0,0.00%
Board of Assessment Appeals,Granby,Dorcus S. Forsyth,R,0,0.00%
Planning & Zoning Commission,Granby,Eric Lukingbeal,D,0,0.00%
Planning & Zoning Commission,Granby,Bob Lavitt,D,0,0.00%
Planning & Zoning Commission,Granby,Eric Myers,R,0,0.00%
Planning & Zoning Commission Alternate,Granby,Margaret Jabaily,D,0,0.00%
Zoning Board of Appeals,Granby,Thomas J. Caputi,D,0,0.00%
Zoning Board of Appeals,Granby,Robert M. Lindeyer,R,0,0.00%
Zoning Board of Appeals Alternates,Granby,David W. Roberts,D,0,0.00%
Zoning Board of Appeals Alternates,Granby,William O'Leary,R,0,0.00%
Town Moderator,Granby,Francis Brady,D,0,0.00%
Town Moderator,Granby,Edward Ohannessian,R,0,0.00%
First Selectman,Greenwich,Anthony Moor,D,0,0.00%
First Selectman,Greenwich,Fred Camillo,R,0,0.00%
Selectman,Greenwich,Rachel Khanna,D,0,0.00%
Selectman,Greenwich,Lauren Rabin,R,0,0.00%
Town Clerk,Greenwich,Meghan McCreary,D,0,0.00%
Town Clerk,Greenwich,Jacqueline A. Budkins,R,0,0.00%
Tax Collector,Greenwich,Hale Bayram,D,0,0.00%
Tax Collector,Greenwich,Heather Smeriglio,R,0,0.00%
Tax Collector,Greenwich,Heather Smeriglio,IND,0,0.00%
Board of Estimate and Taxation,Greenwich,Laura Erickson,D,0,0.00%
Board of Estimate and Taxation,Greenwich,David Weisbrod,D,0,0.00%
Board of Estimate and Taxation,Greenwich,Elliot Alchek,D,0,0.00%
Board of Estimate and Taxation,Greenwich,Stephen Selbst,D,0,0.00%
Board of Estimate and Taxation,Greenwich,Matt DesChamps,D,0,0.00%
Board of Estimate and Taxation,Greenwich,Doug Fenton,D,0,0.00%
Board of Estimate and Taxation,Greenwich,Leslie L. Tarkington,R,0,0.00%
Board of Estimate and Taxation,Greenwich,Harry Fisher,R,0,0.00%
Board of Estimate and Taxation,Greenwich,Joe Pellegrino,R,0,0.00%
Board of Estimate and Taxation,Greenwich,Joshua Brown,R,0,0.00%
Board of Estimate and Taxation,Greenwich,Sally Eddy Bednar,R,0,0.00%
Board of Estimate and Taxation,Greenwich,Joe Kelly,R,0,0.00%
Board of Estimate and Taxation,Greenwich,Karen Fassuliotis,IND,0,0.00%
"Board of Education, Not More than Two from One Party",Greenwich,Bob Chaney,D,0,0.00%
"Board of Education, Not More than Two from One Party",Greenwich,Laura Kostin,D,0,0.00%
"Board of Education, Not More than Two from One Party",Greenwich,Veronica Chiavaroli,D,0,0.00%
"Board of Education, Not More than Two from One Party",Greenwich,Karen Krause,R,0,0.00%
"Board of Education, Not More than Two from One Party",Greenwich,Paul Cappiali,R,0,0.00%
Board of Education To Fill Vacancy for Two Years,Greenwich,Michael-Joseph Mercanti-Anthony,R,0,0.00%
Board of Assessment Appeals,Greenwich,William Grad,D,0,0.00%
Board of Assessment Appeals,Greenwich,Joseph Huley,D,0,0.00%
Board of Assessment Appeals,Greenwich,Jeff Reardon,R,0,0.00%
Board of Assessment Appeals,Greenwich,Kit Mill,R,0,0.00%
Board of Assessment Appeals,Greenwich,Mark Pruner,R,0,0.00%
Constables,Greenwich,Donnie Romeo,D,0,0.00%
Constables,Greenwich,Dawn Fortunato,D,0,0.00%
Constables,Greenwich,Donna Maloney,R,0,0.00%
Constables,Greenwich,Thomas Waurishuk,R,0,0.00%
Constables,Greenwich,Alan Gaynor,R,0,0.00%
Constables,Greenwich,Charles Thivierge,R,0,0.00%
Representative Town Meeting District 1,Greenwich,"Carl G. R. Carlson, Jr.",NonP,0,0.00%
Representative Town Meeting District 1,Greenwich,"Anthony J. Chimblo, III",NonP,0,0.00%
Representative Town Meeting District 1,Greenwich,Edward D. Dadakis,NonP,0,0.00%
Representative Town Meeting District 1,Greenwich,Grace Ann Duffield,NonP,0,0.00%
Representative Town Meeting District 1,Greenwich,Lynn B. Garelick,NonP,0,0.00%
Representative Town Meeting District 1,Greenwich,Michael A. Gaudiano,NonP,0,0.00%
Representative Town Meeting District 1,Greenwich,Brigitte A. Lee,NonP,0,0.00%
Representative Town Meeting District 1,Greenwich,"Frederick Lee, Jr.",NonP,0,0.00%
Representative Town Meeting District 1,Greenwich,David Aron Levine,NonP,0,0.00%
Representative Town Meeting District 1,Greenwich,"William B. Lewis, Jr.",NonP,0,0.00%
Representative Town Meeting District 1,Greenwich,Richard T. Malloy,NonP,0,0.00%
Representative Town Meeting District 1,Greenwich,Jaysen Lee Medhurst,NonP,0,0.00%
Representative Town Meeting District 1,Greenwich,"Elizabeth Mills ""Sanders""",NonP,0,0.00%
Representative Town Meeting District 1,Greenwich,"Averardo ""Aldo"" Peruzzi Pascarella",NonP,0,0.00%
Representative Town Meeting District 1,Greenwich,Aakash Patel,NonP,0,0.00%
Representative Town Meeting District 1,Greenwich,Chloe Helena Rosenfeld,NonP,0,0.00%
Representative Town Meeting District 1,Greenwich,Samuel Aaron Rosenfeld,NonP,0,0.00%
Representative Town Meeting District 1,Greenwich,Elizabeth Somers Urdang,NonP,0,0.00%
Representative Town Meeting District 1,Greenwich,Jeffrey Scott Urdang,NonP,0,0.00%
Representative Town Meeting District 1,Greenwich,Gregory Louis Piccininno,WI,0,0.00%
Representative Town Meeting District 2,Greenwich,David Wentworth Carter,NonP,0,0.00%
Representative Town Meeting District 2,Greenwich,Donald R. Conway,NonP,0,0.00%
Representative Town Meeting District 2,Greenwich,Marissa Dungey,NonP,0,0.00%
Representative Town Meeting District 2,Greenwich,Jennifer Alexis Jones,NonP,0,0.00%
Representative Town Meeting District 2,Greenwich,Jill T. Kelly,NonP,0,0.00%
Representative Town Meeting District 2,Greenwich,Katherine N. LoBalbo,NonP,0,0.00%
Representative Town Meeting District 2,Greenwich,Ammar F. Murad,NonP,0,0.00%
Representative Town Meeting District 2,Greenwich,Pragati Soni,NonP,0,0.00%
Representative Town Meeting District 2,Greenwich,"Joyce ""Jay"" Pauline Teevan",NonP,0,0.00%
Representative Town Meeting District 2,Greenwich,Erika Walsh,NonP,0,0.00%
Representative Town Meeting District 2,Greenwich,Randy Caravella,WI,0,0.00%
Representative Town Meeting District 2,Greenwich,Charles F. Mangold,WI,0,0.00%
Representative Town Meeting District 3,Greenwich,Hale Bayram,NonP,0,0.00%
Representative Town Meeting District 3,Greenwich,Isra Selin Bayram,NonP,0,0.00%
Representative Town Meeting District 3,Greenwich,John V. Bologna,NonP,0,0.00%
Representative Town Meeting District 3,Greenwich,Christopher Joseph Colford,NonP,0,0.00%
Representative Town Meeting District 3,Greenwich,Tiffany Aparecida Evangelista,NonP,0,0.00%
Representative Town Meeting District 3,Greenwich,Paul Charles Genovese,NonP,0,0.00%
Representative Town Meeting District 3,Greenwich,"Peter P. Mynarski, Jr.",NonP,0,0.00%
Representative Town Meeting District 3,Greenwich,Rosalind Nicastro,NonP,0,0.00%
Representative Town Meeting District 3,Greenwich,"Sylvester J. Pecora, Sr.",NonP,0,0.00%
Representative Town Meeting District 3,Greenwich,Steven Paul Rubin,NonP,0,0.00%
Representative Town Meeting District 3,Greenwich,Karsten Vagner,NonP,0,0.00%
Representative Town Meeting District 4,Greenwich,Javier Alejandro Aleman,NonP,0,0.00%
Representative Town Meeting District 4,Greenwich,Seth Wayland Bacon,NonP,0,0.00%
Representative Town Meeting District 4,Greenwich,Ronald Francis Carosella,NonP,0,0.00%
Representative Town Meeting District 4,Greenwich,Andrea J. Casson,NonP,0,0.00%
Representative Town Meeting District 4,Greenwich,"Elizabeth J. ""Liz"" Eckert",NonP,0,0.00%
Representative Town Meeting District 4,Greenwich,Rosemarie Macaluso,NonP,0,0.00%
Representative Town Meeting District 4,Greenwich,Alexander J. Popp,NonP,0,0.00%
Representative Town Meeting District 4,Greenwich,Catherine E. Reynolds,NonP,0,0.00%
Representative Town Meeting District 4,Greenwich,Romulo E. Samaniego,NonP,0,0.00%
Representative Town Meeting District 4,Greenwich,Diego Sanchez,NonP,0,0.00%
Representative Town Meeting District 4,Greenwich,Gregg E. Sollenne,NonP,0,0.00%
Representative Town Meeting District 4,Greenwich,Lucy H. von Brachel,NonP,0,0.00%
Representative Town Meeting District 4,Greenwich,Bonnie F. Zeh,NonP,0,0.00%
Representative Town Meeting District 4,Greenwich,Matthew James DeMarkey,WI,0,0.00%
Representative Town Meeting District 4,Greenwich,Mark D. Fichtel,WI,0,0.00%
Representative Town Meeting District 4,Greenwich,Malcolm S. Frampton,WI,0,0.00%
Representative Town Meeting District 4,Greenwich,Chris T. Leonard,WI,0,0.00%
Representative Town Meeting District 5,Greenwich,Eric Peter Beiley,NonP,0,0.00%
Representative Town Meeting District 5,Greenwich,Jennifer Leigh Bird,NonP,0,0.00%
Representative Town Meeting District 5,Greenwich,"Edward T. ""Tom"" Broadhurst, III",NonP,0,0.00%
Representative Town Meeting District 5,Greenwich,Linda A. Cochran,NonP,0,0.00%
Representative Town Meeting District 5,Greenwich,Odysseas Demosthenes Kostas,NonP,0,0.00%
Representative Town Meeting District 5,Greenwich,Christopher Michael Langel,NonP,0,0.00%
Representative Town Meeting District 5,Greenwich,Lindy Marie Lilien,NonP,0,0.00%
Representative Town Meeting District 5,Greenwich,Sean Andrew Olesen,NonP,0,0.00%
Representative Town Meeting District 5,Greenwich,"Felice ""Felix"" Rovelli",NonP,0,0.00%
Representative Town Meeting District 5,Greenwich,Joan Button Thakor,NonP,0,0.00%
Representative Town Meeting District 5,Greenwich,Kimberly R. Treibick,NonP,0,0.00%
Representative Town Meeting District 5,Greenwich,Jessica Nelson Basham,WI,0,0.00%
Representative Town Meeting District 5,Greenwich,"Joseph H. Benoit, Jr.",WI,0,0.00%
Representative Town Meeting District 5,Greenwich,Jerome J. Cincotta,WI,0,0.00%
Representative Town Meeting District 5,Greenwich,Laura Braden Davis,WI,0,0.00%
Representative Town Meeting District 5,Greenwich,Lauren Popper Ellis,WI,0,0.00%
Representative Town Meeting District 5,Greenwich,Michael E. Hahn,WI,0,0.00%
Representative Town Meeting District 5,Greenwich,Patricia Jomo,WI,0,0.00%
Representative Town Meeting District 5,Greenwich,Nancy Korobkin,WI,0,0.00%
Representative Town Meeting District 5,Greenwich,Hannah Peck,WI,0,0.00%
Representative Town Meeting District 5,Greenwich,Matthew Brian Wilson,WI,0,0.00%
Representative Town Meeting District 6,Greenwich,Jennifer Ann Andrews,NonP,0,0.00%
Representative Town Meeting District 6,Greenwich,Radley Baine,NonP,0,0.00%
Representative Town Meeting District 6,Greenwich,Marilyn Ross Cahn,NonP,0,0.00%
Representative Town Meeting District 6,Greenwich,Robert W. Carter,NonP,0,0.00%
Representative Town Meeting District 6,Greenwich,Nicole Murphy Chaudhri,NonP,0,0.00%
Representative Town Meeting District 6,Greenwich,Jessica Hope Cosloy,NonP,0,0.00%
Representative Town Meeting District 6,Greenwich,Morgan R. Evans,NonP,0,0.00%
Representative Town Meeting District 6,Greenwich,Noah R. Finz,NonP,0,0.00%
Representative Town Meeting District 6,Greenwich,Daniel Izzo,NonP,0,0.00%
Representative Town Meeting District 6,Greenwich,Coline Jenkins,NonP,0,0.00%
Representative Town Meeting District 6,Greenwich,Brian J. Maher,NonP,0,0.00%
Representative Town Meeting District 6,Greenwich,James S. McGuigan,NonP,0,0.00%
Representative Town Meeting District 6,Greenwich,John M. Merrill,NonP,0,0.00%
Representative Town Meeting District 6,Greenwich,Stephen Meskers,NonP,0,0.00%
Representative Town Meeting District 6,Greenwich,Barbara E. O'Neill,NonP,0,0.00%
Representative Town Meeting District 6,Greenwich,"Tracy Dawn Parsons ""Grossman""",NonP,0,0.00%
Representative Town Meeting District 6,Greenwich,Anna S. Povinelli,NonP,0,0.00%
Representative Town Meeting District 6,Greenwich,Vernon B. Schwartz,NonP,0,0.00%
Representative Town Meeting District 6,Greenwich,Pascale Sejean,NonP,0,0.00%
Representative Town Meeting District 6,Greenwich,"Kathleen S. ""Kathy"" Smith",NonP,0,0.00%
Representative Town Meeting District 6,Greenwich,David P. Snyder,NonP,0,0.00%
Representative Town Meeting District 6,Greenwich,Janet L. Stone McGuigan,NonP,0,0.00%
Representative Town Meeting District 6,Greenwich,Mary Manuel Tobin,NonP,0,0.00%
Representative Town Meeting District 6,Greenwich,Alexis Voulgaris,NonP,0,0.00%
Representative Town Meeting District 6,Greenwich,Stacey L. Widlitz,NonP,0,0.00%
Representative Town Meeting District 6,Greenwich,Joanna Githa Marie Willott,NonP,0,0.00%
Representative Town Meeting District 6,Greenwich,Victoria Martin Young,NonP,0,0.00%
Representative Town Meeting District 7,Greenwich,Debbie L. Appelbaum,NonP,0,0.00%
Representative Town Meeting District 7,Greenwich,Michael Peter Behringer,NonP,0,0.00%
Representative Town Meeting District 7,Greenwich,Kimberly Morgan Blank,NonP,0,0.00%
Representative Town Meeting District 7,Greenwich,Ellen M. Brennan-Galvin,NonP,0,0.00%
Representative Town Meeting District 7,Greenwich,Margaret H. Butler,NonP,0,0.00%
Representative Town Meeting District 7,Greenwich,Thomas Cahill,NonP,0,0.00%
Representative Town Meeting District 7,Greenwich,Alice B. Duff,NonP,0,0.00%
Representative Town Meeting District 7,Greenwich,Danielle Eason,NonP,0,0.00%
Representative Town Meeting District 7,Greenwich,"Irwin George ""Patrick"" Freydberg, Jr.",NonP,0,0.00%
Representative Town Meeting District 7,Greenwich,"Elizabeth J. ""Betsy"" Galindo",NonP,0,0.00%
Representative Town Meeting District 7,Greenwich,"William W. Galvin, III",NonP,0,0.00%
Representative Town Meeting District 7,Greenwich,Dean C. Gamanos,NonP,0,0.00%
Representative Town Meeting District 7,Greenwich,Marianne Gattinella,NonP,0,0.00%
Representative Town Meeting District 7,Greenwich,Hilary Adams Gunn,NonP,0,0.00%
Representative Town Meeting District 7,Greenwich,Lucia D. Jansen,NonP,0,0.00%
Representative Town Meeting District 7,Greenwich,Scott E. Kalb,NonP,0,0.00%
Representative Town Meeting District 7,Greenwich,Elizabeth C. Mac Gillivray,NonP,0,0.00%
Representative Town Meeting District 7,Greenwich,"Elizabeth ""Wynn"" McDaniel",NonP,0,0.00%
Representative Town Meeting District 7,Greenwich,William J. Meurer,NonP,0,0.00%
Representative Town Meeting District 7,Greenwich,Anthony James Moor,NonP,0,0.00%
Representative Town Meeting District 7,Greenwich,Ellen-Jane Moss,NonP,0,0.00%
Representative Town Meeting District 7,Greenwich,Valerie Stauffer,NonP,0,0.00%
Representative Town Meeting District 7,Greenwich,Maya Louise Tichio,NonP,0,0.00%
Representative Town Meeting District 7,Greenwich,Sandra N. Waters,NonP,0,0.00%
Representative Town Meeting District 7,Greenwich,Stephen M. Waters,NonP,0,0.00%
Representative Town Meeting District 8,Greenwich,Hector Eduardo Arzeno,NonP,0,0.00%
Representative Town Meeting District 8,Greenwich,Lisa Becker Edmundson,NonP,0,0.00%
Representative Town Meeting District 8,Greenwich,"Francis J. ""Kip"" Burgweger, Jr.",NonP,0,0.00%
Representative Town Meeting District 8,Greenwich,Craig Edward Chapman,NonP,0,0.00%
Representative Town Meeting District 8,Greenwich,Blazej Rafal Cichy,NonP,0,0.00%
Representative Town Meeting District 8,Greenwich,Stephanie A. Cowie,NonP,0,0.00%
Representative Town Meeting District 8,Greenwich,Peter Michael Cruikshank,NonP,0,0.00%
Representative Town Meeting District 8,Greenwich,Michael J. DeVita,NonP,0,0.00%
Representative Town Meeting District 8,Greenwich,M. Irene Dietrich,NonP,0,0.00%
Representative Town Meeting District 8,Greenwich,Philip A. Dodson,NonP,0,0.00%
Representative Town Meeting District 8,Greenwich,Nicholas Gt Enthoven,NonP,0,0.00%
Representative Town Meeting District 8,Greenwich,"SamuelGonzalez, Jr.",NonP,0,0.00%
Representative Town Meeting District 8,Greenwich,Myra H. Klockenbrink,NonP,0,0.00%
Representative Town Meeting District 8,Greenwich,"Genevieve J. ""Genny"" Krob",NonP,0,0.00%
Representative Town Meeting District 8,Greenwich,Gail A. Lauridsen,NonP,0,0.00%
Representative Town Meeting District 8,Greenwich,Sharon Lee Lazar,NonP,0,0.00%
Representative Town Meeting District 8,Greenwich,Cheryl A. Moss,NonP,0,0.00%
Representative Town Meeting District 8,Greenwich,Sheila M. Phelan,NonP,0,0.00%
Representative Town Meeting District 8,Greenwich,Caryn S. Rosenbaum,NonP,0,0.00%
Representative Town Meeting District 8,Greenwich,"Mary M. ""Molly"" Saleeby",NonP,0,0.00%
Representative Town Meeting District 8,Greenwich,Siv J. Schultz,NonP,0,0.00%
Representative Town Meeting District 8,Greenwich,Brian Geoge Sullivan,NonP,0,0.00%
Representative Town Meeting District 8,Greenwich,Nicholas Medgyesi Wilder,NonP,0,0.00%
Representative Town Meeting District 8,Greenwich,Kathleen A. Yu,NonP,0,0.00%
Representative Town Meeting District 8,Greenwich,Adele Catino,WI,0,0.00%
Representative Town Meeting District 8,Greenwich,Stephen Gerald Puschel,WI,0,0.00%
Representative Town Meeting District 8,Greenwich,"Joseph G. Solari, III",WI,0,0.00%
Representative Town Meeting District 8,Greenwich,Elspeth Marie Spransy,WI,0,0.00%
Representative Town Meeting District 8,Greenwich,Kevin Demar Thompson,WI,0,0.00%
Representative Town Meeting District 9,Greenwich,Patricia Adams,NonP,0,0.00%
Representative Town Meeting District 9,Greenwich,Anthony G. Cicchetti,NonP,0,0.00%
Representative Town Meeting District 9,Greenwich,Barbara T. Darula,NonP,0,0.00%
Representative Town Meeting District 9,Greenwich,Pamela R. Ferraro,NonP,0,0.00%
Representative Town Meeting District 9,Greenwich,Donna F. Gaudioso-Zeale,NonP,0,0.00%
Representative Town Meeting District 9,Greenwich,"Elizabeth Porcher ""Shaye"" Hester",NonP,0,0.00%
Representative Town Meeting District 9,Greenwich,Abbe F. Large,NonP,0,0.00%
Representative Town Meeting District 9,Greenwich,Brian J. Malin,NonP,0,0.00%
Representative Town Meeting District 9,Greenwich,Lauren B. O'Keefe,NonP,0,0.00%
Representative Town Meeting District 9,Greenwich,Geralyn Beth Orlovitz Rubenstein,NonP,0,0.00%
Representative Town Meeting District 9,Greenwich,Ferdinando Giuseppe Schiro,NonP,0,0.00%
Representative Town Meeting District 9,Greenwich,Jonathan R. Shankman,NonP,0,0.00%
Representative Town Meeting District 9,Greenwich,Joanne I. Steinhart,NonP,0,0.00%
Representative Town Meeting District 9,Greenwich,Jane C. Weisbecker,NonP,0,0.00%
Representative Town Meeting District 9,Greenwich,Stacy A. Young,NonP,0,0.00%
Representative Town Meeting District 9,Greenwich,Carol A. Zarrilli,NonP,0,0.00%
Representative Town Meeting District 9,Greenwich,Michael J. Acerbo,WI,0,0.00%
Representative Town Meeting District 9,Greenwich,Carina A. Adams-Szabo,WI,0,0.00%
Representative Town Meeting District 9,Greenwich,Roberto J. Fernandez,WI,0,0.00%
Representative Town Meeting District 10,Greenwich,D. Ryan Brumberg,NonP,0,0.00%
Representative Town Meeting District 10,Greenwich,Peter Jude Collins,NonP,0,0.00%
Representative Town Meeting District 10,Greenwich,Allyson Tucker Cowin,NonP,0,0.00%
Representative Town Meeting District 10,Greenwich,Pamela Mercedes Fontana,NonP,0,0.00%
Representative Town Meeting District 10,Greenwich,Annabel F. Gatto,NonP,0,0.00%
Representative Town Meeting District 10,Greenwich,Michael T. Goldstein,NonP,0,0.00%
Representative Town Meeting District 10,Greenwich,Amaris Loren Guadalupe,NonP,0,0.00%
Representative Town Meeting District 10,Greenwich,Ogden H. Hammond,NonP,0,0.00%
Representative Town Meeting District 10,Greenwich,Hilary Haroche,NonP,0,0.00%
Representative Town Meeting District 10,Greenwich,Sandra K. Harris,NonP,0,0.00%
Representative Town Meeting District 10,Greenwich,W. Brooks Harris,NonP,0,0.00%
Representative Town Meeting District 10,Greenwich,John S. Hopley,NonP,0,0.00%
Representative Town Meeting District 10,Greenwich,Ramya Thambuswamy Hopley,NonP,0,0.00%
Representative Town Meeting District 10,Greenwich,Michael R. Howe,NonP,0,0.00%
Representative Town Meeting District 10,Greenwich,Nan Michelle Levy,NonP,0,0.00%
Representative Town Meeting District 10,Greenwich,Peter Bennett Levy,NonP,0,0.00%
Representative Town Meeting District 10,Greenwich,Pamela C. Pell,NonP,0,0.00%
Representative Town Meeting District 10,Greenwich,Kara Lynn Philbin,NonP,0,0.00%
Representative Town Meeting District 10,Greenwich,Jane S. Sprung,NonP,0,0.00%
Representative Town Meeting District 11,Greenwich,Jennifer L. Barro,NonP,0,0.00%
Representative Town Meeting District 11,Greenwich,Thomas M. Devaney,NonP,0,0.00%
Representative Town Meeting District 11,Greenwich,Susan D. Fahey,NonP,0,0.00%
Representative Town Meeting District 11,Greenwich,Joanna Foyle,NonP,0,0.00%
Representative Town Meeting District 11,Greenwich,Tracy Freedman,NonP,0,0.00%
Representative Town Meeting District 11,Greenwich,Ingrid Hang,NonP,0,0.00%
Representative Town Meeting District 11,Greenwich,Elizabeth Hopley,NonP,0,0.00%
Representative Town Meeting District 11,Greenwich,"Cathleen M. ""Cate"" Keeney",NonP,0,0.00%
Representative Town Meeting District 11,Greenwich,Susan Chisholm Khanna,NonP,0,0.00%
Representative Town Meeting District 11,Greenwich,Jennifer Ann Klein,NonP,0,0.00%
Representative Town Meeting District 11,Greenwich,Jan Rogers Kniffen,NonP,0,0.00%
Representative Town Meeting District 11,Greenwich,Adam L. Leader,NonP,0,0.00%
Representative Town Meeting District 11,Greenwich,Mark J. Lewis,NonP,0,0.00%
Representative Town Meeting District 11,Greenwich,Cyril E. Moulle-Berteaux,NonP,0,0.00%
Representative Town Meeting District 11,Greenwich,Richard J. Neuman,NonP,0,0.00%
Representative Town Meeting District 11,Greenwich,Vinay S. Pande,NonP,0,0.00%
Representative Town Meeting District 11,Greenwich,Peter J. Samponaro,NonP,0,0.00%
Representative Town Meeting District 11,Greenwich,Robin C. Sherwood,NonP,0,0.00%
Representative Town Meeting District 11,Greenwich,Erin B. Spiess Chang,NonP,0,0.00%
Representative Town Meeting District 11,Greenwich,"Cathryn Fineman ""Cathy"" Steel",NonP,0,0.00%
Representative Town Meeting District 11,Greenwich,Thomas M. West,NonP,0,0.00%
Representative Town Meeting District 11,Greenwich,Jordan E. Yarett,NonP,0,0.00%
Representative Town Meeting District 11,Greenwich,Gregory J. Zorthian,NonP,0,0.00%
Representative Town Meeting District 12,Greenwich,Francia Alvarez,NonP,0,0.00%
Representative Town Meeting District 12,Greenwich,Craig W. Amundson,NonP,0,0.00%
Representative Town Meeting District 12,Greenwich,Glen A. Canner,NonP,0,0.00%
Representative Town Meeting District 12,Greenwich,Mary Connolly Flynn,NonP,0,0.00%
Representative Town Meeting District 12,Greenwich,Barbara G. Hindman,NonP,0,0.00%
Representative Town Meeting District 12,Greenwich,Jonathan A. Kantor,NonP,0,0.00%
Representative Town Meeting District 12,Greenwich,Mary A. Keller,NonP,0,0.00%
Representative Town Meeting District 12,Greenwich,Aaron J. Leonard,NonP,0,0.00%
Representative Town Meeting District 12,Greenwich,Abigail R. McCarthy,NonP,0,0.00%
Representative Town Meeting District 12,Greenwich,Ellen Margaret Murdock,NonP,0,0.00%
Representative Town Meeting District 12,Greenwich,Jocelyn Yuan Riddle,NonP,0,0.00%
Representative Town Meeting District 12,Greenwich,Jane S. Sulich,NonP,0,0.00%
Representative Town Meeting District 12,Greenwich,Christina Turiano-Sander,NonP,0,0.00%
Representative Town Meeting District 12,Greenwich,James Waters,NonP,0,0.00%
Representative Town Meeting District 12,Greenwich,Roli Agrawal,WI,0,0.00%
Representative Town Meeting District 12,Greenwich,Nathan James Cray,WI,0,0.00%
Representative Town Meeting District 12,Greenwich,Gail P. DePoli,WI,0,0.00%
Representative Town Meeting District 12,Greenwich,Thomas Peter Kania,WI,0,0.00%
Representative Town Meeting District 12,Greenwich,Karen H. Marks,WI,0,0.00%
Representative Town Meeting District 12,Greenwich,Richard S. Montier,WI,0,0.00%
Representative Town Meeting District 12,Greenwich,Monica Prihoda,WI,0,0.00%
Representative Town Meeting District 12,Greenwich,Gene D. Rostov,WI,0,0.00%
Representative Town Meeting District 12,Greenwich,"Ernest A. Zahn, III",WI,0,0.00%
First Selectman,Griswold,Tina Falck,D,0,0.00%
First Selectman,Griswold,Wayne Malin,R,0,0.00%
Selectman,Griswold,Matthew Danieluk,D,0,0.00%
Selectman,Griswold,Richard Canova,R,0,0.00%
Selectman,Griswold,Martin Deforest McKinney Jr.,PC,0,0.00%
Town Treasurer,Griswold,Linda Cote,D,0,0.00%
Town Treasurer,Griswold,Kelsey Picco,R,0,0.00%
Board of Finance,Griswold,Mark DePonte,D,0,0.00%
Board of Finance,Griswold,Richard Grabowski,D,0,0.00%
Board of Finance,Griswold,Tom Palasky,R,0,0.00%
Board of Finance,Griswold,Jannell Lee,R,0,0.00%
Board of Education,Griswold,Eileen Ego,D,0,0.00%
Board of Education,Griswold,Terry Cholewa,D,0,0.00%
Board of Education,Griswold,Catherine Waselik,R,0,0.00%
Board of Education,Griswold,Mary Beth Malin,R,0,0.00%
Board of Education To Fill Vacancy for Two Years,Griswold,Stuart Norman Jr,D,0,0.00%
Board of Education To Fill Vacancy for Two Years,Griswold,Kimberly Neilson,D,0,0.00%
Board of Education To Fill Vacancy for Two Years,Griswold,Donald Desrochers,R,0,0.00%
Board of Assessment Appeals,Griswold,Stuart Norman Jr,D,0,0.00%
Board of Assessment Appeals,Griswold,Cecelia Norwid,R,0,0.00%
Planning & Zoning Commission,Griswold,Butch Santerre,D,0,0.00%
Planning & Zoning Commission,Griswold,Peter Zvingilas,D,0,0.00%
Planning & Zoning Commission,Griswold,Eric Lindquist,R,0,0.00%
Planning & Zoning Commission,Griswold,Melissa Cassidy,R,0,0.00%
Planning & Zoning Commission Alternates,Griswold,Peter Zvingilas,D,0,0.00%
Planning & Zoning Commission Alternates,Griswold,Laurie Sorder,D,0,0.00%
Planning & Zoning Commission Alternates,Griswold,Jerry Doyon,D,0,0.00%
Planning & Zoning Commission Alternates,Griswold,Kerri-Anne Moffatt,R,0,0.00%
Zoning Board of Appeals,Griswold,Mary Ann Manning,D,0,0.00%
Zoning Board of Appeals,Griswold,Joe Savino,D,0,0.00%
Zoning Board of Appeals,Griswold,Duane Button,R,0,0.00%
Zoning Board of Appeals,Griswold,Chris Chastang,R,0,0.00%
Zoning Board of Appeals Alternates,Griswold,Todd Babbitt,D,0,0.00%
Zoning Board of Appeals Alternates,Griswold,Sherri Tanguay,D,0,0.00%
Zoning Board of Appeals Alternates,Griswold,Joe Savino,D,0,0.00%
Zoning Board of Appeals Alternates,Griswold,Greg Allard,R,0,0.00%
Zoning Board of Appeals Alternates,Griswold,Heather Edge,R,0,0.00%
Town Council,Groton,Roscoe L. Merritt,D,0,0.00%
Town Council,Groton,Kevin Fitzgerald,D,0,0.00%
Town Council,Groton,Bruce Jones,D,0,0.00%
Town Council,Groton,Adam Puccino,D,0,0.00%
Town Council,Groton,Joe Baril,D,0,0.00%
Town Council,Groton,Portia Bordelon,D,0,0.00%
Town Council,Groton,David Goode,D,0,0.00%
Town Council,Groton,Juliette M. Parker,D,0,0.00%
Town Council,Groton,David McBride,D,0,0.00%
Town Council,Groton,Diane L. Barber,R,0,0.00%
Town Council,Groton,Susan E. Deane-Shinbrot,R,0,0.00%
Town Council,Groton,Kathy L. Chase,R,0,0.00%
Town Council,Groton,Susan E. Deane-Shinbrot,IND,0,0.00%
Town Council,Groton,Lauren Gauthier,IND,0,0.00%
Town Council,Groton,Bill Furgueson,IND,0,0.00%
Town Council,Groton,John Goodrich,IND,0,0.00%
Town Council,Groton,Vanessa Drabek,IND,0,0.00%
Town Council,Groton,Petricia Weaver,IND,0,0.00%
Town Council,Groton,Jim Gustavson,WI,0,0.00%
Town Clerk,Groton,Marisol Melendez,D,0,0.00%
Board of Education Full Four Year Term,Groton,Mike Whitney,D,0,0.00%
Board of Education Full Four Year Term,Groton,Sean Corcoran,D,0,0.00%
Board of Education Full Four Year Term,Groton,Robert Boris,R,0,0.00%
Board of Education Full Four Year Term,Groton,Andrea L. Ackerman,R,0,0.00%
Board of Education Full Four Year Term,Groton,Mitchell A. Shinbrot,R,0,0.00%
Board of Education To Fill Vacancy for Two Years,Groton,Beverly Washington,D,0,0.00%
Representative Town Meeting District 1,Groton,Joe Baril,D,0,0.00%
Representative Town Meeting District 1,Groton,Roscoe L. Merritt,D,0,0.00%
Representative Town Meeting District 1,Groton,Ted Allen,D,0,0.00%
Representative Town Meeting District 1,Groton,Andy Nacsin,D,0,0.00%
Representative Town Meeting District 1,Groton,Karin H. Adams,R,0,0.00%
Representative Town Meeting District 2,Groton,Jean-Claude Ambroise,D,0,0.00%
Representative Town Meeting District 2,Groton,Richard (Paul) Norris,D,0,0.00%
Representative Town Meeting District 2,Groton,Jackie Massett,D,0,0.00%
Representative Town Meeting District 2,Groton,Doris Pulaski,D,0,0.00%
Representative Town Meeting District 2,Groton,Harry A. Watson,R,0,0.00%
Representative Town Meeting District 3,Groton,Christy McElroy,D,0,0.00%
Representative Town Meeting District 3,Groton,Michael Gardiner,D,0,0.00%
Representative Town Meeting District 3,Groton,Autumn Gardiner,D,0,0.00%
Representative Town Meeting District 3,Groton,Archie Swindell,D,0,0.00%
Representative Town Meeting District 4,Groton,Kristen Powers,D,0,0.00%
Representative Town Meeting District 4,Groton,Shawn Powers,D,0,0.00%
Representative Town Meeting District 4,Groton,David Goode,D,0,0.00%
Representative Town Meeting District 4,Groton,Lian Obrey,D,0,0.00%
Representative Town Meeting District 4,Groton,Kyle Thaxton,D,0,0.00%
Representative Town Meeting District 4,Groton,Andrew M. Parrella,D,0,0.00%
Representative Town Meeting District 4,Groton,Robert J. Bailey,R,0,0.00%
Representative Town Meeting District 4,Groton,Rebecca E. Matter,R,0,0.00%
Representative Town Meeting District 5,Groton,David Hume,D,0,0.00%
Representative Town Meeting District 5,Groton,Pantea Umrysz,D,0,0.00%
Representative Town Meeting District 5,Groton,Fran Whitney,D,0,0.00%
Representative Town Meeting District 5,Groton,Gary Welles,D,0,0.00%
Representative Town Meeting District 5,Groton,Susan E. Deane-Shinbrot,R,0,0.00%
Representative Town Meeting District 6,Groton,Ann-Marie DeGraffenreidt,D,0,0.00%
Representative Town Meeting District 6,Groton,Melanie L. Morgan,D,0,0.00%
Representative Town Meeting District 6,Groton,Paul Fox,D,0,0.00%
Representative Town Meeting District 6,Groton,Katrina Fitzgerald,D,0,0.00%
Representative Town Meeting District 6,Groton,Emma M. Gibbs,R,0,0.00%
Representative Town Meeting District 6,Groton,Thomas A. Frickman,R,0,0.00%
Representative Town Meeting District 7,Groton,Briar Woods,D,0,0.00%
Representative Town Meeting District 7,Groton,Alexis Dudden,D,0,0.00%
Representative Town Meeting District 7,Groton,Emily Norman,D,0,0.00%
Representative Town Meeting District 7,Groton,Sarah Kadden,D,0,0.00%
Judge of Probate District 34 To Fill Vacancy,Guilford,Seth Klaskin,D,0,0.00%
Judge of Probate District 34 To Fill Vacancy,Guilford,Thomas A. Virgulto,R,0,0.00%
First Selectman,Guilford,Matthew T. Hoey III,D,0,0.00%
First Selectman,Guilford,Jonathan Trotta,R,0,0.00%
Selectmen,Guilford,Sandra J. Ruoff,D,0,0.00%
Selectmen,Guilford,Lou Federici,D,0,0.00%
Selectmen,Guilford,Carlyle Ciccone,R,0,0.00%
Selectmen,Guilford,Susan Renner,R,0,0.00%
Selectmen,Guilford,Charles Havrda,IND,0,0.00%
Selectmen,Guilford,Justin Paglino,G,0,0.00%
Board of Finance,Guilford,Rob Federici,D,0,0.00%
Board of Finance,Guilford,Amy Earls,D,0,0.00%
Board of Finance,Guilford,Peter Goletz,R,0,0.00%
Board of Finance,Guilford,Tim Donlan,R,0,0.00%
Board of Finance,Guilford,Elias Kabeche,IND,0,0.00%
Board of Finance,Guilford,Jeffrey Beatty,IND,0,0.00%
Board of Education,Guilford,Arnold Skretta,D,0,0.00%
Board of Education,Guilford,Jennifer Scoggin,D,0,0.00%
Board of Education,Guilford,Jennifer Baldwin,IND,0,0.00%
Board of Education,Guilford,Amy Fenollosa,IND,0,0.00%
Board of Education,Guilford,Ralph Brooks,IND,0,0.00%
Board of Assessment Appeals,Guilford,Jim Goodridge,D,0,0.00%
Board of Assessment Appeals,Guilford,Svetlana Goletz,R,0,0.00%
First Selectman,Haddam,Sean Donlan,D,0,0.00%
First Selectman,Haddam,Sean Donlan,R,0,0.00%
Selectman,Haddam,Peter Baird,D,0,0.00%
Selectman,Haddam,Gina Block,D,0,0.00%
Selectman,Haddam,Mark Lundgren,R,0,0.00%
Selectman,Haddam,Kate Anderson,R,0,0.00%
Town Clerk,Haddam,Sarah Pytlik,D,0,0.00%
Town Clerk,Haddam,Sarah Pytlik,R,0,0.00%
Board of Finance,Haddam,Ryan Thompson,D,0,0.00%
Board of Finance,Haddam,Collin Raymond,D,0,0.00%
Board of Finance,Haddam,Mark Adelberg,R,0,0.00%
Board of Finance,Haddam,Wayne Rutty,R,0,0.00%
Board of Finance,Haddam,Scott Bowden,R,0,0.00%
Board of Finance Alternate,Haddam,William Thompson,D,0,0.00%
Board of Finance Alternate,Haddam,Alexander Marconi,R,0,0.00%
Board of Assessment Appeals,Haddam,William Gresham,D,0,0.00%
Board of Assessment Appeals,Haddam,Craig Salonia,R,0,0.00%
Planning & Zoning Commission,Haddam,Lynne Cooper,D,0,0.00%
Planning & Zoning Commission,Haddam,Michael Farina,D,0,0.00%
Planning & Zoning Commission,Haddam,Jamin Laurenza,R,0,0.00%
Planning & Zoning Commission,Haddam,Daniel Luisi,R,0,0.00%
Planning & Zoning Commission,Haddam,Wayne LePard,R,0,0.00%
Planning & Zoning Commission,Haddam,Edward Wallor,R,0,0.00%
Planning & Zoning Commission Alternates,Haddam,Dorothy Gillespie,D,0,0.00%
Planning & Zoning Commission Alternates,Haddam,Joseph Dalton,D,0,0.00%
Planning & Zoning Commission Alternates,Haddam,Larry Maggi,R,0,0.00%
Zoning Board of Appeals,Haddam,Robert Harlow,D,0,0.00%
Zoning Board of Appeals,Haddam,Thomas Weglarz,R,0,0.00%
Zoning Board of Appeals Alternates,Haddam,Elizabeth Devlin,D,0,0.00%
Zoning Board of Appeals Alternates,Haddam,Deborah Rutter,D,0,0.00%
Regional Board of Education,Haddam,Matthew Riggs,D,0,0.00%
Regional Board of Education,Haddam,Sonja Charpentier,D,0,0.00%
Regional Board of Education,Haddam,Kelly Haeckel,D,0,0.00%
Regional Board of Education,Haddam,Joseph Centofanti,R,0,0.00%
Regional Board of Education,Haddam,Corey Roberts,R,0,0.00%
Mayor,Hamden,Adam Sendroff,D,0,0.00%
Mayor,Hamden,Jonathan Katz,R,0,0.00%
Mayor,Hamden,Patricia C. Vener-Saavedra,G,0,0.00%
Mayor,Hamden,Jameka A. Morrison-Jefferies,PC,0,0.00%
Town Clerk,Hamden,Karimah Mickens,D,0,0.00%
Town Clerk,Hamden,Debra Rigney,R,0,0.00%
Councilmen-At-Large,Hamden,Tasha Hunt,D,0,0.00%
Councilmen-At-Large,Hamden,Douglas J.C. Foley,D,0,0.00%
Councilmen-At-Large,Hamden,Katie Kiely,D,0,0.00%
Councilmen-At-Large,Hamden,Maurine M. Crouch,D,0,0.00%
Councilmen-At-Large,Hamden,Victor Mitchell,R,0,0.00%
Councilmen-At-Large,Hamden,Thomas Figlar,R,0,0.00%
Councilmen-At-Large,Hamden,Robert Anthony,R,0,0.00%
Councilmen-At-Large,Hamden,Douglas J.C. Foley,WF,0,0.00%
Councilmen-At-Large,Hamden,Maurine M. Crouch,WF,0,0.00%
Councilman District 1,Hamden,Sean Cardwell,D,0,0.00%
Councilman District 1,Hamden,Hudson Molinari,R,0,0.00%
Councilman District 2,Hamden,Jeron Alston,D,0,0.00%
Councilman District 2,Hamden,Pam Van Arsdale Whelan,R,0,0.00%
Councilman District 3,Hamden,Abdul-Razak Osmanu,D,0,0.00%
Councilman District 3,Hamden,Theresa Katz,R,0,0.00%
Councilman District 3,Hamden,Abdul-Razak Osmanu,WF,0,0.00%
Councilman District 4,Hamden,Sarah Gallagher,D,0,0.00%
Councilman District 4,Hamden,James Onofrio,R,0,0.00%
Councilman District 5,Hamden,Rhonda Caldwell,D,0,0.00%
Councilman District 5,Hamden,Rhonda Caldwell,WF,0,0.00%
Councilman District 6,Hamden,Grace Teodosio,D,0,0.00%
Councilman District 6,Hamden,Mary Algiere,R,0,0.00%
Councilman District 7,Hamden,Adrian Webber,D,0,0.00%
Councilman District 7,Hamden,Demetrius Dailey,R,0,0.00%
Councilman District 8,Hamden,Ted Stevens,D,0,0.00%
Councilman District 8,Hamden,David Iezzi,R,0,0.00%
Councilman District 9,Hamden,Tameeka Parks,D,0,0.00%
Councilman District 9,Hamden,James Anthony,R,0,0.00%
Board of Education,Hamden,Melissa A. Kaplan,D,0,0.00%
Board of Education,Hamden,Nancy Edmonds-Hill,D,0,0.00%
Board of Education,Hamden,Christopher M. Piscitelli,D,0,0.00%
Board of Education,Hamden,David Asbery,D,0,0.00%
Board of Education,Hamden,Marcia Brown,R,0,0.00%
Board of Education,Hamden,Crystal Dailey,R,0,0.00%
First Selectman,Hampton,Allan R. Cahill,R,0,0.00%
Selectman,Hampton,John Tillinghast,D,0,0.00%
Selectman,Hampton,Bob Grindle,D,0,0.00%
Selectman,Hampton,John Russell,R,0,0.00%
Town Clerk,Hampton,Kaye Johnson,D,0,0.00%
Town Clerk,Hampton,Kaye Johnson,R,0,0.00%
Town Treasurer,Hampton,Ellen M Rodriguez,D,0,0.00%
Board of Finance,Hampton,Frances Gustavesen,D,0,0.00%
Board of Finance,Hampton,Kate Donnelly,D,0,0.00%
Board of Finance,Hampton,Kathy Donahue,R,0,0.00%
Board of Finance,Hampton,Matthew B. Rivers,PC,0,0.00%
Board of Education,Hampton,Laura K Barrow,R,0,0.00%
Board of Education,Hampton,Juan B Arriola,R,0,0.00%
Board of Education,Hampton,Timothy L Studer Sr,R,0,0.00%
Board of Education,Hampton,Adam Bryant Sheridan,PC,0,0.00%
Board of Education,Hampton,Matthew B. Rivers,PC,0,0.00%
Board of Education,Hampton,Nicholas E. Brockett,PC,0,0.00%
Board of Education To Fill Vacancy for Two Years,Hampton,Elizabeth Lindorff,D,0,0.00%
Board of Education To Fill Vacancy for Two Years,Hampton,Stephanie Bora,D,0,0.00%
Board of Assessment Appeals Full Term,Hampton,Kate Donnelly,D,0,0.00%
Board of Assessment Appeals Full Term,Hampton,John Berard,R,0,0.00%
Planning & Zoning Commission Five Year Term Begins 2025,Hampton,Gary DeCesare,R,0,0.00%
Planning & Zoning Commission Five Year Term Begins 2025,Hampton,Matthew B. Rivers,PC,0,0.00%
Planning & Zoning Commission Five Year Term Begins 2026,Hampton,Kevin Grindle,D,0,0.00%
Zoning Board of Appeals Five Year Term Begins 2025,Hampton,Marc Cardwell,D,0,0.00%
Zoning Board of Appeals Five Year Term Begins 2025,Hampton,Zachary Burdick-Chapel,R,0,0.00%
Zoning Board of Appeals Five Year Term Begins 2026,Hampton,Lisa K Siegmund,D,0,0.00%
Zoning Board of Appeals Five Year Term Begins 2026,Hampton,Shirley J Freeman,R,0,0.00%
Constables,Hampton,Jeffrey E Smith Jr,D,0,0.00%
Constables,Hampton,Adam Sheridan,D,0,0.00%
Constables,Hampton,Ralph Brand,R,0,0.00%
Constables,Hampton,Wanda L Willard,R,0,0.00%
Constables,Hampton,Patrick J. Navin,PC,0,0.00%
Board of Education,Hartford,Francoise C. Deristel-Leger,D,0,0.00%
Board of Education,Hartford,Cristher Estrada- Perez,D,0,0.00%
Board of Education,Hartford,Tyrone V. Walker,D,0,0.00%
Board of Education,Hartford,Shonta M. Browdy,WF,0,0.00%
First Selectman,Hartland,Magi Winslow,D,192,44.44%
First Selectman,Hartland,Magi Winslow,R,240,55.56%
Selectman,Hartland,Gregory M. Sottile,D,164,36.20%
Selectman,Hartland,Scott M. Levan,R,289,63.80%
Tax Collector,Hartland,Cheryl Higgins,D,183,40.76%
Tax Collector,Hartland,Cheryl Higgins,R,266,59.24%
Board of Finance Full Term,Hartland,Philip H. Groth,D,290,40.33%
Board of Finance Full Term,Hartland,Fletcher H. Smith,D,171,23.78%
Board of Finance Full Term,Hartland,Fletcher H. Smith,R,258,35.88%
Board of Finance To Fill Vacancy for Four Years,Hartland,John A. Ferro,D,180,40.91%
Board of Finance To Fill Vacancy for Four Years,Hartland,John A. Ferro,R,260,59.09%
Board of Finance Alternate Full Term,Hartland,Michael J. Ryan,D,173,39.86%
Board of Finance Alternate Full Term,Hartland,Michael J. Ryan,R,261,60.14%
Board of Finance Alternate To Fill Vacancy for Four Years,Hartland,Deborah Gilpin,D,279,100.00%
Board of Education Full Term,Hartland,Gary Levvis,D,170,12.96%
Board of Education Full Term,Hartland,Kene Daley,D,158,12.04%
Board of Education Full Term,Hartland,Gwen Welcome,D,171,13.03%
Board of Education Full Term,Hartland,Gwen Welcome,R,255,19.44%
Board of Education Full Term,Hartland,Timothy J. Irwin,R,272,20.73%
Board of Education Full Term,Hartland,Michelle D. Ferrari,R,286,21.80%
Board of Education To Fill Vacancy for Four Years,Hartland,Jessica Dzielak,D,180,41.38%
Board of Education To Fill Vacancy for Four Years,Hartland,Jessica Dzielak,R,255,58.62%
Board of Assessment Appeals,Hartland,Darcey M. Lovell,D,179,40.22%
Board of Assessment Appeals,Hartland,Laura F. H. Stevens,R,266,59.78%
Constables,Hartland,Jennifer L. Abalan-Kershaw,D,248,21.07%
Constables,Hartland,Brad A. Wright,D,184,15.63%
Constables,Hartland,Michael J. Ryan,R,240,20.39%
Constables,Hartland,"Peter P. Sevetz, Jr.",R,209,17.76%
Constables,Hartland,William Hilbrecht,R,296,25.15%
Library Trustees Full Term,Hartland,Amy Bourque,D,329,31.82%
Library Trustees Full Term,Hartland,Linda Ackerman,D,175,16.92%
Library Trustees Full Term,Hartland,Pamela Langer,D,300,29.01%
Library Trustees Full Term,Hartland,Linda Ackerman,R,230,22.24%
Library Trustee To Fill Vacancy for Two Years,Hartland,Darcey M. Lovell,D,329,100.00%
First Selectman,Harwinton,Marc Matsil,D,651,33.01%
First Selectman,Harwinton,Michael R Criss,R,1321,66.99%
Selectman,Harwinton,John Duffy,D,701,35.77%
Selectman,Harwinton,Evan Brunetti,R,1259,64.23%
Board of Finance,Harwinton,Sabrina Beck,D,721,18.63%
Board of Finance,Harwinton,Weld Royal,D,656,16.95%
Board of Finance,Harwinton,Eric Niedmann,R,1257,32.48%
Board of Finance,Harwinton,Charles L Casella,R,1236,31.94%
Board of Assessment Appeals,Harwinton,Cynthia Banach,D,785,37.22%
Board of Assessment Appeals,Harwinton,Wayne Delmonte,R,1324,62.78%
Planning Commission Five Year Terms Begins 2025,Harwinton,Paul Roche,D,918,100.00%
Planning Commission Five Year Term Begins 2026,Harwinton,Wendy Darasz,D,710,36.52%
Planning Commission Five Year Term Begins 2026,Harwinton,Alan M Colombie,R,1234,63.48%
Zoning Commission Five Year Terms Begins 2025,Harwinton,Paul Rosin,D,710,36.60%
Zoning Commission Five Year Terms Begins 2025,Harwinton,Theodore Root,R,1230,63.40%
Zoning Commission Five Year Term Begins 2026,Harwinton,Myrna Watanabe,D,671,34.73%
Zoning Commission Five Year Term Begins 2026,Harwinton,William Ponte,R,1261,65.27%
Zoning Commission Alternates,Harwinton,Stephen Smith,D,787,23.11%
Zoning Commission Alternates,Harwinton,David Sawoska,R,1297,38.09%
Zoning Commission Alternates,Harwinton,Julie Erwin,R,1321,38.80%
Zoning Board of Appeals Five Year Term Begins 2025,Harwinton,Payton Turpin,D,719,37.20%
Zoning Board of Appeals Five Year Term Begins 2025,Harwinton,Theodore W Root Jr,R,1214,62.80%
Zoning Board of Appeals Five Year Term Begins 2026,Harwinton,Franci Knight,D,688,35.63%
Zoning Board of Appeals Five Year Term Begins 2026,Harwinton,Thomas J Rotondo,R,1243,64.37%
Zoning Board of Appeals Alternate Five Year Term Begins 2025,Harwinton,Kristine Durante,D,731,37.95%
Zoning Board of Appeals Alternate Five Year Term Begins 2025,Harwinton,Pamela J Root,R,1195,62.05%
Zoning Board of Appeals Alternate Five Year Term Begins 2026,Harwinton,Pamela Rahn,D,681,35.41%
Zoning Board of Appeals Alternate Five Year Term Begins 2026,Harwinton,Brooke Cheney,R,1242,64.59%
Regional Board of Education,Harwinton,Dayan Aguilera-Rua,D,685,17.77%
Regional Board of Education,Harwinton,Power Boothe,D,700,18.16%
Regional Board of Education,Harwinton,Thomas R Fausel,R,1248,32.37%
Regional Board of Education,Harwinton,Matthew Szydlo,R,1222,31.70%
Board of Selectman,Hebron,Jan  Lawrence,D,1622,34.68%
Board of Selectman,Hebron,Tiffany V Thiele,D,1637,35.00%
Board of Selectman,Hebron,Rob McLaughlin,R,1418,30.32%
Town Clerk,Hebron,Francesca Villani,D,1655,55.86%
Town Clerk,Hebron,Francesca Villani,R,1308,44.14%
Board of Finance,Hebron,Adam Ockman,D,1642,26.69%
Board of Finance,Hebron,Ryan Herrick,D,1721,27.97%
Board of Finance,Hebron,Brian O'Reilly,R,1412,22.95%
Board of Finance,Hebron,Michael H Beaulieu,R,1377,22.38%
Board of Education,Hebron,Nicole Matthews,D,1772,35.12%
Board of Education,Hebron,Heather R Petit,D,1779,35.26%
Board of Education,Hebron,Toni Livernois,R,1494,29.61%
Board of Assessment Appeals,Hebron,Maura Curran Baker,D,1892,100.00%
Planning & Zoning Commission,Hebron,David V Sousa,D,1717,28.90%
Planning & Zoning Commission,Hebron,Chris Cyr,R,1480,24.91%
Planning & Zoning Commission,Hebron,Brenda Nicolo,R,1458,24.54%
Planning & Zoning Commission,Hebron,Chad Livernois,R,1286,21.65%
Planning & Zoning Commission Alternate,Hebron,Davis K Howell,D,1852,100.00%
Zoning Board of Appeals,Hebron,Catherine McSweeney,D,1669,28.62%
Zoning Board of Appeals,Hebron,Martin Halloran,R,1345,23.06%
Zoning Board of Appeals,Hebron,Jason Guidone,R,1398,23.97%
Zoning Board of Appeals,Hebron,Brian Tyler,R,1420,24.35%
Zoning Board of Appeals Alternate,Hebron,Adam R Thiele,D,1576,54.29%
Zoning Board of Appeals Alternate,Hebron,June Danaher,R,1327,45.71%
Regional Board of Education,Hebron,Rudy A Dellafiore Jr,D,1645,26.73%
Regional Board of Education,Hebron,Jessica Hall,D,1733,28.16%
Regional Board of Education,Hebron,Brandie O’Reilly,R,1364,22.16%
Regional Board of Education,Hebron,Lisa Taute,R,1413,22.96%
First Selectman,Kent,Eric Epstein,D,0,0.00%
Selectman,Kent,Lynn M Worthington,D,0,0.00%
Selectman,Kent,Lynn Harrington,R,0,0.00%
Selectman,Kent,"Edward L. Matson, III",PC,0,0.00%
Town Clerk,Kent,Darlene F. Brady,PC,0,0.00%
Tax Collector,Kent,Deborah Devaux,D,0,0.00%
Board of Finance,Kent,Glenn Sanchez,D,0,0.00%
Board of Finance,Kent,Nancy O'Dea Wyrick,R,0,0.00%
Board of Education,Kent,Heather Brand,D,0,0.00%
Board of Education,Kent,Anthony DiPentima,R,0,0.00%
Board of Education To Fill Vacancy for Two Years,Kent,Cinda Clark,D,0,0.00%
Board of Assessment Appeals,Kent,Gary Ford,D,0,0.00%
Board of Assessment Appeals,Kent,David Yewer,R,0,0.00%
Planning & Zoning Commission,Kent,Darrell Cherniske,D,0,0.00%
Planning & Zoning Commission,Kent,Karen Casey,R,0,0.00%
Planning & Zoning Commission,Kent,Donna Hayes,R,0,0.00%
Zoning Board of Appeals,Kent,Stephen Pener,D,0,0.00%
Zoning Board of Appeals,Kent,Justin Potter,D,0,0.00%
Zoning Board of Appeals,Kent,John A Johnson,D,0,0.00%
Zoning Board of Appeals,Kent,Nick Downes,R,0,0.00%
Zoning Board of Appeals,Kent,Mark Cowan,R,0,0.00%
Zoning Board of Appeals Alternate,Kent,Adam Manes,D,0,0.00%
Sewer Commission,Kent,Elissa Potts,D,0,0.00%
Sewer Commission,Kent,Catherine Mazza,D,0,0.00%
Sewer Commission,Kent,Carmel Karina O'Meara,R,0,0.00%
Board of Education Full Term,Killingly,Misty Murdock,D,0,0.00%
Board of Education Full Term,Killingly,Nelson King,D,0,0.00%
Board of Education Full Term,Killingly,Susan Lannon,D,0,0.00%
Board of Education Full Term,Killingly,Kyle Napierata,R,0,0.00%
Board of Education Full Term,Killingly,Stephen Schroth,R,0,0.00%
Board of Education Full Term,Killingly,Kelly Martin,R,0,0.00%
Board of Education To Fill Vacancy for Two Years,Killingly,Kyle Provencher,D,0,0.00%
Board of Education To Fill Vacancy for Two Years,Killingly,Diane T. Summa,R,0,0.00%
Board of Assessment Appeals,Killingly,Nancy Grandelski,D,0,0.00%
Board of Assessment Appeals,Killingly,Kevin Gaudreau,R,0,0.00%
Council At Large,Killingly,James S. Rivers,D,0,0.00%
Council At Large,Killingly,John R. LaBelle,D,0,0.00%
Council At Large,Killingly,David A. Griffiths,D,0,0.00%
Council At Large,Killingly,Peter Kostaras,D,0,0.00%
Council At Large,Killingly,Brian R. Briere,R,0,0.00%
Council At Large,Killingly,Jason W. Anderson,R,0,0.00%
Council At Large,Killingly,Michelle Murphy,R,0,0.00%
Council At Large,Killingly,Jonathan D. Cesolini,R,0,0.00%
Council At Large,Killingly,Tammy Wakefield,WI,0,0.00%
First Selectman,Killingworth,Eric Couture,D,0,0.00%
First Selectman,Killingworth,John A. Samperi,R,0,0.00%
Selectman,Killingworth,Joel D'Angelo,D,0,0.00%
Selectman,Killingworth,Eric Nunes,R,0,0.00%
Selectman,Killingworth,Nancy M. Gorski,R,0,0.00%
Town Clerk,Killingworth,Dawn Rees Mooney,D,0,0.00%
Town Clerk,Killingworth,Dawn Rees Mooney,R,0,0.00%
Town Treasurer,Killingworth,Donna C. Dupuis,D,0,0.00%
Town Treasurer,Killingworth,Donna C. Dupuis,R,0,0.00%
Board of Finance,Killingworth,Annie K. Stirna,D,0,0.00%
Board of Finance,Killingworth,Steve Reeps,D,0,0.00%
Board of Finance,Killingworth,John Mancini,R,0,0.00%
Board of Finance,Killingworth,Walter J. Adametz Jr.,R,0,0.00%
Board of Assessment Appeals,Killingworth,Matthew T. Stillman,D,0,0.00%
Board of Assessment Appeals,Killingworth,Todd Blewett,R,0,0.00%
Planning and Zoning Commission,Killingworth,Lisa D'Angelo,D,0,0.00%
Planning and Zoning Commission,Killingworth,Geoff Cook,D,0,0.00%
Planning and Zoning Commission,Killingworth,Richard R. Pleines II,R,0,0.00%
Planning and Zoning Commission,Killingworth,Jonathan Norton,R,0,0.00%
Planning and Zoning Commission Alternate,Killingworth,Stephanie Warren,D,0,0.00%
Zoning Board of Appeals,Killingworth,William Joyce,D,0,0.00%
Zoning Board of Appeals Alternate,Killingworth,Cinny MacGonagle,D,0,0.00%
Fire Commissioner,Killingworth,Michael Reimers,D,0,0.00%
Fire Commissioner,Killingworth,Don Offner,R,0,0.00%
Regional Board of Education,Killingworth,Lisa Connelly,D,0,0.00%
Regional Board of Education,Killingworth,Tara Amatrudo,D,0,0.00%
Regional Board of Education,Killingworth,Matthew S. Nunzianto,R,0,0.00%
Regional Board of Education To Fill Vacancy for Two Years,Killingworth,Ben Sodergren,D,0,0.00%
Regional Board of Education To Fill Vacancy for Two Years,Killingworth,Aubrey Gonzalez,R,0,0.00%
First Selectman,Lebanon,Kathleen Smith,D,0,0.00%
Selectman,Lebanon,Kevin Cwikla,D,0,0.00%
Selectman,Lebanon,Harold Nelson,R,0,0.00%
Town Treasurer,Lebanon,Andrew Vining,D,0,0.00%
Town Treasurer,Lebanon,Scott H. McCall,R,0,0.00%
Board of Finance Full Term,Lebanon,Gisele Russo,D,0,0.00%
Board of Finance Full Term,Lebanon,Brian Stewart,D,0,0.00%
Board of Finance Full Term,Lebanon,Mike Ninteau,R,0,0.00%
Board of Finance To Fill Vacancy for Four Years,Lebanon,Liz Charron,D,0,0.00%
Board of Finance To Fill Vacancy for Four Years,Lebanon,John Noblet,R,0,0.00%
Board of Finance Alternate Full Term,Lebanon,Chris Watkins,D,0,0.00%
Board of Finance Alternate Full Term,Lebanon,Emily Swiatek,R,0,0.00%
Board of Finance Alternate To Fill Vacancy for Two Years,Lebanon,Lauren Murphy,D,0,0.00%
Board of Education Full Term,Lebanon,Allie Lang,D,0,0.00%
Board of Education Full Term,Lebanon,Carrie Bender Schwartz,D,0,0.00%
Board of Education Full Term,Lebanon,Dawn Whitcher,D,0,0.00%
Board of Education Full Term,Lebanon,Bruce Calef,R,0,0.00%
Board of Education Full Term,Lebanon,Karl Weinsteiger,R,0,0.00%
Board of Education To Fill Vacancy for Four Years,Lebanon,Elizabeth Sullivan,D,0,0.00%
Board of Education To Fill Vacancy for Four Years,Lebanon,"Chris Darrow, Sr.",R,0,0.00%
Board of Education To Fill Vacancy for Two Years,Lebanon,Brian Green,D,0,0.00%
Board of Education To Fill Vacancy for Two Years,Lebanon,John P. Okonuk,R,0,0.00%
Board of Assessment Appeals,Lebanon,Phil Ziel,D,0,0.00%
Board of Assessment Appeals,Lebanon,Kimberly Meanix Miller,D,0,0.00%
Board of Assessment Appeals,Lebanon,Bruce Calef,R,0,0.00%
Planning & Zoning Commission,Lebanon,Thomas Benoit,D,0,0.00%
Planning & Zoning Commission,Lebanon,Robin Chesmer,D,0,0.00%
Planning & Zoning Commission,Lebanon,Todd Plourde,R,0,0.00%
Planning & Zoning Commission Alternate,Lebanon,Kimberly Meanix Miller,D,0,0.00%
Planning & Zoning Commission Alternate,Lebanon,Ethan Stearns,R,0,0.00%
Zoning Board of Appeals,Lebanon,Donna Skaats,D,0,0.00%
Zoning Board of Appeals Alternate,Lebanon,Diane Busey,D,0,0.00%
Zoning Board of Appeals Alternate,Lebanon,Edward W. Tytor,R,0,0.00%
Library Board of Trustees,Lebanon,Karen Ziel,D,0,0.00%
Library Board of Trustees,Lebanon,Janice Knudsen,D,0,0.00%
Library Board of Trustees,Lebanon,Caitlin Jamrock,D,0,0.00%
Library Board of Trustees,Lebanon,Sherry Masterson,R,0,0.00%
Library Board of Trustees,Lebanon,Michelle Kersey,R,0,0.00%
Town Council,Ledyard,James C. Thompson,D,0,0.00%
Town Council,Ledyard,Carmen N. Garcia-Irizarry,D,0,0.00%
Town Council,Ledyard,Adrienne Parad,D,0,0.00%
Town Council,Ledyard,Jessica Buhle,D,0,0.00%
Town Council,Ledyard,April Brunelle,D,0,0.00%
Town Council,Ledyard,Gary A. St. Vil,D,0,0.00%
Town Council,Ledyard,Caitlyn Greco,R,0,0.00%
Town Council,Ledyard,William Barnes,R,0,0.00%
Town Council,Ledyard,Gary R. McKeon,R,0,0.00%
Town Council,Ledyard,Whit Irwin,R,0,0.00%
Town Council,Ledyard,Tim Ryan,R,0,0.00%
Town Council,Ledyard,Ty Lamb,R,0,0.00%
Board of Education,Ledyard,Kia Baird,D,0,0.00%
Board of Education,Ledyard,Jenn Reguin,D,0,0.00%
Board of Education,Ledyard,Felix Vajdos,D,0,0.00%
Board of Education,Ledyard,Mary E. Harris,D,0,0.00%
Board of Education,Ledyard,Alex Fritsch,D,0,0.00%
Board of Education,Ledyard,Amanda Veneziano,D,0,0.00%
Board of Education,Ledyard,Brandon Graber,R,0,0.00%
Board of Education,Ledyard,Alan Burton,R,0,0.00%
Board of Education,Ledyard,Anthony Favry,R,0,0.00%
Board of Education,Ledyard,Chase Dore,R,0,0.00%
Board of Education,Ledyard,Stephen A. Munger,R,0,0.00%
Board of Education,Ledyard,Kimberly Mansfield,R,0,0.00%
Board of Education,Ledyard,Joanne Kelley,WI,0,0.00%
First Selectman,Lisbon,Thomas Sparkman,R,0,0.00%
Selectman,Lisbon,William Surfus,D,0,0.00%
Selectman,Lisbon,Robert Browne,R,0,0.00%
Town Clerk,Lisbon,Michelle Grant,R,0,0.00%
Town Treasurer,Lisbon,Chris Maynard,D,0,0.00%
Tax Collector,Lisbon,Kenneth Bomba,R,0,0.00%
Board of Finance Full Term Six Year Term,Lisbon,Wayne A Donaldson,D,0,0.00%
Board of Finance Alternate Full Term,Lisbon,Wayne A Donaldson,D,0,0.00%
Board of Finance Alternate To Fill Vacancy for Four Years,Lisbon,Jonathan Maynard,D,0,0.00%
Board of Finance Alternate To Fill Vacancy for Two Years,Lisbon,Wayne A Donaldon,D,0,0.00%
Board of Education,Lisbon,Jenny Danburg,D,0,0.00%
Board of Education,Lisbon,Judith Jencks,D,0,0.00%
Board of Education,Lisbon,Laura Sweet,WI,0,0.00%
Board of Assessment Appeals,Lisbon,Kim Lang,R,0,0.00%
Planning & Zoning Commission,Lisbon,Cheryl Blanchard,D,0,0.00%
Planning & Zoning Commission,Lisbon,Kim Sperry,D,0,0.00%
Planning & Zoning Commission,Lisbon,Trevor Danburg,D,0,0.00%
Planning & Zoning Commission,Lisbon,Robert D Adams,R,0,0.00%
Planning & Zoning Commission,Lisbon,Veronica Lutzen,R,0,0.00%
Planning & Zoning Commission Alternates,Lisbon,Laura Sweet,D,0,0.00%
Planning & Zoning Commission Alternates,Lisbon,Nathanial Beardsworth,R,0,0.00%
Zoning Board of Appeals,Lisbon,Robert Jencks,R,0,0.00%
Zoning Board of Appeals Alternate,Lisbon,Jenny Danburg,D,0,0.00%
Zoning Board of Appeals Alternate,Lisbon,James Contino II,R,0,0.00%
Constables,Lisbon,Trevor Danburg,D,0,0.00%
Constables,Lisbon,Jason Lebel,D,0,0.00%
Constables,Lisbon,Steve Beck,D,0,0.00%
Constables,Lisbon,Ben Hull,R,0,0.00%
Constables,Lisbon,Robert LaChapelle,R,0,0.00%
Constables,Lisbon,Michael Lutzen,R,0,0.00%
First Selectman,Litchfield,Denise L. Raap,D,0,0.00%
First Selectman,Litchfield,William A. Zampaglione,R,0,0.00%
Selectman,Litchfield,Jeffrey J. Zullo,D,0,0.00%
Selectman,Litchfield,Jodiann Tenney,D,0,0.00%
Selectman,Litchfield,John P. Bongiorno,R,0,0.00%
Selectman,Litchfield,Daniel C. Morosani,R,0,0.00%
Town Clerk,Litchfield,Lisa A. Losee,R,0,0.00%
Town Treasurer,Litchfield,Erich Marriott,D,0,0.00%
Town Treasurer,Litchfield,Alan Landau,R,0,0.00%
Tax Collector,Litchfield,Helen Ruwet Bunnell,R,0,0.00%
Board of Finance Full Term,Litchfield,John L. Keilty,D,0,0.00%
Board of Finance Full Term,Litchfield,Jennine Lupo,D,0,0.00%
Board of Finance Full Term,Litchfield,Barbara Tingley,R,0,0.00%
Board of Finance Full Term,Litchfield,Matt Tobin,R,0,0.00%
Board of Finance To Fill Vacancy for Two Years,Litchfield,Stephan Krucker,R,0,0.00%
Board of Finance Alternate,Litchfield,Patrick Allers,D,0,0.00%
Board of Finance Alternate,Litchfield,Mike Bruni,R,0,0.00%
Board of Finance Alternate,Litchfield,Kristopher Wright,R,0,0.00%
Board of Assessment Appeals,Litchfield,Gayle Carr,D,0,0.00%
Board of Assessment Appeals,Litchfield,Jesse Nivolo,R,0,0.00%
Planning & Zoning Commission,Litchfield,Robert Lupo,D,0,0.00%
Planning & Zoning Commission,Litchfield,Nerice Gerena,D,0,0.00%
Planning & Zoning Commission,Litchfield,Zack Miller-Murray,D,0,0.00%
Planning & Zoning Commission,Litchfield,Peter R. Dauten Jr.,R,0,0.00%
Planning & Zoning Commission,Litchfield,Georgia Fuessenich,R,0,0.00%
Planning & Zoning Commission,Litchfield,Coleby Bunnell,R,0,0.00%
Planning & Zoning Commission Alternates,Litchfield,Stephen Healy,D,0,0.00%
Planning & Zoning Commission Alternates,Litchfield,Roland F. Greenwood Jr.,R,0,0.00%
Planning & Zoning Commission Alternates,Litchfield,Denise Correia,R,0,0.00%
First Selectman,Lyme,Thomas St. Louis,R,0,0.00%
First Selectman,Lyme,Christine Erica Zelek,PC,0,0.00%
Selectman,Lyme,John Kiker,D,0,0.00%
Selectman,Lyme,Mary Powell-St. Louis,R,0,0.00%
Selectman,Lyme,Kristina Birgitta White,PC,0,0.00%
Board of Finance,Lyme,Jim Miller,D,0,0.00%
Board of Finance,Lyme,Mitchell Etess,R,0,0.00%
Board of Finance Alternate Full Term,Lyme,Corey Lomas,R,0,0.00%
Board of Finance Alternate To Fill Vacancy for Two Years,Lyme,Walter Burhans,D,0,0.00%
Board of Assessment Appeals,Lyme,"Harry Broom, Jr.",R,0,0.00%
Planning & Zoning Commission,Lyme,Carol House,D,0,0.00%
Planning & Zoning Commission,Lyme,Jennifer Tiffany,R,0,0.00%
Planning & Zoning Commission Alternate,Lyme,Steven Deveaux,R,0,0.00%
Zoning Board of Appeals,Lyme,Toni Phillips,D,0,0.00%
Zoning Board of Appeals,Lyme,Stephen Buccheri,R,0,0.00%
Zoning Board of Appeals Alternate,Lyme,Adam Brevoort,D,0,0.00%
Zoning Board of Appeals Alternate,Lyme,Isaiah Griffith,R,0,0.00%
Library Directors,Lyme,Susan Leon,D,0,0.00%
Library Directors,Lyme,Joan Motyka,D,0,0.00%
Library Directors,Lyme,Lori Caine,R,0,0.00%
Regional Board of Education,Lyme,Anna B. James,D,0,0.00%
Regional Board of Education,Lyme,Lannie Mossberg,R,0,0.00%
Judge of Probate District 34 To Fill Vacancy,Madison,Seth Klaskin,D,0,0.00%
Judge of Probate District 34 To Fill Vacancy,Madison,Thomas A. Virgulto,R,0,0.00%
Board of Finance,Madison,Bob Reinhardt,D,0,0.00%
Board of Finance,Madison,Jude Hession,D,0,0.00%
Board of Finance,Madison,Happy Marino,R,0,0.00%
Board of Finance,Madison,Charlie Lehberger,R,0,0.00%
Board of Finance,Madison,John Muller,R,0,0.00%
Board of Education - Not More than Three from One Party,Madison,Maureen Lewis,D,0,0.00%
Board of Education - Not More than Three from One Party,Madison,Emily Rosenthal,D,0,0.00%
Board of Education - Not More than Three from One Party,Madison,Jessica Wilen,D,0,0.00%
Board of Education - Not More than Three from One Party,Madison,Tony Paolitto,R,0,0.00%
Board of Education - Not More than Three from One Party,Madison,Mary Ann Connelly,R,0,0.00%
Board of Education - Not More than Three from One Party,Madison,Lisa Deane,R,0,0.00%
Board of Assessment Appeals,Madison,Randy Ruotolo,D,0,0.00%
Zoning Board of Appeals,Madison,John Zaaijer,D,0,0.00%
Zoning Board of Appeals,Madison,Dylan Stella,D,0,0.00%
Zoning Board of Appeals,Madison,Richard Gilbert,R,0,0.00%
Zoning Board of Appeals Alternate,Madison,Kit Wilcox,D,0,0.00%
Mayor,Manchester,Jay Moran,D,0,0.00%
Mayor,Manchester,Zachary Reichelt,R,0,0.00%
Board of Directors,Manchester,Jerald Lentini,D,0,0.00%
Board of Directors,Manchester,Dennis Schain,D,0,0.00%
Board of Directors,Manchester,Sarah L. Jones,D,0,0.00%
Board of Directors,Manchester,Jessee Muñiz-Poland,D,0,0.00%
Board of Directors,Manchester,Pamela Floyd-Cranford,D,0,0.00%
Board of Directors,Manchester,Leslie Frey,R,0,0.00%
Board of Directors,Manchester,Robert Cormier,R,0,0.00%
Board of Directors,Manchester,Ed Boland,R,0,0.00%
Board of Directors,Manchester,David Willis,R,0,0.00%
Board of Directors,Manchester,Peter Conyers,R,0,0.00%
Town Clerk,Manchester,Maria W. Cruz,D,0,0.00%
Select Board,Manchester,MD Rahman,D,0,0.00%
Select Board,Manchester,Kevin Zingler,D,0,0.00%
Select Board,Manchester,Mark Tweedie,R,0,0.00%
Select Board,Manchester,Kris Moulard,R,0,0.00%
Constable,Manchester,Warren Packer,D,0,0.00%
Constable,Manchester,Colin O'Neill,D,0,0.00%
Constable,Manchester,Harun Ahmed,D,0,0.00%
Constable,Manchester,Ed Slegeski,D,0,0.00%
Constable,Manchester,Dean Kies,R,0,0.00%
Constable,Manchester,David Seymour,R,0,0.00%
Constable,Manchester,Kevin Hood,R,0,0.00%
Constable,Manchester,Salvatore Mancini,R,0,0.00%
Board of Education Full Three Year          Term Begins 2025,Manchester,Chris Pattacini,D,0,0.00%
Board of Education Full Three Year          Term Begins 2025,Manchester,Tracy R. Patterson,D,0,0.00%
Board of Education Full Three Year          Term Begins 2025,Manchester,Angela Tuers,R,0,0.00%
Board of Education Full Three Year          Term Begins 2025,Manchester,Michael Orsene,R,0,0.00%
Board of Education Full Three Year Term Begins 2026,Manchester,Kwasi Ntem-Mensah,D,0,0.00%
Board of Education Full Three Year Term Begins 2026,Manchester,Alexandra Lamb,D,0,0.00%
Board of Education Full Three Year Term Begins 2026,Manchester,Robert Spada,R,0,0.00%
Board of Education Full Three Year Term Begins 2026,Manchester,Jerome Grant Jr.,R,0,0.00%
Board of Education To Fill Vacancy for One Year,Manchester,Robert Spada,R,0,0.00%
Town Council,Mansfield,Sarah Dufresne,D,0,0.00%
Town Council,Mansfield,Antonia Moran,D,0,0.00%
Town Council,Mansfield,Sam Bruder,D,0,0.00%
Town Council,Mansfield,Ben Shaiken,D,0,0.00%
Town Council,Mansfield,Carlita Cotton,D,0,0.00%
Town Council,Mansfield,Lizzie Mullen,D,0,0.00%
Town Council,Mansfield,Chris Kueffner,R,0,0.00%
Town Council,Mansfield,Charles J Ausburger,R,0,0.00%
Town Council,Mansfield,Gail A Zaicek,R,0,0.00%
Town Council,Mansfield,Aaron Bowman,R,0,0.00%
Town Council,Mansfield,"William ""Bill"" Tomecko",R,0,0.00%
Town Council,Mansfield,Brian Q Coleman,PC,0,0.00%
Board of Education Full Term,Mansfield,Haley Gross de Jimenez,D,0,0.00%
Board of Education Full Term,Mansfield,Kristin Dilaj,D,0,0.00%
Board of Education Full Term,Mansfield,Gregory M Cecil,R,0,0.00%
Board of Education To Fill Vacancy for Four Years,Mansfield,"John Fratiello, Jr.",D,0,0.00%
Board of Assessment Appeals,Mansfield,Barbara Vaughan,D,0,0.00%
Board of Assessment Appeals,Mansfield,Shannon Hirsch Sion,D,0,0.00%
Board of Assessment Appeals,Mansfield,Doryann Plante,R,0,0.00%
Planning and Zoning Commission,Mansfield,Kenneth Rawn,D,0,0.00%
Planning and Zoning Commission,Mansfield,Zachary Anglin,D,0,0.00%
Planning and Zoning Commission,Mansfield,Vera Stearns Ward,R,0,0.00%
Planning and Zoning Commission Alternate,Mansfield,Joshua Walters,D,0,0.00%
Planning and Zoning Commission Alternate,Mansfield,Alexander Marcellino,D,0,0.00%
Planning and Zoning Commission Alternate,Mansfield,Robert M Zaicek,R,0,0.00%
Zoning Board of Appeals,Mansfield,Darwin A Jurado,D,0,0.00%
Zoning Board of Appeals,Mansfield,Max Gigle,D,0,0.00%
Zoning Board of Appeals,Mansfield,Robert S Stearns,R,0,0.00%
Zoning Board of Appeals Alternate,Mansfield,Stephen Martin,D,0,0.00%
Zoning Board of Appeals Alternate,Mansfield,Warren Murphy,D,0,0.00%
Zoning Board of Appeals Alternate,Mansfield,Deborah S Paulson,R,0,0.00%
Regional Board of Education,Mansfield,Greg Miller,D,0,0.00%
Regional Board of Education,Mansfield,Kathleen Tonry,D,0,0.00%
Selectmen,Marlborough,Susan R. McFarland,D,1081,37.70%
Selectmen,Marlborough,Anthony M. Bratz,D,1025,35.75%
Selectmen,Marlborough,Robert J. Fraulino Sr.,R,761,26.54%
Board of Finance,Marlborough,Ken A. Hjulstrom,R,854,46.82%
Board of Finance,Marlborough,Michael Nastri,R,970,53.18%
Board of Finance Alternate,Marlborough,Travis Michaud,D,1002,36.00%
Board of Finance Alternate,Marlborough,Joseph E. Sheridan,D,997,35.82%
Board of Finance Alternate,Marlborough,Michael J. Concodello,R,784,28.17%
Board of Education,Marlborough,Linda G. Earley,D,1002,22.41%
Board of Education,Marlborough,"William ""Bill"" D. Guzman",D,986,22.05%
Board of Education,Marlborough,"Raymond ""Chip"" Morris",D,984,22.01%
Board of Education,Marlborough,Susan M. Pedrick,R,730,16.33%
Board of Education,Marlborough,Louise L. Concodello,R,769,17.20%
Board of Assessment Appeals,Marlborough,Emily P. Collins,D,1047,40.10%
Board of Assessment Appeals,Marlborough,David Morganson,R,797,30.52%
Board of Assessment Appeals,Marlborough,Susan M. Pedrick,R,767,29.38%
Planning Commission,Marlborough,Beth Lander Morris,D,1089,36.30%
Planning Commission,Marlborough,Peggy A. Golfin,D,1056,35.20%
Planning Commission,Marlborough,Subby S. Magro,R,855,28.50%
Planning Commission Alternates,Marlborough,Jason A. Cooper,D,1027,39.90%
Planning Commission Alternates,Marlborough,Zina D. Planeta,R,783,30.42%
Planning Commission Alternates,Marlborough,Mark J. Paul,R,764,29.68%
Zoning Commission,Marlborough,Erik Stomberg,D,1066,31.50%
Zoning Commission,Marlborough,Salvatore V. Sena Jr.,R,765,22.61%
Zoning Commission,Marlborough,Christopher Wherry,R,755,22.31%
Zoning Commission,Marlborough,Eric Colantonio,R,798,23.58%
Zoning Commission Alternates,Marlborough,Justin Bransfield,D,1000,35.71%
Zoning Commission Alternates,Marlborough,John H. Grasso,D,1055,37.68%
Zoning Commission Alternates,Marlborough,John F. Planeta,R,745,26.61%
Zoning Board of Appeals,Marlborough,Matthew E. Wilson,D,1047,29.45%
Zoning Board of Appeals,Marlborough,Elizabeth Bransfield,D,1039,29.23%
Zoning Board of Appeals,Marlborough,Zina D. Planeta,R,732,20.59%
Zoning Board of Appeals,Marlborough,Patrick A. Pabouet,R,737,20.73%
Zoning Board of Appeals Alternates,Marlborough,Robert J. Larson,D,1068,54.21%
Zoning Board of Appeals Alternates,Marlborough,Donna M. Mosher,R,902,45.79%
Regional Board of Education,Marlborough,Pamela A. Farrington,D,1108,56.85%
Regional Board of Education,Marlborough,Carey A. Fraulino,R,841,43.15%
Mayor,Meriden,Kevin Scarpati,D,0,0.00%
Councilman Area 1,Meriden,Yvette Cortez,D,0,0.00%
Councilman Area 1,Meriden,Latisha Martinez,R,0,0.00%
Councilman Area 1,Meriden,Yvette Cortez,WF,0,0.00%
Councilman Area 1,Meriden,Yvette Cortez,IND,0,0.00%
Councilman Area 1,Meriden,Latisha Martinez,WE,0,0.00%
Councilman Area 2,Meriden,Diadette Hernandez,D,0,0.00%
Councilman Area 2,Meriden,Steven Cardillo,R,0,0.00%
Councilman Area 2,Meriden,Diadette Hernandez,WF,0,0.00%
Councilman Area 2,Meriden,Steven Cardillo,WE,0,0.00%
Councilman Area 3,Meriden,John Hauselt,D,0,0.00%
Councilman Area 3,Meriden,Dan Brunet,R,0,0.00%
Councilman Area 3,Meriden,John Hauselt,WF,0,0.00%
Councilman Area 3,Meriden,Dan Brunet,WE,0,0.00%
Councilman Area 4,Meriden,Sarah Taylor,D,0,0.00%
Councilman Area 4,Meriden,Bob Williams Jr.,R,0,0.00%
Councilman Area 4,Meriden,Sarah Taylor,WF,0,0.00%
Councilman Area 4,Meriden,Bob Williams Jr.,WE,0,0.00%
Councilman At Large,Meriden,Larue A. Graham,D,0,0.00%
Councilman At Large,Meriden,Bruce A. Fontanella,D,0,0.00%
Councilman At Large,Meriden,Chris Cioffi,R,0,0.00%
Councilman At Large,Meriden,Ray Ouellet,R,0,0.00%
Councilman At Large,Meriden,Larue A. Graham,WF,0,0.00%
Councilman At Large,Meriden,Bruce A. Fontanella,WF,0,0.00%
Councilman At Large,Meriden,Chris Cioffi,WE,0,0.00%
Councilman At Large,Meriden,Ray Ouellet,WE,0,0.00%
Board of Education,Meriden,Stephany Morales-Valentin,D,0,0.00%
Board of Education,Meriden,Ayra Garcia,D,0,0.00%
Board of Education,Meriden,Steven O'Donnell,D,0,0.00%
Board of Education,Meriden,Sheri Amechi,D,0,0.00%
Board of Education,Meriden,Migdalia Alicea,D,0,0.00%
Board of Education,Meriden,Siobhan Maloney Bazinet,R,0,0.00%
Board of Education,Meriden,Allan Pronovost,R,0,0.00%
Board of Education,Meriden,Matthew Ehmka,R,0,0.00%
Board of Education,Meriden,Kim Carbone Pandiani,R,0,0.00%
Board of Education,Meriden,Stephany Morales-Valentin,WF,0,0.00%
Board of Education,Meriden,Ayra Garcia,WF,0,0.00%
Board of Education,Meriden,Steven O'Donnell,WF,0,0.00%
Board of Education,Meriden,Sheri Amechi,WF,0,0.00%
Board of Education,Meriden,Migdalia Alicea,WF,0,0.00%
Board of Education,Meriden,Siobhan Maloney Bazinet,IND,0,0.00%
Board of Education,Meriden,Allan Pronovost,IND,0,0.00%
Board of Education,Meriden,Matthew Ehmka,IND,0,0.00%
Board of Education,Meriden,Kim Carbone Pandiani,IND,0,0.00%
Board of Education,Meriden,Siobhan Maloney Bazinet,WE,0,0.00%
Board of Education,Meriden,Allan Pronovost,WE,0,0.00%
Board of Education,Meriden,Matthew Ehmka,WE,0,0.00%
Board of Education,Meriden,Kim Carbone Pandiani,WE,0,0.00%
First Selectman,Middlebury,Michael J. McCormack,D,0,0.00%
First Selectman,Middlebury,"Vincent F. Cipriano, Jr.",R,0,0.00%
First Selectman,Middlebury,Jennifer A. Mahr,PC,0,0.00%
Town Clerk,Middlebury,Brigitte M. Bessette,D,0,0.00%
Town Clerk,Middlebury,Brigitte M. Bessette,R,0,0.00%
Town Treasurer,Middlebury,Ralph J. Barra,D,0,0.00%
Town Treasurer,Middlebury,Janine R. Bowler,R,0,0.00%
Board of Finance Full Term,Middlebury,"Charles ""Casey"" Larkin, IV",D,0,0.00%
Board of Finance Full Term,Middlebury,Donald Andrews,D,0,0.00%
Board of Finance Full Term,Middlebury,Edward B. St. John,R,0,0.00%
Board of Finance To Fill Vacancy for Four Years,Middlebury,Michael J. McCormack,D,0,0.00%
Board of Assessment Appeals,Middlebury,Brendan Browne,R,0,0.00%
Police Commissioners,Middlebury,David Erwin,D,0,0.00%
Police Commissioners,Middlebury,Ralph J. Barra,D,0,0.00%
Police Commissioners,Middlebury,Joshua Hubbard,D,0,0.00%
Police Commissioners,Middlebury,Thomas C. King,R,0,0.00%
Police Commissioners,Middlebury,George Moreira,R,0,0.00%
Police Commissioners,Middlebury,Paul Bowler,R,0,0.00%
Water Pollution Control Authority,Middlebury,Mark Petrucci,D,0,0.00%
Water Pollution Control Authority,Middlebury,"Charles ""Casey"" Larkin, IV",D,0,0.00%
Water Pollution Control Authority,Middlebury,Antonio Mancini,R,0,0.00%
Library Trustees,Middlebury,Janice Joseph,D,0,0.00%
Library Trustees,Middlebury,Janice Paul,D,0,0.00%
Library Trustees,Middlebury,Mary C. Veillette,R,0,0.00%
Library Trustees,Middlebury,Rita H. Smith,R,0,0.00%
Pomperaug Valley Water Authority Full Term,Middlebury,Michael Yantorno,D,0,0.00%
Pomperaug Valley Water Authority To Fill Vacancy for Two Years,Middlebury,Christian Yantorno,D,0,0.00%
Pomperaug Valley Water Authority To Fill Vacancy for Two Years,Middlebury,Christopher Gilbertie,R,0,0.00%
Regional Board of Education,Middlebury,Shannon Martin,D,0,0.00%
Regional Board of Education,Middlebury,Jonathan Woodhouse,D,0,0.00%
Regional Board of Education,Middlebury,Shannon Cavallo,R,0,0.00%
Regional Board of Education,Middlebury,John Jenusaitis,R,0,0.00%
First Selectman,Middlefield,Robert C Yamartino,R,876,100.00%
Selectman,Middlefield,Susan McNamara,D,525,45.81%
Selectman,Middlefield,Doug O'Rourke,R,621,54.19%
Town Clerk,Middlefield,Tonya Hogan,D,543,47.47%
Town Clerk,Middlefield,Tonya Hogan,R,601,52.53%
Tax Collector,Middlefield,Anne L Olszewski,D,841,100.00%
Town Treasurer,Middlefield,Kathleen M Kokoszka,R,827,100.00%
Board of Assessment Appeals,Middlefield,Barbara Nadeau,D,597,46.93%
Board of Assessment Appeals,Middlefield,Nancy Currlin,R,675,53.07%
Board of Finance,Middlefield,Patrick J Olszewski,D,602,21.98%
Board of Finance,Middlefield,Lee R Matterazzo,R,640,23.37%
Board of Finance,Middlefield,Jeanine Connelly,R,746,27.24%
Board of Finance,Middlefield,Carrie L Anderson,R,751,27.42%
Mayor,Middletown,Gene P Nocera,D,0,0.00%
Mayor,Middletown,Sebastian N. Giuliano,R,0,0.00%
Mayor,Middletown,Gene P. Nocera,WF,0,0.00%
Board of Education,Middletown,Dan Feener,D,0,0.00%
Board of Education,Middletown,Alex Cohen,D,0,0.00%
Board of Education,Middletown,Dean Krupa,D,0,0.00%
Board of Education,Middletown,Kelly Bee,D,0,0.00%
Board of Education,Middletown,Robin Goss,R,0,0.00%
Board of Education,Middletown,Chris Cardella,R,0,0.00%
Board of Education,Middletown,Kim Riordan,R,0,0.00%
Board of Education,Middletown,Adam Hayn,R,0,0.00%
Board of Education,Middletown,Elizabeth Anne Crooks,PC,0,0.00%
Planning & Zoning Commission,Middletown,Andrew Reagan,D,0,0.00%
Planning & Zoning Commission,Middletown,Daniel Long,D,0,0.00%
Planning & Zoning Commission,Middletown,Shanay Fulton,D,0,0.00%
Planning & Zoning Commission,Middletown,Vinny Szynkowicz,R,0,0.00%
Planning & Zoning Commission,Middletown,Tyler Eckstrom,R,0,0.00%
Planning & Zoning Commission,Middletown,Lucas A. J. Chaves,R,0,0.00%
Planning and Zoning Commission Alternate,Middletown,Kristin Souza,D,0,0.00%
Planning and Zoning Commission Alternate,Middletown,Konrad Lenart,R,0,0.00%
Mayor,Milford,Rich Smith,D,0,0.00%
Mayor,Milford,Tony Giannattasio,R,0,0.00%
Board of Alderman District 1,Milford,Christopher D. Hite,D,0,0.00%
Board of Alderman District 1,Milford,Stu Zolty,D,0,0.00%
Board of Alderman District 1,Milford,Andy Fowler,R,0,0.00%
Board of Alderman District 1,Milford,Win Smith,R,0,0.00%
Board of Alderman District 1,Milford,Walter W. Hagedorn,R,0,0.00%
Board of Alderman District 2,Milford,Toni Lombardi,D,0,0.00%
Board of Alderman District 2,Milford,Robert A. Pacelli Jr.,D,0,0.00%
Board of Alderman District 2,Milford,Kal M. Ali,R,0,0.00%
Board of Alderman District 2,Milford,Pasquale Civitella,R,0,0.00%
Board of Alderman District 3,Milford,Holly E. Mulrenan,D,0,0.00%
Board of Alderman District 3,Milford,Paul J. Healy,D,0,0.00%
Board of Alderman District 3,Milford,Michael S. Casey,R,0,0.00%
Board of Alderman District 4,Milford,Philip J. Vetro,D,0,0.00%
Board of Alderman District 4,Milford,Jennifer Federico,D,0,0.00%
Board of Alderman District 4,Milford,Win Smith Jr.,R,0,0.00%
Board of Alderman District 4,Milford,Katie Martino,R,0,0.00%
Board of Alderman District 5,Milford,Mike Smith,D,0,0.00%
Board of Alderman District 5,Milford,Alex Armstrong,D,0,0.00%
Board of Alderman District 5,Milford,Meghan Brennan,D,0,0.00%
Board of Alderman District 5,Milford,Ray Vitali,R,0,0.00%
Board of Alderman District 5,Milford,Bill Bevan,R,0,0.00%
City Clerk,Milford,"Peter ""Pete"" Smith",D,0,0.00%
Constables,Milford,Theodore O. Boynton III,D,0,0.00%
Constables,Milford,Linda J. Hardiman,D,0,0.00%
Constables,Milford,Dominic M. Cotton,D,0,0.00%
Constables,Milford,Michelle L. Cotton,D,0,0.00%
Constables,Milford,Jay Tranquilli,R,0,0.00%
Constables,Milford,Scott A. Marlow,R,0,0.00%
Constables,Milford,Steven T. Visconti,R,0,0.00%
Constables,Milford,Ralph Piselli,R,0,0.00%
Board of Education District 1,Milford,Nicole Wilhelm,D,0,0.00%
Board of Education District 1,Milford,Mary Claire Edmonds,D,0,0.00%
Board of Education District 1,Milford,Deborah C. Abel,R,0,0.00%
Board of Education District 1,Milford,Melissa Tranquilli,R,0,0.00%
Board of Education District 2,Milford,Meghan Doyle,D,0,0.00%
Board of Education District 2,Milford,Susan Glennon,D,0,0.00%
Board of Education District 2,Milford,Tracy Crutchfield,R,0,0.00%
Board of Education District 2,Milford,Kathy Mitas,R,0,0.00%
Board of Education District 3,Milford,Adam Scobie,D,0,0.00%
Board of Education District 3,Milford,Jennifer Brown,D,0,0.00%
Board of Education District 3,Milford,Renee C. Casey,R,0,0.00%
Board of Education District 4,Milford,Tom Koba,D,0,0.00%
Board of Education District 4,Milford,Cindy Wolfe Boynton,D,0,0.00%
Board of Education District 4,Milford,Frank Fanelli III,R,0,0.00%
Board of Education District 5,Milford,Hanna Tedros,D,0,0.00%
Board of Education District 5,Milford,Nicole Flowers,D,0,0.00%
Board of Education District 5,Milford,Suzanne DiBiase,R,0,0.00%
Board of Education District 5,Milford,Gerald Mirto,R,0,0.00%
Planning & Zoning Board District 1,Milford,Damon Ralph,D,0,0.00%
Planning & Zoning Board District 1,Milford,Scott Firmender,R,0,0.00%
Planning & Zoning Board District 2,Milford,John Mortimer,D,0,0.00%
Planning & Zoning Board District 2,Milford,Bob Tschilske,R,0,0.00%
Planning & Zoning Board District 3,Milford,Jim Quish,D,0,0.00%
Planning & Zoning Board District 3,Milford,Steve Visconti,R,0,0.00%
Planning & Zoning Board District 4,Milford,Brian E. Kaligian,D,0,0.00%
Planning & Zoning Board District 5,Milford,Bryan Neil Anderson,D,0,0.00%
Planning & Zoning Board District 5,Milford,Michael Ranilla,R,0,0.00%
First Selectman,Monroe,Leon Ambrosey,D,0,0.00%
First Selectman,Monroe,Terrence P. Rooney,R,0,0.00%
Town Council,Monroe,Jason Maur,D,0,0.00%
Town Council,Monroe,Janice Persico,D,0,0.00%
Town Council,Monroe,Cathy Kohut,D,0,0.00%
Town Council,Monroe,Nina Gagnon,D,0,0.00%
Town Council,Monroe,Benjamin Sabia,D,0,0.00%
Town Council,Monroe,Sean O'Rourke,R,0,0.00%
Town Council,Monroe,Enid Lipeles,R,0,0.00%
Town Council,Monroe,Vin Duva,R,0,0.00%
Town Council,Monroe,Kevin Reid,R,0,0.00%
Town Council,Monroe,Jonathan Formichella,R,0,0.00%
Town Council,Monroe,Dona-Lyn Wales,R,0,0.00%
Town Clerk,Monroe,Vida V. Stone,R,0,0.00%
Town Treasurer,Monroe,Frank Dutches,R,0,0.00%
Tax Collector,Monroe,Deborah Heim,R,0,0.00%
Board of Finance,Monroe,Samantha Spino,D,0,0.00%
Board of Finance,Monroe,Mark O'Donnell,R,0,0.00%
Board of Education,Monroe,Jerry Stevens,D,0,0.00%
Board of Education,Monroe,Dennis Condon,R,0,0.00%
Board of Education,Monroe,Sunny Gill,R,0,0.00%
Board of Education,Monroe,Jeff Fulchino,R,0,0.00%
Board of Education,Monroe,Christine Cascella,R,0,0.00%
Board of Education,Monroe,Marie A. Blake,PC,0,0.00%
Planning & Zoning Commission,Monroe,Michael O'Reilly,R,0,0.00%
Planning & Zoning Commission,Monroe,Robert Westlund,R,0,0.00%
Planning & Zoning Commission Alternates,Monroe,Domenic Paniccia,D,0,0.00%
Planning & Zoning Commission Alternates,Monroe,Nicole Lupo,R,0,0.00%
Planning & Zoning Commission Alternates,Monroe,"Dominic Smeraglino, III",R,0,0.00%
Constable,Monroe,Pat Tomchik,D,0,0.00%
Constable,Monroe,Victor Yanosy,R,0,0.00%
Town Council,Montville,Kate Southard,D,2073,9.47%
Town Council,Montville,Nick Sabilia,D,2075,9.48%
Town Council,Montville,Tim May,D,1978,9.04%
Town Council,Montville,Bill Barlow,D,1931,8.82%
Town Council,Montville,Billy Caron,D,2158,9.86%
Town Council,Montville,Joe Jaskiewicz,D,1974,9.02%
Town Council,Montville,Rachael L Novak,R,1742,7.96%
Town Council,Montville,Brian E Baker,R,1672,7.64%
Town Council,Montville,Alfred J Mandler,R,1558,7.12%
Town Council,Montville,Dillon L Troxell,R,1556,7.11%
Town Council,Montville,Frank P Miceli,R,1551,7.09%
Town Council,Montville,Thomas J McNally,R,1623,7.41%
"Board of Education, Not More Than Three From One Party",Montville,Timothy Shanahan,D,2001,18.13%
"Board of Education, Not More Than Three From One Party",Montville,Joe Socha,D,1872,16.96%
"Board of Education, Not More Than Three From One Party",Montville,Angela Sherbanee,D,1885,17.08%
"Board of Education, Not More Than Three From One Party",Montville,Wills M Pike,R,1760,15.94%
"Board of Education, Not More Than Three From One Party",Montville,Norman E Sylvia III,R,1663,15.07%
"Board of Education, Not More Than Three From One Party",Montville,Tina M Grove,R,1857,16.82%
Board of Assessment Appeals,Montville,Gary Murphy,D,2040,56.43%
Board of Assessment Appeals,Montville,Jonathan M Genesky,R,1575,43.57%
Zoning Board of Appeals Full Term,Montville,John MacNeil,D,1855,26.55%
Zoning Board of Appeals Full Term,Montville,Doug Adams,D,1842,26.36%
Zoning Board of Appeals Full Term,Montville,John M Plikus,R,1726,24.70%
Zoning Board of Appeals Full Term,Montville,Nicholas J Fort,R,1565,22.40%
Zoning Board of Appeals To Fill Vacancy for Two Years,Montville,Art Montorsi,D,2336,100.00%
First Selectman,Morris,Thomas W Weik,R,430,100.00%
Selectman,Morris,Laurey  Weiner,D,252,44.13%
Selectman,Morris,Denise K. Weik,R,319,55.87%
Town Clerk,Morris,Laura Halloran,D,404,67.79%
Town Clerk,Morris,Edisona Adili,R,192,32.21%
Board of Finance,Morris,Mark  T Johnson,R,401,49.57%
Board of Finance,Morris,Hunter D. Weik,R,408,50.43%
Board of Finance Alternate,Morris,Michael  Schwarzchild,D,238,44.07%
Board of Finance Alternate,Morris,Michael  J Gacek,R,302,55.93%
Board of Assessment Appeals,Morris,Maureen Doyle,D,280,49.38%
Board of Assessment Appeals,Morris,Eric F. Cook,R,287,50.62%
Planning & Zoning Commission,Morris,Veronica Florio,D,278,23.52%
Planning & Zoning Commission,Morris,Erika A Leone,D,293,24.79%
Planning & Zoning Commission,Morris,Noah Butler,R,325,27.50%
Planning & Zoning Commission,Morris,Marc E Petzold SR,R,286,24.20%
Planning & Zoning Commission Alternate,Morris,Barbara Bongiolatti,D,370,100.00%
Zoning Board of Appeals,Morris,Benjamin Paletsky,R,391,100.00%
Zoning Board of Appeals Alternate,Morris,Diane Arifian,D,353,100.00%
Library Directors,Morris,Maureen Fitzpatrick,D,403,44.14%
Library Directors,Morris,Beverly Huntley,D,256,28.04%
Library Directors,Morris,Beverly Huntley,R,254,27.82%
Mayor,Naugatuck,Pete Hess,D,3372,100.00%
Burgess,Naugatuck,Rocky Vitale,D,2437,10.85%
Burgess,Naugatuck,Jose Velazquez,D,1727,7.69%
Burgess,Naugatuck,Julie Rosenblatt,D,2339,10.41%
Burgess,Naugatuck,Charles P. Marenghi,D,2215,9.86%
Burgess,Naugatuck,Kimberly Gallo,D,2286,10.18%
Burgess,Naugatuck,Kaitlyn Kimball,D,1984,8.83%
Burgess,Naugatuck,Meghan Smith,R,1483,6.60%
Burgess,Naugatuck,Roger Drown,R,1533,6.82%
Burgess,Naugatuck,Michael Bronko,R,1767,7.87%
Burgess,Naugatuck,"Attila ""AJ"" Bordas",R,1219,5.43%
Burgess,Naugatuck,Robert Neth,R,1901,8.46%
Burgess,Naugatuck,Dorothy Neth-Kunin,R,1571,6.99%
Town Clerk,Naugatuck,Michelle Dowling,D,2415,58.00%
Town Clerk,Naugatuck,Michelle Dowling,R,1749,42.00%
Treasurer,Naugatuck,Anna Montalvo,D,1974,49.95%
Treasurer,Naugatuck,Adam Bronko,R,1978,50.05%
Tax Collector,Naugatuck,James J Goggin,D,3051,100.00%
Board of Education,Naugatuck,Michele Russell,D,2341,12.45%
Board of Education,Naugatuck,Ethel Grant,D,2091,11.12%
Board of Education,Naugatuck,Bob Mezzo,D,2572,13.68%
Board of Education,Naugatuck,James Scully,D,1918,10.20%
Board of Education,Naugatuck,Jeff Litke,D,2304,12.25%
Board of Education,Naugatuck,Cheryl Newland,R,1452,7.72%
Board of Education,Naugatuck,Anthony J Bonessi,R,1644,8.74%
Board of Education,Naugatuck,Marilyn O'Donnell,R,1489,7.92%
Board of Education,Naugatuck,Alicia Makowski,R,1562,8.31%
Board of Education,Naugatuck,Erika Clements,R,1432,7.61%
Planning Commission,Naugatuck,Francis Santana,D,2454,33.79%
Planning Commission,Naugatuck,Gary Hughes,D,2522,34.73%
Planning Commission,Naugatuck,Richard O'Donnell,R,2286,31.48%
Zoning Commission,Naugatuck,Lawrence Passeck,D,2463,35.43%
Zoning Commission,Naugatuck,Eileen Bronko,R,2291,32.96%
Zoning Commission,Naugatuck,Joseph Pascucci,R,2197,31.61%
Baliffs,Naugatuck,Michael Kuczenski,D,2108,15.98%
Baliffs,Naugatuck,Drew Cosenza,D,1875,14.21%
Baliffs,Naugatuck,Francis Santana,D,1997,15.14%
Baliffs,Naugatuck,Kristi Pistarelli,R,2007,15.21%
Baliffs,Naugatuck,Evabeth Kloc,R,1724,13.07%
Baliffs,Naugatuck,Steve Loban,R,1544,11.70%
Baliffs,Naugatuck,Daniel J Renzoni,R,1939,14.70%
Mayor,New Britain,"Robert ""Bobby"" Sanchez",D,0,0.00%
Mayor,New Britain,Sharon Beloin-Saavedra,R,0,0.00%
Mayor,New Britain,"Robert ""Bobby"" Sanchez",WF,0,0.00%
Mayor,New Britain,Tarsha Renee Moore,PC,0,0.00%
Mayor,New Britain,Alfred P. Mayo,PC,0,0.00%
Mayor,New Britain,Sebastian Pirola,WI,0,0.00%
Treasurer,New Britain,William J. Yanchak,D,0,0.00%
Treasurer,New Britain,Danny Salerno,R,0,0.00%
Alderperson Ward 1,New Britain,Jessica Vargas,D,0,0.00%
Alderperson Ward 1,New Britain,"Nathan ""Nate"" Simpson",D,0,0.00%
Alderperson Ward 1,New Britain,Dottie DiLernia,R,0,0.00%
Alderperson Ward 1,New Britain,Hector Roldan,R,0,0.00%
Alderperson Ward 1,New Britain,"Nathan ""Nate"" Simpson",WF,0,0.00%
Alderperson Ward 1,New Britain,Thomas A. Talalaj,PC,0,0.00%
Alderperson Ward 2,New Britain,Yadira Maldonado,D,0,0.00%
Alderperson Ward 2,New Britain,Wilma Barbosa,D,0,0.00%
Alderperson Ward 2,New Britain,Lauren Gonzalez,R,0,0.00%
Alderperson Ward 2,New Britain,Jerrell Hargraves,R,0,0.00%
Alderperson Ward 3,New Britain,Iris Noemi Sanchez,D,0,0.00%
Alderperson Ward 3,New Britain,Candyce Scott,D,0,0.00%
Alderperson Ward 3,New Britain,Jason Gibson,R,0,0.00%
Alderperson Ward 3,New Britain,Adrian Elliott,R,0,0.00%
Alderperson Ward 3,New Britain,Candyce Scott,WF,0,0.00%
Alderperson Ward 4,New Britain,Luz Ortiz-Luna,D,0,0.00%
Alderperson Ward 4,New Britain,John H. McNamara,D,0,0.00%
Alderperson Ward 4,New Britain,Norman Dorval,R,0,0.00%
Alderperson Ward 4,New Britain,Robert Smedley,R,0,0.00%
Alderperson Ward 5,New Britain,Roy Centeno,D,0,0.00%
Alderperson Ward 5,New Britain,Francisco Santiago,D,0,0.00%
Alderperson Ward 5,New Britain,Willie Pabon,R,0,0.00%
Alderperson Ward 5,New Britain,Matthew Malinowski,R,0,0.00%
Board of Education,New Britain,Hanna Nowakowski-Petrisko,D,0,0.00%
Board of Education,New Britain,Annie S. Parker,D,0,0.00%
Board of Education,New Britain,Diana Reyes,D,0,0.00%
Board of Education,New Britain,Barbara Marino,R,0,0.00%
Board of Education,New Britain,Tina Santana,R,0,0.00%
Board of Education,New Britain,"Anthony ""Tony"" Cane",R,0,0.00%
Board of Assessment Appeals,New Britain,Jessica Angelo-Julien,D,0,0.00%
Board of Assessment Appeals,New Britain,Bryan Sabin,D,0,0.00%
Board of Assessment Appeals,New Britain,Sheryl A. Mala,R,0,0.00%
Board of Assessment Appeals,New Britain,"Maria ""Jola"" Turczanik",R,0,0.00%
Constables,New Britain,Jose Rodriguez,D,0,0.00%
Constables,New Britain,Teresa Sapieha-Yanchak,D,0,0.00%
Constables,New Britain,Suzanne Bielinski,D,0,0.00%
Constables,New Britain,Chris Parker,D,0,0.00%
Constables,New Britain,Jamie B. Vaughan,R,0,0.00%
Constables,New Britain,Andrew Starczewski,R,0,0.00%
Constables,New Britain,Alan F. Zaniewski,R,0,0.00%
Constables,New Britain,Sean F. Steele,R,0,0.00%
First Selectman,New Canaan,Dionna Carlson,R,0,0.00%
Selectman,New Canaan,Amy Murphy Carroll,D,0,0.00%
Selectman,New Canaan,Steve Karl,R,0,0.00%
Town Clerk,New Canaan,Claudia A. Weber,R,0,0.00%
Town Treasurer,New Canaan,Andrew Brooks,R,0,0.00%
Board of Education,New Canaan,Kate Brambilla,D,0,0.00%
Board of Education,New Canaan,Erica Schwedel,D,0,0.00%
Board of Education,New Canaan,Joshua Kaye,D,0,0.00%
Board of Education,New Canaan,Hugo Alves,R,0,0.00%
Board of Education,New Canaan,Phil Hogan,R,0,0.00%
Board of Education,New Canaan,Julie Toal,R,0,0.00%
Board of Education,New Canaan,Giacomo Landi,WI,0,0.00%
Board of Assessment Appeals,New Canaan,John B. Matz,D,0,0.00%
Board of Assessment Appeals,New Canaan,Kevin McIntosh,R,0,0.00%
Board of Assessment Appeals,New Canaan,Tony Calanca,R,0,0.00%
Councilmen,New Canaan,Hilary Ormond,D,0,0.00%
Councilmen,New Canaan,Michael J Rodgers,D,0,0.00%
Councilmen,New Canaan,Lina Lee,D,0,0.00%
Councilmen,New Canaan,Heather Russell,D,0,0.00%
Councilmen,New Canaan,Arvind K. Bajaj,R,0,0.00%
Councilmen,New Canaan,Pavla Levin,R,0,0.00%
Councilmen,New Canaan,Scott Gress,R,0,0.00%
Councilmen,New Canaan,Penny Young,R,0,0.00%
Councilmen,New Canaan,Kimberly Norton,R,0,0.00%
Constables,New Canaan,Edward C. Vollmer,D,0,0.00%
Constables,New Canaan,Kristin Mitrakis,D,0,0.00%
Constables,New Canaan,Susan B. Edmands,D,0,0.00%
Constables,New Canaan,Jill Guzzetti,R,0,0.00%
Constables,New Canaan,Alberto Gonzalez,R,0,0.00%
Constables,New Canaan,Greg Pepe,R,0,0.00%
Constables,New Canaan,Bob Naughton,R,0,0.00%
First Selectman,New Fairfield,Pat Del Monaco,D,0,0.00%
First Selectman,New Fairfield,Melissa Lindsey,R,0,0.00%
Selectman,New Fairfield,Khris Hall,D,0,0.00%
Selectman,New Fairfield,Jon Russo,R,0,0.00%
Town Clerk,New Fairfield,Holly Z Smith,D,0,0.00%
Town Clerk,New Fairfield,Holly Z Smith,R,0,0.00%
Town Treasurer,New Fairfield,Terry R Friedman,D,0,0.00%
Town Treasurer,New Fairfield,Terry R Friedman,R,0,0.00%
Tax Collector,New Fairfield,Shareen Langdon,D,0,0.00%
Tax Collector,New Fairfield,Shareen Langdon,R,0,0.00%
Board of Finance Full Term,New Fairfield,Dewey Moy,D,0,0.00%
Board of Finance Full Term,New Fairfield,Jessica Sanchez,D,0,0.00%
Board of Finance Full Term,New Fairfield,John J Arizzi,R,0,0.00%
Board of Finance Full Term,New Fairfield,Monika Thiel,R,0,0.00%
Board of Finance To Fill Vacancy for Four Years,New Fairfield,Rick Regan,D,0,0.00%
Board of Finance Alternates,New Fairfield,Brendan Harris,D,0,0.00%
Board of Finance Alternates,New Fairfield,Zisan Kahya,D,0,0.00%
Board of Finance Alternates,New Fairfield,Tim Murphy,R,0,0.00%
Board of Finance Alternates,New Fairfield,Christine Garabo,R,0,0.00%
Board of Finance Alternates,New Fairfield,John M Apple,R,0,0.00%
Board of Education,New Fairfield,Dominic Cipollone,D,0,0.00%
Board of Education,New Fairfield,Keith Landa,D,0,0.00%
Board of Education,New Fairfield,Peggy Katkocin,D,0,0.00%
Board of Education,New Fairfield,Dominic Cipollone,R,0,0.00%
Board of Education,New Fairfield,Patrick Hearty,R,0,0.00%
Board of Education,New Fairfield,Greg E Flanagan,R,0,0.00%
Board of Education,New Fairfield,Amy Johnson,R,0,0.00%
Board of Assessment Appeals,New Fairfield,Tom Quigley,D,0,0.00%
Planning Commission Full Term,New Fairfield,David M Zeh,D,0,0.00%
Planning Commission Full Term,New Fairfield,Susan Blank,D,0,0.00%
Planning Commission Full Term,New Fairfield,Noel Mannion,D,0,0.00%
Planning Commission Full Term,New Fairfield,Noel Mannion,R,0,0.00%
Planning Commission Full Term,New Fairfield,Thomas Marino,R,0,0.00%
Planning Commission Full Term,New Fairfield,John Ewing III,R,0,0.00%
Planning Commission To Fill Vacancy for Two Years,New Fairfield,Jena Alviti,D,0,0.00%
Planning Commission To Fill Vacancy for Two Years,New Fairfield,Cynthia Ross-Zweig,R,0,0.00%
Planning Commission Alternates,New Fairfield,Tom Quigley,D,0,0.00%
Planning Commission Alternates,New Fairfield,Christina McCartney,D,0,0.00%
Planning Commission Alternates,New Fairfield,Richard M Maccarone Jr,R,0,0.00%
Planning Commission Alternates,New Fairfield,Timothy Bellavita,R,0,0.00%
Zoning Commission,New Fairfield,Jeff Alviti,D,0,0.00%
Zoning Commission,New Fairfield,Kevin Kuczma,D,0,0.00%
Zoning Commission,New Fairfield,Tomas Kavaliauskas,R,0,0.00%
Zoning Commission,New Fairfield,John T Moran,R,0,0.00%
Zoning Board of Appeals Full Term,New Fairfield,Robert M Rollmann,D,0,0.00%
Zoning Board of Appeals Full Term,New Fairfield,Keith Landa,D,0,0.00%
Zoning Board of Appeals Full Term,New Fairfield,John M Apple,R,0,0.00%
Zoning Board of Appeals Full Term,New Fairfield,Christine Garabo,R,0,0.00%
Zoning Board of Appeals Full Term,New Fairfield,Joe DePaul,R,0,0.00%
Library Directors,New Fairfield,Danette Onofrio,D,0,0.00%
Library Directors,New Fairfield,Anne Marie Manz,D,0,0.00%
Library Directors,New Fairfield,Roberta Preis Anderson,R,0,0.00%
First Selectman,New Hartford,Daniel V. Jerram,R,0,0.00%
Selectman,New Hartford,Mary Beth Greenwood,D,0,0.00%
Selectman,New Hartford,Alesia Kennerson,R,0,0.00%
Town Treasurer,New Hartford,Gordon Ross,R,0,0.00%
Board of Finance,New Hartford,Charles Neale,D,0,0.00%
Board of Finance,New Hartford,Kerry Guilfoyle,R,0,0.00%
Board of Finance Alternate,New Hartford,Steven Seltzer,D,0,0.00%
Board of Finance Alternate,New Hartford,Ryan Bingham,R,0,0.00%
Board of Finance Alternate,New Hartford,Alan Regner,R,0,0.00%
Board of Education,New Hartford,Erik Perotti,D,0,0.00%
Board of Education,New Hartford,Jon Puz,D,0,0.00%
Board of Education,New Hartford,Deirdre Tindall,R,0,0.00%
Board of Education,New Hartford,Penny Miller,R,0,0.00%
Board of Education,New Hartford,Thomas Buzzi,R,0,0.00%
Board of Education,New Hartford,Tim Klepps,R,0,0.00%
Board of Assessment Appeals,New Hartford,John Casey,D,0,0.00%
Board of Assessment Appeals,New Hartford,Noel Gauthier,R,0,0.00%
Planning & Zoning Commission Five Year Term Begins 2025,New Hartford,Daniel LaPlante,R,0,0.00%
Planning & Zoning Commission Five Year Term Begins 2026,New Hartford,Michael Misiorski,R,0,0.00%
Planning & Zoning Commission Alternate Five Year Term Begins 2025,New Hartford,John Burdick,D,0,0.00%
Planning & Zoning Commission Alternate Five Year Term Begins 2026,New Hartford,Karen Griswold-Nelson,D,0,0.00%
Planning & Zoning Commission Alternate Five Year Term Begins 2026,New Hartford,Denis Miller,R,0,0.00%
Zoning Board of Appeals Five Year Term Begins 2025,New Hartford,Arthur Jackman,R,0,0.00%
Zoning Board of Appeals Five Year Term Begins 2026,New Hartford,Keith Schaufler,R,0,0.00%
Zoning Board of Appeals Alternate Five Year Term Begins 2025,New Hartford,Steven Bedford,D,0,0.00%
Zoning Board of Appeals Alternate Five Year Term Begins 2026,New Hartford,Antonio Persechino,D,0,0.00%
Regional Board of Education,New Hartford,Robert Jerram,R,0,0.00%
Mayor,New Haven,Justin M. Elicker,D,0,0.00%
Mayor,New Haven,Steven Orosco,R,0,0.00%
Mayor,New Haven,Justin M. Elicker,WF,0,0.00%
Mayor,New Haven,Steven Orosco,IND,0,0.00%
Mayor,New Haven,Roger Uihlein,WI,0,0.00%
City Clerk,New Haven,Michael B. Smart,D,0,0.00%
City Clerk,New Haven,Deborah Reyes-Quinones,R,0,0.00%
City Clerk,New Haven,Michael B. Smart,WF,0,0.00%
Board of Alder Ward 1,New Haven,Elias Theodore,D,0,0.00%
Board of Alder Ward 2,New Haven,Francis E. Douglass Jr.,D,0,0.00%
Board of Alder Ward 3,New Haven,Angel M. Hubbard,D,0,0.00%
Board of Alder Ward 3,New Haven,Miguel Wright Pittman,R,0,0.00%
Board of Alder Ward 3,New Haven,Miguel Wright Pittman,IND,0,0.00%
Board of Alder Ward 4,New Haven,Evelyn Rodriguez,D,0,0.00%
Board of Alder Ward 5,New Haven,Kampton S. Singh,D,0,0.00%
Board of Alder Ward 6,New Haven,Carmen L. Rodriguez,D,0,0.00%
Board of Alder Ward 7,New Haven,Eli Sabin,D,0,0.00%
Board of Alder Ward 8,New Haven,Amanda Martinelli,D,0,0.00%
Board of Alder Ward 8,New Haven,Andrea Lynn Zola,R,0,0.00%
Board of Alder Ward 9,New Haven,Caroline T. Smith,D,0,0.00%
Board of Alder Ward 10,New Haven,Anna Marie Festa,D,0,0.00%
Board of Alder Ward 11,New Haven,Henry Rodney Murphy Sr.,D,0,0.00%
Board of Alder Ward 12,New Haven,Theresa L. Morant,D,0,0.00%
Board of Alder Ward 12,New Haven,"Robert J. Vitello, Sr.",R,0,0.00%
Board of Alder Ward 12,New Haven,"Robert J. Vitello, Sr.",IND,0,0.00%
Board of Alder Ward 13,New Haven,Mildred Melendez,D,0,0.00%
Board of Alder Ward 13,New Haven,Luis A. Jimenez Sr.,IND,0,0.00%
Board of Alder Ward 13,New Haven,Paul A. Garlinghouse,G,0,0.00%
Board of Alder Ward 14,New Haven,Sarah A. Miller,D,0,0.00%
Board of Alder Ward 15,New Haven,Frank Ralph Redente Jr.,D,0,0.00%
Board of Alder Ward 16,New Haven,Magda A. Natal,D,0,0.00%
Board of Alder Ward 16,New Haven,"Rafael Fuentes, Jr.",IND,0,0.00%
Board of Alder Ward 17,New Haven,Salvatore C. Punzo,D,0,0.00%
Board of Alder Ward 18,New Haven,Leland John Moore,D,0,0.00%
Board of Alder Ward 18,New Haven,Anthony D. Acri,R,0,0.00%
Board of Alder Ward 18,New Haven,Anthony D. Acri,IND,0,0.00%
Board of Alder Ward 18,New Haven,Zelema V. Harris,PC,0,0.00%
Board of Alder Ward 19,New Haven,Kimberly R. Edwards,D,0,0.00%
Board of Alder Ward 20,New Haven,Brittiany T. Mabery-Niblack,D,0,0.00%
Board of Alder Ward 21,New Haven,Maceo T. Streater,D,0,0.00%
Board of Alder Ward 22,New Haven,Jeanette L. Morrison,D,0,0.00%
Board of Alder Ward 23,New Haven,Tyisha S. Walker,D,0,0.00%
Board of Alder Ward 24,New Haven,Evette T. Hamilton,D,0,0.00%
Board of Alder Ward 25,New Haven,Adam J. Marchand,D,0,0.00%
Board of Alder Ward 26,New Haven,Amy D. Marx,D,0,0.00%
Board of Alder Ward 27,New Haven,Richard W. Furlow,D,0,0.00%
Board of Alder Ward 28,New Haven,Gary B. Hogan,D,0,0.00%
Board of Alder Ward 29,New Haven,Brian Wingate,D,0,0.00%
Board of Alder Ward 30,New Haven,Honda Smith,D,0,0.00%
Board of Alder Ward 30,New Haven,Perry J. Flowers,R,0,0.00%
Board of Education District 1,New Haven,Edward T. Joyner,D,0,0.00%
Board of Education District 1,New Haven,John A. Carlson,R,0,0.00%
Mayor,Newington,Jon Trister,D,0,0.00%
Mayor,Newington,Tim Manke,R,0,0.00%
Councilors,Newington,Kathy Gonzalez,D,0,0.00%
Councilors,Newington,Matthew Plourd,D,0,0.00%
Councilors,Newington,Kim Radda,D,0,0.00%
Councilors,Newington,AJ Tiniakos,D,0,0.00%
Councilors,Newington,Hilda Nieves,D,0,0.00%
Councilors,Newington,Gail Budrejko,R,0,0.00%
Councilors,Newington,Michael Camillo,R,0,0.00%
Councilors,Newington,Kelly deHaas,R,0,0.00%
Councilors,Newington,Nancy Cappello,R,0,0.00%
Councilors,Newington,Carlos M Arias,R,0,0.00%
Board of Education,Newington,Shaun Holloran,D,0,0.00%
Board of Education,Newington,Amy DeVoe Perrotti,D,0,0.00%
Board of Education,Newington,Sam Sharma,D,0,0.00%
Board of Education,Newington,Jessica Weaver,D,0,0.00%
Board of Education,Newington,Meri Beatrice,D,0,0.00%
Board of Education,Newington,Marissa D Lenzi,R,0,0.00%
Board of Education,Newington,Timothy Newton,R,0,0.00%
Board of Education,Newington,Brian Skibo,R,0,0.00%
Board of Education,Newington,Jason Hipp,R,0,0.00%
Board of Education,Newington,Gail L. Stanley,R,0,0.00%
Fire Commissioners,Newington,Frank DeMaio,D,0,0.00%
Fire Commissioners,Newington,Mel Depamphilis,R,0,0.00%
Fire Commissioners,Newington,Kent Stoddard,R,0,0.00%
Constables,Newington,Teresa Bassett,D,0,0.00%
Constables,Newington,Scott DelBuono,R,0,0.00%
Council,New London,John Satti,D,0,0.00%
Council,New London,Victoria Mueller,D,0,0.00%
Council,New London,Jefferey Hart,D,0,0.00%
Council,New London,Christopher Clouet,D,0,0.00%
Council,New London,Shineika Fareus,D,0,0.00%
Council,New London,Efrain Dominguez Jr.,D,0,0.00%
Council,New London,Akil Peck,D,0,0.00%
Council,New London,Aaron Ide,R,0,0.00%
Council,New London,John Russell,R,0,0.00%
Council,New London,Hans Hartman,R,0,0.00%
Council,New London,Gina Phillips,R,0,0.00%
Council,New London,Beloved-Grace Carter,R,0,0.00%
Council,New London,Kat Goulart,R,0,0.00%
Council,New London,Jefferey Hart,WF,0,0.00%
Council,New London,Shineika Fareus,WF,0,0.00%
Council,New London,Jefferey Hart,G,0,0.00%
Council,New London,Gramma Dot Ames,G,0,0.00%
Council,New London,Lucian Varela,G,0,0.00%
Board of Education,New London,Susan Hambey,D,0,0.00%
Board of Education,New London,Rich Martin,D,0,0.00%
Board of Education,New London,Scott S.Garbini,D,0,0.00%
Board of Education,New London,Rebecca Amanti,D,0,0.00%
Board of Education,New London,Karen Bergin,D,0,0.00%
Board of Education,New London,Nanci DeRobbio,D,0,0.00%
Board of Education,New London,Elaine Maynard-Adams,D,0,0.00%
Board of Education,New London,Ed Bolles,R,0,0.00%
Board of Education,New London,John Martin,R,0,0.00%
Board of Education,New London,Sarah Turner,R,0,0.00%
Board of Education,New London,Scott S.Garbini,WF,0,0.00%
Board of Education,New London,Karen Bergin,WF,0,0.00%
Board of Education,New London,Elaine Maynard-Adams,WF,0,0.00%
Board of Education,New London,Elaine Maynard-Adams,G,0,0.00%
Board of Education,New London,Keith Kimball,G,0,0.00%
Mayor,New Milford,Robin Mann,D,0,0.00%
Mayor,New Milford,Pete Bass,R,0,0.00%
Mayor,New Milford,Carmine Amelio,WI,0,0.00%
Town Council,New Milford,Mary Jane Lundgren,D,0,0.00%
Town Council,New Milford,Zachary Polley,D,0,0.00%
Town Council,New Milford,Ari Rosenberg,D,0,0.00%
Town Council,New Milford,Diane Klaif,R,0,0.00%
Town Council,New Milford,Thomas Esposito,R,0,0.00%
Town Council,New Milford,Sal Rynkiewicz,R,0,0.00%
Town Council,New Milford,Katy Francis,R,0,0.00%
Town Council,New Milford,Rolando Castro,R,0,0.00%
Town Council,New Milford,Paul Murphy,R,0,0.00%
Town Council,New Milford,Stephanie Miller,IND,0,0.00%
Town Council,New Milford,Richard Luszczak,IND,0,0.00%
Town Council,New Milford,Ashley Lunnie-Russo,IND,0,0.00%
Town Council,New Milford,Hilary Ram,IND,0,0.00%
Town Council,New Milford,Mike Ferguson,IND,0,0.00%
Board of Finance Full Term,New Milford,Joseph R. Baker,D,0,0.00%
Board of Finance Full Term,New Milford,Korey Linder,D,0,0.00%
Board of Finance Full Term,New Milford,Nick Garofalo,R,0,0.00%
Board of Finance Full Term,New Milford,Brian Whitfield,R,0,0.00%
Board of Finance Full Term,New Milford,Walter O'Connor,R,0,0.00%
Board of Finance To Fill Vacancy for Two Years,New Milford,Timothy J. Harkin,D,0,0.00%
Board of Finance To Fill Vacancy for Two Years,New Milford,Gina Madill,R,0,0.00%
Board of Education Full Term,New Milford,Jamie Kenney,D,0,0.00%
Board of Education Full Term,New Milford,Thomas O'Brien,D,0,0.00%
Board of Education Full Term,New Milford,Steven Mann,D,0,0.00%
Board of Education Full Term,New Milford,Dean Barile,R,0,0.00%
Board of Education Full Term,New Milford,Leslie Sarich,R,0,0.00%
Board of Education Full Term,New Milford,Wendy Faulenbach,R,0,0.00%
Board of Education To Fill Vacancy for Two Years,New Milford,Joseph Failla,R,0,0.00%
Board of Assessment Appeals,New Milford,George Ogno,D,0,0.00%
Board of Assessment Appeals,New Milford,Frank Bidetti,R,0,0.00%
Planning Commission Full Term,New Milford,Michele Shackelford,D,0,0.00%
Planning Commission Full Term,New Milford,Michael Crespan,R,0,0.00%
Planning Commission Full Term,New Milford,George J. Sam,R,0,0.00%
Planning Commission To Fill Vacancy for Two Years,New Milford,Suzanne Von Holt,R,0,0.00%
Zoning Commission,New Milford,Michael A. Anastas,D,0,0.00%
Zoning Commission,New Milford,Joshua Kenney,D,0,0.00%
Zoning Commission,New Milford,Charles Bogie,R,0,0.00%
Zoning Commission,New Milford,William D. Taylor,R,0,0.00%
Zoning Board of Appeals,New Milford,Theodore W. Hine,D,0,0.00%
Zoning Board of Appeals,New Milford,Scott Leddy,R,0,0.00%
Zoning Board of Appeals,New Milford,Kelly Franzese,R,0,0.00%
First Selectman,Newtown,Bruce Walczak,D,0,0.00%
First Selectman,Newtown,Jeff Capeci,R,0,0.00%
First Selectman,Newtown,Bruce Walczak,IND,0,0.00%
Selectman,Newtown,Paul Lundquist,D,0,0.00%
Selectman,Newtown,Charlie Gardner,R,0,0.00%
Legislative Council District 1,Newtown,Christopher Gardner,D,0,0.00%
Legislative Council District 1,Newtown,Laura Miller,D,0,0.00%
Legislative Council District 1,Newtown,Christopher Eide,D,0,0.00%
Legislative Council District 1,Newtown,Brian Leonardi,R,0,0.00%
Legislative Council District 1,Newtown,Derek Pisani,R,0,0.00%
Legislative Council District 1,Newtown,Steve Stolfi,R,0,0.00%
Legislative Council District 2,Newtown,Keith Alexander,D,0,0.00%
Legislative Council District 2,Newtown,Eric Paradis,D,0,0.00%
Legislative Council District 2,Newtown,Jordana Bloom,D,0,0.00%
Legislative Council District 2,Newtown,Donna Rahtelli,R,0,0.00%
Legislative Council District 2,Newtown,Jennifer Nicoletti,R,0,0.00%
Legislative Council District 2,Newtown,Matt Mihalcik,R,0,0.00%
Legislative Council District 3,Newtown,Lily MacHugh,D,0,0.00%
Legislative Council District 3,Newtown,Arnie Berman,D,0,0.00%
Legislative Council District 3,Newtown,Michelle Embree Ku,D,0,0.00%
Legislative Council District 3,Newtown,Ben Ruben,R,0,0.00%
Legislative Council District 3,Newtown,Tracey Pertoso,R,0,0.00%
Legislative Council District 3,Newtown,John Zachos,R,0,0.00%
Legislative Council District 3,Newtown,Tom Long,PC,0,0.00%
Town Clerk,Newtown,Renee Weimann,D,0,0.00%
Town Clerk,Newtown,Debbie Aurelia Halstead,R,0,0.00%
Board of Finance,Newtown,Janette Lamoureaux,D,0,0.00%
Board of Finance,Newtown,James Gaston,D,0,0.00%
Board of Finance,Newtown,John Fletcher,D,0,0.00%
Board of Finance,Newtown,Beth Young,D,0,0.00%
Board of Finance,Newtown,Jim Landy,R,0,0.00%
Board of Finance,Newtown,Amybeth Laroche,R,0,0.00%
Board of Finance,Newtown,Steven Goodridge,R,0,0.00%
Board of Finance,Newtown,Barney Molloy,R,0,0.00%
Board of Education,Newtown,Doria Linnetz,D,0,0.00%
Board of Education,Newtown,Don Ramsey,R,0,0.00%
Board of Education,Newtown,Melissa Beylouni,R,0,0.00%
Board of Education,Newtown,Shannon Tomai,R,0,0.00%
Board of Assessment Appeals,Newtown,Kadri Graffeo,R,0,0.00%
Planning & Zoning Commission,Newtown,Peter Schwarz,D,0,0.00%
Planning & Zoning Commission,Newtown,Gregory Rich,R,0,0.00%
Planning & Zoning Commission,Newtown,Roy Meadows,R,0,0.00%
Planning & Zoning Commission Alternates,Newtown,Jill Soderholm,D,0,0.00%
Planning & Zoning Commission Alternates,Newtown,Don Mitchell,D,0,0.00%
Planning & Zoning Commission Alternates,Newtown,Will Drew,R,0,0.00%
Planning & Zoning Commission Alternates,Newtown,David Landau,R,0,0.00%
Zoning Board of Appeals Full Term,Newtown,Alan Clavette,D,0,0.00%
Zoning Board of Appeals Full Term,Newtown,Rachel Rowan,R,0,0.00%
Zoning Board of Appeals Full Term,Newtown,Jim O'Connor,R,0,0.00%
Zoning Board of Appeals To Fill Vacancy for Two Years,Newtown,Dennis Bloom,R,0,0.00%
Zoning Board of Appeals Alternates,Newtown,Betsy Paynter,D,0,0.00%
Zoning Board of Appeals Alternates,Newtown,Pete Wlasuk,R,0,0.00%
Zoning Board of Appeals Alternates,Newtown,Stephen Riccitelli,R,0,0.00%
Police Commissioners,Newtown,Dan Cruson Jr.,D,0,0.00%
Police Commissioners,Newtown,Keith Torreso,R,0,0.00%
Police Commissioners,Newtown,Scott Cicciari,R,0,0.00%
Board of Managers of Edmond Town Hall,Newtown,Herbert Rosenthal,D,0,0.00%
Board of Managers of Edmond Town Hall,Newtown,Melanie Mattegat,R,0,0.00%
First Selectman,Norfolk,Henry Tirrell,D,402,100.00%
Selectman,Norfolk,"Leo F. Colwell, Jr.",D,383,63.20%
Selectman,Norfolk,Alexandria S Evans,R,223,36.80%
Town Clerk,Norfolk,Deborah M. Nelson,D,397,100.00%
Town Treasurer,Norfolk,Chelsea DeWitt,D,402,100.00%
Board of Finance,Norfolk,Grant Mudge,D,386,60.12%
Board of Finance,Norfolk,Jeffrey J. Torrant,R,256,39.88%
Board of Finance Alternate,Norfolk,Bart Wenrich,D,368,100.00%
Board of Education,Norfolk,Jeremy Withnell,D,339,26.20%
Board of Education,Norfolk,John DeShazo,D,359,27.74%
Board of Education,Norfolk,Donna T. Rubin,R,222,17.16%
Board of Education,Norfolk,Michael J. Listorti,R,206,15.92%
Board of Education,Norfolk,Kimberly Thorne-Kaunelis,PC,168,12.98%
Board of Assessment Appeals,Norfolk,Walter Godlewski,D,356,61.38%
Board of Assessment Appeals,Norfolk,Eric Gundlach,R,224,38.62%
Planning & Zoning Commission Full Term,Norfolk,Wiley Wood,D,382,51.83%
Planning & Zoning Commission Full Term,Norfolk,Christopher Schaut,D,355,48.17%
Planning & Zoning Commission To Fill a Vacancy for Four Years,Norfolk,Steven Landes,D,354,61.35%
Planning & Zoning Commission To Fill a Vacancy for Four Years,Norfolk,Marion K. Felton,R,223,38.65%
Planning & Zoning Commission To Fill Vacancy for Two Years,Norfolk,Edward M. Barron,R,250,100.00%
Planning & Zoning Commission Alternate Full Term,Norfolk,Sandra M. Anasoulis,R,246,100.00%
Zoning Board of Appeals,Norfolk,Christopher Peterson,D,390,65.33%
Zoning Board of Appeals,Norfolk,"Ronald M. Bombero, Jr.",R,207,34.67%
Zoning Board of Appeals Alternate,Norfolk,Walter Godlewski,D,367,100.00%
Town Council,North Branford,Marie E. Diamond,D,0,0.00%
Town Council,North Branford,"Vincent J. Mase, Sr.",D,0,0.00%
Town Council,North Branford,Craig C. Miller,D,0,0.00%
Town Council,North Branford,Christopher N. Heon,D,0,0.00%
Town Council,North Branford,Daniel J. Seiden,D,0,0.00%
Town Council,North Branford,Bruce E. Abelson,D,0,0.00%
Town Council,North Branford,Rose Angeloni,R,0,0.00%
Town Council,North Branford,Thomas P. Zampano,R,0,0.00%
Town Council,North Branford,Jeffrey Macmillen,R,0,0.00%
Town Council,North Branford,"Walter L. Goad, Jr.",R,0,0.00%
Town Council,North Branford,"Ronald Pelliccia, Jr.",R,0,0.00%
Town Council,North Branford,"Robert H. Whitworth, Jr.",R,0,0.00%
Board of Education,North Branford,Marcey Onofrio,D,0,0.00%
Board of Education,North Branford,Stephanie L. Byrd,D,0,0.00%
Board of Education,North Branford,Marjorie Bonadies,R,0,0.00%
Board of Education,North Branford,Carolyn Candelora,R,0,0.00%
Board of Education,North Branford,Elizabeth Hintz Siena,R,0,0.00%
Board of Education,North Branford,Kara L.C. Papa,PC,0,0.00%
First Selectman,North Canaan,Jesse Bunce,D,0,0.00%
First Selectman,North Canaan,Brian M. Ohler,R,0,0.00%
Selectman,North Canaan,Melissa Pinardi,R,0,0.00%
Selectman,North Canaan,Joseph P. Sebben,PC,0,0.00%
Town Clerk,North Canaan,Krysti Segalla,R,0,0.00%
Town Treasurer,North Canaan,Melanie Neely,D,0,0.00%
Town Treasurer,North Canaan,Emily Minacci,R,0,0.00%
Tax Collector,North Canaan,Rebecca Mochak,R,0,0.00%
Board of Finance,North Canaan,Emily Bottum,D,0,0.00%
Board of Finance,North Canaan,John Jacquier,R,0,0.00%
Board of Finance,North Canaan,Christian Allyn,PC,0,0.00%
Board of Finance,North Canaan,Brian Allyn,WI,0,0.00%
Board of Education,North Canaan,Amy Helminiak,D,0,0.00%
Board of Education,North Canaan,Christopher Jacques,D,0,0.00%
Board of Education,North Canaan,Gina Terwilliger,D,0,0.00%
Board of Education,North Canaan,Amy Dodge,R,0,0.00%
Board of Education,North Canaan,Caitlin Tomko,R,0,0.00%
Board of Assessment Appeals,North Canaan,David Jacquier,R,0,0.00%
Planning & Zoning Commission,North Canaan,Cooper Brown,D,0,0.00%
Planning & Zoning Commission,North Canaan,Dalton Jacquier,R,0,0.00%
Planning & Zoning Commission,North Canaan,Walter Schneider,R,0,0.00%
Planning & Zoning Commission Alternate,North Canaan,Brian Allyn Jr,R,0,0.00%
Planning & Zoning Commission Alternate,North Canaan,Tucker Whiting,R,0,0.00%
Zoning Board of Appeals,North Canaan,Brian Allyn,D,0,0.00%
Zoning Board of Appeals,North Canaan,Matthew Freund,D,0,0.00%
Zoning Board of Appeals,North Canaan,Scott Zinke,R,0,0.00%
Zoning Board of Appeals Alternate,North Canaan,Joe Cieslowski,D,0,0.00%
Regional Board of Education,North Canaan,Craig Whiting,R,0,0.00%
First Selectman,North Haven,Michael J. Freda,R,0,0.00%
Selectman,North Haven,David Cohen,D,0,0.00%
Selectman,North Haven,William J. Pieper,R,0,0.00%
Selectman,North Haven,Sally J. Buemi,PC,0,0.00%
Town Clerk & Tax Collector,North Haven,J. Stacey Yarbrough,R,0,0.00%
Town Treasurer,North Haven,Stephen Gifford,D,0,0.00%
Town Treasurer,North Haven,Donald F. Clark,D,0,0.00%
Board of Finance,North Haven,Jennifer M. Graves,D,0,0.00%
Board of Finance,North Haven,Michael Hallahan,D,0,0.00%
Board of Finance,North Haven,Dyann M. Vissicchio,R,0,0.00%
Board of Finance,North Haven,Laurie-Jean Hannon,R,0,0.00%
Board of Education,North Haven,Genevieve M. Cabrera,D,0,0.00%
Board of Education,North Haven,Holly L. Gifford,D,0,0.00%
Board of Education,North Haven,Martin L. Rudnick,R,0,0.00%
Board of Education,North Haven,Thomas W. Prefontaine,R,0,0.00%
Board of Education To Fill Vacancy for Two Years,North Haven,Michele L. Guglielmo,D,0,0.00%
Board of Assessment Appeals,North Haven,Stephen A. Fontana,D,0,0.00%
Board of Assessment Appeals,North Haven,Ralph L. Ricciardelli,R,0,0.00%
Board of Assessment Appeals To Fill Vacancy for Two Years,North Haven,Colleen L. Brown,R,0,0.00%
Planning & Zoning Commission,North Haven,Benjamin W. Loebick,D,0,0.00%
Planning & Zoning Commission,North Haven,Robert F. Hannon,R,0,0.00%
Planning & Zoning Commission,North Haven,Roderick Williams,WI,0,0.00%
Planning & Zoning Commission Alternate,North Haven,Ronald D. Penton,D,0,0.00%
Planning & Zoning Commission Alternate,North Haven,Mark A. Parisi,R,0,0.00%
Planning & Zoning Commission Alternate,North Haven,Giancarlo Gallo,R,0,0.00%
Zoning Board of Appeals,North Haven,Kieran J. Ahern,D,0,0.00%
Zoning Board of Appeals,North Haven,Keisha S. Gatison,D,0,0.00%
Zoning Board of Appeals,North Haven,Andrew P. Gorry,R,0,0.00%
Zoning Board of Appeals,North Haven,"Luigi G. Coppola, Sr.",R,0,0.00%
Zoning Board of Appeals To Fill Vacancy for Two Years,North Haven,Joel I. Rudikoff,D,0,0.00%
Zoning Board of Appeals Alternate To Fill Vacancy for Two Years,North Haven,Reilly P. Cargan,R,0,0.00%
Police Commission,North Haven,Alden Mead,D,0,0.00%
Police Commission,North Haven,Lawrence S. Lazaroff,R,0,0.00%
Police Commission,North Haven,Robert F. Hannon,R,0,0.00%
Fire Commission,North Haven,Patricia A. Brown,D,0,0.00%
Fire Commission,North Haven,"Peter J. Criscuolo, Jr.",D,0,0.00%
Fire Commission,North Haven,"Luigi G. Coppola, Sr.",R,0,0.00%
Fire Commission,North Haven,Pasquale F. Nuzzolillo,R,0,0.00%
First Selectman,North Stonington,Bob Carlson,R,0,0.00%
Selectman,North Stonington,Nicole Porter,D,0,0.00%
Selectman,North Stonington,"John A. Gaccione, Jr.",R,0,0.00%
Town Treasurer,North Stonington,Paul R. Simeone,D,0,0.00%
Town Treasurer,North Stonington,"Paul A. Simonds, Jr.",R,0,0.00%
Board of Finance,North Stonington,Winona Berdine,D,0,0.00%
Board of Finance,North Stonington,Daniel J. Smith,R,0,0.00%
Board of Finance Alternate,North Stonington,Carl R. Johnston,D,0,0.00%
Board of Finance Alternate,North Stonington,"Edmond P. McGowan, III",R,0,0.00%
Board of Education Full Term,North Stonington,"Stanley ""Chet"" Stefanowicz",D,0,0.00%
Board of Education Full Term,North Stonington,Jamie Towle-Weicksel,D,0,0.00%
Board of Education Full Term,North Stonington,Patrick Austin,R,0,0.00%
Board of Education Full Term,North Stonington,Amy Friend,R,0,0.00%
Board of Education Full Term,North Stonington,Heath Michael Dugas,PC,0,0.00%
Board of Education To Fill Vacancy for Two Years,North Stonington,Christine Wagner,R,0,0.00%
Board of Assessment Appeals,North Stonington,David McCord,D,0,0.00%
Board of Assessment Appeals,North Stonington,Amy French,R,0,0.00%
Economic Development Commission,North Stonington,Winona Berdine,D,0,0.00%
Planning and Zoning Commission,North Stonington,Ben Buehler,D,0,0.00%
Planning and Zoning Commission,North Stonington,Edward C. Learned,R,0,0.00%
Planning and Zoning Commission Alternate,North Stonington,Elizabeth Kirmmse,D,0,0.00%
Planning and Zoning Commission Alternate,North Stonington,Mark Leonard,D,0,0.00%
Planning and Zoning Commission Alternate,North Stonington,Joseph E. Cherenzia,R,0,0.00%
Planning and Zoning Commission Alternate,North Stonington,"Mark S. Perkins, Jr.",R,0,0.00%
Zoning Board of Appeals Full Term,North Stonington,David McCord,D,0,0.00%
Zoning Board of Appeals Full Term,North Stonington,"Stanley ""Chet"" Stefanowicz",D,0,0.00%
Zoning Board of Appeals Full Term,North Stonington,Michael Westgate,R,0,0.00%
Zoning Board of Appeals Full Term,North Stonington,Will Mason,R,0,0.00%
Zoning Board of Appeals To Fill Vacancy for Four Years,North Stonington,Steven Weicksel,D,0,0.00%
Zoning Board of Appeals To Fill Vacancy for Two Years,North Stonington,Toula Balestracci,D,0,0.00%
Zoning Board of Appeals To Fill Vacancy for Two Years,North Stonington,Joshua Strunk,R,0,0.00%
Zoning Board of Appeals Alternate,North Stonington,Mark Leonard,D,0,0.00%
Mayor,Norwalk,Barbara Smyth,D,0,0.00%
Mayor,Norwalk,Vinny Scicchitano,R,0,0.00%
Mayor,Norwalk,Barbara Smyth,WF,0,0.00%
Mayor,Norwalk,John Kydes,PC,0,0.00%
Mayor,Norwalk,Erik Vitaglione,PC,0,0.00%
City Sheriff,Norwalk,Andrew Garfunkel,D,0,0.00%
City Sheriff,Norwalk,John Henderson,R,0,0.00%
City Sheriff,Norwalk,Erik T. Anderson,IND,0,0.00%
Town Clerk,Norwalk,Richard A. McQuaid,D,0,0.00%
Town Clerk,Norwalk,Richard A. McQuaid,R,0,0.00%
Councilmen At Large,Norwalk,Jesse Buccolo,D,0,0.00%
Councilmen At Large,Norwalk,Josh Goldstein,D,0,0.00%
Councilmen At Large,Norwalk,Nicol  Ayers,D,0,0.00%
Councilmen At Large,Norwalk,Colin Hosten,D,0,0.00%
Councilmen At Large,Norwalk,Johan Lopez,D,0,0.00%
Councilmen At Large,Norwalk,Douglas E. Hempstead,R,0,0.00%
Councilmen At Large,Norwalk,Enrique Santiago,R,0,0.00%
Councilmen At Large,Norwalk,John Cardamone,R,0,0.00%
Councilmen At Large,Norwalk,Luis Estrella,R,0,0.00%
Councilmen At Large,Norwalk,Victor Coppola,R,0,0.00%
Councilmen At Large,Norwalk,Douglas E. Hempstead,IND,0,0.00%
Councilmen At Large,Norwalk,Lisa M. Brinton,IND,0,0.00%
Councilmen At Large,Norwalk,Joseph S. Tamburri,IND,0,0.00%
Councilmen At Large,Norwalk,Jo Bennett,IND,0,0.00%
Councilmen At Large,Norwalk,Scott Goodwin,IND,0,0.00%
Councilmen At Large,Norwalk,Erik Vitaglione,PC,0,0.00%
Councilmen At Large,Norwalk,Christopher A. Dwyer,PC,0,0.00%
Councilmen District A,Norwalk,Broderick Sawyer,D,0,0.00%
Councilmen District A,Norwalk,Jalin Sead,D,0,0.00%
Councilmen District A,Norwalk,Cheryl  Kemeny,R,0,0.00%
Councilmen District A,Norwalk,Pietro Rotundo,R,0,0.00%
Councilmen District B,Norwalk,DaJuan Wiggins,D,0,0.00%
Councilmen District B,Norwalk,Darlene Young,D,0,0.00%
Councilmen District B,Norwalk,Kimberly Krieger,R,0,0.00%
Councilmen District B,Norwalk,DaJuan Wiggins,IND,0,0.00%
Councilmen District C,Norwalk,Nicole Eaddy,D,0,0.00%
Councilmen District C,Norwalk,Anne Wennerstrand,D,0,0.00%
Councilmen District C,Norwalk,Richard  Bonenfant,R,0,0.00%
Councilmen District C,Norwalk,Read Auerbach,R,0,0.00%
Councilmen District C,Norwalk,Richard  Bonenfant,IND,0,0.00%
Councilmen District D,Norwalk,Jan Degenshein,D,0,0.00%
Councilmen District D,Norwalk,Richard Dellinger,D,0,0.00%
Councilmen District D,Norwalk,John Levin,R,0,0.00%
Councilmen District D,Norwalk,Heather Dunn,R,0,0.00%
Councilmen District D,Norwalk,John Levin,IND,0,0.00%
Councilmen District D,Norwalk,Heather Dunn,IND,0,0.00%
Councilmen District E,Norwalk,Brian Bailey,D,0,0.00%
Councilmen District E,Norwalk,James Frayer,D,0,0.00%
Councilmen District E,Norwalk,Peter Bondi,R,0,0.00%
Councilmen District E,Norwalk,Andrew Anello,R,0,0.00%
Councilmen District E,Norwalk,Peter Bondi,IND,0,0.00%
Board of Education At Large,Norwalk,Marcus Jaime,D,0,0.00%
Board of Education At Large,Norwalk,Dana Nellie Cole,D,0,0.00%
Board of Education At Large,Norwalk,Sheri McCready Brown,D,0,0.00%
Board of Education At Large,Norwalk,Garrett Oliver,D,0,0.00%
Board of Education At Large,Norwalk,Tricia Massucco,R,0,0.00%
Board of Education At Large,Norwalk,Xavier Guzman,R,0,0.00%
Board of Education At Large,Norwalk,Alexandrea Kemeny,R,0,0.00%
Board of Education At Large,Norwalk,Artie Kassimis,R,0,0.00%
Board of Education At Large,Norwalk,Tricia Massucco,IND,0,0.00%
Board of Education At Large,Norwalk,Xavier Guzman,IND,0,0.00%
Board of Education At Large,Norwalk,Alexandrea Kemeny,IND,0,0.00%
Board of Education At Large,Norwalk,Lisa  M. Brinton,IND,0,0.00%
Constables,Norwalk,Diana Revolus,D,0,0.00%
Constables,Norwalk,Johnnie Mae Weldon,D,0,0.00%
Constables,Norwalk,DaJuan Wiggins,D,0,0.00%
Constables,Norwalk,Jalin Sead,D,0,0.00%
Constables,Norwalk,Ray A. Cooke,R,0,0.00%
Constables,Norwalk,Peter Bondi,R,0,0.00%
Constables,Norwalk,Jay Parisi,R,0,0.00%
Constables,Norwalk,Greg Helms,R,0,0.00%
Constables,Norwalk,Ray A. Cooke,IND,0,0.00%
1st Taxing District Commissioner,Norwalk,Jalin Sead,D,0,0.00%
1st Taxing District Commissioner,Norwalk,Tricia Massucco,R,0,0.00%
1st Taxing District Treasurer,Norwalk,Rosa M. Murray,D,0,0.00%
1st Taxing District Treasurer,Norwalk,John C. Miller Jr.,R,0,0.00%
2nd Taxing District Commissioner,Norwalk,James Del Greco,D,0,0.00%
2nd Taxing District Commissioner,Norwalk,Martha Wooten-Dumas,D,0,0.00%
2nd Taxing District Commissioner,Norwalk,Luigi DiMeglio,R,0,0.00%
2nd Taxing District Treasurer,Norwalk,Darlene Young,D,0,0.00%
2nd Taxing District Treasurer,Norwalk,Thomas Henderson,R,0,0.00%
3rd Taxing District Commissioner,Norwalk,Michele Sweeney,D,0,0.00%
3rd Taxing District Commissioner,Norwalk,James Anderson,R,0,0.00%
3rd Taxing District Treasurer,Norwalk,Read Auerbach,R,0,0.00%
6th Taxing District Commissioner,Norwalk,J. Alex Sparkman,D,0,0.00%
6th Taxing District Commissioner,Norwalk,J. Alex Sparkman,R,0,0.00%
6th Taxing District Treasurer,Norwalk,Gilbert S. Kernan,R,0,0.00%
Mayor,Norwich,Singh Swarnjit,D,0,0.00%
Mayor,Norwich,Stacy Gould,R,0,0.00%
Mayor,Norwich,Marcia K Wilbur,PC,0,0.00%
City Council,Norwich,Tracey Burto,D,0,0.00%
City Council,Norwich,Joseph A. DeLucia,D,0,0.00%
City Council,Norwich,Shiela Hayes,D,0,0.00%
City Council,Norwich,Jill Zuccardy,D,0,0.00%
City Council,Norwich,Enock Petit-Homme,D,0,0.00%
City Council,Norwich,Zato Kadambaya,D,0,0.00%
City Council,Norwich,Larry Rice,R,0,0.00%
City Council,Norwich,Robin Sieczkowski,R,0,0.00%
City Council,Norwich,Joanne Philbrick,R,0,0.00%
City Council,Norwich,Bill Nash,R,0,0.00%
City Council,Norwich,Peter A Nystrom,R,0,0.00%
City Council,Norwich,John P Mereen,PC,0,0.00%
City Treasurer,Norwich,Bob Buckley,R,0,0.00%
Board of Education,Norwich,Chris Milton,D,0,0.00%
Board of Education,Norwich,John Iovino,D,0,0.00%
Board of Education,Norwich,Gregory Perry,D,0,0.00%
Board of Education,Norwich,Ella Myles,D,0,0.00%
Board of Education,Norwich,Kevin Saythany,D,0,0.00%
Board of Education,Norwich,Mark Kulos,D,0,0.00%
Board of Education,Norwich,Rob Dempsky,R,0,0.00%
Board of Education,Norwich,Heather Fowler,R,0,0.00%
Board of Education,Norwich,Josh Chapman,R,0,0.00%
Board of Education,Norwich,Dennis Slopak,R,0,0.00%
Board of Education,Norwich,H Darrell Callicutt,R,0,0.00%
Board of Education,Norwich,Christine A. Distasio,R,0,0.00%
First Selectman,Old Lyme,Martha H. Shoemaker,D,0,0.00%
First Selectman,Old Lyme,John H. Mesham,R,0,0.00%
Selectman,Old Lyme,Jim Lampos,D,0,0.00%
Selectman,Old Lyme,Jude Danenhower Read,R,0,0.00%
Town Clerk,Old Lyme,Vicki Urbowicz,R,0,0.00%
Board of Finance Full Term,Old Lyme,Kimberly Thompson,D,0,0.00%
Board of Finance Full Term,Old Lyme,Matthew Olson,R,0,0.00%
Board of Finance Full Term,Old Lyme,J. David Kelsey,R,0,0.00%
Board of Finance To Fill Vacancy for Two Years,Old Lyme,Candace A. Fuchs,D,0,0.00%
Board of Finance To Fill Vacancy for Two Years,Old Lyme,John Flick,R,0,0.00%
Board of Finance Alternates,Old Lyme,Tom Walsh,D,0,0.00%
Board of Finance Alternates,Old Lyme,Fred Behringer,D,0,0.00%
Board of Finance Alternates,Old Lyme,Diane Y. Linderman,D,0,0.00%
Board of Finance Alternates,Old Lyme,Michael Presti,R,0,0.00%
Board of Finance Alternates,Old Lyme,Bob Antoniac,R,0,0.00%
Board of Finance Alternates,Old Lyme,Maria Corrao Marchant,R,0,0.00%
Board of Assessment Appeals,Old Lyme,Devin Berke,D,0,0.00%
Board of Assessment Appeals,Old Lyme,Timothy C. Griswold,R,0,0.00%
Planning Commission Five Year Term Begins 2025,Old Lyme,Michael F. Riggio,D,0,0.00%
Planning Commission Five Year Term Begins 2025,Old Lyme,Harold Thompson,R,0,0.00%
Planning Commission Five Year Term Begins 2026,Old Lyme,Todd Machnik,R,0,0.00%
Zoning Commission Five Year Term Begins 2025,Old Lyme,Michael Fogliano,D,0,0.00%
Zoning Commission Five Year Term Begins 2025,Old Lyme,Sloan Danenhower,R,0,0.00%
Zoning Commission Five Year Term Begins 2026,Old Lyme,Jane Marsh,R,0,0.00%
Zoning Board of Appeals Five Year Term Begins 2025,Old Lyme,Michaelle Pearson,D,0,0.00%
Zoning Board of Appeals Five Year Term Begins 2025,Old Lyme,Stephen Dix,R,0,0.00%
Zoning Board of Appeals Five Year Term Begins 2026,Old Lyme,Kip Kotzan,D,0,0.00%
Zoning Board of Appeals Alternates,Old Lyme,Richard Korsmeyer,D,0,0.00%
Zoning Board of Appeals Alternates,Old Lyme,Kathleen Tracy,D,0,0.00%
Zoning Board of Appeals Alternates,Old Lyme,James T. Scott,R,0,0.00%
Zoning Board of Appeals Alternates,Old Lyme,Jill Pilgrim,R,0,0.00%
Zoning Board of Appeals Alternates,Old Lyme,Nicholas Fulton,R,0,0.00%
Regional Board of Education,Old Lyme,Sheryl Shyloski,D,0,0.00%
Regional Board of Education,Old Lyme,Cynthia Love McCollum,D,0,0.00%
Regional Board of Education,Old Lyme,Jason L. Kemp,D,0,0.00%
Regional Board of Education,Old Lyme,Michael J. Hansen,D,0,0.00%
Regional Board of Education,Old Lyme,Jarod Bushey,R,0,0.00%
Regional Board of Education,Old Lyme,Brandy Campbell,R,0,0.00%
Regional Board of Education,Old Lyme,Carlos Piña,R,0,0.00%
Regional Board of Education,Old Lyme,Shaun Mastroianni,R,0,0.00%
First Selectman,Old Saybrook,"Carl P. Fortuna, Jr.",R,0,0.00%
Selectman,Old Saybrook,Jane Wisialowski,D,0,0.00%
Selectman,Old Saybrook,Scott M. Giegerich,R,0,0.00%
Town Clerk,Old Saybrook,Sarah V. Becker,R,0,0.00%
Town Treasurer,Old Saybrook,Barbara Labriola,R,0,0.00%
Tax Collector,Old Saybrook,Erin Colwell,R,0,0.00%
Tax Collector,Old Saybrook,Joan B. Strickland,PC,0,0.00%
Board of Finance,Old Saybrook,Jeffrey R. Kotkin,D,0,0.00%
Board of Finance,Old Saybrook,Mark Hand,D,0,0.00%
Board of Finance,Old Saybrook,Susan Spence,D,0,0.00%
Board of Finance,Old Saybrook,Greg Gernhardt,R,0,0.00%
Board of Finance,Old Saybrook,James Wakim,R,0,0.00%
Board of Finance,Old Saybrook,Paul Carver,R,0,0.00%
Board of Finance,Old Saybrook,Steven J. Johnson,R,0,0.00%
Board of Education,Old Saybrook,Marijke Kehrhahn,D,0,0.00%
Board of Education,Old Saybrook,Karen Brodeur,D,0,0.00%
Board of Education,Old Saybrook,Eileen D. Baker,D,0,0.00%
Board of Education,Old Saybrook,Jordan Schellens,D,0,0.00%
Board of Education,Old Saybrook,Joe Maselli,R,0,0.00%
Board of Education,Old Saybrook,Deborah A. Bole,R,0,0.00%
Board of Education,Old Saybrook,Kelley E. Kennedy,R,0,0.00%
Board of Assessment Appeals,Old Saybrook,C. Marston (Marty) Ladd,D,0,0.00%
Board of Assessment Appeals,Old Saybrook,Andrew Morosky,D,0,0.00%
Board of Assessment Appeals,Old Saybrook,Barbara Dennison,R,0,0.00%
Board of Assessment Appeals,Old Saybrook,James Wakim,R,0,0.00%
Planning Commission,Old Saybrook,Tina Rupp,D,0,0.00%
Planning Commission,Old Saybrook,Erin Torneo,D,0,0.00%
Planning Commission,Old Saybrook,Paula S. Kay,R,0,0.00%
Zoning Commission,Old Saybrook,Robin Kelly,D,0,0.00%
Zoning Commission,Old Saybrook,Gerri Lewis,R,0,0.00%
Zoning Commission,Old Saybrook,Derrik Kennedy,R,0,0.00%
Zoning Board of Appeals,Old Saybrook,Andrew Morosky,D,0,0.00%
Zoning Board of Appeals,Old Saybrook,Laurie Deneen,R,0,0.00%
Zoning Board of Appeals,Old Saybrook,Kevin Danby,R,0,0.00%
Zoning Board of Appeals,Old Saybrook,Charles Gadon,R,0,0.00%
Police Commission,Old Saybrook,Alfred H. (Chub) Wilcox,D,0,0.00%
Police Commission,Old Saybrook,Renee Root Shippee,D,0,0.00%
Police Commission,Old Saybrook,Kristin Bonneau,D,0,0.00%
Police Commission,Old Saybrook,Jill Notar-Francesco,D,0,0.00%
Police Commission,Old Saybrook,Shawn Hatchel,R,0,0.00%
Police Commission,Old Saybrook,Mark Caldarella,R,0,0.00%
Police Commission,Old Saybrook,Mike Kapij,R,0,0.00%
Police Commission,Old Saybrook,Charles Gadon,R,0,0.00%
Park & Recreation Commission,Old Saybrook,Nancy Gatta,D,0,0.00%
Park & Recreation Commission,Old Saybrook,Alejandro Bertran,R,0,0.00%
Park & Recreation Commission,Old Saybrook,Barbara Krucko,R,0,0.00%
Park & Recreation Commission,Old Saybrook,Theresa Watford,R,0,0.00%
Harbor Management Commission,Old Saybrook,Robert Soden,D,0,0.00%
Harbor Management Commission,Old Saybrook,David Cole,R,0,0.00%
First Selectman,Orange,Daniel Fitzmaurice,D,0,0.00%
First Selectman,Orange,James M. Zeoli,R,0,0.00%
Selectman,Orange,Erika Higgins,D,0,0.00%
Selectman,Orange,Mitchell R. Goldblatt,D,0,0.00%
Selectman,Orange,PJ Shanley,D,0,0.00%
Selectman,Orange,William J. Kraut,R,0,0.00%
Selectman,Orange,John J. Carangelo,R,0,0.00%
Selectman,Orange,Judy Smith,R,0,0.00%
Town Clerk,Orange,James Carcano,D,0,0.00%
Town Clerk,Orange,Mary Shaw,R,0,0.00%
Tax Collector,Orange,Mark Moyher,D,0,0.00%
Tax Collector,Orange,Thomas P. Hurley,R,0,0.00%
Board of Finance,Orange,Albert Post,D,0,0.00%
Board of Finance,Orange,Kevin McNabola,D,0,0.00%
Board of Finance,Orange,Byron Crosdale Jr.,D,0,0.00%
Board of Finance,Orange,Joseph P. Nuzzo,R,0,0.00%
Board of Finance,Orange,Ajeet Jain,R,0,0.00%
Board of Education Full Term,Orange,Lauren Gray,D,0,0.00%
Board of Education Full Term,Orange,Erin Wilson,D,0,0.00%
Board of Education Full Term,Orange,Joshua Orlinsky,D,0,0.00%
Board of Education Full Term,Orange,Tatiana Messina Mullen,R,0,0.00%
Board of Education Full Term,Orange,Ronnette Pompano James,R,0,0.00%
Board of Education Full Term,Orange,Jeff Cap,R,0,0.00%
Board of Education To Fill Vacancy for Two Years,Orange,Kelly Berwick Billings,D,0,0.00%
Board of Education To Fill Vacancy for Two Years,Orange,Amanda Vargo Zapatka,R,0,0.00%
Town Plan & Zoning Commission Full Term,Orange,G.G. Cabrera,D,0,0.00%
Town Plan & Zoning Commission Full Term,Orange,Elizabeth Marshea,D,0,0.00%
Town Plan & Zoning Commission Full Term,Orange,Kevin G. Cornell,R,0,0.00%
Town Plan & Zoning Commission Full Term,Orange,Ozzie Parente,R,0,0.00%
Town Plan & Zoning Commission To Fill Vacancy for Two Years,Orange,Doug Fenichel,D,0,0.00%
Town Plan & Zoning Commission To Fill Vacancy for Two Years,Orange,Jay McGuire,R,0,0.00%
Constables,Orange,Byron Crosdale Jr.,D,0,0.00%
Constables,Orange,Santo Galatioto Jr.,D,0,0.00%
Constables,Orange,Randy Thomas,D,0,0.00%
Constables,Orange,Gary Palermo,R,0,0.00%
Constables,Orange,Jody Daymon,R,0,0.00%
Constables,Orange,Michael P. Donadeo,R,0,0.00%
Constables,Orange,Jeff Vargo,R,0,0.00%
Amity Regional Board of Education,Orange,Ralph Marguy,D,0,0.00%
Amity Regional Board of Education,Orange,Sean-Michael Green,D,0,0.00%
Amity Regional Board of Education,Orange,Jennifer Blando Jacquet,D,0,0.00%
Amity Regional Board of Education,Orange,Meghan Rabuse,R,0,0.00%
Amity Regional Board of Education,Orange,Christian Young,R,0,0.00%
First Selectman,Oxford,Amy J. Sarris,D,0,0.00%
First Selectman,Oxford,George R. Temple,R,0,0.00%
Selectman,Oxford,David W. McKane,D,0,0.00%
Selectman,Oxford,Arnold Jensen,R,0,0.00%
Town Clerk,Oxford,Laurie W. Carr,R,0,0.00%
Town Treasurer,Oxford,Ann Krane,D,0,0.00%
Town Treasurer,Oxford,Dana D. Flach,R,0,0.00%
Board of Finance,Oxford,Jessica Gernat,D,0,0.00%
Board of Finance,Oxford,Linda J. McKane,D,0,0.00%
Board of Finance,Oxford,Kelly Blake,D,0,0.00%
Board of Finance,Oxford,Jack Kiley,R,0,0.00%
Board of Finance,Oxford,Paula Jensen,R,0,0.00%
Board of Education,Oxford,Nicole Levine McGrath,D,0,0.00%
Board of Education,Oxford,Vincent B. Cataudella,D,0,0.00%
Board of Education,Oxford,Karen Delfino,R,0,0.00%
Board of Education,Oxford,Stacey Randolph-Gendron,R,0,0.00%
Board of Education,Oxford,Mollie Smith,R,0,0.00%
Board of Assessment Appeals Full Term,Oxford,Michael Staffieri,D,0,0.00%
Board of Assessment Appeals Full Term,Oxford,Daniel Bednarsky,R,0,0.00%
Board of Assessment Appeals To Fill Vacancy for Two Years,Oxford,Ryan Gernat,D,0,0.00%
Board of Assessment Appeals To Fill Vacancy for Two Years,Oxford,Raymond Reynolds,R,0,0.00%
Planning & Zoning Commission Full Term,Oxford,Sara Locke,D,0,0.00%
Planning & Zoning Commission Full Term,Oxford,Pete Zbras,D,0,0.00%
Planning & Zoning Commission Full Term,Oxford,Jason Swan,R,0,0.00%
Planning & Zoning Commission Full Term,Oxford,Linda Czaplinski,R,0,0.00%
Planning & Zoning Commission Full Term,Oxford,Daniel Wall,R,0,0.00%
Planning & Zoning Commission To Fill Vacancy for Two Years,Oxford,Diamond Rosa,R,0,0.00%
Zoning Board of Appeals Full Term,Oxford,William Sarris,D,0,0.00%
Zoning Board of Appeals Full Term,Oxford,Martin Zajac,D,0,0.00%
Zoning Board of Appeals Full Term,Oxford,Larry Ellis,R,0,0.00%
Zoning Board of Appeals Full Term,Oxford,"Richard J. Burns, Jr",R,0,0.00%
Zoning Board of Appeals To Fill Vacancy for Two Years,Oxford,Vincent Scafa,R,0,0.00%
First Selectman,Plainfield,Peggy Bourey,D,0,0.00%
First Selectman,Plainfield,Kevin M. Cunningham,R,0,0.00%
First Selectman,Plainfield,Paul E. Sweet,PC,0,0.00%
First Selectman,Plainfield,Holly Kurasz,WI,0,0.00%
Selectman,Plainfield,Tom Sinkewicz,D,0,0.00%
Selectman,Plainfield,Michael Surprenant,PC,0,0.00%
Selectman,Plainfield,Arthur W. Gagne,PC,0,0.00%
Town Clerk,Plainfield,Dianne Talbot,D,0,0.00%
Town Clerk,Plainfield,Dianne Talbot,R,0,0.00%
Tax Collector,Plainfield,Karen Vincent,D,0,0.00%
Tax Collector,Plainfield,Karen Vincent,R,0,0.00%
Board of Finance Full Term,Plainfield,Chuck Morrell,D,0,0.00%
Board of Finance Full Term,Plainfield,Gary Stalaboin,D,0,0.00%
Board of Finance Full Term,Plainfield,Dean T. Gorman,R,0,0.00%
Board of Finance Full Term,Plainfield,Stephanie Walsh,R,0,0.00%
Board of Finance To Fill Vacancy for Two Years,Plainfield,Naomi E. Smith,D,0,0.00%
Board of Finance To Fill Vacancy for Two Years,Plainfield,Lisa Carrott,R,0,0.00%
Board of Finance Alternate To Fill Vacancy for Two Years,Plainfield,Virginia Allen,D,0,0.00%
Board of Finance Alternate To Fill Vacancy for Two Years,Plainfield,Kevin D. Coderre,R,0,0.00%
Board of Education Full Term,Plainfield,Samantha Derenthal,D,0,0.00%
Board of Education Full Term,Plainfield,Angel Davis,R,0,0.00%
Board of Education Full Term,Plainfield,Michael Broughton,R,0,0.00%
Board of Education To Fill Vacancy for Four Years,Plainfield,Jacklyn Dow Smith,D,0,0.00%
Board of Education To Fill Vacancy for Two Years,Plainfield,Sherry Harmon,D,0,0.00%
Board of Assessment Appeals,Plainfield,Cynthia Arpin,D,0,0.00%
Board of Assessment Appeals,Plainfield,Lois Dupointe,D,0,0.00%
Board of Assessment Appeals,Plainfield,Kerilynn Lewis,R,0,0.00%
Board of Assessment Appeals,Plainfield,Mary Landry,R,0,0.00%
Planning and Zoning Commission,Plainfield,Mary Ann Chinatti,D,0,0.00%
Planning and Zoning Commission,Plainfield,Karla Desjardins,D,0,0.00%
Planning and Zoning Commission,Plainfield,Daniel Kapszukiewicz,R,0,0.00%
Planning and Zoning Commission Alternate,Plainfield,Zulfiqar Ali,R,0,0.00%
Zoning Board of Appeals,Plainfield,Audrey Richardson Lemieux,D,0,0.00%
Zoning Board of Appeals,Plainfield,Laura A. Dancik,R,0,0.00%
Zoning Board of Appeals Alternate,Plainfield,Ralph W. Hopkins,D,0,0.00%
Police Commissioners,Plainfield,Colleen Lugauskas,D,0,0.00%
Police Commissioners,Plainfield,Lois Dupointe,D,0,0.00%
Police Commissioners,Plainfield,Daniel Hutchinson,R,0,0.00%
Police Commissioners,Plainfield,Joseph T. Sangermano,R,0,0.00%
Judge of Probate District 10 To Fill Vacancy,Plainville,Paul R. Bedard,D,0,0.00%
Town Council,Plainville,Rosemary Morante,D,0,0.00%
Town Council,Plainville,Benjamin Gediman,D,0,0.00%
Town Council,Plainville,Christopher Wazorko,D,0,0.00%
Town Council,Plainville,Daniel Hurley,D,0,0.00%
Town Council,Plainville,Quinn Christopher,D,0,0.00%
Town Council,Plainville,Jered Bruzas,R,0,0.00%
Town Council,Plainville,Deborah Tompkins,R,0,0.00%
Town Council,Plainville,Roberta Lauria,R,0,0.00%
Town Council,Plainville,Seth Winkleman,R,0,0.00%
Town Council,Plainville,Rachel Buchanan,R,0,0.00%
Town Council,Plainville,John E. Kisluk,PC,0,0.00%
Town Council,Plainville,David L. Underwood,PC,0,0.00%
Board of Education Full Term,Plainville,Melissa Sweeney,D,0,0.00%
Board of Education Full Term,Plainville,"Robert Michalik, Jr.",D,0,0.00%
Board of Education Full Term,Plainville,Brittany Bouchard,D,0,0.00%
Board of Education Full Term,Plainville,Joseph Catanzaro,R,0,0.00%
Board of Education Full Term,Plainville,Katherine Pugliese,R,0,0.00%
Board of Education Full Term,Plainville,Cassandra Clark,R,0,0.00%
Board of Education To Fill Vacancy for Two Years,Plainville,Anthony Wasley,D,0,0.00%
Constables,Plainville,Salam Abod,D,0,0.00%
Constables,Plainville,Kathleen Michalik,D,0,0.00%
Constables,Plainville,Shelley Johnson,D,0,0.00%
Constables,Plainville,William Garrity,D,0,0.00%
Constables,Plainville,"Ezio Capozzi, Jr.",R,0,0.00%
Constables,Plainville,Danny Carrier,R,0,0.00%
Constables,Plainville,Rick Drezek,R,0,0.00%
Constables,Plainville,Rejean Carrier,R,0,0.00%
Library Trustee,Plainville,Joyce Goldberg,D,0,0.00%
Library Trustee,Plainville,Barbara Davison,R,0,0.00%
Mayor,Plymouth,David J. Sekorski,D,0,0.00%
Mayor,Plymouth,Joseph Kilduff,R,0,0.00%
Councilman At Large,Plymouth,Susan G. Boilard,D,0,0.00%
Councilman At Large,Plymouth,Roxanne Perugino,D,0,0.00%
Councilman At Large,Plymouth,Joe Green,D,0,0.00%
Councilman At Large,Plymouth,Raymond B. Engle,D,0,0.00%
Councilman At Large,Plymouth,Randy A. Picard,D,0,0.00%
Councilman At Large,Plymouth,Joe Green,R,0,0.00%
Councilman At Large,Plymouth,Anthony Roveto,R,0,0.00%
Councilman At Large,Plymouth,TJ Zagurski,R,0,0.00%
Councilman At Large,Plymouth,Ron Tiscia,R,0,0.00%
Councilman At Large,Plymouth,Kevin LaFland,R,0,0.00%
Town Clerk,Plymouth,Linda Konopaske,R,0,0.00%
Town Treasurer,Plymouth,Janet Engle,D,0,0.00%
Town Treasurer,Plymouth,Susan Murawski,R,0,0.00%
Tax Collector,Plymouth,Pamela D. Pelletier,R,0,0.00%
Board of Finance,Plymouth,Jon Draper,D,0,0.00%
Board of Finance,Plymouth,James Kilduff,R,0,0.00%
Board of Finance,Plymouth,Eugene Croce,R,0,0.00%
Board of Education Full Term,Plymouth,Patrick Perugino,D,0,0.00%
Board of Education Full Term,Plymouth,Nicole Corry,D,0,0.00%
Board of Education Full Term,Plymouth,Kelly Tilton,R,0,0.00%
Board of Education Full Term,Plymouth,Robin Palmer,R,0,0.00%
Board of Education Full Term,Plymouth,Becca Allen,R,0,0.00%
Board of Education To Fill Vacancy for Two Years,Plymouth,Richard J. Foote,D,0,0.00%
Board of Education To Fill Vacancy for Two Years,Plymouth,Gerard Bourbonniere,R,0,0.00%
Board of Assessment Appeals,Plymouth,David F. Boilard,D,0,0.00%
Board of Assessment Appeals,Plymouth,Elizabeth A. Wollenberg,R,0,0.00%
Constables,Plymouth,Brett Festa,D,0,0.00%
Constables,Plymouth,Paul C. Gianesini,D,0,0.00%
Constables,Plymouth,William Kremmel,D,0,0.00%
Constables,Plymouth,Jerry A. Federovich,D,0,0.00%
Constables,Plymouth,George Castle,R,0,0.00%
Constables,Plymouth,Richard Pinkerton,R,0,0.00%
Constables,Plymouth,Christine Ciarmella,R,0,0.00%
Constables,Plymouth,Eric Pelz,R,0,0.00%
Library Trustees Full Term,Plymouth,Joanne Picard,D,0,0.00%
Library Trustees Full Term,Plymouth,Lisa Bower Courtney,D,0,0.00%
Library Trustees Full Term,Plymouth,Barbara Galvin,D,0,0.00%
Library Trustee To Fill Vacancy for Two Years,Plymouth,Alyssa DeBarros,R,0,0.00%
First Selectman,Pomfret,Maureen Nicholson,D,0,0.00%
Selectman,Pomfret,Patrick McCarthy,D,0,0.00%
Selectman,Pomfret,Martha B. Emilio,R,0,0.00%
Selectman,Pomfret,"Alan Burgess Chubbuck, Jr",PC,0,0.00%
Board of Finance Full Term,Pomfret,Christian Smutnick,D,0,0.00%
Board of Finance Full Term,Pomfret,Norine Reingold,D,0,0.00%
Board of Finance Full Term,Pomfret,Heather A. Semenza,R,0,0.00%
Board of Education,Pomfret,Leigh Grossman,D,0,0.00%
Board of Education,Pomfret,Nicholas Stellitano,D,0,0.00%
Board of Education,Pomfret,Kathleen Sposato,R,0,0.00%
Board of Education,Pomfret,Brent A.Tuttle,R,0,0.00%
Board of Education,Pomfret,Sara Emilia Garcia-Gomes,PC,0,0.00%
Board of Assessment Appeals,Pomfret,"Raymond E. Wishart, Jr.",D,0,0.00%
Board of Assessment Appeals,Pomfret,Peter B. Mann,R,0,0.00%
Board of Assessment Appeals,Pomfret,Anthony J. Emilio,R,0,0.00%
Planning & Zoning Commission Full Term,Pomfret,Richard A. Huoppi,D,0,0.00%
Planning & Zoning Commission Full Term,Pomfret,Barbara Herbert,D,0,0.00%
Planning & Zoning Commission Full Term,Pomfret,Bruce W.  Dexter II,R,0,0.00%
Planning & Zoning To Fill Vacancy for Two Years,Pomfret,Adam D. Bruneau,D,0,0.00%
Planning & Zoning Commission Alternate,Pomfret,Carlo Galante,D,0,0.00%
Zoning Board of Appeals,Pomfret,Richard W. Galante,D,0,0.00%
Zoning Board of Appeals Alternate,Pomfret,Blair Busenbark,D,0,0.00%
Constables,Pomfret,Richard A. Huoppi,D,0,0.00%
Constables,Pomfret,Stephen Chouinard,D,0,0.00%
Constables,Pomfret,William A. Ireland,R,0,0.00%
Constables,Pomfret,Christopher Coyle,R,0,0.00%
Constables,Pomfret,Jessica Ireland,R,0,0.00%
Library Trustees Full Term,Pomfret,Timothy Gillane,D,0,0.00%
Library Trustees Full Term,Pomfret,Sally J. Rogers,D,0,0.00%
Library Trustees Full Term,Pomfret,Susan Black,R,0,0.00%
First Selectman,Portland,Michael Pelton,R,0,0.00%
Selectman,Portland,Andrea G. Alfano,D,0,0.00%
Selectman,Portland,James K. Tripp,D,0,0.00%
Selectman,Portland,David T. Kuzminski,D,0,0.00%
Selectman,Portland,John H. Dillon,D,0,0.00%
Selectman,Portland,Vincent Pitruzzello,R,0,0.00%
Selectman,Portland,Robert Hetrick,R,0,0.00%
Selectman,Portland,Timothy Lavoy,R,0,0.00%
Selectman,Portland,Joe Spada,R,0,0.00%
Board of Education,Portland,Jody M. Grosso,D,0,0.00%
Board of Education,Portland,Erin Livensparger,D,0,0.00%
Board of Education,Portland,Bethanne Vergean,D,0,0.00%
Board of Education,Portland,Kim Nagy-Maruschock,D,0,0.00%
Board of Education,Portland,David Murphy,R,0,0.00%
Board of Education,Portland,Anne Whalen,R,0,0.00%
Board of Education,Portland,Karen Renner,R,0,0.00%
Board of Education,Portland,James I. Motes,PC,0,0.00%
Board of Assessment Appeals,Portland,Cynthia L. Tyler,D,0,0.00%
Board of Assessment Appeals,Portland,Kathleen Richards,D,0,0.00%
Board of Assessment Appeals,Portland,"Margaret ""Peggy"" Keser",R,0,0.00%
Board of Assessment Appeals,Portland,William Donahue,R,0,0.00%
Zoning Board of Appeals Full Five Year Term Begins 2025,Portland,Christopher Darby,D,0,0.00%
Zoning Board of Appeals Full Five Year Term Begins 2025,Portland,Lil Whalen,R,0,0.00%
Zoning Board of Appeals Full Five Year Term Begins 2026,Portland,Lauren DeCaprio,D,0,0.00%
Zoning Board of Appeals Full Five Year Term Begins 2026,Portland,Jennifer Tellone,R,0,0.00%
First Selectman,Preston,Sandra Allyn-Gauthier,D,0,0.00%
First Selectman,Preston,Sandra Allyn-Gauthier,R,0,0.00%
Selectman,Preston,Gerald Grabarek,D,0,0.00%
Selectman,Preston,Kenneth Zachem,R,0,0.00%
Town Clerk and Tax Collector,Preston,Jill E Keith,D,0,0.00%
Town Clerk and Tax Collector,Preston,Jill E Keith,R,0,0.00%
Board of Finance,Preston,Mary Gardner,D,0,0.00%
Board of Finance,Preston,Thomas Wright,R,0,0.00%
Board of Finance to Fill Vacancy for Four Years,Preston,Robert Castronova,D,0,0.00%
Board of Finance to Fill Vacancy for Four Years,Preston,Andy Depta,R,0,0.00%
Board of Finance Alternates,Preston,Nathanael Lee,R,0,0.00%
Board of Education Not More Than Two from One Party,Preston,Andrew Koniecko,D,0,0.00%
Board of Education Not More Than Two from One Party,Preston,Kelly McNamara,D,0,0.00%
Board of Education Not More Than Two from One Party,Preston,Nicole Serra,R,0,0.00%
Board of Education Not More Than Two from One Party,Preston,Charles Raymond,R,0,0.00%
Board of Assessment Appeals,Preston,Melissa Lennon,D,0,0.00%
Board of Assessment Appeals,Preston,Greg Moran Sr.,R,0,0.00%
Planning & Zoning Commission,Preston,Kayla Thompson,D,0,0.00%
Planning & Zoning Commission,Preston,Victoria Schulz,D,0,0.00%
Planning & Zoning Commission,Preston,Doreen Rankin,R,0,0.00%
Planning & Zoning Commission,Preston,Charles Raymond,R,0,0.00%
Planning & Zoning Commission Alternate,Preston,Teresa Eickel,D,0,0.00%
Planning & Zoning Commission Alternate,Preston,Thomas Wright,R,0,0.00%
Zoning Board of Appeals,Preston,Michael Hinton,D,0,0.00%
Zoning Board of Appeals,Preston,Nicholas Vegliante,D,0,0.00%
Zoning Board of Appeals Alternate,Preston,Robert Castronova,D,0,0.00%
Zoning Board of Appeals Alternate,Preston,Kaitlin Clabbers,D,0,0.00%
Mayor,Prospect,Robert J Chatfield,R,0,0.00%
Town Council,Prospect,Jessica Hughes,D,0,0.00%
Town Council,Prospect,Chaka Felder,D,0,0.00%
Town Council,Prospect,Christina A Inzitari,D,0,0.00%
Town Council,Prospect,Loreen T Elbakry,D,0,0.00%
Town Council,Prospect,Scott F Martin,R,0,0.00%
Town Council,Prospect,Michael P Palmerie Jr,R,0,0.00%
Town Council,Prospect,Stanley Pilat,R,0,0.00%
Town Council,Prospect,Richard Blanc,R,0,0.00%
Town Council,Prospect,Roger L Sherman Jr,R,0,0.00%
Town Clerk,Prospect,Michelle L Lisowski,R,0,0.00%
Town Treasurer,Prospect,Brenda Lee Martin,R,0,0.00%
Tax Collector,Prospect,Megan A Patchkofsky,R,0,0.00%
Board of Assessment Appeals,Prospect,Antony A Casagrande,D,0,0.00%
Board of Assessment Appeals,Prospect,Deborah A Sims,R,0,0.00%
Board of Assessment Appeals,Prospect,Shawn T Baumann,R,0,0.00%
Planning & Zoning Commission,Prospect,Larry Fitzgerald,D,0,0.00%
Planning & Zoning Commission,Prospect,Alan F Havican,R,0,0.00%
Zoning Board of Appeals,Prospect,Carl L Graveline,D,0,0.00%
Zoning Board of Appeals,Prospect,E Gil Graveline,D,0,0.00%
Regional Board of Education,Prospect,Carey E Fitzgerald,D,0,0.00%
Regional Board of Education,Prospect,Kevin Killeen,R,0,0.00%
Regional Board of Education,Prospect,Robert A. Hiscox,R,0,0.00%
Mayor,Putnam,Norman Barney Seney,D,0,0.00%
Mayor,Putnam,David W. Coderre,R,0,0.00%
Board of Selectmen,Putnam,Gloria Marion,D,0,0.00%
Board of Selectmen,Putnam,Mike Bogdanski,D,0,0.00%
Board of Selectmen,Putnam,J. Scott Pempek,D,0,0.00%
Board of Selectmen,Putnam,Roy Simmons,R,0,0.00%
Board of Selectmen,Putnam,David Pomes,R,0,0.00%
Board of Selectmen,Putnam,"Michael ""Tow Truck"" Paquin",R,0,0.00%
Board of Selectmen,Putnam,Ricky L. Hayes,R,0,0.00%
Board of Finance,Putnam,Kerstin Forrester,D,0,0.00%
Board of Finance,Putnam,Paula J. Hanlon,D,0,0.00%
Board of Finance,Putnam,Shane Donahue,D,0,0.00%
Board of Finance,Putnam,Walter (Scott) Irwin,R,0,0.00%
Board of Finance,Putnam,Julie Quinn,R,0,0.00%
Board of Finance,Putnam,Lisa-Jean Clifford,R,0,0.00%
Board of Finance Alternate,Putnam,Linda Garcia,D,0,0.00%
Board of Finance Alternate,Putnam,Christopher Steinbrick,R,0,0.00%
Board of Finance Alternate,Putnam,Ronald Michael Stewart,R,0,0.00%
Board of Education Full Term,Putnam,Frances P. Bousquet,D,0,0.00%
Board of Education Full Term,Putnam,Jon Chad Neal,D,0,0.00%
Board of Education Full Term,Putnam,Elizabeth Beman,D,0,0.00%
Board of Education Full Term,Putnam,Jamie J. Heath,D,0,0.00%
Board of Education Full Term,Putnam,Monique L. Mailloux,R,0,0.00%
Board of Education Full Term,Putnam,James Purdon,R,0,0.00%
Board of Education To Fill Vacancy for Two Years,Putnam,Jill Zangerl,D,0,0.00%
Board of Assessment Appeals,Putnam,Lauren Heidelberger,D,0,0.00%
Board of Assessment Appeals,Putnam,Cindy Bissonnette,R,0,0.00%
Library Directors Full Term,Putnam,Donald Nelson,D,0,0.00%
Library Directors Full Term,Putnam,Catherine Taylor,R,0,0.00%
Library Director To Fill Vacancy for Four Years,Putnam,John F. Dignam,D,0,0.00%
Library Director To Fill Vacancy for Two Years,Putnam,Victoria Baker,D,0,0.00%
District Authority Two Year Term Begins 2026,Putnam,Ross Johnson,D,0,0.00%
District Authority Two Year Term Begins 2026,Putnam,Stephen Etzel,D,0,0.00%
District Authority Two Year Term Begins 2026,Putnam,Anne St.Onge,D,0,0.00%
District Authority Two Year Term Begins 2026,Putnam,Joe Carvalho,D,0,0.00%
District Authority Two Year Term Begins 2026,Putnam,Steven Gagnon,R,0,0.00%
District Authority Two Year Term Begins 2026,Putnam,Brian Maynard,R,0,0.00%
District Authority Two Year Term Begins 2026,Putnam,Earl Rosebrooks,R,0,0.00%
District Authority Two Year Term Begins 2026,Putnam,Norm Perron,R,0,0.00%
First Selectman,Redding,Julia Pemberton,D,1805,100.00%
Selectman,Redding,Diana M. Carlino,D,1504,66.20%
Selectman,Redding,Michael P. Thompson,R,768,33.80%
Town Clerk,Redding,Michele R. Grande,D,1614,71.86%
Town Clerk,Redding,Michele R. Grande,R,632,28.14%
Town Treasurer,Redding,W. Wesley Higgins,D,1595,71.56%
Town Treasurer,Redding,W. Wesley Higgins,R,634,28.44%
Tax Collector,Redding,Patricia J. Moisio,D,1581,71.54%
Tax Collector,Redding,Patricia J. Moisio,R,629,28.46%
Board of Finance,Redding,Roger E. Van Ausdal,D,1697,63.99%
Board of Finance,Redding,Jenifer Wyss,R,955,36.01%
Board of Education,Redding,Chirag Sadana,D,1544,34.46%
Board of Education,Redding,Laura Worosz,D,1554,34.68%
Board of Education,Redding,Katie R. Risk,R,716,15.98%
Board of Education,Redding,John Belfatto,R,667,14.89%
Board of Assessment Appeals,Redding,Gregory Stackpole,R,1148,100.00%
Planning Commission,Redding,Laurie L. Heiss,D,1707,45.68%
Planning Commission,Redding,Steve Gagnon,R,982,26.28%
Planning Commission,Redding,Jess Gaspar,R,1048,28.04%
Zoning Commission,Redding,Amy L. Atamian,D,1700,63.98%
Zoning Commission,Redding,Wiliam Miller,R,957,36.02%
Zoning Board of Appeals,Redding,Jonathan Hopkins,D,1684,63.24%
Zoning Board of Appeals,Redding,Jill  H. Cilo,R,979,36.76%
Zoning Board of Appeals Alternates,Redding,Sarah Unfried,R,996,54.88%
Zoning Board of Appeals Alternates,Redding,Leif Smith,G,819,45.12%
Constables,Redding,Ron Derven,D,1454,18.94%
Constables,Redding,Jeffrey A. Boxer,D,1498,19.51%
Constables,Redding,Jeffery Fligelman,D,1490,19.41%
Constables,Redding,Cheryl Graziano,D,1556,20.27%
Constables,Redding,Jeanine Herman,R,744,9.69%
Constables,Redding,Urs B. Furrer,R,690,8.99%
Constables,Redding,Leif Smith,G,245,3.19%
Regional Board of Education,Redding,Meghan Bendish,D,1748,50.06%
Regional Board of Education,Redding,Kristina Scaviola,D,1744,49.94%
Board of Finance,Ridgefield,Andrew Okrongly,D,0,0.00%
Board of Finance,Ridgefield,Mike Rettger,D,0,0.00%
Board of Finance,Ridgefield,Marty Heiser,R,0,0.00%
Board of Finance,Ridgefield,Andrea Beebe,R,0,0.00%
Board of Education Full Term,Ridgefield,Kathryn Graf,D,0,0.00%
Board of Education Full Term,Ridgefield,Scott Sigel,D,0,0.00%
Board of Education Full Term,Ridgefield,Angela Rice,D,0,0.00%
Board of Education Full Term,Ridgefield,Tina Malhotra,D,0,0.00%
Board of Education Full Term,Ridgefield,Debra Franceschini,R,0,0.00%
Board of Education Full Term,Ridgefield,Divya Dorairajan,IND,0,0.00%
Board of Education To Fill Vacancy for Two Years,Ridgefield,Rachel Marino,R,0,0.00%
Board of Assessment Appeals,Ridgefield,Andy Sternlieb,D,0,0.00%
Board of Assessment Appeals,Ridgefield,Michael Schmer,R,0,0.00%
Planning & Zoning Commission Full Term,Ridgefield,Joe Dowdell,D,0,0.00%
Planning & Zoning Commission Full Term,Ridgefield,Elizabeth DiSalvo,D,0,0.00%
Planning & Zoning Commission Full Term,Ridgefield,Mariah Okrongly,D,0,0.00%
Planning & Zoning Commission Full Term,Ridgefield,Joseph Sorena,R,0,0.00%
Planning & Zoning Commission Full Term,Ridgefield,Christopher Molyneaux,R,0,0.00%
Planning & Zoning Commission to Fill Vacancy for Two Years,Ridgefield,Benjamin Nissim,D,0,0.00%
Zoning Board of Appeals Full Five Year Term Begins 2025,Ridgefield,Alexander Lycoyannis,R,0,0.00%
Zoning Board of Appeals Full Five Year Term Begins 2026,Ridgefield,Joseph M Pastore III,D,0,0.00%
Zoning Board of Appeals Alternate Five Year Term Begins 2025,Ridgefield,Mike Santini,D,0,0.00%
Zoning Board of Appeals Alternate Five Year Term Begins 2026,Ridgefield,Michael Stenko,R,0,0.00%
Inland Wetlands Board Full Term,Ridgefield,David L Smith,D,0,0.00%
Inland Wetlands Board Full Term,Ridgefield,Keith Carlson,D,0,0.00%
Inland Wetlands Board Full Term,Ridgefield,Tim Bishop,R,0,0.00%
Inland Wetlands Board to Fill Vacancy for Two Years,Ridgefield,Noah Berkowicz,D,0,0.00%
Inland Wetlands Board to Fill Vacancy for Two Years,Ridgefield,Chris Luffman,R,0,0.00%
Board of Police Commissioners,Ridgefield,Sharon Wicks Dornfeld,D,0,0.00%
Board of Police Commissioners,Ridgefield,Stephen Riebling,D,0,0.00%
Board of Police Commissioners,Ridgefield,John Frey,R,0,0.00%
Board of Police Commissioners,Ridgefield,Marcie Coffin,R,0,0.00%
Mayor,Rocky Hill,Allan Smith,D,0,0.00%
Mayor,Rocky Hill,Lisa Marotta,R,0,0.00%
Town Council,Rocky Hill,Zach van Luling,D,0,0.00%
Town Council,Rocky Hill,Mukesh Desai,D,0,0.00%
Town Council,Rocky Hill,Miriam Lifshitz-Theroux,D,0,0.00%
Town Council,Rocky Hill,John Emmanuel,D,0,0.00%
Town Council,Rocky Hill,Melissa Kaplan,D,0,0.00%
Town Council,Rocky Hill,Francis J. Whelan III,R,0,0.00%
Town Council,Rocky Hill,David Sevigny,R,0,0.00%
Town Council,Rocky Hill,Pankaj Prakash,R,0,0.00%
Town Council,Rocky Hill,Allan Greenspan,R,0,0.00%
Town Council,Rocky Hill,Jeffrey Levine,R,0,0.00%
Board of Education,Rocky Hill,Jennifer Baron-Morfea,D,0,0.00%
Board of Education,Rocky Hill,Jessica Loffredo,D,0,0.00%
Board of Education,Rocky Hill,Maria Mennella,D,0,0.00%
Board of Education,Rocky Hill,Tom Cosker,D,0,0.00%
Board of Education,Rocky Hill,Kristen Dudanowicz,D,0,0.00%
Board of Education,Rocky Hill,Amber Tucker,R,0,0.00%
Board of Education,Rocky Hill,Bryan Addy,R,0,0.00%
Board of Education,Rocky Hill,Steven Slattery,R,0,0.00%
Board of Education,Rocky Hill,Jay Chhabra,R,0,0.00%
Board of Education,Rocky Hill,Brian P. Clemens,R,0,0.00%
Board of Assessment Appeals,Rocky Hill,Indrani Chakraborty,D,0,0.00%
Board of Assessment Appeals,Rocky Hill,Kathryne Alexander,D,0,0.00%
Board of Assessment Appeals,Rocky Hill,Marti Stiglich,R,0,0.00%
Board of Assessment Appeals,Rocky Hill,Guy Drapeau,R,0,0.00%
Zoning Board of Appeals,Rocky Hill,Donald Pitkin,D,0,0.00%
Zoning Board of Appeals,Rocky Hill,Daniel Bishop,D,0,0.00%
Zoning Board of Appeals,Rocky Hill,Gregory Pickett,D,0,0.00%
Zoning Board of Appeals,Rocky Hill,Sean Boyle,R,0,0.00%
Zoning Board of Appeals,Rocky Hill,Michelle Zak,R,0,0.00%
Zoning Board of Appeals,Rocky Hill,Jon Beaty,R,0,0.00%
Zoning Board of Appeals Alternates,Rocky Hill,Ken Kaplan,D,0,0.00%
Zoning Board of Appeals Alternates,Rocky Hill,Robert Downes,D,0,0.00%
Zoning Board of Appeals Alternates,Rocky Hill,Justino J Sampaio,R,0,0.00%
Zoning Board of Appeals Alternates,Rocky Hill,Dilip Desai,R,0,0.00%
First Selectman,Roxbury,Patrick J Roy,D,401,63.55%
First Selectman,Roxbury,Patrick J Roy,R,230,36.45%
Selectmen,Roxbury,Kim Tester,D,377,58.54%
Selectmen,Roxbury,Russell J Dirienzo,R,267,41.46%
Town Clerk,Roxbury,Peter A Hurlbut,D,393,61.02%
Town Clerk,Roxbury,Peter A Hurlbut,R,251,38.98%
Tax Collector,Roxbury,Kimberly Pokrywka,D,399,62.44%
Tax Collector,Roxbury,Kimberly Pokrywka,R,240,37.56%
Board of Finance Full Term,Roxbury,Edwin N Cady,D,286,23.83%
Board of Finance Full Term,Roxbury,Holly Stark,D,405,33.75%
Board of Finance Full Term,Roxbury,Edwin N Cady,R,244,20.33%
Board of Finance Full Term,Roxbury,Mathew Roush,R,265,22.08%
Board of Finance To Fill Vacancy for Two Years,Roxbury,Timothy Armbruster,D,362,59.44%
Board of Finance To Fill Vacancy for Two Years,Roxbury,Timothy Armbruster,R,247,40.56%
Board of Assessment Appeals,Roxbury,James A Hurlbut,D,384,31.27%
Board of Assessment Appeals,Roxbury,Cathy Masi,D,371,30.21%
Board of Assessment Appeals,Roxbury,James A Hurlbut,R,243,19.79%
Board of Assessment Appeals,Roxbury,Cathy Masi,R,230,18.73%
Planning Commission,Roxbury,Robert Munson Jr,D,355,28.89%
Planning Commission,Roxbury,David Beckstrom,D,373,30.35%
Planning Commission,Roxbury,Robert Munson Jr,R,244,19.85%
Planning Commission,Roxbury,Deirdre Daly,R,257,20.91%
Planning Commission Alternate,Roxbury,Danielle Fredericks,D,372,60.88%
Planning Commission Alternate,Roxbury,Danielle Fredericks,R,239,39.12%
Library Director Full Term,Roxbury,Cynthia Newby,D,384,20.89%
Library Director Full Term,Roxbury,Pamela J Southworth,D,377,20.51%
Library Director Full Term,Roxbury,Ciara Gorglione,D,373,20.29%
Library Director Full Term,Roxbury,Cynthia Newby,R,232,12.62%
Library Director Full Term,Roxbury,Pamela J Southworth,R,236,12.84%
Library Director Full Term,Roxbury,Ciara Gorglione,R,236,12.84%
First Selectman,Salem,Sue Spang,D,0,0.00%
First Selectman,Salem,Ronald J. LaBonte,R,0,0.00%
Selectmen,Salem,Diane Weston,D,0,0.00%
Selectmen,Salem,Gary J. Closius,D,0,0.00%
Selectmen,Salem,Ed Chmielewski,R,0,0.00%
Selectmen,Salem,Pamela Munro,R,0,0.00%
Town Clerk,Salem,Julie Stoken,R,0,0.00%
Town Treasurer,Salem,Krystal Hales,R,0,0.00%
Tax Collector,Salem,Vivian Waters,R,0,0.00%
Board of Finance,Salem,Matthew Rucci,D,0,0.00%
Board of Finance,Salem,Jim Moran,R,0,0.00%
Board of Finance,Salem,James Jorgensen,R,0,0.00%
Board of Finance Alternate,Salem,John Gadbois,R,0,0.00%
Board of Education Full Term,Salem,Jennifer Rucci,D,0,0.00%
Board of Education Full Term,Salem,Perry Raulerson,D,0,0.00%
Board of Education Full Term,Salem,Krystal Hales,R,0,0.00%
Board of Education Full Term,Salem,Kennedy Munro,R,0,0.00%
Board of Education To Fill a Vacancy for Four Years,Salem,Arthur C. Nagel,D,0,0.00%
Board of Education To Fill a Vacancy for Four Years,Salem,Jocelyn Glidewell,R,0,0.00%
Board of Education To Fill Vacancy for Two Years,Salem,Maria Lucia Cuadros,D,0,0.00%
Board of Education To Fill Vacancy for Two Years,Salem,Erik Trotter,R,0,0.00%
Board of Assessment Appeals,Salem,Dennis Girard,D,0,0.00%
Board of Assessment Appeals,Salem,Robert Green,R,0,0.00%
Planning & Zoning Commission,Salem,Tony Griggs,D,0,0.00%
Planning & Zoning Commission,Salem,Kim Hargrave,D,0,0.00%
Planning & Zoning Commission,Salem,Sarah Diamond,D,0,0.00%
Planning & Zoning Commission,Salem,Patrick Donovan II,R,0,0.00%
Planning & Zoning Commission,Salem,Vernon Smith,R,0,0.00%
Planning & Zoning Commission,Salem,Mark Medrzychowski,R,0,0.00%
Planning & Zoning Commission Alternate Full Term,Salem,Sophie Arustei,D,0,0.00%
Planning & Zoning Commission Alternate To Fill Vacancy for Two Years,Salem,Costa Konstantinidis,R,0,0.00%
Zoning Board of Appeals,Salem,Becky Nortz,D,0,0.00%
Zoning Board of Appeals,Salem,Jennifer Lindo,D,0,0.00%
Zoning Board of Appeals,Salem,Emil Casciano,R,0,0.00%
Zoning Board of Appeals,Salem,LaVan Norwood,R,0,0.00%
Zoning Board of Appeals Alternate,Salem,Ed Artale,D,0,0.00%
Library Board of Directors Full Term,Salem,Mary E. Whittaker,D,0,0.00%
Library Board of Directors Full Term,Salem,Becky Nortz,D,0,0.00%
Library Board of Directors Full Term,Salem,Teresa Jorgensen,R,0,0.00%
Library Board of Directors Full Term,Salem,Allie Fritz,R,0,0.00%
Library Board of Directors To Fill Vacancy for Four Years,Salem,Mary N. Cikatz,D,0,0.00%
Library Board of Directors To Fill Vacancy for Four Years,Salem,Michelle Mills,R,0,0.00%
First Selectman,Salisbury,Curtis Rand,D,0,0.00%
Selectmen,Salisbury,Barrett Prinz,D,0,0.00%
Selectmen,Salisbury,Don Mayland,R,0,0.00%
Selectmen,Salisbury,Katherine Kiefer,PC,0,0.00%
Board of Finance,Salisbury,Emily Vail,D,0,0.00%
Board of Education,Salisbury,Lauren Brown,D,0,0.00%
Board of Education,Salisbury,Elizabeth Dittmer,D,0,0.00%
Board of Education,Salisbury,Natalia Smirnova,WI,0,0.00%
Board of Assessment Appeals,Salisbury,William Tedder,D,0,0.00%
Board of Assessment Appeals,Salisbury,Peter Becket,R,0,0.00%
Planning & Zoning Commission,Salisbury,Danella Schiffer,D,0,0.00%
Planning & Zoning Commission,Salisbury,Cathy Shyer,D,0,0.00%
Planning & Zoning Commission,Salisbury,Allen Cockerline,D,0,0.00%
Planning & Zoning Commission Alternate,Salisbury,Beth Wells,D,0,0.00%
Planning & Zoning Commission Alternate,Salisbury,Jen Ventimilia,D,0,0.00%
Zoning Board of Appeals,Salisbury,Roxanne Belter Lee,D,0,0.00%
Zoning Board of Appeals,Salisbury,M E Freeman,D,0,0.00%
Zoning Board of Appeals Alternates,Salisbury,Cori Daggett,D,0,0.00%
Regional Board of Education,Salisbury,Flora Lazar,D,0,0.00%
First Selectman,Scotland,Michael Barton Laws,D,133,33.59%
First Selectman,Scotland,"Dana E Barrow, Jr",R,263,66.41%
Selectman,Scotland,John W Aldrich,D,176,45.24%
Selectman,Scotland,Michael S.Gurnack Jr,R,213,54.76%
Board of Education,Scotland,Morgan M Conley,D,208,28.93%
Board of Education,Scotland,Michael H Gile Jr,R,247,34.35%
Board of Education,Scotland,Clark W Stearns,R,264,36.72%
Board of Assessment Appeals,Scotland,Elizabeth P Delaney,D,163,41.58%
Board of Assessment Appeals,Scotland,Peter E. Reardon,R,229,58.42%
Planning & Zoning Commission,Scotland,Jeffrey A Jakubowski,D,153,27.57%
Planning & Zoning Commission,Scotland,Reuben J Manning,D,198,35.68%
Planning & Zoning Commission,Scotland,Jeffrey A Jakubowski,R,204,36.76%
Planning & Zoning Commission Alternates,Scotland,Henry H Bowers,D,187,42.31%
Planning & Zoning Commission Alternates,Scotland,Douglas A George,R,255,57.69%
Constables,Scotland,Peter E. Reardon,R,279,50.73%
Constables,Scotland,"Robert L Beaumont, Jr",R,271,49.27%
Library Directors,Scotland,Megan M Nelson,D,164,19.76%
Library Directors,Scotland,Amy L Russell,D,178,21.45%
Library Directors,Scotland,Bobbie Maschka,R,252,30.36%
Library Directors,Scotland,Brenda L. Gagnon,R,236,28.43%
First Selectwoman,Seymour,Theresa W. Conroy,D,0,0.00%
First Selectwoman,Seymour,Annmarie Drugonis,R,0,0.00%
Selectpersons,Seymour,Brianna Girard,D,0,0.00%
Selectpersons,Seymour,Kevin J. Atterberry,D,0,0.00%
Selectpersons,Seymour,"Philip Wilhelmy, III",D,0,0.00%
Selectpersons,Seymour,Doug Zaniewski,D,0,0.00%
Selectpersons,Seymour,Trisha Danka,R,0,0.00%
Selectpersons,Seymour,Al Bruno,R,0,0.00%
Selectpersons,Seymour,Scott Andrews,R,0,0.00%
Selectpersons,Seymour,Bob Findley,R,0,0.00%
Board of Finance,Seymour,Kristyn Hanewicz,D,0,0.00%
Board of Finance,Seymour,Leon Sloat,D,0,0.00%
Board of Finance,Seymour,Tracy A. Rappa,D,0,0.00%
Board of Finance,Seymour,Joseph Michael Niezelski,D,0,0.00%
Board of Finance,Seymour,Quinn Levey,R,0,0.00%
Board of Finance,Seymour,Richard Demko,R,0,0.00%
Board of Finance,Seymour,Beverly Kennedy,R,0,0.00%
Board of Finance Alternate,Seymour,Michael Flynn,D,0,0.00%
Board of Finance Alternate,Seymour,James Amidon,D,0,0.00%
Board of Finance Alternate,Seymour,Mary Kruger,D,0,0.00%
Board of Finance Alternate,Seymour,Andrew North,R,0,0.00%
Board of Finance Alternate,Seymour,Robin Andrews,R,0,0.00%
Board of Education,Seymour,Stephan Behuniak,D,0,0.00%
Board of Education,Seymour,Manpreet Sachdeva,D,0,0.00%
Board of Education,Seymour,Ed Strumello,D,0,0.00%
Board of Education,Seymour,Christopher Champagne,R,0,0.00%
Board of Education,Seymour,Kristen Bruno,R,0,0.00%
Board of Education,Seymour,Peter Kubik,R,0,0.00%
Board of Assessment Appeals,Seymour,Rosalie Averill,D,0,0.00%
Board of Assessment Appeals,Seymour,Saundra J. Gesek,D,0,0.00%
Board of Assessment Appeals,Seymour,Scott Blakeman,R,0,0.00%
Board of Assessment Appeals,Seymour,Paul Wetowitz,R,0,0.00%
Planning & Zoning Commission,Seymour,Michael Matovu,D,0,0.00%
Planning & Zoning Commission,Seymour,Matthew Malberti,D,0,0.00%
Planning & Zoning Commission,Seymour,Brian N. Sirowich,R,0,0.00%
Police Commissioners,Seymour,Thomas LaPaglia,D,0,0.00%
Police Commissioners,Seymour,Leslie Girard,D,0,0.00%
Police Commissioners,Seymour,"Robert J. Koskelowski, Sr.",R,0,0.00%
Police Commissioners,Seymour,John Duke,R,0,0.00%
Library Trustees,Seymour,Mark W. Pierce,D,0,0.00%
Library Trustees,Seymour,Monika Szirtes,D,0,0.00%
Library Trustees,Seymour,"Alexander J. Danka, III",R,0,0.00%
Library Trustees,Seymour,Paula F. Chapla,R,0,0.00%
First Selectman,Sharon,Casey T. Flanagan,D,0,0.00%
Board of Selectmen,Sharon,Lynn S. Kearcher,D,0,0.00%
Board of Selectmen,Sharon,John G. Brett,PC,0,0.00%
Town Clerk,Sharon,Bianca DelTufo,D,0,0.00%
Town Treasurer,Sharon,Tina M. Pitcher,D,0,0.00%
Town Treasurer,Sharon,Tina M. Pitcher,R,0,0.00%
Tax Collector,Sharon,Donna Christensen,D,0,0.00%
Tax Collector,Sharon,Donna Christensen,R,0,0.00%
Board of Finance Full Term,Sharon,John P. Hecht,D,0,0.00%
Board of Finance Full Term,Sharon,Mary Robertson,R,0,0.00%
Board of Finance To Fill Vacancy for Two Years,Sharon,Michele W. Pastre,R,0,0.00%
Board of Finance Alternate To Fill Vacancy for Four Years,Sharon,Mary Anne Toppan,R,0,0.00%
Board of Education Full Term,Sharon,Terry Vance,D,0,0.00%
Board of Education Full Term,Sharon,Pam Jarvis,D,0,0.00%
Board of Education Full Term,Sharon,Cathy Winburn,R,0,0.00%
Board of Education Full Term,Sharon,Chip Kruger,R,0,0.00%
Board of Education To Fill Vacancy for Two Years,Sharon,Peter Birnbaum,D,0,0.00%
Board of Assessment Appeals,Sharon,Debbie Hanlon,D,0,0.00%
Planning & Zoning Commission,Sharon,Susan Lynn,D,0,0.00%
Planning & Zoning Commission,Sharon,"Stanley MacMillan, Jr.",D,0,0.00%
Planning & Zoning Commission,Sharon,"Stanley MacMillan, Jr.",R,0,0.00%
Planning & Zoning Commission Alternate,Sharon,Andrus Nichols,D,0,0.00%
Zoning Board of Appeals Full Term,Sharon,James Wexler,D,0,0.00%
Zoning Board of Appeals Full Term,Sharon,Scott Pastre,R,0,0.00%
Zoning Board of Appeals To Fill Vacancy for Two Years,Sharon,Theodore Coulombe,D,0,0.00%
Zoning Board of Appeals Alternate,Sharon,Pauline R. Moore,D,0,0.00%
Regional Board of Education,Sharon,Sara Cousins,D,0,0.00%
Mayor,Shelton,Bette Lynn Paez,D,0,0.00%
Mayor,Shelton,Mark A. Lauretti,R,0,0.00%
Mayor,Shelton,David A. Eldridge,PC,0,0.00%
City Treasurer,Shelton,Mandy Kilmartin,D,0,0.00%
City Treasurer,Shelton,Raymond M. O'Leary,R,0,0.00%
Board of Aldermen First Ward,Shelton,"Robert L. Anderson, III",D,0,0.00%
Board of Aldermen First Ward,Shelton,Drew R. Lewis,D,0,0.00%
Board of Aldermen First Ward,Shelton,Porter McKinnon,R,0,0.00%
Board of Aldermen First Ward,Shelton,Anthony F. Simonetti,R,0,0.00%
Board of Aldermen Second Ward,Shelton,Kevin W. Kosty,D,0,0.00%
Board of Aldermen Second Ward,Shelton,Bryan J. Lizotte,D,0,0.00%
Board of Aldermen Second Ward,Shelton,"Benjamin W. Perry, Jr.",R,0,0.00%
Board of Aldermen Second Ward,Shelton,Eric J. McPherson,R,0,0.00%
Board of Aldermen Third Ward,Shelton,Mike Duncan,D,0,0.00%
Board of Aldermen Third Ward,Shelton,Thomas W. Harbinson,D,0,0.00%
Board of Aldermen Third Ward,Shelton,"John F. Anglace, Jr.",R,0,0.00%
Board of Aldermen Third Ward,Shelton,Cris S. Balamaci,R,0,0.00%
Board of Aldermen Fourth Ward,Shelton,C. Paul Littlefield,D,0,0.00%
Board of Aldermen Fourth Ward,Shelton,Dawson K. Shyne-Appignani,D,0,0.00%
Board of Aldermen Fourth Ward,Shelton,Lorenzo Durante,R,0,0.00%
Board of Aldermen Fourth Ward,Shelton,"Bernard J. Simons, Jr.",R,0,0.00%
Board of Apportionment and Taxation,Shelton,Greta Jacobsen,D,0,0.00%
Board of Apportionment and Taxation,Shelton,Wayne L. Bragg,D,0,0.00%
Board of Apportionment and Taxation,Shelton,Anthony M. SanMiguel,D,0,0.00%
Board of Apportionment and Taxation,Shelton,"John A. Belden, Jr.",R,0,0.00%
Board of Apportionment and Taxation,Shelton,John A. Boyko,R,0,0.00%
Board of Apportionment and Taxation,Shelton,Joanna L. Carloni,R,0,0.00%
"Board of Education, Not More than Five from One Party",Shelton,Kate Kutash,D,0,0.00%
"Board of Education, Not More than Five from One Party",Shelton,Patricia M. Moonan,D,0,0.00%
"Board of Education, Not More than Five from One Party",Shelton,Carole Pannozzo,D,0,0.00%
"Board of Education, Not More than Five from One Party",Shelton,Lorraine B. Rossner,D,0,0.00%
"Board of Education, Not More than Five from One Party",Shelton,Joan F. Littlefield,D,0,0.00%
"Board of Education, Not More than Five from One Party",Shelton,"Joseph C. Pelaggi, IV",R,0,0.00%
"Board of Education, Not More than Five from One Party",Shelton,Jason M. Neves,R,0,0.00%
"Board of Education, Not More than Five from One Party",Shelton,Richard M. O'Connor,R,0,0.00%
"Board of Education, Not More than Five from One Party",Shelton,Jim Feehan,R,0,0.00%
"Board of Education, Not More than Five from One Party",Shelton,Anthony Smeraglino,R,0,0.00%
Planning & Zoning Commission Four Year Term,Shelton,Kevin C. Paucar,D,0,0.00%
Planning & Zoning Commission Four Year Term,Shelton,Jimmy Tickey,D,0,0.00%
Planning & Zoning Commission Four Year Term,Shelton,Robert J. Cristiano,R,0,0.00%
Planning & Zoning Commission Four Year Term,Shelton,Win Oppel,R,0,0.00%
Planning & Zoning Commission Alternates,Shelton,Matt McGee,D,0,0.00%
Planning & Zoning Commission Alternates,Shelton,Ken Bertola,R,0,0.00%
Library Board of Directors,Shelton,Nathan K. Diur,D,0,0.00%
Library Board of Directors,Shelton,Edward A. Szalan,R,0,0.00%
Library Board of Directors,Shelton,Sally Finck,R,0,0.00%
First Selectman,Sherman,DON LOWE,D,835,87.53%
First Selectman,Sherman,BRIANA E GRENIER,PC,119,12.47%
Selectman,Sherman,JOEL BRUZINSKI,D,524,53.63%
Selectman,Sherman,BOB OSTROSKY,R,453,46.37%
Town Clerk,Sherman,CAROL L HAVENS,R,798,100.00%
Town Treasurer,Sherman,ANDREA MALONEY,R,764,100.00%
Tax Collector,Sherman,TABITHA FAZZONE,R,764,100.00%
"Board of Education, Three to be elected - Not More Than Two from One Party",Sherman,KATE FREY,D,678,35.59%
"Board of Education, Three to be elected - Not More Than Two from One Party",Sherman,JAMES PHILIPAKOS,R,590,30.97%
"Board of Education, Three to be elected - Not More Than Two from One Party",Sherman,KRISTIN GRASSELER,R,637,33.44%
Board of Assessment Appeals Full Term,Sherman,ANN GERSCHEFSKI,D,556,56.45%
Board of Assessment Appeals Full Term,Sherman,GEORGE O LINKLETTER,R,429,43.55%
Board of Assessment Appeals To Fill Vacancy for Two Years,Sherman,JAMES BAIRD,D,571,57.79%
Board of Assessment Appeals To Fill Vacancy for Two Years,Sherman,SCOTT GUINTA,R,417,42.21%
Planning & Zoning Commission,Sherman,SAMANTHA ADDONIZIO-BUTTS,D,615,27.74%
Planning & Zoning Commission,Sherman,JERROLD L SIEGEL,D,569,25.67%
Planning & Zoning Commission,Sherman,RYAN PEBURN,R,513,23.14%
Planning & Zoning Commission,Sherman,DAVID FEBBRAIO,R,520,23.46%
Planning & Zoning Commission Alternates,Sherman,LAUREN WEBER,D,645,35.91%
Planning & Zoning Commission Alternates,Sherman,JULIA VERLAINE,R,543,30.23%
Planning & Zoning Commission Alternates,Sherman,JILL FINCH,R,608,33.85%
Zoning Board of Appeals Five Year Term Begins 2026,Sherman,KATHLEEN FAZZONE,R,698,100.00%
Zoning Board of Appeals Five Year Term Begins 2027,Sherman,RICHARD DEVINE,R,688,100.00%
Constables,Sherman,JAMES F BAIRD,D,650,25.56%
Constables,Sherman,MICHAEL CRAWFORD,R,618,24.30%
Constables,Sherman,GEORGE O LINKLETTER,R,586,23.04%
Constables,Sherman,ROBERT OSTROSKY,R,689,27.09%
First Selectman,Simsbury,Wendy Mackstutis,D,0,0.00%
First Selectman,Simsbury,Heather Goetz,R,0,0.00%
First Selectman,Simsbury,Eric Sean Wellman,PC,0,0.00%
Selectman,Simsbury,Curtis Looney,D,0,0.00%
Selectman,Simsbury,Diana Yeisley,D,0,0.00%
Selectman,Simsbury,Steven Antonio,D,0,0.00%
Selectman,Simsbury,Kevin Beal,R,0,0.00%
Selectman,Simsbury,Ed Matteo,R,0,0.00%
Selectman,Simsbury,Mike Paine,R,0,0.00%
Board of Finance,Simsbury,Regina K. Pynn,D,0,0.00%
Board of Finance,Simsbury,Lalitha Shivaswamy,D,0,0.00%
Board of Finance,Simsbury,Spencer Mullen,R,0,0.00%
Board of Finance,Simsbury,Angel Goldman,R,0,0.00%
Board of Education,Simsbury,Tara Donohue Willerup,D,0,0.00%
Board of Education,Simsbury,Stephen O'Brien,D,0,0.00%
Board of Education,Simsbury,Silvia Goldman,R,0,0.00%
Board of Education,Simsbury,Brian Watson,R,0,0.00%
Board of Assessment Appeals,Simsbury,Scott Barnett,R,0,0.00%
Planning Commission,Simsbury,Nicholas Criscitelli,D,0,0.00%
Planning Commission,Simsbury,Marcus Furze,D,0,0.00%
Planning Commission,Simsbury,Scott Brickey,R,0,0.00%
Planning Commission,Simsbury,Sean Brittell,R,0,0.00%
Planning Commission,Simsbury,Julie Eaton,R,0,0.00%
Planning Commission Alternate To Fill Vacancy for Two Years,Simsbury,"Paul Sullivan, Sr.",R,0,0.00%
Zoning Commission,Simsbury,Tony Braz,D,0,0.00%
Zoning Commission,Simsbury,Dagny Griswold,D,0,0.00%
Zoning Commission,Simsbury,"Leo Collins, Jr.",R,0,0.00%
Zoning Commission,Simsbury,Jackie Battos,R,0,0.00%
Zoning Commission,Simsbury,Brad Mead,R,0,0.00%
Zoning Commission Alternates To Fill Vacancy for Two Years,Simsbury,Doug McKown,D,0,0.00%
Zoning Commission Alternates To Fill Vacancy for Two Years,Simsbury,Stacie Espeso,R,0,0.00%
Zoning Commission Alternates To Fill Vacancy for Two Years,Simsbury,Dusty Shimkus,R,0,0.00%
Zoning Board of Appeals Full Term,Simsbury,Ram Kaza,D,0,0.00%
Zoning Board of Appeals Full Term,Simsbury,Margaret Rudin,D,0,0.00%
Zoning Board of Appeals Full Term,Simsbury,Ken Williams,R,0,0.00%
Zoning Board of Appeals Full Term,Simsbury,Ellen Gilbert,R,0,0.00%
Zoning Board of Appeals Full Term,Simsbury,"Leo Cain, Jr.",R,0,0.00%
Zoning Board of Appeals To Fill Vacancy for Two Years,Simsbury,Jonathan Yeisley,D,0,0.00%
Zoning Board of Appeals To Fill Vacancy for Two Years,Simsbury,Trevor Brittell,R,0,0.00%
Zoning Board of Appeals Alternates To Fill Vacancy for Two Years,Simsbury,John Merz,D,0,0.00%
Zoning Board of Appeals Alternates To Fill Vacancy for Two Years,Simsbury,Amy McLean Salls,D,0,0.00%
Zoning Board of Appeals Alternates To Fill Vacancy for Two Years,Simsbury,Kelly Kearney,R,0,0.00%
Zoning Board of Appeals Alternates To Fill Vacancy for Two Years,Simsbury,Andrew Droney,R,0,0.00%
Zoning Board of Appeals Alternates To Fill Vacancy for Two Years,Simsbury,Tim Walczak,R,0,0.00%
Library Board of Trustee Full Term,Simsbury,Don Heymann,D,0,0.00%
Library Board of Trustee Full Term,Simsbury,Anne Erickson,R,0,0.00%
Library Board of Trustee Full Term,Simsbury,Susan Ray,R,0,0.00%
Library Board of Trustee Full Term,Simsbury,Jennifer Pringle,R,0,0.00%
Library Board of Trustee To Fill Vacancy for Four Years,Simsbury,Heather Czuchta,D,0,0.00%
Library Board of Trustee To Fill Vacancy for Four Years,Simsbury,Ruth Scroggins,R,0,0.00%
First Selectman,Somers,Tim Keeney,R,0,0.00%
Selectmen,Somers,Robert Schmidt,D,0,0.00%
Selectmen,Somers,William Meier III,R,0,0.00%
Town Clerk,Somers,David Marti,R,0,0.00%
Board of Finance,Somers,Kathleen Devlin,D,0,0.00%
Board of Finance,Somers,Paul Hart,R,0,0.00%
Board of Finance,Somers,Shawn Curtis,R,0,0.00%
Board of Education Full Term,Somers,Ed DePeau,D,0,0.00%
Board of Education Full Term,Somers,Gina Olearczyk,D,0,0.00%
Board of Education Full Term,Somers,Sharon Goulet,R,0,0.00%
Board of Education Full Term,Somers,Derek Zelek,R,0,0.00%
Board of Education Full Term,Somers,Kimberly Radziewicz,R,0,0.00%
Board of Education To Fill Vacancy for Two Years,Somers,Michael Briggs,R,0,0.00%
Library Directors,Somers,Eugene Grayson,D,0,0.00%
Library Directors,Somers,Lori Bourgoin,R,0,0.00%
Library Directors,Somers,Jason Snukis,R,0,0.00%
First Selectman,Southbury,Tim O'Neil,D,0,0.00%
First Selectman,Southbury,Jeffrey A. Manville,R,0,0.00%
Selectman,Southbury,Cathy De Carli,D,0,0.00%
Selectman,Southbury,Kelly Keenan,D,0,0.00%
Selectman,Southbury,Wendy Bernard,D,0,0.00%
Selectman,Southbury,E. Anne Armeno,R,0,0.00%
Selectman,Southbury,Jason Van Stone,R,0,0.00%
Selectman,Southbury,Holly Sullivan,R,0,0.00%
Town Clerk,Southbury,Alice A. Maisano,D,0,0.00%
Town Clerk,Southbury,Alice A. Maisano,R,0,0.00%
Board of Finance,Southbury,Gerry Leventhal,D,0,0.00%
Board of Finance,Southbury,Michael Carrington,D,0,0.00%
Board of Finance,Southbury,John Kelly,R,0,0.00%
Board of Finance,Southbury,Brian Emerick,R,0,0.00%
Board of Finance,Southbury,Steven Giacomi,R,0,0.00%
Board of Finance Alternates,Southbury,Vivian Templeton,D,0,0.00%
Board of Finance Alternates,Southbury,Casey Docherty,R,0,0.00%
Board of Assessment Appeals,Southbury,Diane Barros,D,0,0.00%
Board of Assessment Appeals,Southbury,Gabby Addison,R,0,0.00%
Planning Commission,Southbury,Robyn Greenspan,D,0,0.00%
Planning Commission,Southbury,Nancy Clark,D,0,0.00%
Planning Commission,Southbury,Roberta Stewart,D,0,0.00%
Planning Commission,Southbury,Ronald Conti,R,0,0.00%
Planning Commission Alternates,Southbury,Stephen Huntley,D,0,0.00%
Planning Commission Alternates,Southbury,Marietta Korsu,R,0,0.00%
Zoning Commission,Southbury,Katrina Sweezea,D,0,0.00%
Zoning Commission,Southbury,Andrew Sidhu,D,0,0.00%
Zoning Commission,Southbury,"David Dicks, Jr.",R,0,0.00%
Zoning Commission,Southbury,Frank DiPerna,R,0,0.00%
Zoning Commission Alternates,Southbury,Dominick Fatibene,D,0,0.00%
Zoning Commission Alternates,Southbury,David Henn,R,0,0.00%
Zoning Board of Appeals,Southbury,Chris Smudin,D,0,0.00%
Zoning Board of Appeals,Southbury,Lisa Antrum,D,0,0.00%
Zoning Board of Appeals,Southbury,Jennifer Wysocki,D,0,0.00%
Zoning Board of Appeals,Southbury,Gary Garofalo,R,0,0.00%
Zoning Board of Appeals,Southbury,David Pittari,R,0,0.00%
Zoning Board of Appeals Alternates,Southbury,Kat Smith,D,0,0.00%
Zoning Board of Appeals Alternates,Southbury,"John Allen, Jr.",R,0,0.00%
Inland Wetlands Commission,Southbury,Jason Hoyt,D,0,0.00%
Inland Wetlands Commission,Southbury,Donna Lesch,D,0,0.00%
Inland Wetlands Commission,Southbury,Thomas Weldon,D,0,0.00%
Inland Wetlands Commission,Southbury,Daniel Slywka,R,0,0.00%
Inland Wetlands Commission Alternates,Southbury,Matt Linnell,D,0,0.00%
Pomperaug Valley Water Authority,Southbury,Rich Boritz,D,0,0.00%
Regional Board of Education,Southbury,Marion Manzo,R,0,0.00%
Regional Board of Education,Southbury,Heather White Rodgers,R,0,0.00%
Regional Board of Education,Southbury,Thomas Marks,R,0,0.00%
Town Council,Southington,Kristen Marie Guida,D,0,0.00%
Town Council,Southington,Chris Palmieri,D,0,0.00%
Town Council,Southington,Shawn Grindle,D,0,0.00%
Town Council,Southington,George Doherty,D,0,0.00%
Town Council,Southington,"Charles E. Green, Jr.",D,0,0.00%
Town Council,Southington,David Zoni,D,0,0.00%
Town Council,Southington,Tony Morrison,R,0,0.00%
Town Council,Southington,Michael DelSanto,R,0,0.00%
Town Council,Southington,Joshua Serafino,R,0,0.00%
Town Council,Southington,"Paul Chaplinsky, Jr.",R,0,0.00%
Town Council,Southington,Jennifer Clock,R,0,0.00%
Town Council,Southington,Jim Morelli,R,0,0.00%
Town Clerk,Southington,Kathy Larkin,R,0,0.00%
Board of Finance,Southington,Andrew Manke,D,0,0.00%
Board of Finance,Southington,Katie Wade,D,0,0.00%
Board of Finance,Southington,Kevin Beaudoin,D,0,0.00%
Board of Finance,Southington,Stephen Salerno,D,0,0.00%
Board of Finance,Southington,Joe Labieniec,R,0,0.00%
Board of Finance,Southington,Wayne Stanforth,R,0,0.00%
Board of Finance,Southington,"Edward Pocock, Jr.",R,0,0.00%
Board of Finance,Southington,John Leary,R,0,0.00%
Board of Education,Southington,Lisa Cammuso,D,0,0.00%
Board of Education,Southington,Christopher Carnright,D,0,0.00%
Board of Education,Southington,Dawn Anastasio,D,0,0.00%
Board of Education,Southington,Terri Carmody,D,0,0.00%
Board of Education,Southington,Bob Brown,D,0,0.00%
Board of Education,Southington,Zaya Oshana,D,0,0.00%
Board of Education,Southington,Joseph Baczewski,R,0,0.00%
Board of Education,Southington,Sean Carson,R,0,0.00%
Board of Education,Southington,Cecil Whitehead,R,0,0.00%
Board of Education,Southington,Colleen W. Clark,R,0,0.00%
Board of Education,Southington,Zachary M. Foti,R,0,0.00%
Board of Education,Southington,Vincenzo Infante,R,0,0.00%
Planning & Zoning Commission,Southington,Justin McGuire,D,0,0.00%
Planning & Zoning Commission,Southington,Gary L. Dowd,D,0,0.00%
Planning & Zoning Commission,Southington,Dave Scott,D,0,0.00%
Planning & Zoning Commission,Southington,Susan Locks,D,0,0.00%
Planning & Zoning Commission,Southington,Denis Bougie,R,0,0.00%
Planning & Zoning Commission,Southington,Steven Walowski,R,0,0.00%
Planning & Zoning Commission,Southington,Mike Goodrich,R,0,0.00%
Water Commissioners,Southington,Thomas J. Murphy,D,0,0.00%
Water Commissioners,Southington,Jacquelyn Salerno,D,0,0.00%
Water Commissioners,Southington,Ralph Warner,R,0,0.00%
Town Council,South Windsor,Maura Fitzgerald,D,0,0.00%
Town Council,South Windsor,Craig Zimmerman,D,0,0.00%
Town Council,South Windsor,"Steven King, Jr.",D,0,0.00%
Town Council,South Windsor,Andy Paterna,D,0,0.00%
Town Council,South Windsor,Harrison Amadasun,D,0,0.00%
Town Council,South Windsor,Elizabeth Pendleton,D,0,0.00%
Town Council,South Windsor,Carolyn C. Carey,R,0,0.00%
Town Council,South Windsor,Audrey Delnicki,R,0,0.00%
Town Council,South Windsor,Michael Buganski,R,0,0.00%
Town Council,South Windsor,Steve Cordeiro,R,0,0.00%
Town Council,South Windsor,Mike Ouellette,R,0,0.00%
Town Council,South Windsor,"Richard M. Balboni, Jr.",R,0,0.00%
Board of Selectmen,South Windsor,Christopher T. Bui,D,0,0.00%
Board of Selectmen,South Windsor,"Robin ""Packi"" Pendleton",D,0,0.00%
Board of Selectmen,South Windsor,Matthew D. Mitchell,R,0,0.00%
Board of Selectmen,South Windsor,"Daniel W. Seypura, Sr.",R,0,0.00%
Town Clerk,South Windsor,Bonnie L. Armstrong,D,0,0.00%
Town Clerk,South Windsor,Bonnie L. Armstrong,R,0,0.00%
Town Treasurer,South Windsor,Rose Maturo,D,0,0.00%
Town Treasurer,South Windsor,David S. Joy,R,0,0.00%
Board of Education,South Windsor,Stephen Armstrong,D,0,0.00%
Board of Education,South Windsor,Paul Macchi,D,0,0.00%
Board of Education,South Windsor,Mitchell Marks,D,0,0.00%
Board of Education,South Windsor,Genevieve Coursey,D,0,0.00%
Board of Education,South Windsor,Sierra J. Yanaway,D,0,0.00%
Board of Education,South Windsor,John Caldwell,R,0,0.00%
Board of Education,South Windsor,Matthew Nettles,R,0,0.00%
Board of Education,South Windsor,Nima T. Shah,R,0,0.00%
Board of Education,South Windsor,Miguel A. Proano,R,0,0.00%
Board of Education,South Windsor,Lisa M. Maneeley,R,0,0.00%
Planning & Zoning Commission,South Windsor,Mark Abrahamson,D,0,0.00%
Planning & Zoning Commission,South Windsor,Ryan Welch,D,0,0.00%
Planning & Zoning Commission,South Windsor,Cesar Lopez,D,0,0.00%
Planning & Zoning Commission,South Windsor,Patrick Kupchunos,R,0,0.00%
Planning & Zoning Commission,South Windsor,Despina Buganski,R,0,0.00%
Planning & Zoning Commission,South Windsor,Wayne C. Kilburn,R,0,0.00%
Constables,South Windsor,Zainab Khan,D,0,0.00%
Constables,South Windsor,Joan Walsh,D,0,0.00%
Constables,South Windsor,Sandra C. Jeski,D,0,0.00%
Constables,South Windsor,Jay Murtha,R,0,0.00%
Constables,South Windsor,Tad J. Bistor,R,0,0.00%
Constables,South Windsor,John Sandberg,R,0,0.00%
First Selectman,Sprague,Cathy Osten,D,0,0.00%
First Selectman,Sprague,Cheryl Allen Blanchard,R,0,0.00%
Selectmen,Sprague,Marcus Palumbo,D,0,0.00%
Selectmen,Sprague,Joan Charron Nagle,R,0,0.00%
Town Clerk,Sprague,Jen Synnett,D,0,0.00%
Town Clerk,Sprague,Jen Synnett,R,0,0.00%
Town Treasurer,Sprague,JoAnn Lynch,D,0,0.00%
Town Treasurer,Sprague,JoAnn Lynch,R,0,0.00%
Tax Collector,Sprague,Jim Smith,D,0,0.00%
Tax Collector,Sprague,Stanley O Sims Jr,R,0,0.00%
Board of Finance,Sprague,Bob Tardif,D,0,0.00%
Board of Finance,Sprague,Paul A Copenhagen,R,0,0.00%
Board of Education,Sprague,Donna Belanger Sanford,D,0,0.00%
Board of Education,Sprague,Lindsay Spielman,D,0,0.00%
Board of Education,Sprague,Michael P Meadows,R,0,0.00%
Board of Assessment Appeals,Sprague,Jeff Crouch,R,0,0.00%
Planning & Zoning Commission Four Year Term Begins 2025,Sprague,Anthony Dougherty Jr,D,0,0.00%
Planning & Zoning Commission Four Year Term Begins 2025,Sprague,Steve T Edwards,R,0,0.00%
Planning & Zoning Commission Four Year Term Begins 2025,Sprague,Paul F Piezzo,R,0,0.00%
Planning & Zoning Commission Four Year Term Begins 2026,Sprague,Annalise H Meadows,R,0,0.00%
First Selectman,Stafford,William Morrison,D,0,0.00%
First Selectman,Stafford,Brian Bagley,R,0,0.00%
Selectman,Stafford,Anthony Armelin,D,0,0.00%
Selectman,Stafford,Timothy Cromwell,R,0,0.00%
Town Treasurer,Stafford,Neil Hoss,D,0,0.00%
Town Treasurer,Stafford,Danele Rhoads,R,0,0.00%
Board of Finance,Stafford,Conrado Ulloa,D,0,0.00%
Board of Finance,Stafford,Shelley Hurchala West,D,0,0.00%
Board of Finance,Stafford,Matthew McKenney,R,0,0.00%
Board of Finance,Stafford,Robert Proulx,R,0,0.00%
Board of Education,Stafford,Jennifer Vail,D,0,0.00%
Board of Education,Stafford,Elizabeth A. Dobson,D,0,0.00%
Board of Education,Stafford,James Greene,D,0,0.00%
Board of Education,Stafford,Aaron Hoffman,R,0,0.00%
Board of Education,Stafford,Christopher Rhoads,R,0,0.00%
Board of Education,Stafford,Erica Bushior,R,0,0.00%
Board of Education To Fill Vacancy for Two Years,Stafford,Kathy Bachiochi,D,0,0.00%
Board of Education To Fill Vacancy for Two Years,Stafford,Christopher Paradiso,R,0,0.00%
Board of Assessment Appeals,Stafford,Gene Julian,D,0,0.00%
Board of Assessment Appeals,Stafford,Piotr Pelczar,R,0,0.00%
Planning & Zoning Commission,Stafford,David Palmberg,D,0,0.00%
Planning & Zoning Commission,Stafford,Richard Shuck,D,0,0.00%
Planning & Zoning Commission,Stafford,David C. Roy,R,0,0.00%
Planning & Zoning Commission,Stafford,James A.  Lyon Jr.,R,0,0.00%
Zoning Board of Appeals,Stafford,Kristin Pease,D,0,0.00%
Zoning Board of Appeals,Stafford,Andrew D. Mordasky,D,0,0.00%
Zoning Board of Appeals,Stafford,Dennis Kaba Jr.,R,0,0.00%
Zoning Board of Appeals,Stafford,Sage McPherson,R,0,0.00%
Constables,Stafford,"Richard P. Dobson, Jr.",D,0,0.00%
Constables,Stafford,Gary A. Quinn,D,0,0.00%
Constables,Stafford,Dale Maynard,D,0,0.00%
Constables,Stafford,Harold Blake Hatch,D,0,0.00%
Constables,Stafford,Mason Beauchamp,R,0,0.00%
Constables,Stafford,Matthew Bushior,R,0,0.00%
Constables,Stafford,Mark Richens,R,0,0.00%
Constables,Stafford,James Ravetto,R,0,0.00%
Mayor,Stamford,Caroline Simmons,D,0,0.00%
Mayor,Stamford,Nicola Tarzia,R,0,0.00%
Mayor,Stamford,Caroline Simmons,IND,0,0.00%
Mayor,Stamford,David Cherniack,WI,0,0.00%
Mayor,Stamford,Fritz Chery,WI,0,0.00%
Mayor,Stamford,"Michael T. Loughran, Jr.",WI,0,0.00%
Town Clerk,Stamford,David Hoak,D,0,0.00%
Town Clerk,Stamford,Gerald Bosak,R,0,0.00%
Town Clerk,Stamford,Lyda Ruijter,IND,0,0.00%
Board of Finance,Stamford,Kimberly Gustin,D,0,0.00%
Board of Finance,Stamford,Richard Freedman,D,0,0.00%
Board of Finance,Stamford,Chris Malloy,D,0,0.00%
Board of Finance,Stamford,Jennifer Munger,R,0,0.00%
Board of Finance,Stamford,Tom Dougherty,R,0,0.00%
Board of Finance,Stamford,Kate Lombardo,R,0,0.00%
Board of Education,Stamford,Jennifer Werely,D,0,0.00%
Board of Education,Stamford,Adam Vandervoort,D,0,0.00%
Board of Education,Stamford,Michael Hyman,D,0,0.00%
Board of Education,Stamford,Kristopher O'Brien,R,0,0.00%
Board of Education,Stamford,Dennis LoDolce,R,0,0.00%
Board of Education,Stamford,Jennifer Werely,IND,0,0.00%
Board of Education,Stamford,Kristopher O'Brien,IND,0,0.00%
Board of Education,Stamford,Dennis LoDolce,IND,0,0.00%
Constable,Stamford,Angie Murphy,D,0,0.00%
Constable,Stamford,Robert Miller,D,0,0.00%
Constable,Stamford,Tiffany Pippins,D,0,0.00%
Constable,Stamford,Jon Gallup,D,0,0.00%
Constable,Stamford,Jonathan V. Portanova,R,0,0.00%
Constable,Stamford,Alan F. Shaw,R,0,0.00%
Constable,Stamford,Joseph S. Tarzia,R,0,0.00%
Constable,Stamford,Eva Maldonado,R,0,0.00%
Constable,Stamford,Cora Santaguida,G,0,0.00%
Board of Representatives District 1,Stamford,Tom Bouchard,D,0,0.00%
Board of Representatives District 1,Stamford,Steven Shore,D,0,0.00%
Board of Representatives District 1,Stamford,David Watkins,R,0,0.00%
Board of Representatives District 1,Stamford,Julia Anderson,R,0,0.00%
Board of Representatives District 1,Stamford,Alfonso R. Hernandez,IND,0,0.00%
Board of Representatives District 2,Stamford,Virgil de la Cruz,D,0,0.00%
Board of Representatives District 2,Stamford,Lori Hyatt,D,0,0.00%
Board of Representatives District 2,Stamford,Jason Kinard,R,0,0.00%
Board of Representatives District 2,Stamford,Heidy J. Balderamos,IND,0,0.00%
Board of Representatives District 3,Stamford,Chanta Graham,D,0,0.00%
Board of Representatives District 3,Stamford,Terry Adams,D,0,0.00%
Board of Representatives District 3,Stamford,Kyle Smith,R,0,0.00%
Board of Representatives District 4,Stamford,Glenn Price,D,0,0.00%
Board of Representatives District 4,Stamford,Ricardo Salas,D,0,0.00%
Board of Representatives District 4,Stamford,Erika Talnagi,R,0,0.00%
Board of Representatives District 4,Stamford,Robert Roqueta,PC,0,0.00%
Board of Representatives District 5,Stamford,Nicole Beckham,D,0,0.00%
Board of Representatives District 5,Stamford,Kierra Dorsey,D,0,0.00%
Board of Representatives District 5,Stamford,Sheila Williams-Brown,R,0,0.00%
Board of Representatives District 5,Stamford,Thomas Concannon,IND,0,0.00%
Board of Representatives District 6,Stamford,Parker Johnson,D,0,0.00%
Board of Representatives District 6,Stamford,Ryan Hughes,D,0,0.00%
Board of Representatives District 6,Stamford,Francise Jean-Louis,R,0,0.00%
Board of Representatives District 7,Stamford,Michael McKeown,D,0,0.00%
Board of Representatives District 7,Stamford,Winton Hill,D,0,0.00%
Board of Representatives District 7,Stamford,Michael Battinelli,R,0,0.00%
Board of Representatives District 8,Stamford,Theodore Gross,D,0,0.00%
Board of Representatives District 8,Stamford,Matthew Yeager,D,0,0.00%
Board of Representatives District 8,Stamford,Maria Larrea,R,0,0.00%
Board of Representatives District 8,Stamford,Ammy G. Hernandez,IND,0,0.00%
Board of Representatives District 9,Stamford,Kindrea Walston,D,0,0.00%
Board of Representatives District 9,Stamford,Candace Weathers,D,0,0.00%
Board of Representatives District 9,Stamford,Osvin Lucero-Garcia,IND,0,0.00%
Board of Representatives District 10,Stamford,Felix Gardner,D,0,0.00%
Board of Representatives District 10,Stamford,Stephanie Sylvestre,D,0,0.00%
Board of Representatives District 10,Stamford,Ken Wenberg,R,0,0.00%
Board of Representatives District 10,Stamford,Brittany L. Lawrence,IND,0,0.00%
Board of Representatives District 11,Stamford,Maureen Pollack,D,0,0.00%
Board of Representatives District 11,Stamford,Cara Gilbride,D,0,0.00%
Board of Representatives District 11,Stamford,Christopher Woodside,R,0,0.00%
Board of Representatives District 12,Stamford,David Blank,D,0,0.00%
Board of Representatives District 12,Stamford,Ramya Shaw,D,0,0.00%
Board of Representatives District 12,Stamford,Carola Cammann,R,0,0.00%
Board of Representatives District 13,Stamford,Amiel Goldberg,D,0,0.00%
Board of Representatives District 13,Stamford,Eric Morson,D,0,0.00%
Board of Representatives District 13,Stamford,David Portanova,R,0,0.00%
Board of Representatives District 13,Stamford,James Sarnelle,R,0,0.00%
Board of Representatives District 13,Stamford,David Portanova,IND,0,0.00%
Board of Representatives District 13,Stamford,Eric Morson,IND,0,0.00%
Board of Representatives District 14,Stamford,Andrew Zachary,D,0,0.00%
Board of Representatives District 14,Stamford,Dan Sandford,D,0,0.00%
Board of Representatives District 15,Stamford,Scott Stone,D,0,0.00%
Board of Representatives District 15,Stamford,Matthew Boudreau,D,0,0.00%
Board of Representatives District 16,Stamford,Phillip G. Bradford,D,0,0.00%
Board of Representatives District 16,Stamford,Matthew Didelot,D,0,0.00%
Board of Representatives District 16,Stamford,Layne Rodney,R,0,0.00%
Board of Representatives District 17,Stamford,Lewis Finkel,D,0,0.00%
Board of Representatives District 17,Stamford,Bobby Pavia,D,0,0.00%
Board of Representatives District 17,Stamford,Mary Fedeli,R,0,0.00%
Board of Representatives District 17,Stamford,Sean D. Boeger,IND,0,0.00%
Board of Representatives District 18,Stamford,Karen Camporeale,D,0,0.00%
Board of Representatives District 18,Stamford,Michael Field,D,0,0.00%
Board of Representatives District 18,Stamford,Timothy McGrath-DiMare,R,0,0.00%
Board of Representatives District 19,Stamford,Noah Lapine,D,0,0.00%
Board of Representatives District 19,Stamford,John Pelliccia,D,0,0.00%
Board of Representatives District 19,Stamford,William Aron,R,0,0.00%
Board of Representatives District 20,Stamford,Carl Weinberg,D,0,0.00%
Board of Representatives District 20,Stamford,Jeff Wirz,D,0,0.00%
Board of Representatives District 20,Stamford,Vincent Sessano,R,0,0.00%
First Selectman,Sterling,Cathy L. Levine,D,175,21.45%
First Selectman,Sterling,Myron Jack Joslyn,R,463,56.74%
First Selectman,Sterling,"Frank M. Bood, Sr.",PC,178,21.81%
Selectman,Sterling,Ronald A. Whitcomb,D,243,31.15%
Selectman,Sterling,Patricia F. Massey,R,537,68.85%
Board of Finance,Sterling,Eric C. Cote,D,220,14.73%
Board of Finance,Sterling,Charles P. Rabbitt,D,279,18.67%
Board of Finance,Sterling,Peter E. Grillo,R,496,33.20%
Board of Finance,Sterling,David P. Malo,R,499,33.40%
Board of Education,Sterling,Courtney M. Langlois,D,433,100.00%
Board of Assessment Appeals,Sterling,Charles P. Rabbitt,D,259,33.77%
Board of Assessment Appeals,Sterling,Tyler N. Adams,R,508,66.23%
Board of Assessment Appeals To Fill Vacancy for Two Years,Sterling,Scott Levine,D,237,31.35%
Board of Assessment Appeals To Fill Vacancy for Two Years,Sterling,Caryssa J. Adams,R,519,68.65%
Constables,Sterling,Craig S. Bein,D,309,16.58%
Constables,Sterling,RIchard J. Wood,R,525,28.17%
Constables,Sterling,Phillip E. Young,R,554,29.72%
Constables,Sterling,William N. Sebastian,R,476,25.54%
Library Directors,Sterling,Zoe D. Madden,D,278,19.03%
Library Directors,Sterling,Candace L. Sommer-Van Auken,D,207,14.17%
Library Directors,Sterling,Tyler N. Adams,R,507,34.70%
Library Directors,Sterling,Penelope L. Keith,R,469,32.10%
First Selectman,Stonington,Bill Middleton,D,4075,69.06%
First Selectman,Stonington,Rob Emery,R,1826,30.94%
Selectman,Stonington,Deborah Norman,D,3937,67.48%
Selectman,Stonington,Bryan A. Bentz,R,1897,32.52%
Town Treasurer,Stonington,Sandy Grimes,D,4437,100.00%
Board of Finance,Stonington,Chris Johnson,D,3992,25.49%
Board of Finance,Stonington,Eugene Winchester,D,4012,25.61%
Board of Finance,Stonington,Mike Serra,D,4205,26.85%
Board of Finance,Stonington,Paul G. Sartor,R,2418,15.44%
Board of Finance,Stonington,Timothy J. OBrien,PC,1036,6.61%
Board of Education,Stonington,Bridget Shirvell,D,3559,18.71%
Board of Education,Stonington,Zachary Boudah,D,3533,18.57%
Board of Education,Stonington,Daniel Kelley,D,3799,19.97%
Board of Education,Stonington,Audra Hull,R,2169,11.40%
Board of Education,Stonington,Kevin Agnello,R,2388,12.55%
Board of Education,Stonington,Katie Quinlan,R,2386,12.54%
Board of Education,Stonington,Farrah Leslie Garland,WF,1187,6.24%
Board of Assessment Appeals,Stonington,Matthew Berger,D,3680,64.23%
Board of Assessment Appeals,Stonington,Stephen M. Palmer,R,2049,35.77%
Constables,Stonington,Peter Perenyi,D,3597,16.59%
Constables,Stonington,Lorraine Tamsky,D,3629,16.74%
Constables,Stonington,Ashley Gillece,D,3516,16.21%
Constables,Stonington,Maria A. Petrillo,D,3507,16.17%
Constables,Stonington,Jennifer Thornell,R,1879,8.67%
Constables,Stonington,Haley Smith,R,1861,8.58%
Constables,Stonington,Carolyn Ferrara,R,1898,8.75%
Constables,Stonington,Erin Lee,R,1797,8.29%
Mayor,Stratford,David Chess,D,0,0.00%
Mayor,Stratford,Laura R. Hoydick,R,0,0.00%
Town Council District 1,Stratford,Jean T. Collier,D,0,0.00%
Town Council District 1,Stratford,"Thomas ""Bryan"" O'Connor",R,0,0.00%
Town Council District 2,Stratford,Christopher Green,D,0,0.00%
Town Council District 2,Stratford,Bonnie Lambert,R,0,0.00%
Town Council District 3,Stratford,William M. Boyd,D,0,0.00%
Town Council District 4,Stratford,Rene M. Gibson,D,0,0.00%
Town Council District 5,Stratford,Anthony Afriyie,D,0,0.00%
Town Council District 5,Stratford,Rafael Irizarry,R,0,0.00%
Town Council District 6,Stratford,"Philip L. Young, IV",D,0,0.00%
Town Council District 6,Stratford,Kerry L. Whitham,R,0,0.00%
Town Council District 7,Stratford,Lisa Carroll Fabian,D,0,0.00%
Town Council District 7,Stratford,Patty Gallagher,R,0,0.00%
Town Council District 8,Stratford,Carolann Reid,D,0,0.00%
Town Council District 8,Stratford,Carl A. Glad,R,0,0.00%
Town Council District 9,Stratford,Jackie Seawright,D,0,0.00%
Town Council District 9,Stratford,"George J. Zamary, III",R,0,0.00%
Town Council District 10,Stratford,Karen Tracy,D,0,0.00%
Town Council District 10,Stratford,Paul T. Aurelia,R,0,0.00%
Board of Education,Stratford,Yvonne Temple,D,0,0.00%
Board of Education,Stratford,Kenneth L. Pugh Sr.,D,0,0.00%
Board of Education,Stratford,Mike Fiorello,D,0,0.00%
Board of Education,Stratford,Kristen Zapata,D,0,0.00%
Board of Education,Stratford,Prez Palmer,R,0,0.00%
Board of Education,Stratford,"Edward ""Ed"" Kingston",R,0,0.00%
Board of Education,Stratford,Laura Dancho,R,0,0.00%
Board of Education,Stratford,James J. Connor,R,0,0.00%
Planning Commission District III,Stratford,Jennifer Budai,D,0,0.00%
Planning Commission District III,Stratford,Earl Samerotti,R,0,0.00%
Planning Commission District IV,Stratford,Andrea Corcoran,D,0,0.00%
Planning Commission District IV,Stratford,Debra Lamberti,R,0,0.00%
Planning Commission District V,Stratford,Kathleen Callahan,D,0,0.00%
Planning Commission District V,Stratford,John Zbell,R,0,0.00%
Planning Commission District II To Fill Vacancy for Two Years,Stratford,Claire Barber,D,0,0.00%
Planning Commission District II To Fill Vacancy for Two Years,Stratford,Ed Scinto,R,0,0.00%
Zoning Commission District III,Stratford,Misty Percifield,D,0,0.00%
Zoning Commission District III,Stratford,Alec Voccola,R,0,0.00%
Zoning Commission District IV,Stratford,Steve Taccogna,D,0,0.00%
Zoning Commission District IV,Stratford,Sarah Graham,R,0,0.00%
Zoning Commission District V,Stratford,Peter Carroll,D,0,0.00%
Zoning Commission District V,Stratford,Michael F. Henrick,R,0,0.00%
Zoning Board of Appeals District I,Stratford,Paula Sweeley,D,0,0.00%
Zoning Board of Appeals District I,Stratford,Christopher Pia,R,0,0.00%
Zoning Board of Appeals District II,Stratford,Andrea Lynch,D,0,0.00%
Zoning Board of Appeals District II,Stratford,Casimir Mizera,R,0,0.00%
Zoning Board of Appeals District III,Stratford,Matthew Schlager,D,0,0.00%
Zoning Board of Appeals District III,Stratford,Khi Samerotti,R,0,0.00%
Constables,Stratford,Laura Markis Johnson,D,0,0.00%
Constables,Stratford,Carol G. Cabral,R,0,0.00%
Constables,Stratford,"Richard ""Dick"" Brown",R,0,0.00%
Constables,Stratford,Frank A. Bevacqua,R,0,0.00%
Constables,Stratford,Edward J. Scinto,R,0,0.00%
Constables,Stratford,Judith L. Cleri,IND,0,0.00%
Constables,Stratford,Richard T. Marcone,IND,0,0.00%
First Selectman,Suffield,Jim Irwin,D,0,0.00%
First Selectman,Suffield,Colin Moll,R,0,0.00%
First Selectman,Suffield,Ricardo L Sotil,PC,0,0.00%
Selectmen,Suffield,Kathy Dunai,D,0,0.00%
Selectmen,Suffield,Pete Hill,D,0,0.00%
Selectmen,Suffield,Kathie Harrington,R,0,0.00%
Selectmen,Suffield,Klaire Bielonko,R,0,0.00%
Board of Finance,Suffield,Tom Frenaye,D,0,0.00%
Board of Finance,Suffield,Brian Kost,R,0,0.00%
Board of Finance,Suffield,Michael Haines,R,0,0.00%
Board of Finance Alternate,Suffield,Glen Garrity,D,0,0.00%
Board of Finance Alternate,Suffield,Brad Belcher,R,0,0.00%
Board of Finance Alternate,Suffield,Candace Forsman,R,0,0.00%
Board of Education Full Term,Suffield,Dustin Rose,D,0,0.00%
Board of Education Full Term,Suffield,James Mol,D,0,0.00%
Board of Education Full Term,Suffield,Samuel J Toskin,R,0,0.00%
Board of Education Full Term,Suffield,Saeed Akbar,R,0,0.00%
Board of Education Full Term,Suffield,Gregory M Sparzo,R,0,0.00%
Board of Education To Fill Vacancy for Two Years,Suffield,Aaron Marcavitch,D,0,0.00%
Board of Education To Fill Vacancy for Two Years,Suffield,Gianna Rossi,R,0,0.00%
Board of Education To Fill Vacancy for Two Years,Suffield,Maureen Sattan,R,0,0.00%
Board of Assessment Appeals,Suffield,Brad Czarnec,D,0,0.00%
Board of Assessment Appeals,Suffield,Krystal Holmes,D,0,0.00%
Board of Assessment Appeals,Suffield,Norm Noble,R,0,0.00%
Planning & Zoning Commission,Suffield,Jen Metcalf,D,0,0.00%
Planning & Zoning Commission,Suffield,Jeff Girard,D,0,0.00%
Planning & Zoning Commission,Suffield,Frank Bauchiero,R,0,0.00%
Planning & Zoning Commission,Suffield,Jake Byrnes,R,0,0.00%
Planning & Zoning Commission Alternate,Suffield,Kristen C Kling,D,0,0.00%
Planning & Zoning Commission Alternate,Suffield,Arthur Christian II,R,0,0.00%
Police Commissioners,Suffield,Kristina Hallett,D,0,0.00%
Police Commissioners,Suffield,William J Boucher,D,0,0.00%
Police Commissioners,Suffield,Dave Shute,R,0,0.00%
Fire Commissioners,Suffield,Amanda Thibedeau,D,0,0.00%
Fire Commissioners,Suffield,Dan Vindigni,D,0,0.00%
Fire Commissioners,Suffield,Victor G Mathieu,R,0,0.00%
Fire Commissioners,Suffield,Jack Bucior,R,0,0.00%
Fire Commissioners,Suffield,Peter Yeskey,R,0,0.00%
Water Pollution Control Authority,Suffield,Michael Blanchette,D,0,0.00%
Water Pollution Control Authority,Suffield,Daniel Holmes,D,0,0.00%
Water Pollution Control Authority,Suffield,Nicholas D Shute,R,0,0.00%
Water Pollution Control Authority,Suffield,Benjamin R Frost,R,0,0.00%
First Selectman,Thomaston,Jeffrey Dunn,D,0,0.00%
First Selectman,Thomaston,Richard Sileo,R,0,0.00%
Selectman,Thomaston,Beth Campbell,D,0,0.00%
Selectman,Thomaston,Michael Burr,R,0,0.00%
Town Clerk,Thomaston,Cathy DuPont,D,0,0.00%
Town Clerk,Thomaston,Cathy DuPont,R,0,0.00%
Tax Collector,Thomaston,Lindsey Mascia,D,0,0.00%
Tax Collector,Thomaston,Laura  Finch,R,0,0.00%
Treasurer,Thomaston,James Pretty Jr.,D,0,0.00%
Treasurer,Thomaston,Lawrence Duffany,R,0,0.00%
Board of Finance,Thomaston,Kristin Mosimann,D,0,0.00%
Board of Finance,Thomaston,Jack DeOliveira,R,0,0.00%
Board of Finance,Thomaston,Luke Freimuth,R,0,0.00%
Board of Education Full Term,Thomaston,Cara Lascko Files,D,0,0.00%
Board of Education Full Term,Thomaston,Marissa McGee,R,0,0.00%
Board of Education Full Term,Thomaston,Amy Sedgwick,R,0,0.00%
Board of Education Fill vacancy for two years,Thomaston,Becky Guay Shypinka,D,0,0.00%
Board of Education Fill vacancy for two years,Thomaston,Lawrence Duffany,R,0,0.00%
Board of Assessment Appeals,Thomaston,David  Shypinka,D,0,0.00%
Board of Assessment Appeals,Thomaston,Mark Olsen,R,0,0.00%
Fire Commissioners,Thomaston,Robert V. Norton Jr.,D,0,0.00%
Fire Commissioners,Thomaston,Allan Olivero,R,0,0.00%
Library Trustees,Thomaston,Barbara Lee,D,0,0.00%
Library Trustees,Thomaston,Joseph Calabro,D,0,0.00%
Library Trustees,Thomaston,Phyllis Nardella,R,0,0.00%
Library Trustees,Thomaston,Phyllis Nardella,R,0,0.00%
Library Trustees,Thomaston,Melanie Dobos,R,0,0.00%
First Selectman,Thompson,Andrew Irby,D,751,34.20%
First Selectman,Thompson,Nick Donohue,R,1445,65.80%
Selectmen,Thompson,Geoffrey Bolte,D,779,37.31%
Selectmen,Thompson,"Larry Consiglio, Jr.",R,1309,62.69%
Town Clerk,Thompson,Gail Livingstone,D,838,39.68%
Town Clerk,Thompson,Gail Livingstone,R,1274,60.32%
Tax Collector,Thompson,Scott A. Antonson,D,810,38.52%
Tax Collector,Thompson,Scott A. Antonson,R,1293,61.48%
Board of Finance Full Term,Thompson,Brian Loffredo,D,872,23.68%
Board of Finance Full Term,Thompson,Rob Werge,R,1421,38.59%
Board of Finance Full Term,Thompson,Steve Herbert,R,1389,37.72%
Board of Finance To Fill Vacancy for Two Years,Thompson,Ken Beausoleil,D,1364,98.91%
Board of Finance To Fill Vacancy for Two Years,Thompson,Nathaniel C. Lenky,WI,15,1.09%
Board of Education,Thompson,Amanda Jean Lincoln,D,914,21.69%
Board of Education,Thompson,Melissa Dragon,D,866,20.55%
Board of Education,Thompson,Daniella Caverly,R,1244,29.52%
Board of Education,Thompson,Rick W. Medeiros,R,1190,28.24%
Board of Assessment Appeals,Thompson,Brian Loffredo,D,1285,100.00%
Planning & Zoning Commission,Thompson,Brian Santos,D,1051,17.30%
Planning & Zoning Commission,Thompson,Joseph Parodi-Brown,D,899,14.80%
Planning & Zoning Commission,Thompson,Dan Bennett,R,1294,21.30%
Planning & Zoning Commission,Thompson,John B. Lenky,R,1342,22.09%
Planning & Zoning Commission,Thompson,David Poplawski,R,1490,24.52%
Planning & Zoning Commission Alternate,Thompson,Geoffrey Bolte,D,1226,100.00%
Zoning Board of Appeals,Thompson,Leslie Lavallee,D,1043,43.01%
Zoning Board of Appeals,Thompson,Ross Dimock,R,1382,56.99%
Zoning Board of Appeals Alternate,Thompson,Leslie Lavallee,D,880,43.01%
Zoning Board of Appeals Alternate,Thompson,Ross Dimock,R,1166,56.99%
Water Pollution Control Authority,Thompson,Susan Salisbury,D,810,38.87%
Water Pollution Control Authority,Thompson,Kenneth Sabourin,R,1274,61.13%
Library Board of Trustees Full Term,Thompson,A Aileen Witkowski,D,1046,30.90%
Library Board of Trustees Full Term,Thompson,Linda Charlton,D,972,28.71%
Library Board of Trustees Full Term,Thompson,Donna Reynolds Lynch,R,1367,40.38%
Library Board of Trustees To Fill Vacancy for Four Years,Thompson,Bernadette Quercia,D,865,41.25%
Library Board of Trustees To Fill Vacancy for Four Years,Thompson,Bernadette Quercia,R,1232,58.75%
Town Council,Tolland,Jennifer Buckler,D,2287,11.29%
Town Council,Tolland,Marilee Beebe,D,2360,11.65%
Town Council,Tolland,Jon Graney,D,2313,11.42%
Town Council,Tolland,Chris Moran,D,2392,11.81%
Town Council,Tolland,Bret Wells,D,2287,11.29%
Town Council,Tolland,Joseph Sce,R,1792,8.85%
Town Council,Tolland,Lori (Ann) Nelson,R,1717,8.48%
Town Council,Tolland,David Marshall,R,1698,8.38%
Town Council,Tolland,Jeffrey Fish,R,1693,8.36%
Town Council,Tolland,Renie Besaw,R,1720,8.49%
Board of Education Full Four Year Term,Tolland,Dana Philbin,D,2355,29.00%
Board of Education Full Four Year Term,Tolland,Mackenzie Manning,D,2310,28.44%
Board of Education Full Four Year Term,Tolland,Elaine Fish,R,1729,21.29%
Board of Education Full Four Year Term,Tolland,Michael Bigda,R,1728,21.28%
Board of Education Full Two Year Term,Tolland,Jayden Regisford,D,2411,29.88%
Board of Education Full Two Year Term,Tolland,Joel Lopez,D,2329,28.86%
Board of Education Full Two Year Term,Tolland,J.P. Olynyk,R,1680,20.82%
Board of Education Full Two Year Term,Tolland,Judy T. Knoob,R,1649,20.44%
Planning & Zoning Commission Full Four Year Term,Tolland,Kathryn H. Deffely,D,2310,34.44%
Planning & Zoning Commission Full Four Year Term,Tolland,Ben Chevalier,D,2400,35.78%
Planning & Zoning Commission Full Four Year Term,Tolland,Andy Powell,R,1997,29.77%
Planning & Zoning Commission Full Two Year Term,Tolland,Amanda Hickey,D,2328,57.02%
Planning & Zoning Commission Full Two Year Term,Tolland,Mark B. Mitchell,R,1755,42.98%
Zoning Board of Appeals Full Four Year Term,Tolland,Noah Bryant,D,2336,34.99%
Zoning Board of Appeals Full Four Year Term,Tolland,Jason Philbin,D,2473,37.04%
Zoning Board of Appeals Full Four Year Term,Tolland,Michael S. Martel,R,1867,27.97%
Zoning Board of Appeals Full Two Year Term,Tolland,Merry C. Garrett,D,2254,55.27%
Zoning Board of Appeals Full Two Year Term,Tolland,Sheila M. Deprey,R,1824,44.73%
Mayor,Torrington,Stephen Ivain,D,0,0.00%
Mayor,Torrington,Molly E. Spino,R,0,0.00%
Board of Councilmen,Torrington,Rachel Hannon-Harrel,D,0,0.00%
Board of Councilmen,Torrington,Keith Farrell,D,0,0.00%
Board of Councilmen,Torrington,Paul Cavagnero,D,0,0.00%
Board of Councilmen,Torrington,Luisa Noujaim,D,0,0.00%
Board of Councilmen,Torrington,David L. Oliver,R,0,0.00%
Board of Councilmen,Torrington,"Armand R. Maniccia, Jr.",R,0,0.00%
Board of Councilmen,Torrington,Anne L. Ruwet,R,0,0.00%
Board of Councilmen,Torrington,Christopher R. Beyus,R,0,0.00%
City and Town Clerk,Torrington,Michael Companik,D,0,0.00%
City and Town Clerk,Torrington,Carol L. Anderson,R,0,0.00%
Treasurer,Torrington,Rodrigo A de la Mora,D,0,0.00%
Treasurer,Torrington,Dan Farley,R,0,0.00%
Selectmen,Torrington,Deborah Donne,D,0,0.00%
Selectmen,Torrington,Christine Borla Altman,D,0,0.00%
Selectmen,Torrington,Lynn Farley,R,0,0.00%
Selectmen,Torrington,Tim Waldron,R,0,0.00%
Board of Education,Torrington,Joseph Kulesza,D,0,0.00%
Board of Education,Torrington,Edward M. Corey,D,0,0.00%
Board of Education,Torrington,Travis Tanuis,D,0,0.00%
Board of Education,Torrington,Elena Sileo,R,0,0.00%
Board of Education,Torrington,John Kissko,R,0,0.00%
Board of Education,Torrington,Jeff Putnam,R,0,0.00%
Constables,Torrington,Vincenzo Viscariello,D,0,0.00%
Constables,Torrington,Keri L. Hoehne,D,0,0.00%
Constables,Torrington,Ruth Nadeau Dwyer,D,0,0.00%
Constables,Torrington,Michele Sok,D,0,0.00%
Constables,Torrington,Donna Isely,R,0,0.00%
Constables,Torrington,Joshua Ocain,R,0,0.00%
Constables,Torrington,Hunter Folland,R,0,0.00%
Constables,Torrington,Nick Spino,R,0,0.00%
Board of Public Safety,Torrington,Komla Matrevi,D,0,0.00%
Board of Public Safety,Torrington,Cindy M Sherwood,D,0,0.00%
Board of Public Safety,Torrington,Eric Green,R,0,0.00%
Board of Public Safety,Torrington,Darlene Battle,R,0,0.00%
First Selectman,Trumbull,Vicki Tesoro,D,0,0.00%
First Selectman,Trumbull,Mark Block,R,0,0.00%
Town Clerk,Trumbull,Mary Markham,D,0,0.00%
Town Clerk,Trumbull,Katie Miller-Creagh,R,0,0.00%
Treasurer,Trumbull,Anthony Musto,D,0,0.00%
Treasurer,Trumbull,Justin Scheuble,R,0,0.00%
Board of Finance,Trumbull,Lainie McHugh,D,0,0.00%
Board of Finance,Trumbull,Nathan Tinker,D,0,0.00%
Board of Finance,Trumbull,Massimo Mallozzi,D,0,0.00%
Board of Finance,Trumbull,David Pia,R,0,0.00%
Board of Finance,Trumbull,Chris Carrena,R,0,0.00%
Board of Finance,Trumbull,Christopher Lenzen,R,0,0.00%
"Board of Education Four Year Term, Four to be Elected, Not More than Two From One Party",Trumbull,Lisa Nuland,D,0,0.00%
"Board of Education Four Year Term, Four to be Elected, Not More than Two From One Party",Trumbull,Stacey Hepburn-James,D,0,0.00%
"Board of Education Four Year Term, Four to be Elected, Not More than Two From One Party",Trumbull,Scott Wich,D,0,0.00%
"Board of Education Four Year Term, Four to be Elected, Not More than Two From One Party",Trumbull,Wendy Shambra,D,0,0.00%
"Board of Education Four Year Term, Four to be Elected, Not More than Two From One Party",Trumbull,Bob Gerbert,R,0,0.00%
"Board of Education Four Year Term, Four to be Elected, Not More than Two From One Party",Trumbull,Paul Plouffe,R,0,0.00%
"Board of Education Four Year Term, Four to be Elected, Not More than Two From One Party",Trumbull,Marie Petitti,R,0,0.00%
"Board of Education Four Year Term, Four to be Elected, Not More than Two From One Party",Trumbull,Tammy McGee,R,0,0.00%
Board of Assessment Appeals,Trumbull,Raymond E Baldwin,D,0,0.00%
Board of Assessment Appeals,Trumbull,JC Cinelli,R,0,0.00%
Planning & Zoning Commission Five Year Term Begins 2025,Trumbull,Tony Silber,D,0,0.00%
Planning & Zoning Commission Five Year Term Begins 2025,Trumbull,Rich Croll,R,0,0.00%
Planning & Zoning Commission Five Year Term Begins 2026,Trumbull,Dean Fabrizio,D,0,0.00%
Planning & Zoning Commission Five Year Term Begins 2026,Trumbull,Rich Deecken,R,0,0.00%
Zoning Board of Appeals Five Year Term Begins 2025,Trumbull,Matt Broder,D,0,0.00%
Zoning Board of Appeals Five Year Term Begins 2025,Trumbull,Kevin McGee,R,0,0.00%
Zoning Board of Appeals Five Year Term Begins 2026,Trumbull,Nancy Walkley,D,0,0.00%
Constables,Trumbull,David W. Kayne,D,0,0.00%
Constables,Trumbull,Nathaniel Gross,D,0,0.00%
Constables,Trumbull,Patricia Kelly,R,0,0.00%
Constables,Trumbull,Raymond Luvara,R,0,0.00%
Councilmen District I,Trumbull,Steven Spillane,D,0,0.00%
Councilmen District I,Trumbull,Mary Isaac,D,0,0.00%
Councilmen District I,Trumbull,Mike Buswell,R,0,0.00%
Councilmen District I,Trumbull,Mike Colohan,R,0,0.00%
Councilmen District II,Trumbull,Jennifer Winschel,D,0,0.00%
Councilmen District II,Trumbull,Bill Mecca,D,0,0.00%
Councilmen District II,Trumbull,Jayne Sarris,R,0,0.00%
Councilmen District II,Trumbull,Ann Sather,R,0,0.00%
Councilmen District III,Trumbull,Jason Marsh,D,0,0.00%
Councilmen District III,Trumbull,Christine El Eris,D,0,0.00%
Councilmen District III,Trumbull,Veronica Lenzen,R,0,0.00%
Councilmen District III,Trumbull,Rich Wolf,R,0,0.00%
Councilmen District IV,Trumbull,Ashley Gaudiano,D,0,0.00%
Councilmen District IV,Trumbull,Caryn Kaufman,D,0,0.00%
Councilmen District IV,Trumbull,Anthony Dorsey,R,0,0.00%
Councilmen District IV,Trumbull,Carl Massaro,R,0,0.00%
Councilmen District V,Trumbull,Matt Dunn,D,0,0.00%
Councilmen District V,Trumbull,Tom Broderick,D,0,0.00%
Councilmen District V,Trumbull,John Foreman,R,0,0.00%
Councilmen District V,Trumbull,Joe Pifko,R,0,0.00%
Councilmen District VI,Trumbull,Kelly Mallozzi,D,0,0.00%
Councilmen District VI,Trumbull,Joy Colon,D,0,0.00%
Councilmen District VI,Trumbull,Chris Pettinella,R,0,0.00%
Councilmen District VI,Trumbull,Brian Walsh,R,0,0.00%
Councilmen District VII,Trumbull,Jerrod Ferrari,D,0,0.00%
Councilmen District VII,Trumbull,Nikki Satin,D,0,0.00%
Councilmen District VII,Trumbull,Tony Scinto,R,0,0.00%
Councilmen District VII,Trumbull,Lorraine Wojchik,R,0,0.00%
Mayor,Vernon,Jeremy Geller,D,0,0.00%
Mayor,Vernon,Dan Champagne,R,0,0.00%
Town Council,Vernon,Bernie Sykes,D,0,0.00%
Town Council,Vernon,Maryann Levesque,D,0,0.00%
Town Council,Vernon,Phyllis Winkler,D,0,0.00%
Town Council,Vernon,Ariana Nieves,D,0,0.00%
Town Council,Vernon,TeriLynn Rogers,D,0,0.00%
Town Council,Vernon,Bill Dauphin,D,0,0.00%
Town Council,Vernon,Laurie Abernathy,D,0,0.00%
Town Council,Vernon,Thao Nguyen,D,0,0.00%
Town Council,Vernon,Michael D. Wendus,R,0,0.00%
Town Council,Vernon,Matthew G. Kenzior,R,0,0.00%
Town Council,Vernon,Andrew J. Tedford,R,0,0.00%
Town Council,Vernon,Jim Tedford,R,0,0.00%
Town Council,Vernon,John B. O'Connell,R,0,0.00%
Town Council,Vernon,Laura B. Bush,R,0,0.00%
Town Council,Vernon,Patricia E. Buxton,R,0,0.00%
Board of Education Full four Year Term,Vernon,Paul Grabowski,D,0,0.00%
Board of Education Full four Year Term,Vernon,Jesse Schoolnik,D,0,0.00%
Board of Education Full four Year Term,Vernon,Anthony F. Bedlack,R,0,0.00%
Board of Education Full Two Year Term,Vernon,Kristiana Wintress,D,0,0.00%
Board of Education Full Two Year Term,Vernon,Karen Colt,D,0,0.00%
Board of Education Full Two Year Term,Vernon,Susanne J. Vacek,R,0,0.00%
Board of Education Full Two Year Term,Vernon,Connor Yanicky,R,0,0.00%
First Selectman,Voluntown,Brian Muschiano,R,0,0.00%
Selectman,Voluntown,"Mark ""Skipp"" Oulton",D,0,0.00%
Selectman,Voluntown,Susan Choquette,R,0,0.00%
Board of Education,Voluntown,Sarah Thompson,D,0,0.00%
Board of Education,Voluntown,Rachel Ricard,D,0,0.00%
Board of Education,Voluntown,Valerie Muschiano,R,0,0.00%
Board of Education,Voluntown,Suzann M Miller,R,0,0.00%
Board of Assessment Appeals,Voluntown,Cheryl Sadowski,D,0,0.00%
Board of Assessment Appeals,Voluntown,Meagan Wicks,R,0,0.00%
Planning & Zoning Commission,Voluntown,Juliet Hodge,D,0,0.00%
Planning & Zoning Commission,Voluntown,Pat Wray,D,0,0.00%
Planning & Zoning Commission,Voluntown,Stephen D. Stephanski,R,0,0.00%
Planning & Zoning Commission Alternates,Voluntown,James MacBride,D,0,0.00%
Planning & Zoning Commission Alternates,Voluntown,Thomas Plunkett,D,0,0.00%
Planning & Zoning Commission Alternates,Voluntown,Andrew Kausch,R,0,0.00%
Planning & Zoning Commission Alternates,Voluntown,Catherine Grant,R,0,0.00%
Zoning Board of Appeals,Voluntown,Edward Grenier,D,0,0.00%
Zoning Board of Appeals,Voluntown,Al Daigneault,D,0,0.00%
Zoning Board of Appeals,Voluntown,Valerie Muschiano,R,0,0.00%
Zoning Board of Appeals Alternates,Voluntown,Elizabeth Jenkins-Donahue,D,0,0.00%
Zoning Board of Appeals Alternates,Voluntown,Joseph Orzel,R,0,0.00%
Inland Wetlands Commission,Voluntown,Christopher J Chabot,D,0,0.00%
Inland Wetlands Commission,Voluntown,Scott Arsenault,D,0,0.00%
Inland Wetlands Commission,Voluntown,Dany Vachon,R,0,0.00%
Inland Wetlands Commission,Voluntown,Catherine Grant,R,0,0.00%
Inland Wetlands Commission Alternates,Voluntown,Thomas Plunkett,D,0,0.00%
Library Trustees,Voluntown,Joyce Melgey,D,0,0.00%
Library Trustees,Voluntown,Bonnie Merrill,D,0,0.00%
Mayor,Wallingford,Alida Cella,D,0,0.00%
Mayor,Wallingford,Vincent Cervoni,R,0,0.00%
Town Council,Wallingford,Samuel Carmody,D,0,0.00%
Town Council,Wallingford,Jeffrey Kohan,D,0,0.00%
Town Council,Wallingford,Vincent Testa Jr.,D,0,0.00%
Town Council,Wallingford,Jesse Reynolds,D,0,0.00%
Town Council,Wallingford,Melanie Rossacci,D,0,0.00%
Town Council,Wallingford,Bryan Rivard,D,0,0.00%
Town Council,Wallingford,Joe Marrone III,R,0,0.00%
Town Council,Wallingford,Christopher Regan,R,0,0.00%
Town Council,Wallingford,Christina Tatta,R,0,0.00%
Town Council,Wallingford,Craig Fishbein,R,0,0.00%
Town Council,Wallingford,Tom Laffin,R,0,0.00%
Town Council,Wallingford,Autumn Allinson,R,0,0.00%
Town Council,Wallingford,Darrell P. Stancuna,PC,0,0.00%
Board of Education,Wallingford,Maureen Reed,D,0,0.00%
Board of Education,Wallingford,Duncan Craig,D,0,0.00%
Board of Education,Wallingford,Kyler Allen,D,0,0.00%
Board of Education,Wallingford,Kristi Doerr,D,0,0.00%
Board of Education,Wallingford,Brenda Shuler,D,0,0.00%
Board of Education,Wallingford,Michael Votto,D,0,0.00%
Board of Education,Wallingford,Marla Roscoe,R,0,0.00%
Board of Education,Wallingford,Rajan Doering,R,0,0.00%
Board of Education,Wallingford,Donna Regan,R,0,0.00%
Board of Education,Wallingford,Caroline Raynis,R,0,0.00%
Board of Education,Wallingford,Jennifer Passaretti,R,0,0.00%
Board of Education,Wallingford,Ray Ross,R,0,0.00%
First Selectman,Warren,Gregory M. LaCava,D,292,54.89%
First Selectman,Warren,Gregory M. LaCava,R,240,45.11%
Selectman,Warren,Howard B. Pulchin,D,264,48.89%
Selectman,Warren,Jack Baker,R,276,51.11%
Town Treasurer,Warren,Eve H. Schneider,D,299,54.96%
Town Treasurer,Warren,Colleen M. Frisbie,R,245,45.04%
Board of Finance,Warren,Robert E. Gerber,D,334,36.15%
Board of Finance,Warren,Hillary Robyn Kasler,D,305,33.01%
Board of Finance,Warren,Julia J. DeLayo,R,285,30.84%
Board of Assessment Appeals,Warren,Richard J. Scaldini,D,285,52.68%
Board of Assessment Appeals,Warren,Richard J. King,R,256,47.32%
Zoning Board of Appeals Five Year Term Begins 2025,Warren,Jennifer A. Gundlach,D,278,51.29%
Zoning Board of Appeals Five Year Term Begins 2025,Warren,Richard D. Valine,R,264,48.71%
Zoning Board of Appeals Five Year Term Begins 2026,Warren,Tyson Garbrecht,R,349,100.00%
Board of Finance Full Term,Washington,Joan Low Hammond,D,0,0.00%
Board of Finance Full Term,Washington,Patrick R. Horan,D,0,0.00%
Board of Finance Full Term,Washington,John Buonaiuto,R,0,0.00%
Board of Finance Full Term,Washington,Randall J. Carreira,R,0,0.00%
Board of Finance Alternate Full Term,Washington,Jillian P. Kauff,D,0,0.00%
Board of Finance Alternate Full Term,Washington,Mark E. Terna,R,0,0.00%
Board of Finance Alternate To Fill Vacancy for Four Years,Washington,Valerie Andersen,D,0,0.00%
Board of Finance Alternate To Fill Vacancy for Two Years,Washington,Andrew Carron,R,0,0.00%
Board of Assessment Appeals Full Term,Washington,Robert G. Weber,D,0,0.00%
Board of Assessment Appeals To Fill Vacancy for Two Years,Washington,Karen M. Silk,D,0,0.00%
Zoning Commission Full Term,Washington,Janet M. Hill,D,0,0.00%
Zoning Commission To Fill Vacancy for Four Years,Washington,Mitchell J. Solomon,R,0,0.00%
Zoning Board of Appeals,Washington,Catharine Sweeney,D,0,0.00%
Zoning Board of Appeals,Washington,Rebecca Rebillard,R,0,0.00%
City Clerk,Waterbury,Michael J. Dalton,D,0,0.00%
City Sheriff,Waterbury,Stephen M. Conway,D,0,0.00%
Board of Aldermen District 1,Waterbury,Michael Rinaldi,D,0,0.00%
Board of Aldermen District 1,Waterbury,Kenneth J. Curran,D,0,0.00%
Board of Aldermen District 1,Waterbury,Michael Grosso,R,0,0.00%
Board of Aldermen District 1,Waterbury,Jameson P. Stock,R,0,0.00%
Board of Aldermen District 1,Waterbury,Mary Grace Cavallo,WI,0,0.00%
Board of Aldermen District 2,Waterbury,Belinda D. Weaver,D,0,0.00%
Board of Aldermen District 2,Waterbury,Ian T. Blake,D,0,0.00%
Board of Aldermen District 2,Waterbury,Ruben Rodriguez,R,0,0.00%
Board of Aldermen District 2,Waterbury,Bryan E. McEntee,R,0,0.00%
Board of Aldermen District 2,Waterbury,Joshua Barney Brenner,PC,0,0.00%
Board of Aldermen District 2,Waterbury,Tammie R. Jones,WI,0,0.00%
Board of Aldermen District 3,Waterbury,Sean M. Mosley,D,0,0.00%
Board of Aldermen District 3,Waterbury,John P. Drewry,D,0,0.00%
Board of Aldermen District 3,Waterbury,Kelly Zimmermann,R,0,0.00%
Board of Aldermen District 3,Waterbury,Abigail Diaz,R,0,0.00%
Board of Aldermen District 4,Waterbury,Michael DiGiovancarlo,D,0,0.00%
Board of Aldermen District 4,Waterbury,Jeffrey A. Hunter Sr.,D,0,0.00%
Board of Aldermen District 4,Waterbury,Paul J. Kondash,R,0,0.00%
Board of Aldermen District 4,Waterbury,George N. Noujaim,R,0,0.00%
Board of Aldermen District 5,Waterbury,Rafael Feliciano-Roman,D,0,0.00%
Board of Aldermen District 5,Waterbury,Sandra Martinez-McCarthy,D,0,0.00%
Board of Aldermen District 5,Waterbury,"John ""Jack"" Alseph",R,0,0.00%
Board of Aldermen District 5,Waterbury,Adrian Sanchez,R,0,0.00%
Board of Education,Waterbury,Margret Heyward Bowen,D,0,0.00%
Board of Education,Waterbury,LaToya Ireland,D,0,0.00%
Board of Education,Waterbury,Kay Munoz,D,0,0.00%
Board of Education,Waterbury,"Lorraine ""Lorry"" Medina",R,0,0.00%
Board of Education,Waterbury,Terence Lott Jr.,R,0,0.00%
Board of Education,Waterbury,Thomas P. Van Stone Sr.,R,0,0.00%
Board of Education,Waterbury,Domenic Davino Jr.,WI,0,0.00%
Board of Finance Full Term,Waterford,Joe Filippetti,D,0,0.00%
Board of Finance Full Term,Waterford,Ann Peabody,D,0,0.00%
Board of Finance Full Term,Waterford,Glenn Patterson,D,0,0.00%
Board of Finance Full Term,Waterford,Ron Fedor,R,0,0.00%
Board of Finance Full Term,Waterford,Harry Colonis,R,0,0.00%
Board of Finance To Fill Vacancy for Two Years,Waterford,Jerry Fischer,D,0,0.00%
Board of Finance To Fill Vacancy for Two Years,Waterford,Mike Bono,R,0,0.00%
Board of Education,Waterford,Kim Hodges,D,0,0.00%
Board of Education,Waterford,Liz Maiese,D,0,0.00%
Board of Education,Waterford,Deb Roselli Kelly,D,0,0.00%
Board of Education,Waterford,Corlyn Webster,D,0,0.00%
Board of Education,Waterford,Ryan Boyle,R,0,0.00%
Board of Education,Waterford,Stephanie DeBiasi,R,0,0.00%
Board of Education,Waterford,Chris Jones,R,0,0.00%
Board of Assessment Appeals,Waterford,Jerry Porter,D,0,0.00%
Board of Assessment Appeals,Waterford,Cathy Barnard,D,0,0.00%
Board of Assessment Appeals,Waterford,Lee Couture,R,0,0.00%
Zoning Board of Appeals,Waterford,Michele Kripps,D,0,0.00%
Zoning Board of Appeals,Waterford,John Morgan,D,0,0.00%
Zoning Board of Appeals,Waterford,Evan Brown,D,0,0.00%
Zoning Board of Appeals,Waterford,Anne Darling,R,0,0.00%
Zoning Board of Appeals,Waterford,Gordy Adams,R,0,0.00%
Zoning Board of Appeals Alternate,Waterford,Warren MacKenzie,R,0,0.00%
Representative Town Meeting District 1,Waterford,Ursula Moreshead,D,0,0.00%
Representative Town Meeting District 1,Waterford,Kayla Mullen,D,0,0.00%
Representative Town Meeting District 1,Waterford,Lindsay Khan,D,0,0.00%
Representative Town Meeting District 1,Waterford,Narciss Greene,D,0,0.00%
Representative Town Meeting District 1,Waterford,JoAnna Bennett,D,0,0.00%
Representative Town Meeting District 1,Waterford,Mindy Stone,R,0,0.00%
Representative Town Meeting District 1,Waterford,Ryan Riebschlager,R,0,0.00%
Representative Town Meeting District 1,Waterford,Timothy Condon,R,0,0.00%
Representative Town Meeting District 1,Waterford,Valerie Metivier,R,0,0.00%
Representative Town Meeting District 1,Waterford,Danielle Steward-Gelinas,R,0,0.00%
Representative Town Meeting District 2,Waterford,Ted Olynciw,D,0,0.00%
Representative Town Meeting District 2,Waterford,Mary Childs,D,0,0.00%
Representative Town Meeting District 2,Waterford,Kristin Gonzalez,D,0,0.00%
Representative Town Meeting District 2,Waterford,Kyrah Augmon-Bossa,D,0,0.00%
Representative Town Meeting District 2,Waterford,Bill Mugavero,R,0,0.00%
Representative Town Meeting District 2,Waterford,Chris Muckle,R,0,0.00%
Representative Town Meeting District 2,Waterford,Jim Bartelli,R,0,0.00%
Representative Town Meeting District 2,Waterford,Kate MacKenzie,R,0,0.00%
Representative Town Meeting District 3,Waterford,Guy Calkins,D,0,0.00%
Representative Town Meeting District 3,Waterford,Kathy Mullen Kohl,D,0,0.00%
Representative Town Meeting District 3,Waterford,Tim Sullivan,D,0,0.00%
Representative Town Meeting District 3,Waterford,Tim Fioravanti,D,0,0.00%
Representative Town Meeting District 3,Waterford,Julie Watson Jones,D,0,0.00%
Representative Town Meeting District 3,Waterford,Paul Goldstein,R,0,0.00%
Representative Town Meeting District 3,Waterford,Jennifer Antonino Bracciale,R,0,0.00%
Representative Town Meeting District 3,Waterford,Kathleen Elbaum,R,0,0.00%
Representative Town Meeting District 3,Waterford,Steve Besade,R,0,0.00%
Representative Town Meeting District 3,Waterford,Shawn Monahan,R,0,0.00%
Representative Town Meeting District 4,Waterford,Susan Driscoll,D,0,0.00%
Representative Town Meeting District 4,Waterford,Emmy Franklin,D,0,0.00%
Representative Town Meeting District 4,Waterford,Ocean Pellett,D,0,0.00%
Representative Town Meeting District 4,Waterford,Erica Casper,D,0,0.00%
Representative Town Meeting District 4,Waterford,Kathy Nunes Peterson,D,0,0.00%
Representative Town Meeting District 4,Waterford,Tom Dembek,R,0,0.00%
Representative Town Meeting District 4,Waterford,Rich Gonyo,R,0,0.00%
Representative Town Meeting District 4,Waterford,Christina Jessuck,R,0,0.00%
Representative Town Meeting District 4,Waterford,David Sugrue,R,0,0.00%
Representative Town Meeting District 4,Waterford,Matthew Keatley,R,0,0.00%
Town Council,Watertown,Denise Russ,D,0,0.00%
Town Council,Watertown,Dan Cocchiola,D,0,0.00%
Town Council,Watertown,Tom Claire,D,0,0.00%
Town Council,Watertown,Robert Retallick,R,0,0.00%
Town Council,Watertown,Kenneth Demirs,R,0,0.00%
Town Council,Watertown,Michele McHugh,R,0,0.00%
Town Council,Watertown,Katherine Camara,IND,0,0.00%
Town Council,Watertown,Krista Palomba,IND,0,0.00%
Town Council,Watertown,Richard Rozanski,IND,0,0.00%
Board of Education,Watertown,Amy Quinnan,D,0,0.00%
Board of Education,Watertown,Elizabeth Lawton,D,0,0.00%
Board of Education,Watertown,Sherry Martino,R,0,0.00%
Board of Education,Watertown,Christine Faressa,R,0,0.00%
Board of Education,Watertown,Mindi Davidson,R,0,0.00%
Board of Education,Watertown,Rose M. Soboleski,IND,0,0.00%
Board of Education,Watertown,Karen M. Hosking,IND,0,0.00%
First Selectman,Westbrook,"John L. Hall, III",R,0,0.00%
Selectman,Westbrook,Chet Bialicki,D,0,0.00%
Selectman,Westbrook,Joseph Campbell,R,0,0.00%
Town Clerk,Westbrook,Joan S. Angelini,D,0,0.00%
Town Treasurer,Westbrook,Jane Spanilo Butterworth,R,0,0.00%
Tax Collector,Westbrook,Kimberly Bratz,R,0,0.00%
Board of Finance,Westbrook,Kristen Meyer,D,0,0.00%
Board of Finance,Westbrook,James Dahl,R,0,0.00%
Board of Education,Westbrook,Mark Fabrizi,D,0,0.00%
Board of Education,Westbrook,Paula Fitzgerald,D,0,0.00%
Board of Education,Westbrook,Justin Donarum,R,0,0.00%
Board of Education,Westbrook,Christine Kuehlewind,R,0,0.00%
Board of Assessment Appeals,Westbrook,Kevin Sarr,D,0,0.00%
Planning Commission,Westbrook,Marilyn Ozols,D,0,0.00%
Planning Commission,Westbrook,Daniel J Cyr,R,0,0.00%
Zoning Commission,Westbrook,Ryan Engels,D,0,0.00%
Zoning Commission,Westbrook,Vince Gentile,D,0,0.00%
Zoning Board of Appeals,Westbrook,Bonnie Hall,R,0,0.00%
Zoning Board of Appeals,Westbrook,Vincent A. Neri,R,0,0.00%
Library Board of Trustees,Westbrook,Kate Zapadka,D,0,0.00%
Library Board of Trustees,Westbrook,Elizabeth Fabrizi,D,0,0.00%
Library Board of Trustees,Westbrook,Megan E Ruppenicker,R,0,0.00%
Library Board of Trustees,Westbrook,Nilani Shankar,R,0,0.00%
Town Council,West Hartford,Ben Wenograd,D,0,0.00%
Town Council,West Hartford,Shari Cantor,D,0,0.00%
Town Council,West Hartford,Tiffani McGinnis,D,0,0.00%
Town Council,West Hartford,Barry Walters,D,0,0.00%
Town Council,West Hartford,Deb Polun,D,0,0.00%
Town Council,West Hartford,Lisa Lazarus,D,0,0.00%
Town Council,West Hartford,John Lyons,R,0,0.00%
Town Council,West Hartford,Alberto Cortes,R,0,0.00%
Town Council,West Hartford,Kyle Zelazny,R,0,0.00%
Town Council,West Hartford,Benjamin Lewis,R,0,0.00%
Town Council,West Hartford,Gayle Harris,R,0,0.00%
Town Council,West Hartford,Sijie Jason Wang,R,0,0.00%
Board of Education,West Hartford,Jennifer Herz,D,0,0.00%
Board of Education,West Hartford,Jonathan Weiner,D,0,0.00%
Board of Education,West Hartford,Jason Gagnon,D,0,0.00%
Board of Education,West Hartford,Miriam Bleich,R,0,0.00%
Judge of Probate District 39 To Fill Vacancy,West Haven,Timothy Gunning,D,0,0.00%
Mayor,West Haven,Dorinda Borer,D,0,0.00%
Mayor,West Haven,Robert John Barry,WI,0,0.00%
City Clerk,West Haven,John Lewis,D,0,0.00%
City Clerk,West Haven,Tom Green,R,0,0.00%
City Treasurer,West Haven,Rosemary Russo,D,0,0.00%
City Treasurer,West Haven,Dave Riccio,R,0,0.00%
Tax Collector,West Haven,Eric Murillo,D,0,0.00%
Tax Collector,West Haven,David Driver,R,0,0.00%
Board of Education,West Haven,Jeffrey Moreno,D,0,0.00%
Board of Education,West Haven,Kim Kenny,D,0,0.00%
Board of Education,West Haven,Patrick Egolum,D,0,0.00%
Board of Education,West Haven,Rosa M. Richardson,R,0,0.00%
Board of Education,West Haven,Dominic Konareski,R,0,0.00%
Board of Education,West Haven,Linda Borras,R,0,0.00%
Board of Assessment Appeals,West Haven,Suzanne Mink,D,0,0.00%
Board of Assessment Appeals,West Haven,Joseph Harvey,D,0,0.00%
Board of Assessment Appeals,West Haven,Silvana Apicella,R,0,0.00%
Board of Assessment Appeals,West Haven,Kris Petrucci,R,0,0.00%
Council At Large,West Haven,Sean Ronan,D,0,0.00%
Council At Large,West Haven,Peter Rivera,D,0,0.00%
Council At Large,West Haven,Meli Garthwait,R,0,0.00%
Council At Large,West Haven,Bobby Glass,R,0,0.00%
Council At Large,West Haven,Steven R. Mullins,IND,0,0.00%
Councilperson District 1,West Haven,Anne Heffernan,D,0,0.00%
Councilperson District 1,West Haven,Peter Flynn,R,0,0.00%
Councilperson District 2,West Haven,Nancy Tagliatela,D,0,0.00%
Councilperson District 2,West Haven,Bonnie Posick,R,0,0.00%
Councilperson District 3,West Haven,Sarah Ackbarali,D,0,0.00%
Councilperson District 3,West Haven,Juan Ayala,R,0,0.00%
Councilperson District 4,West Haven,Gary Donovan,D,0,0.00%
Councilperson District 4,West Haven,Domenic Broccoli,R,0,0.00%
Councilperson District 5,West Haven,Edward McMillian,D,0,0.00%
Councilperson District 5,West Haven,Bob Wittkofske,R,0,0.00%
Councilperson District 6,West Haven,Dawn Callahan,D,0,0.00%
Councilperson District 6,West Haven,Michelle  Konareski,R,0,0.00%
Councilperson District 7,West Haven,Kathy Tucker,D,0,0.00%
Councilperson District 8,West Haven,Christopher Vargo Jr.,D,0,0.00%
Councilperson District 8,West Haven,Victor Borras,R,0,0.00%
Councilperson District 9,West Haven,David Beaton,D,0,0.00%
Councilperson District 9,West Haven,Jeff Christman,R,0,0.00%
Councilperson District 10,West Haven,Ronald Quagliani,D,0,0.00%
First Selectman,Weston,Samantha Nestor,D,0,0.00%
Selectman,Weston,Tony Pesco,D,0,0.00%
Selectman,Weston,Lauren Traum,R,0,0.00%
Board of Finance Full Term,Weston,Christopher Bryant,D,0,0.00%
Board of Finance Full Term,Weston,Jim Aselta,R,0,0.00%
Board of Finance Full Term,Weston,Alex Staehely,R,0,0.00%
Board of Finance Full Term,Weston,Annalise Ferrara,R,0,0.00%
Board of Finance To Fill Vacancy for Two Years,Weston,Daniel Gershburg,D,0,0.00%
Board of Education,Weston,Lisa Luft,D,0,0.00%
Board of Education,Weston,Nicole Wallach,D,0,0.00%
Board of Education,Weston,Deborah Low,D,0,0.00%
Board of Education,Weston,Jason Lee,R,0,0.00%
Board of Assessment Appeals,Weston,Anne Kendall,D,0,0.00%
Board of Assessment Appeals,Weston,Lisa Zhang,R,0,0.00%
Planning & Zoning Commission,Weston,Megan Loucas,D,0,0.00%
Planning & Zoning Commission,Weston,Sally Stires-Korsh,D,0,0.00%
Planning & Zoning Commission,Weston,Robert DeWilder,R,0,0.00%
Zoning Board of Appeals,Weston,Richard Ruggiero,D,0,0.00%
Zoning Board of Appeals,Weston,Jason Bergman,R,0,0.00%
Zoning Board of Appeals Alternates Full Term,Weston,Richard Wolf,R,0,0.00%
Police Commission,Weston,Steve Ezzes,D,0,0.00%
Police Commission,Weston,John Dembishack,D,0,0.00%
Police Commission,Weston,Robert Kozlowsky,R,0,0.00%
Police Commission,Weston,Kirby Brendsel,R,0,0.00%
First Selectman and Selectman,Westport,"Kevin Christie, Amy Wistreich",D,0,0.00%
First Selectman and Selectman,Westport,"Don O'Day, Andrea L Moore",R,0,0.00%
First Selectman and Selectman,Westport,David Nichan Rosenwaks,IND,0,0.00%
Board of Finance,Westport,Elaine Whitney,D,0,0.00%
Board of Finance,Westport,Allyson Stollenwerk,D,0,0.00%
Board of Finance,Westport,Brian Gaines,R,0,0.00%
Board of Education,Westport,Abby Tolan,D,0,0.00%
Board of Education,Westport,Stephen Shackelford,D,0,0.00%
Board of Education,Westport,Jodi Harris,D,0,0.00%
Board of Education,Westport,Michelle Hopson,R,0,0.00%
Board of Education,Westport,Dorie Hordon,R,0,0.00%
Board of Education,Westport,Kaitlin Zucaro,R,0,0.00%
Board of Education,Westport,Andy Frankel,R,0,0.00%
Board of Education,Westport,Robert Harrington,WI,0,0.00%
Board of Assessment Appeals,Westport,Ifeseyi Gayle,D,0,0.00%
Board of Assessment Appeals,Westport,Lynette Pineda,D,0,0.00%
Board of Assessment Appeals,Westport,Thomas Bloch,R,0,0.00%
Planning & Zoning Commission,Westport,Breanne Injeski,D,0,0.00%
Planning & Zoning Commission,Westport,Craig Schiavone,D,0,0.00%
Planning & Zoning Commission,Westport,Michael Cammeyer,D,0,0.00%
Planning & Zoning Commission,Westport,Michele Paquette,R,0,0.00%
Planning & Zoning Commission,Westport,Craig Schiavone,CFW,0,0.00%
Planning & Zoning Commission,Westport,Michele Paquette,CFW,0,0.00%
Zoning Board of Appeals,Westport,Sheri Gordon,D,0,0.00%
Zoning Board of Appeals,Westport,Joseph Scordato,D,0,0.00%
Zoning Board of Appeals,Westport,Scott Schuster,R,0,0.00%
Representative Town Meeting District One,Westport,Gail Coykendall,NonP,0,0.00%
Representative Town Meeting District One,Westport,Chris Tait,NonP,0,0.00%
Representative Town Meeting District One,Westport,Andrew Bloom,NonP,0,0.00%
Representative Town Meeting District One,Westport,Kristin Mott Purcell,NonP,0,0.00%
Representative Town Meeting District One,Westport,Matthew Mandell,NonP,0,0.00%
Representative Town Meeting District Two,Westport,Louis M Mall,NonP,0,0.00%
Representative Town Meeting District Two,Westport,Jenna Petok,NonP,0,0.00%
Representative Town Meeting District Two,Westport,Jay Keenan,NonP,0,0.00%
Representative Town Meeting District Two,Westport,Mike Perry,NonP,0,0.00%
Representative Town Meeting District Two,Westport,Harris Falk,NonP,0,0.00%
Representative Town Meeting District Two,Westport,Melissa Levy,NonP,0,0.00%
Representative Town Meeting District Three,Westport,Srikanth Puttagunta,NonP,0,0.00%
Representative Town Meeting District Three,Westport,Adam Drake,NonP,0,0.00%
Representative Town Meeting District Three,Westport,Jimmy Izzo,NonP,0,0.00%
Representative Town Meeting District Three,Westport,Pamela Troy-Kopack,NonP,0,0.00%
Representative Town Meeting District Three,Westport,Ross Burkhardt,NonP,0,0.00%
Representative Town Meeting District Four,Westport,Charles Lucas,NonP,0,0.00%
Representative Town Meeting District Four,Westport,Jeffrey N Wieser,NonP,0,0.00%
Representative Town Meeting District Four,Westport,Andrew Colabella,NonP,0,0.00%
Representative Town Meeting District Four,Westport,Victoria Wylie,NonP,0,0.00%
Representative Town Meeting District Four,Westport,Clarence Hayes,NonP,0,0.00%
Representative Town Meeting District Five,Westport,Karen A Kramer,NonP,0,0.00%
Representative Town Meeting District Five,Westport,Dick Lowenstein,NonP,0,0.00%
Representative Town Meeting District Five,Westport,Peter Gold,NonP,0,0.00%
Representative Town Meeting District Five,Westport,Claudia Shaum,NonP,0,0.00%
Representative Town Meeting District Six,Westport,Seth Braunstein,NonP,0,0.00%
Representative Town Meeting District Six,Westport,Alma Sarelli,NonP,0,0.00%
Representative Town Meeting District Six,Westport,Candace Banks,NonP,0,0.00%
Representative Town Meeting District Six,Westport,Lauren Karpf,NonP,0,0.00%
Representative Town Meeting District Seven,Westport,Joseph Carson,NonP,0,0.00%
Representative Town Meeting District Seven,Westport,Ellen Lautenberg Hendel,NonP,0,0.00%
Representative Town Meeting District Seven,Westport,Jack Klinge,NonP,0,0.00%
Representative Town Meeting District Seven,Westport,Brandi Briggs,NonP,0,0.00%
Representative Town Meeting District Eight,Westport,Josh Newman,NonP,0,0.00%
Representative Town Meeting District Eight,Westport,Wendy Goldwyn Batteau,NonP,0,0.00%
Representative Town Meeting District Eight,Westport,Jill Grayson,NonP,0,0.00%
Representative Town Meeting District Eight,Westport,Rachel Steel Cohn,NonP,0,0.00%
Representative Town Meeting District Nine,Westport,Nancy Kail,NonP,0,0.00%
Representative Town Meeting District Nine,Westport,Kristin Schneeman,NonP,0,0.00%
Representative Town Meeting District Nine,Westport,Addison Moore,NonP,0,0.00%
Representative Town Meeting District Nine,Westport,Rachel Precious,NonP,0,0.00%
Representative Town Meeting District Nine,Westport,Jennifer Johnson,NonP,0,0.00%
Representative Town Meeting District Nine,Westport,Sal Liccione,NonP,0,0.00%
Town Council,Wethersfield,Jane Roets,D,0,0.00%
Town Council,Wethersfield,Scott Wands,D,0,0.00%
Town Council,Wethersfield,Ken Lesser,D,0,0.00%
Town Council,Wethersfield,Miki Duric,D,0,0.00%
Town Council,Wethersfield,Matthew Forrest,D,0,0.00%
Town Council,Wethersfield,Jon Weiner,D,0,0.00%
Town Council,Wethersfield,Brianna Timbro,R,0,0.00%
Town Council,Wethersfield,Thomas Pentalow,R,0,0.00%
Town Council,Wethersfield,Shelley Carbone,R,0,0.00%
Town Council,Wethersfield,Rich Bailey,R,0,0.00%
Town Council,Wethersfield,Julie Costello,R,0,0.00%
Town Council,Wethersfield,Patrick Pentalow,R,0,0.00%
Board of Education Four Year Term,Wethersfield,Janice Di Roberts,D,0,0.00%
Board of Education Four Year Term,Wethersfield,Matt Laccavole,D,0,0.00%
Board of Education Four Year Term,Wethersfield,Charles T. Carey,R,0,0.00%
Board of Education Four Year Term,Wethersfield,Bill Davidson,R,0,0.00%
Board of Education Two Year Term,Wethersfield,Mindy Gold,D,0,0.00%
Board of Education Two Year Term,Wethersfield,Gabby DiBacco,D,0,0.00%
Board of Education Two Year Term,Wethersfield,Amanda Drew,R,0,0.00%
Board of Education Two Year Term,Wethersfield,Kevin J. Timbro,R,0,0.00%
First Selectman,Willington,Michael Makuch,D,0,0.00%
First Selectman,Willington,Matt Clark,R,0,0.00%
Selectman,Willington,Andy Marco,D,0,0.00%
Selectman,Willington,Ralph Tulis,R,0,0.00%
Board of Finance,Willington,William  Bunnell,D,0,0.00%
Board of Finance,Willington,Stephanie Summers,D,0,0.00%
Board of Finance,Willington,Nicholas Tella,R,0,0.00%
Board of Finance,Willington,Melissa Miller,R,0,0.00%
Board of Finance To Fill a Vacancy for Two Years,Willington,Jason Ross,D,0,0.00%
Board of Finance To Fill a Vacancy for Two Years,Willington,Liliana Borrelli,R,0,0.00%
Board of Finance Alternates,Willington,Laurie Mazich Semprebon,D,0,0.00%
Board of Finance Alternates,Willington,Eric DeCastro,R,0,0.00%
Board of Education Full Term,Willington,Tracey Anderson,D,0,0.00%
Board of Education Full Term,Willington,Briana Ross,D,0,0.00%
Board of Education Full Term,Willington,Ann Grosjean,D,0,0.00%
Board of Education Full Term,Willington,Jamie Koprek,R,0,0.00%
Board of Education Full Term,Willington,Peter Bacon,R,0,0.00%
Board of Education Full Term,Willington,Matthew Landry,R,0,0.00%
Board of Assessment Appeals,Willington,Erika Wiecenski,D,0,0.00%
Board of Assessment Appeals,Willington,Walter Parsell,R,0,0.00%
Planning & Zoning Commission,Willington,Ethan S Griswold,D,0,0.00%
Planning & Zoning Commission,Willington,Robert Shabot,D,0,0.00%
Planning & Zoning Commission,Willington,Stephen R Troyer,D,0,0.00%
Planning & Zoning Commission,Willington,Jeremy Brothers,R,0,0.00%
Library Board of Directors,Willington,Jennifer Tehan,D,0,0.00%
Library Board of Directors,Willington,Laura Rodriguez,D,0,0.00%
Library Board of Directors,Willington,Joy Wrona,R,0,0.00%
Library Board of Directors To Fill Vacancy for Two Years,Willington,Rebecca Hayes,D,0,0.00%
Library Board of Directors To Fill Vacancy for Two Years,Willington,Richard Bleiler,D,0,0.00%
Library Board of Directors To Fill Vacancy for Two Years,Willington,John Blessington,R,0,0.00%
Regional Board of Education Full Term,Willington,Sarah Smith,D,0,0.00%
Regional Board of Education Full Term,Willington,Allen Ayers,D,0,0.00%
Regional Board of Education Full Term,Willington,Rachel Cook,R,0,0.00%
Regional Board of Education To Fill Vacancy for Two Years,Willington,Julie Marshall,D,0,0.00%
Selectmen,Wilton,Richard McCarty,D,0,0.00%
Selectmen,Wilton,David Tatkow,D,0,0.00%
Selectmen,Wilton,Andrew Warren,R,0,0.00%
Board of Finance,Wilton,Kari Roberts,D,0,0.00%
Board of Finance,Wilton,Eric Fanwick,D,0,0.00%
Board of Finance,Wilton,Kim Healy,R,0,0.00%
Board of Finance,Wilton,Matt Raimondi,R,0,0.00%
Board of Education,Wilton,Pam Ely,D,0,0.00%
Board of Education,Wilton,Nicola Davies,D,0,0.00%
Board of Education,Wilton,Mark Shaner,R,0,0.00%
Board of Assessment Appeals,Wilton,Becca LaMantia,D,0,0.00%
Board of Assessment Appeals,Wilton,Eamon Moran,R,0,0.00%
Planning & Zoning Commission,Wilton,Jessica Rainey,D,0,0.00%
Planning & Zoning Commission,Wilton,Trevor Huffard,D,0,0.00%
Planning & Zoning Commission,Wilton,Margit Ritz,D,0,0.00%
Planning & Zoning Commission,Wilton,Michelle Saglimbene,D,0,0.00%
Planning & Zoning Commission,Wilton,Ken Hoffman,D,0,0.00%
Planning & Zoning Commission,Wilton,Jed Englund,R,0,0.00%
Planning & Zoning Commission,Wilton,Colin Christ,R,0,0.00%
Planning & Zoning Commission,Wilton,Jill Warren,R,0,0.00%
Zoning Board of Appeals Full Term,Wilton,Tony Iorfino,D,0,0.00%
Zoning Board of Appeals Full Term,Wilton,Liz Schiff,D,0,0.00%
Zoning Board of Appeals Full Term,Wilton,Amit Vohra,R,0,0.00%
Zoning Board of Appeals To Fill Vacancy for Two Years,Wilton,Justin Anderson,R,0,0.00%
Zoning Board of Appeals Alternates Full Term,Wilton,Patti Frisch,D,0,0.00%
Zoning Board of Appeals Alternates Full Term,Wilton,Greg Murphy,R,0,0.00%
Zoning Board of Appeals Alternates Full Term,Wilton,Philip Murphy,R,0,0.00%
Constables,Wilton,Bo Mitchell,D,0,0.00%
Constables,Wilton,Sara Sclafani,D,0,0.00%
Constables,Wilton,Ernie Ricco,D,0,0.00%
Constables,Wilton,Justin Tishman,R,0,0.00%
Constables,Wilton,Lauren Gold,R,0,0.00%
Constables,Wilton,Alex Ralph,R,0,0.00%
Board of Selectmen,Winchester,Cheryl Heffernan McGlynn,D,0,0.00%
Board of Selectmen,Winchester,Kevin Bishop,D,0,0.00%
Board of Selectmen,Winchester,Paul Marino,R,0,0.00%
Board of Selectmen,Winchester,William Pozzo,R,0,0.00%
Board of Selectmen,Winchester,Todd Arcelaschi,R,0,0.00%
Board of Selectmen,Winchester,William E. Hester,R,0,0.00%
Board of Selectmen,Winchester,Troy Lamere,R,0,0.00%
Town Clerk,Winchester,Glenn Albanesius,R,0,0.00%
Board of Education Full Term,Winchester,Christine Rylander,D,0,0.00%
Board of Education Full Term,Winchester,Elinor Bishop,D,0,0.00%
Board of Education Full Term,Winchester,Eric T. Nelson,D,0,0.00%
Board of Education Full Term,Winchester,Carol Kijek,R,0,0.00%
Board of Education Full Term,Winchester,Frank Oliveri,R,0,0.00%
Board of Education Full Term,Winchester,Joseph Santoro,R,0,0.00%
Board of Education To Fill Vacancy for Two Years,Winchester,Rebecca Dawson-Hawley,D,0,0.00%
Board of Education To Fill Vacancy for Two Years,Winchester,Kurt Werner,R,0,0.00%
Constables,Winchester,Anita Garnett,D,0,0.00%
Constables,Winchester,Aubrey English,D,0,0.00%
Constables,Winchester,Salvatore Lovetere,R,0,0.00%
Constables,Winchester,Griff Travaglin,R,0,0.00%
Mayor,Windham,Thomas DeVivo,D,0,0.00%
Mayor,Windham,Hailey Desaulniers,R,0,0.00%
Mayor,Windham,Thomas DeVivo,BL,0,0.00%
Town Council Windham Voting District,Windham,Mike Desaulniers,R,0,0.00%
Town Council Windham Voting District,Windham,Suzanne Blancaflor,BL,0,0.00%
Town Council Willimantic Voting District,Windham,Rodney Alexander Jr,D,0,0.00%
Town Council Willimantic Voting District,Windham,Edelmiro Rios,D,0,0.00%
Town Council Willimantic Voting District,Windham,Clinton Adams,D,0,0.00%
Town Council Willimantic Voting District,Windham,Ricky Martinez,R,0,0.00%
Town Council Willimantic Voting District,Windham,Joshua Holman,R,0,0.00%
Town Council Willimantic Voting District,Windham,Rose Reyes,WF,0,0.00%
Town Council Willimantic Voting District,Windham,Rose Reyes,G,0,0.00%
Town Council Willimantic Voting District,Windham,Roy D. Dingler,BL,0,0.00%
Town Council at Large,Windham,Bill Sayers,D,0,0.00%
Town Council at Large,Windham,Randall Prose,D,0,0.00%
Town Council at Large,Windham,Dawn Niles,D,0,0.00%
Town Council at Large,Windham,Curtis Ehler,R,0,0.00%
Town Council at Large,Windham,Steven Edelman,R,0,0.00%
Town Council at Large,Windham,Cassandra Martineau,G,0,0.00%
Town Council at Large,Windham,Ken Folan,BL,0,0.00%
Willimantic Taxing District Board of Directors,Windham,Kayla Postler,D,0,0.00%
Willimantic Taxing District Board of Directors,Windham,Jared M. Leitzel,D,0,0.00%
Willimantic Taxing District Board of Directors,Windham,Dennis O'Brien,D,0,0.00%
Willimantic Taxing District Board of Directors,Windham,Adam Richardson,D,0,0.00%
Willimantic Taxing District Board of Directors,Windham,John McCommas,R,0,0.00%
Willimantic Taxing District Board of Directors,Windham,Douglas Lary,G,0,0.00%
Willimantic Taxing District Board of Directors,Windham,Michael Westerfield,G,0,0.00%
Willimantic Taxing District Board of Directors,Windham,Douglas Lary,BL,0,0.00%
Willimantic Taxing District Board of Directors,Windham,Michael Westerfield,BL,0,0.00%
Board of Finance,Windham,Tyler Griffin,D,0,0.00%
Board of Finance,Windham,Mary Ann Daly,D,0,0.00%
Board of Finance,Windham,Garnet McLaughlin,D,0,0.00%
Board of Finance,Windham,Peter Hughes,D,0,0.00%
Board of Finance,Windham,Kevin Donohue,D,0,0.00%
Board of Finance,Windham,Pazit Edelman,R,0,0.00%
Board of Finance,Windham,Charles Pennewill,R,0,0.00%
Board of Finance,Windham,Jean M. de Smet,G,0,0.00%
Board of Finance,Windham,William S. Hettinger,G,0,0.00%
Board of Finance,Windham,Tracy Torrejon,BL,0,0.00%
Board of Education,Windham,Paula Haney,D,0,0.00%
Board of Education,Windham,Catherine Aillon Pomo,D,0,0.00%
Board of Education,Windham,Gary Fetzer,D,0,0.00%
Board of Education,Windham,Mia Mitoma,G,0,0.00%
Board of Education,Windham,Mark Doyle,BL,0,0.00%
Board of Assessment Appeals,Windham,Murphy A. Sewall,D,0,0.00%
Board of Assessment Appeals,Windham,Susan A. Hunter,D,0,0.00%
Board of Assessment Appeals,Windham,Daniel Phipps,G,0,0.00%
Board of Assessment Appeals,Windham,Sarah Winter,G,0,0.00%
Board of Assessment Appeals,Windham,Anna Parker,G,0,0.00%
Board of Assessment Appeals,Windham,Claire M. Lary,WI,0,0.00%
Zoning Board of Appeals,Windham,Barbara S. McGrath,D,0,0.00%
Zoning Board of Appeals,Windham,Roger Morin,R,0,0.00%
Zoning Board of Appeals,Windham,Dustin Rood,R,0,0.00%
Zoning Board of Appeals,Windham,Anna Parker,G,0,0.00%
Zoning Board of Appeals,Windham,Jessica Watson,G,0,0.00%
Zoning Board of Appeals Alternate,Windham,Dustin Rood,R,0,0.00%
Zoning Board of Appeals Alternate,Windham,Anna Parker,G,0,0.00%
Zoning Board of Appeals Alternate,Windham,Jessica Watson,G,0,0.00%
Town Council,Windsor,Darleen Klase,D,0,0.00%
Town Council,Windsor,Nuchette Black-Burke,D,0,0.00%
Town Council,Windsor,Ojala Naeem,D,0,0.00%
Town Council,Windsor,Anthony King,D,0,0.00%
Town Council,Windsor,Mary L. Armstrong,D,0,0.00%
Town Council,Windsor,Sophia Tetteh,R,0,0.00%
Town Council,Windsor,William Pelkey,R,0,0.00%
Town Council,Windsor,James F. Durant,R,0,0.00%
Town Council,Windsor,Kristin Gluck Hoffman,R,0,0.00%
Town Council,Windsor,Ronald Eleveld,R,0,0.00%
Board of Education,Windsor,Leonard O. Lockhart,D,0,0.00%
Board of Education,Windsor,Tracey Zotter,D,0,0.00%
Board of Education,Windsor,Ayana K. Taylor,D,0,0.00%
Board of Education,Windsor,Nathan G. Wolliston,D,0,0.00%
Board of Education,Windsor,Becky Jacobsen,D,0,0.00%
Board of Education,Windsor,Lisette LaTorre-Muszynski,R,0,0.00%
Board of Education,Windsor,Jeremy Halek,R,0,0.00%
Board of Education,Windsor,Paul J. Panos,R,0,0.00%
Board of Education,Windsor,James Madison,R,0,0.00%
Board of Education,Windsor,Maxine N. Davis,R,0,0.00%
Constables,Windsor,Dennis Palmer,D,0,0.00%
Constables,Windsor,Shellye Davis,D,0,0.00%
Constables,Windsor,Charles W. Jackson III,R,0,0.00%
Constables,Windsor,Samuel P. Savelli,R,0,0.00%
First Selectman,Windsor Locks,Jon Savino,D,0,0.00%
First Selectman,Windsor Locks,Norman L. Weigert Jr.,R,0,0.00%
Selectman,Windsor Locks,Mark Whitten,D,0,0.00%
Selectman,Windsor Locks,James E. Cannon III,R,0,0.00%
Selectman,Windsor Locks,William E. Marsh,PC,0,0.00%
Town Clerk,Windsor Locks,Christopher P. Latournes,R,0,0.00%
Town Treasurer,Windsor Locks,Cindy Cooper,D,0,0.00%
Town Treasurer,Windsor Locks,Paul E. Riedi,R,0,0.00%
Tax Collector,Windsor Locks,Peter F. Juszczynski,R,0,0.00%
Board of Finance Full Term,Windsor Locks,Sean Twitchell,D,0,0.00%
Board of Finance Full Term,Windsor Locks,Robert Shepard,D,0,0.00%
Board of Finance Full Term,Windsor Locks,Lori S. Quagliaroli,R,0,0.00%
Board of Finance Full Term,Windsor Locks,Daniel A. Flanagan,R,0,0.00%
Board of Finance to Fill Vacancy for Two Years,Windsor Locks,Judith Chapman,D,0,0.00%
Board of Finance to Fill Vacancy for Two Years,Windsor Locks,Lacinda I. van Gieson,R,0,0.00%
Board of Education,Windsor Locks,Greg Guyette,D,0,0.00%
Board of Education,Windsor Locks,Amber Mortensen-Hurdle,D,0,0.00%
Board of Education,Windsor Locks,Kylee E. Christianson,R,0,0.00%
Board of Education,Windsor Locks,Dennis A. Gragnolati,R,0,0.00%
Board of Assessment Appeals,Windsor Locks,Cindy Cooper,D,0,0.00%
Board of Assessment Appeals,Windsor Locks,Paul E. Riedi,R,0,0.00%
Zoning Board of Appeals Full Five Year Term Begins 2025,Windsor Locks,Mark Whitten,D,0,0.00%
Zoning Board of Appeals Full Five Year Term Begins 2025,Windsor Locks,Robert W. Glamuzina,R,0,0.00%
Zoning Board of Appeals Full Five Year Term Begins 2026,Windsor Locks,Neal Cunningham,D,0,0.00%
Zoning Board of Appeals Alternate Full Term,Windsor Locks,Edward W. Smalley Jr.,R,0,0.00%
Police Commission,Windsor Locks,Luis Vazquez,D,0,0.00%
Police Commission,Windsor Locks,Roy Zettlemoyer,D,0,0.00%
Fire Commission,Windsor Locks,Guido Montemerlo,D,0,0.00%
Fire Commission,Windsor Locks,Roy Zettlemoyer,D,0,0.00%
Fire Commission,Windsor Locks,Dennis A. Gragnolati,R,0,0.00%
Park Commissioner,Windsor Locks,Patrick Roy,D,0,0.00%
Park Commissioner,Windsor Locks,Amber Mortensen-Hurdle,D,0,0.00%
Park Commissioner,Windsor Locks,Edward W. Smalley Jr.,R,0,0.00%
Sewer Commissioner,Windsor Locks,Peggy Sayers,D,0,0.00%
Sewer Commissioner,Windsor Locks,Brenda Wojtas,D,0,0.00%
Sewer Commissioner,Windsor Locks,Daniel A. Flanagan,R,0,0.00%
Sewer Commissioner,Windsor Locks,John M. Farrelly Jr.,R,0,0.00%
Constables,Windsor Locks,Kevin Gannuscio,D,0,0.00%
Constables,Windsor Locks,Shane O'Connor,D,0,0.00%
Constables,Windsor Locks,Bill Hamel,D,0,0.00%
Constables,Windsor Locks,Alan Gannuscio,D,0,0.00%
Constables,Windsor Locks,Joseph D. Chapman,R,0,0.00%
Constables,Windsor Locks,Tamie I. Quagliaroli,R,0,0.00%
Constables,Windsor Locks,James E. Cannon III,R,0,0.00%
Constables,Windsor Locks,Roger E. Nelson,R,0,0.00%
Mayor,Wolcott,Paul D. D'Angelo,R,0,0.00%
Mayor,Wolcott,Thomas G. Dunn,PC,0,0.00%
Town Clerk,Wolcott,Karen Beth Mowad,R,0,0.00%
Town Treasurer,Wolcott,Paul Mazurek,D,0,0.00%
Town Treasurer,Wolcott,Mya Chance,R,0,0.00%
Tax Collector,Wolcott,Darlene A. Tynan,PC,0,0.00%
Town Council District 1,Wolcott,Tim McMurray,D,0,0.00%
Town Council District 1,Wolcott,Michael Macary,D,0,0.00%
Town Council District 1,Wolcott,Anthony Guerrera Jr.,R,0,0.00%
Town Council District 1,Wolcott,Terri Sheehan,R,0,0.00%
Town Council District 2,Wolcott,Maggie Gugliotti,D,0,0.00%
Town Council District 2,Wolcott,Robert H. Ficeto,D,0,0.00%
Town Council District 2,Wolcott,Cory Lagasse,R,0,0.00%
Town Council District 2,Wolcott,Rachel Wisler,R,0,0.00%
Town Council District 3,Wolcott,Charles Nappi,D,0,0.00%
Town Council District 3,Wolcott,George Collaku,D,0,0.00%
Town Council District 3,Wolcott,Sean Hughes,R,0,0.00%
Town Council District 3,Wolcott,Joseph F. Skerritt,R,0,0.00%
Town Council District 3,Wolcott,Joseph R. Membrino Jr.,PC,0,0.00%
Board of Education,Wolcott,Nick Olson,D,0,0.00%
Board of Education,Wolcott,Tony Gugliotti,D,0,0.00%
Board of Education,Wolcott,Matthew Napp,D,0,0.00%
Board of Education,Wolcott,Savannah Esposito,D,0,0.00%
Board of Education,Wolcott,Eugene R. Gasparri,D,0,0.00%
Board of Education,Wolcott,Red Stafstrom,D,0,0.00%
Board of Education,Wolcott,Nikoleta Kollchaku,R,0,0.00%
Board of Education,Wolcott,Kelly Mazza,R,0,0.00%
Board of Education,Wolcott,Melissa Hughes,R,0,0.00%
Board of Education,Wolcott,Bernadette Ouellette,R,0,0.00%
Board of Education,Wolcott,Cindy Mancini,R,0,0.00%
Board of Education,Wolcott,Roberta E. Leonard,R,0,0.00%
Board of Assessment Appeals,Wolcott,Sharon A. Moore,D,0,0.00%
Board of Assessment Appeals,Wolcott,Youseff Macary,D,0,0.00%
Board of Assessment Appeals,Wolcott,Adam R. Glasser,R,0,0.00%
Board of Assessment Appeals,Wolcott,Laurence Peck Jr.,R,0,0.00%
Zoning Board of Appeals,Wolcott,John Murphy,D,0,0.00%
Zoning Board of Appeals,Wolcott,Krista Moore,D,0,0.00%
Zoning Board of Appeals,Wolcott,JT Plona,D,0,0.00%
Zoning Board of Appeals,Wolcott,Ken Barnes,R,0,0.00%
Zoning Board of Appeals,Wolcott,James Treanor,R,0,0.00%
Zoning Board of Appeals,Wolcott,Anthony Lombardi,R,0,0.00%
Constables,Wolcott,Kevin Starbird,D,0,0.00%
Constables,Wolcott,Christopher Ficeto,D,0,0.00%
Constables,Wolcott,Nicholas Ficeto,D,0,0.00%
Constables,Wolcott,Brock L. Weber,R,0,0.00%
Constables,Wolcott,Donald J. Charette Sr.,R,0,0.00%
Constables,Wolcott,Peter J. Sheehan,R,0,0.00%
First Selectman,Woodbridge,Mica Cardozo,D,0,0.00%
First Selectman,Woodbridge,Robert Rosasco,R,0,0.00%
Selectmen,Woodbridge,Lauren Francese,D,0,0.00%
Selectmen,Woodbridge,Steve Munno,D,0,0.00%
Selectmen,Woodbridge,Maria Madonick,D,0,0.00%
Selectmen,Woodbridge,Amey Marrella,R,0,0.00%
Selectmen,Woodbridge,Javier Aviles,R,0,0.00%
Selectmen,Woodbridge,Andrea Urbano,R,0,0.00%
Board of Education,Woodbridge,Saurabh Vilekar,D,0,0.00%
Board of Education,Woodbridge,Megan Conatser,D,0,0.00%
Board of Education,Woodbridge,Mike Strambler,D,0,0.00%
Board of Education,Woodbridge,Stephanie Pennington,R,0,0.00%
Board of Education,Woodbridge,Jackie Cappiello,R,0,0.00%
Board of Education,Woodbridge,Sarah Beth Del Prete,R,0,0.00%
Board of Assessment Appeals,Woodbridge,Shelley Kier,D,0,0.00%
Board of Assessment Appeals,Woodbridge,Alyssa Anderson,R,0,0.00%
Zoning Board of Appeals,Woodbridge,Henry Nusbaum,D,0,0.00%
Zoning Board of Appeals,Woodbridge,Nigel Light,D,0,0.00%
Zoning Board of Appeals,Woodbridge,Illya Mowerman,R,0,0.00%
Zoning Board of Appeals,Woodbridge,Nick Zito,R,0,0.00%
Zoning Board of Appeals,Woodbridge,Cynthia Gibbons,R,0,0.00%
Zoning Board of Appeals Alternate Full Term,Woodbridge,Maurice Clarke,D,0,0.00%
Zoning Board of Appeals Alternate Full Term,Woodbridge,Karen A Lombardi,R,0,0.00%
Zoning Board of Appeals Alternate To Fill Vacancy for Two Years,Woodbridge,James Horwitz,D,0,0.00%
Zoning Board of Appeals Alternate To Fill Vacancy for Two Years,Woodbridge,Dennis Santulli,R,0,0.00%
Zoning Board of Appeals Alternate To Fill Vacancy for Two Years,Woodbridge,Thomas Kenefick,R,0,0.00%
Regional Board of Education,Woodbridge,Carol Oladele,D,0,0.00%
Regional Board of Education,Woodbridge,Donna Schuster,D,0,0.00%
Regional Board of Education,Woodbridge,Joi Prud'homme,R,0,0.00%
Regional Board of Education,Woodbridge,Lauren Moras,R,0,0.00%
First Selectman,Woodbury,Paul A. Zulpa,R,0,0.00%
Selectman,Woodbury,Richard T. Coates,D,0,0.00%
Selectman,Woodbury,Karen Reddington-Hughes,R,0,0.00%
Board of Finance,Woodbury,Andrew H. Sherman,D,0,0.00%
Board of Finance,Woodbury,Steven Tranguch,R,0,0.00%
Board of Finance,Woodbury,Karen McWhirt,R,0,0.00%
Board of Assessment Appeals,Woodbury,John Hughes,R,0,0.00%
Board of Assessment Appeals Alternate,Woodbury,Matthew Amatruda,R,0,0.00%
Planning Commission Full Term,Woodbury,John Hughes,R,0,0.00%
Planning Commission Full Term,Woodbury,Matthew Meade Amatruda,PC,0,0.00%
Planning Commission Alternate Full Term,Woodbury,Joshua A. Rodriguez,D,0,0.00%
Planning Commission Alternate to Fill Vacancy for Two Years,Woodbury,Mark Cody,R,0,0.00%
Planning Commission Alternate to Fill Vacancy for Two Years,Woodbury,Clayton C. Brown,R,0,0.00%
Zoning Commission,Woodbury,Martin G. Johnson,D,0,0.00%
Zoning Commission,Woodbury,Thomas Amatruda,R,0,0.00%
Zoning Commission,Woodbury,"Casey A, Rushin",R,0,0.00%
Zoning Commission Alternate Full Term,Woodbury,Thomas S. Benedetto,R,0,0.00%
Zoning Commission Alternate To Fill Vacancy for Two Years,Woodbury,Andrew J. Gumkowski,D,0,0.00%
Zoning Commission Alternate To Fill Vacancy for Two Years,Woodbury,Jacob Amorando,R,0,0.00%
Zoning Board of Appeals,Woodbury,Jane Donn,D,0,0.00%
Zoning Board of Appeals,Woodbury,Robert Ratzenberger,R,0,0.00%
Zoning Board of Appeals,Woodbury,Michael Novak,R,0,0.00%
Zoning Board of Appeals Alternate To Fill Vacancy for Two Years,Woodbury,Demetrius C. Leonard,D,0,0.00%
Inland Wetlands and Watercourse Agency,Woodbury,Mary Elsenboss Tyrrell,D,0,0.00%
Inland Wetlands and Watercourse Agency,Woodbury,Kyle Turoczi,R,0,0.00%
Inland Wetlands and Watercourse Agency,Woodbury,Ernest Werner,R,0,0.00%
Inland Wetlands and Watercourse Agency Alternate,Woodbury,Ian Budrewicz,D,0,0.00%
Inland Wetlands and Watercourse Agency Alternate,Woodbury,Timothy Pabst,R,0,0.00%
Town Moderator,Woodbury,James H. McLaughlin,R,0,0.00%
First Selectman,Woodstock,Chandler Paquette,D,0,0.00%
First Selectman,Woodstock,Chandler Paquette,R,0,0.00%
Selectman,Woodstock,Kate McDonald,D,0,0.00%
Selectman,Woodstock,Christopher Mayhew,R,0,0.00%
Town Clerk,Woodstock,Christine French,D,0,0.00%
Town Clerk,Woodstock,Christine French,R,0,0.00%
Town Treasurer,Woodstock,Barry Shead,R,0,0.00%
Board of Finance,Woodstock,Ivar McDonald,D,0,0.00%
Board of Finance,Woodstock,Philip Parizeau,D,0,0.00%
Board of Finance,Woodstock,Philip Parizeau,R,0,0.00%
Board of Finance,Woodstock,David Fortin,R,0,0.00%
Board of Finance Alternate Full Term,Woodstock,Margaret A Wholean,D,0,0.00%
Board of Finance Alternate To Fill Vacancy for Two Years,Woodstock,Wendy Costa,R,0,0.00%
Board of Education Full Term,Woodstock,Matthew Bennett,D,0,0.00%
Board of Education Full Term,Woodstock,Sonia Greene,D,0,0.00%
Board of Education Full Term,Woodstock,Judith Ducharme Folkerts,R,0,0.00%
Board of Education Full Term,Woodstock,Sonia Greene,R,0,0.00%
Board of Education To Fill Vacancy for Four Years,Woodstock,Susan Swan,D,0,0.00%
Board of Education To Fill Vacancy for Four Years,Woodstock,Shawn Brodeur,R,0,0.00%
Board of Assessment Appeals,Woodstock,John Davis,D,0,0.00%
Board of Assessment Appeals,Woodstock,John Davis,R,0,0.00%
Planning & Zoning Commission,Woodstock,Joseph Polulech,D,0,0.00%
Planning & Zoning Commission,Woodstock,Syd Blodgett,D,0,0.00%
Planning & Zoning Commission,Woodstock,Joseph Adiletta,D,0,0.00%
Planning & Zoning Commission,Woodstock,David Morse,R,0,0.00%
Planning & Zoning Commission Alternate,Woodstock,Amy Monahan,D,0,0.00%
