office,town,candidate,party,votes,vote_percent
Presidential Electors for,statewide,Harris and Walz,D,56263,49.04%
Presidential Electors for,statewide,Trump and Vance,R,56608,49.34%
Presidential Electors for,statewide,Stein and Ware,G,634,0.55%
Presidential Electors for,statewide,Oliver and ter Maat,LI,543,0.47%
Presidential Electors for,statewide,"Kennedy, Jr. and Shanahan",PC,663,0.58%
Presidential Electors for,statewide,De la Cruz and Garcia,WI,8,0.01%
Presidential Electors for,statewide,Fox and McVay,WI,0,0.00%
Presidential Electors for,statewide,McNeil and McNeil,WI,0,0.00%
Presidential Electors for,statewide,Potus and Kennedy,WI,0,0.00%
Presidential Electors for,statewide,Ayyadurai and Ellis,WI,0,0.00%
Presidential Electors for,statewide,Sonski and Onak,WI,5,0.00%
Presidential Electors for,statewide,West and Abdullah,WI,4,0.00%
United States Senator,statewide,Christopher S. Murphy,D,55092,48.88%
United States Senator,statewide,Matthew M. Corey,R,52753,46.80%
United States Senator,statewide,Christopher S. Murphy,WF,2986,2.65%
United States Senator,statewide,Justin C. Paglino,G,795,0.71%
United States Senator,statewide,Robert Finley Hyde,CGG,1083,0.96%
United States Senator,statewide,John Flynn,WI,2,0.00%
Representative in Congress 1,statewide,John B. Larson,D,395,42.16%
Representative in Congress 1,statewide,Jim Griffin,R,502,53.58%
Representative in Congress 1,statewide,John B. Larson,WF,29,3.09%
Representative in Congress 1,statewide,Mary L. Sanders,G,11,1.17%
Representative in Congress 2,statewide,Joe Courtney,D,36062,51.93%
Representative in Congress 2,statewide,Mike France,R,33384,48.07%
Representative in Congress 2,statewide,"Kenneth Kusmierski, Jr.",WI,0,0.00%
Representative in Congress 2,statewide,Jeffery Russell,WI,2,0.00%
Representative in Congress 3,statewide,Rosa L. DeLauro,D,3346,47.17%
Representative in Congress 3,statewide,Michael Massey,R,3615,50.97%
Representative in Congress 3,statewide,Michael Massey,IND,131,1.85%
Representative in Congress 3,statewide,Leo Almoney,WI,0,0.00%
Representative in Congress 3,statewide,Omar Scott Antar,WI,1,0.01%
Representative in Congress 3,statewide,Shahd Omar,WI,0,0.00%
Representative in Congress 4,statewide,Jim Himes,D,3526,63.02%
Representative in Congress 4,statewide,Michael Goldstein,R,1978,35.35%
Representative in Congress 4,statewide,Benjamin Wesley,IND,91,1.63%
Representative in Congress 5,statewide,Jahana Hayes,D,15058,51.35%
Representative in Congress 5,statewide,George Logan,R,13642,46.52%
Representative in Congress 5,statewide,Jahana Hayes,WF,627,2.14%
Representative in Congress 5,statewide,Ahmad AJ Darwish,WI,0,0.00%
Representative in Congress 5,statewide,Bertram Ferguson,WI,0,0.00%
State Senator 1,statewide,John W. Fonfara,D,0,0.00%
State Senator 1,statewide,Luis R. Delgado,G,0,0.00%
State Senator 2,statewide,Douglas McCrory,D,0,0.00%
State Senator 2,statewide,Kristin Hoffman,R,0,0.00%
State Senator 3,statewide,Saud Anwar,D,3086,52.07%
State Senator 3,statewide,Matt Siracusa,R,2661,44.90%
State Senator 3,statewide,Saud Anwar,WF,180,3.04%
State Senator 4,statewide,MD Rahman,D,999,48.78%
State Senator 4,statewide,Stephen King,R,992,48.44%
State Senator 4,statewide,MD Rahman,WF,57,2.78%
State Senator 5,statewide,Derek Slap,D,0,0.00%
State Senator 5,statewide,Kyla Zimmermann,R,0,0.00%
State Senator 6,statewide,Rick Lopes,D,0,0.00%
State Senator 6,statewide,Tremell Collins,R,0,0.00%
State Senator 6,statewide,Rick Lopes,WF,0,0.00%
State Senator 7,statewide,Cynthia Mangini,D,478,39.47%
State Senator 7,statewide,John A. Kissel,R,682,56.32%
State Senator 7,statewide,Cynthia Mangini,WF,32,2.64%
State Senator 7,statewide,John A. Kissel,IND,19,1.57%
State Senator 8,statewide,Paul Honig,D,9188,55.43%
State Senator 8,statewide,Lisa Seminara,R,6856,41.36%
State Senator 8,statewide,Paul Honig,WF,286,1.73%
State Senator 8,statewide,Lisa Seminara,IND,246,1.48%
State Senator 9,statewide,Matthew Lesser,D,0,0.00%
State Senator 9,statewide,Matthew Lesser,WF,0,0.00%
State Senator 9,statewide,Matthew Lesser,IND,0,0.00%
State Senator 10,statewide,Gary Winfield,D,0,0.00%
State Senator 10,statewide,Nyrell Moore,R,0,0.00%
State Senator 10,statewide,Gary Winfield,WF,0,0.00%
State Senator 10,statewide,Nyrell Moore,IND,0,0.00%
State Senator 11,statewide,Martin M. Looney,D,0,0.00%
State Senator 11,statewide,Steven Orosco,R,0,0.00%
State Senator 12,statewide,Christine Cohen,D,2099,48.89%
State Senator 12,statewide,Paul Crisci,R,2084,48.54%
State Senator 12,statewide,Christine Cohen,WF,58,1.35%
State Senator 12,statewide,Christine Cohen,IND,52,1.21%
State Senator 13,statewide,Jan Hochadel,D,0,0.00%
State Senator 13,statewide,Elain Cariati,R,0,0.00%
State Senator 13,statewide,Jan Hochadel,WF,0,0.00%
State Senator 13,statewide,Gwen Samuel,IND,0,0.00%
State Senator 13,statewide,Gwen Samuel,WI,0,0.00%
State Senator 14,statewide,James Maroney,D,0,0.00%
State Senator 14,statewide,Steven Johnstone,R,0,0.00%
State Senator 14,statewide,James Maroney,IND,0,0.00%
State Senator 15,statewide,Joan V. Hartley,D,0,0.00%
State Senator 15,statewide,Joan V. Hartley,IND,0,0.00%
State Senator 16,statewide,Christopher Robertson,D,0,0.00%
State Senator 16,statewide,Rob Sampson,R,0,0.00%
State Senator 16,statewide,Christopher Robertson,IND,0,0.00%
State Senator 17,statewide,Jorge Cabrera,D,3422,76.16%
State Senator 17,statewide,Jorge Cabrera,WF,563,12.53%
State Senator 17,statewide,Jorge Cabrera,IND,508,11.31%
State Senator 18,statewide,Andrew M. Parrella,D,4802,29.97%
State Senator 18,statewide,Heather Somers,R,10683,66.67%
State Senator 18,statewide,Heather Somers,IND,539,3.36%
State Senator 19,statewide,Catherine A. Osten,D,1665,47.91%
State Senator 19,statewide,Jason Guidone,R,1655,47.63%
State Senator 19,statewide,Catherine A. Osten,WF,97,2.79%
State Senator 19,statewide,Catherine A. Osten,IND,58,1.67%
State Senator 20,statewide,Martha Marx,D,2800,45.85%
State Senator 20,statewide,Shaun Mastroianni,R,3051,49.96%
State Senator 20,statewide,Martha Marx,WF,133,2.18%
State Senator 20,statewide,Shaun Mastroianni,IND,123,2.01%
State Senator 21,statewide,Kevin C. Kelly,R,0,0.00%
State Senator 22,statewide,Sujata Gadkar-Wilcox,D,0,0.00%
State Senator 22,statewide,Chris Carrena,R,0,0.00%
State Senator 22,statewide,Robert Edward Halstead,IND,0,0.00%
State Senator 22,statewide,Louis Anthony Bevilacqua,WI,0,0.00%
State Senator 23,statewide,Herron Gaston,D,0,0.00%
State Senator 23,statewide,Brian Banacowski,R,0,0.00%
State Senator 23,statewide,Herron Gaston,WF,0,0.00%
State Senator 24,statewide,Julie Kushner,D,0,0.00%
State Senator 24,statewide,Michelle Coelho,R,0,0.00%
State Senator 24,statewide,Julie Kushner,WF,0,0.00%
State Senator 24,statewide,Michelle Coelho,IND,0,0.00%
State Senator 25,statewide,Bob Duff,D,0,0.00%
State Senator 25,statewide,Martin Tagliaferro,R,0,0.00%
State Senator 25,statewide,Bob Duff,WF,0,0.00%
State Senator 26,statewide,Ceci Maher,D,3372,60.86%
State Senator 26,statewide,Kami Evans,R,2077,37.48%
State Senator 26,statewide,Kami Evans,IND,92,1.66%
State Senator 27,statewide,Pat Billie Miller,D,0,0.00%
State Senator 27,statewide,Nicola Tarzia,R,0,0.00%
State Senator 28,statewide,Rob Blanchard,D,0,0.00%
State Senator 28,statewide,Tony Hwang,R,0,0.00%
State Senator 28,statewide,Tony Hwang,IND,0,0.00%
State Senator 29,statewide,Mae Flexer,D,3198,42.15%
State Senator 29,statewide,Chris Reddy,R,4062,53.53%
State Senator 29,statewide,Mae Flexer,WF,138,1.82%
State Senator 29,statewide,Mae Flexer,IND,84,1.11%
State Senator 29,statewide,Alice Leibowitz,G,106,1.40%
State Senator 30,statewide,Justin Potter,D,2084,47.73%
State Senator 30,statewide,Stephen G. Harding,R,2208,50.57%
State Senator 30,statewide,Stephen G. Harding,IND,74,1.69%
State Senator 31,statewide,Henri Martin,R,5055,100.00%
State Senator 32,statewide,Jeff Desmarais,D,1365,52.56%
State Senator 32,statewide,Eric C. Berthel,R,1232,47.44%
State Senator 33,statewide,Norm Needleman,D,7522,50.06%
State Senator 33,statewide,Jeffery Duigou,R,7071,47.06%
State Senator 33,statewide,Norm Needleman,IND,433,2.88%
State Senator 34,statewide,Brandi Mandato,D,0,0.00%
State Senator 34,statewide,Paul Cicarella,R,0,0.00%
State Senator 34,statewide,Brandi Mandato,WF,0,0.00%
State Senator 34,statewide,Paul Cicarella,IND,0,0.00%
State Senator 34,statewide,David A. Bedell,G,0,0.00%
State Senator 35,statewide,Merry C. Garrett,D,3081,41.94%
State Senator 35,statewide,Jeff Gordon,R,4031,54.87%
State Senator 35,statewide,Merry C. Garrett,WF,139,1.89%
State Senator 35,statewide,Merry C. Garrett,IND,96,1.31%
State Senator 36,statewide,Nick Simmons,D,0,0.00%
State Senator 36,statewide,Ryan Fazio,R,0,0.00%
State Senator 36,statewide,Nick Simmons,IND,0,0.00%
State Representative 1,statewide,Matthew Ritter,D,0,0.00%
State Representative 2,statewide,Raghib Allie-Brennan,D,0,0.00%
State Representative 2,statewide,Bradley M. Koltz,R,0,0.00%
State Representative 2,statewide,Raghib Allie-Brennan,IND,0,0.00%
State Representative 3,statewide,Minnie Gonzalez,D,0,0.00%
State Representative 4,statewide,Julio A. Concepcion,D,0,0.00%
State Representative 5,statewide,Maryam Khan,D,0,0.00%
State Representative 5,statewide,Tracy L. Funnye,WI,0,0.00%
State Representative 6,statewide,"James ""Jimmy"" Sanchez",D,0,0.00%
State Representative 6,statewide,Alyssa Peterson,PC,0,0.00%
State Representative 7,statewide,Joshua M. Hall,D,0,0.00%
State Representative 8,statewide,Nancy Hammarstrom,D,0,0.00%
State Representative 8,statewide,Timothy Ackert,R,0,0.00%
State Representative 8,statewide,Nancy Hammarstrom,WF,0,0.00%
State Representative 9,statewide,Jason Rojas,D,0,0.00%
State Representative 10,statewide,Henry J. Genga,D,0,0.00%
State Representative 10,statewide,Chris Tierinni,R,0,0.00%
State Representative 11,statewide,Patrick Biggins,D,0,0.00%
State Representative 11,statewide,Salema Davis,R,0,0.00%
State Representative 12,statewide,Geoffrey Luxenberg,D,0,0.00%
State Representative 12,statewide,Robert Cormier,R,0,0.00%
State Representative 12,statewide,Geoffrey Luxenberg,WF,0,0.00%
State Representative 12,statewide,Joseph Arthur Young,PC,0,0.00%
State Representative 13,statewide,Jason Doucette,D,0,0.00%
State Representative 13,statewide,Donna C Meier,R,0,0.00%
State Representative 13,statewide,Jason Doucette,IND,0,0.00%
State Representative 14,statewide,"Steven King, Jr",D,0,0.00%
State Representative 14,statewide,Tom Delnicki,R,0,0.00%
State Representative 14,statewide,Tom Delnicki,IND,0,0.00%
State Representative 15,statewide,Bobby Gibson,D,0,0.00%
State Representative 15,statewide,Quentin Johnson,R,0,0.00%
State Representative 16,statewide,Melissa Osborne,D,9633,61.87%
State Representative 16,statewide,Michael Schulitz,R,5937,38.13%
State Representative 17,statewide,Eleni Kavros DeGraw,D,0,0.00%
State Representative 17,statewide,Manju Gerber,R,0,0.00%
State Representative 17,statewide,Eleni Kavros DeGraw,WF,0,0.00%
State Representative 17,statewide,Eleni Kavros DeGraw,IND,0,0.00%
State Representative 18,statewide,Jillian Gilchrest,D,0,0.00%
State Representative 19,statewide,Tammy Exum,D,0,0.00%
State Representative 20,statewide,Kate Farrar,D,0,0.00%
State Representative 20,statewide,Kate Farrar,WF,0,0.00%
State Representative 21,statewide,Mike Demicco,D,0,0.00%
State Representative 21,statewide,Johnny Carrier,R,0,0.00%
State Representative 21,statewide,Mike Demicco,WF,0,0.00%
State Representative 21,statewide,Mike Demicco,IND,0,0.00%
State Representative 22,statewide,Rebecca Martinez,D,0,0.00%
State Representative 22,statewide,Francis Rexford Cooley,R,0,0.00%
State Representative 22,statewide,Rebecca Martinez,WF,0,0.00%
State Representative 22,statewide,Rebecca Martinez,IND,0,0.00%
State Representative 23,statewide,Jane Wisialowski,D,871,53.70%
State Representative 23,statewide,Devin R Carney,R,690,42.54%
State Representative 23,statewide,Jane Wisialowski,WF,23,1.42%
State Representative 23,statewide,Devin R Carney,IND,38,2.34%
State Representative 24,statewide,"Emmanuel ""Manny"" Sanchez",D,0,0.00%
State Representative 24,statewide,Alden Russell,R,0,0.00%
State Representative 24,statewide,"Emmanuel ""Manny"" Sanchez",WF,0,0.00%
State Representative 24,statewide,Alfred P. Mayo,PC,0,0.00%
State Representative 25,statewide,"Robert ""Bobby"" Sanchez",D,0,0.00%
State Representative 25,statewide,Jamie Vaughan,R,0,0.00%
State Representative 26,statewide,David DeFronzo,D,0,0.00%
State Representative 26,statewide,Barbara Marino,R,0,0.00%
State Representative 26,statewide,David DeFronzo,WF,0,0.00%
State Representative 27,statewide,Gary Turco,D,0,0.00%
State Representative 27,statewide,Gary Turco,WF,0,0.00%
State Representative 27,statewide,Stephen P. Ellis,PC,0,0.00%
State Representative 28,statewide,Amy Morrin Bello,D,0,0.00%
State Representative 28,statewide,William Davidson,R,0,0.00%
State Representative 28,statewide,Amy Morrin Bello,WF,0,0.00%
State Representative 29,statewide,Kerry Szeps Wood,D,0,0.00%
State Representative 29,statewide,Edward V. Charamut,R,0,0.00%
State Representative 30,statewide,Donna M. Veach,R,0,0.00%
State Representative 31,statewide,Jill Barry,D,0,0.00%
State Representative 31,statewide,Jill Barry,IND,0,0.00%
State Representative 32,statewide,Christie M. Carpino,R,0,0.00%
State Representative 33,statewide,Brandon Chafee,D,0,0.00%
State Representative 33,statewide,Brandon Chafee,IND,0,0.00%
State Representative 33,statewide,Robert Kyle Hoggard,WE,0,0.00%
State Representative 33,statewide,Christine Leigh Rebstock,PC,0,0.00%
State Representative 34,statewide,Richard E. Knotek,D,3573,44.79%
State Representative 34,statewide,Irene Haines,R,4258,53.37%
State Representative 34,statewide,David Brice Cassenti,IND,147,1.84%
State Representative 35,statewide,Cinzia Lettieri,D,2068,48.28%
State Representative 35,statewide,Chris Aniskovich,R,2085,48.68%
State Representative 35,statewide,Cinzia Lettieri,WF,74,1.73%
State Representative 35,statewide,Chris Aniskovich,IND,56,1.31%
State Representative 36,statewide,Renee LaMark Muir,D,2383,44.07%
State Representative 36,statewide,Kathryn Russell,R,3024,55.93%
State Representative 37,statewide,Nick Menapace,D,974,43.93%
State Representative 37,statewide,Holly H. Cheeseman,R,1141,51.47%
State Representative 37,statewide,Nick Menapace,WF,58,2.62%
State Representative 37,statewide,Holly H. Cheeseman,IND,44,1.98%
State Representative 38,statewide,Nick Gauthier,D,1282,47.60%
State Representative 38,statewide,Kathleen M. McCarty,R,1296,48.12%
State Representative 38,statewide,Nick Gauthier,WF,71,2.64%
State Representative 38,statewide,Nick Gauthier,IND,44,1.63%
State Representative 39,statewide,Anthony Nolan,D,0,0.00%
State Representative 39,statewide,Beloved Grace Carter,R,0,0.00%
State Representative 39,statewide,Anthony Nolan,WF,0,0.00%
State Representative 40,statewide,Christine Conley,D,0,0.00%
State Representative 40,statewide,Susan Deane-Shinbrot,R,0,0.00%
State Representative 40,statewide,Christine Conley,WF,0,0.00%
State Representative 40,statewide,Christine Conley,IND,0,0.00%
State Representative 41,statewide,Aundre Bumgardner,D,0,0.00%
State Representative 41,statewide,Aundre Bumgardner,WF,0,0.00%
State Representative 41,statewide,Aundre Bumgardner,IND,0,0.00%
State Representative 42,statewide,Savet Constantine,D,0,0.00%
State Representative 42,statewide,Kim Healy,R,0,0.00%
State Representative 42,statewide,Kim Healy,IND,0,0.00%
State Representative 43,statewide,Ty Lamb,D,0,0.00%
State Representative 43,statewide,Greg Howard,R,0,0.00%
State Representative 44,statewide,Samantha Derenthal,D,1901,31.54%
State Representative 44,statewide,Anne Dubay Dauphinais,R,3972,65.90%
State Representative 44,statewide,Samantha Derenthal,IND,154,2.56%
State Representative 45,statewide,Kayla Thompson,D,2462,33.69%
State Representative 45,statewide,Brian L. Lanoue,R,4845,66.31%
State Representative 46,statewide,Derell Wilson,D,0,0.00%
State Representative 46,statewide,Nicholas Casiano,R,0,0.00%
State Representative 46,statewide,Derell Wilson,WF,0,0.00%
State Representative 47,statewide,Aaron Spruance,D,1791,37.27%
State Representative 47,statewide,Doug Dubitsky,R,3014,62.73%
State Representative 48,statewide,Christopher Rivers,D,476,40.72%
State Representative 48,statewide,Mark DeCaprio,R,664,56.80%
State Representative 48,statewide,Christopher Rivers,WF,15,1.28%
State Representative 48,statewide,Lance Lusignan,IND,14,1.20%
State Representative 49,statewide,Susan Johnson,D,0,0.00%
State Representative 49,statewide,Susan Johnson,WF,0,0.00%
State Representative 50,statewide,Pat Boyd,D,3852,100.00%
State Representative 51,statewide,Renee LaPalme Waldron,D,1827,42.82%
State Representative 51,statewide,Chris Stewart,R,2238,52.45%
State Representative 51,statewide,Renee LaPalme Waldron,WF,111,2.60%
State Representative 51,statewide,Renee LaPalme Waldron,IND,91,2.13%
State Representative 52,statewide,Ethan R Werstler,D,229,42.57%
State Representative 52,statewide,Kurt Vail,R,309,57.43%
State Representative 53,statewide,Ann Bonney,D,0,0.00%
State Representative 53,statewide,Tammy Nuccio,R,0,0.00%
State Representative 53,statewide,Ann Bonney,WF,0,0.00%
State Representative 53,statewide,Tammy Nuccio,IND,0,0.00%
State Representative 54,statewide,Gregg Haddad,D,0,0.00%
State Representative 54,statewide,Aaron Bowman,R,0,0.00%
State Representative 54,statewide,Gregg Haddad,WF,0,0.00%
State Representative 55,statewide,Amanda Veneziano,D,842,40.77%
State Representative 55,statewide,Steve Weir,R,1173,56.80%
State Representative 55,statewide,Amanda Veneziano,WF,30,1.45%
State Representative 55,statewide,Amanda Veneziano,IND,20,0.97%
State Representative 56,statewide,Kevin Brown,D,0,0.00%
State Representative 56,statewide,Brian Motola,R,0,0.00%
State Representative 56,statewide,Kevin Brown,WF,0,0.00%
State Representative 56,statewide,Kevin Brown,IND,0,0.00%
State Representative 57,statewide,Jaime S. Foster,D,4671,50.08%
State Representative 57,statewide,Jennifer Dzen,R,4418,47.36%
State Representative 57,statewide,Jaime S. Foster,IND,239,2.56%
State Representative 58,statewide,John Santanella,D,0,0.00%
State Representative 58,statewide,Robert Hendrickson,R,0,0.00%
State Representative 58,statewide,John Santanella,IND,0,0.00%
State Representative 59,statewide,Rick LeBorious,D,0,0.00%
State Representative 59,statewide,Carol Hall,R,0,0.00%
State Representative 60,statewide,Jane Garibay,D,0,0.00%
State Representative 60,statewide,Lenworth Walker,R,0,0.00%
State Representative 60,statewide,Jane Garibay,WF,0,0.00%
State Representative 60,statewide,Jane Garibay,IND,0,0.00%
State Representative 61,statewide,Michael Malloy,D,0,0.00%
State Representative 61,statewide,Tami Zawistowski,R,0,0.00%
State Representative 62,statewide,Kim Becker,D,0,0.00%
State Representative 62,statewide,Mark W. Anderson,R,0,0.00%
State Representative 62,statewide,Kim Becker,WF,0,0.00%
State Representative 62,statewide,Mark W. Anderson,IND,0,0.00%
State Representative 63,statewide,Jay M. Case,R,693,100.00%
State Representative 64,statewide,Maria Horn,D,1103,55.23%
State Representative 64,statewide,Barbara L. Breor,R,851,42.61%
State Representative 64,statewide,Maria Horn,WF,31,1.55%
State Representative 64,statewide,Maria Horn,IND,12,0.60%
State Representative 65,statewide,Michelle L. Cook,D,0,0.00%
State Representative 65,statewide,Joe Canino,R,0,0.00%
State Representative 66,statewide,Sharon Sherman,D,985,41.58%
State Representative 66,statewide,Karen Reddington-Hughes,R,1384,58.42%
State Representative 67,statewide,Alexandra Thomas,D,0,0.00%
State Representative 67,statewide,William Buckbee,R,0,0.00%
State Representative 67,statewide,William Buckbee,IND,0,0.00%
State Representative 68,statewide,Joe Polletta,R,0,0.00%
State Representative 69,statewide,Ed Edelson,D,1259,48.33%
State Representative 69,statewide,Jason Buchsbaum,R,1346,51.67%
State Representative 70,statewide,Jeff Litke,D,0,0.00%
State Representative 70,statewide,Seth Bronko,R,0,0.00%
State Representative 70,statewide,Jeff Litke,IND,0,0.00%
State Representative 71,statewide,William J. Pizzuto,R,0,0.00%
State Representative 72,statewide,Larry B. Butler,D,0,0.00%
State Representative 72,statewide,Larry B. Butler,IND,0,0.00%
State Representative 73,statewide,Ronald A Napoli Jr,D,0,0.00%
State Representative 73,statewide,Abigail Pizarro,R,0,0.00%
State Representative 73,statewide,Ronald A Napoli Jr,WF,0,0.00%
State Representative 73,statewide,Ronald A Napoli Jr,IND,0,0.00%
State Representative 74,statewide,Michael DiGiovancarlo,D,0,0.00%
State Representative 75,statewide,Geraldo C. Reyes Jr.,D,0,0.00%
State Representative 76,statewide,Stephen Simonin,D,1612,25.23%
State Representative 76,statewide,John Piscopo,R,4777,74.77%
State Representative 77,statewide,Cara C. Pavalock-D'Amato,R,0,0.00%
State Representative 77,statewide,"Mary ""Mim"" Rydingsward",WF,0,0.00%
State Representative 77,statewide,"Mary ""Mim"" Rydingsward",IND,0,0.00%
State Representative 78,statewide,Joe Hoxha,R,0,0.00%
State Representative 79,statewide,Mary B. Fortier,D,0,0.00%
State Representative 79,statewide,David Schrager,R,0,0.00%
State Representative 79,statewide,Mary B. Fortier,WF,0,0.00%
State Representative 79,statewide,Mary B. Fortier,IND,0,0.00%
State Representative 80,statewide,Gale L. Mastrofrancesco,R,0,0.00%
State Representative 80,statewide,Ashley Kathleen Frazer,WI,0,0.00%
State Representative 81,statewide,Chris Poulos,D,0,0.00%
State Representative 81,statewide,James E. Morelli Jr.,R,0,0.00%
State Representative 81,statewide,Chris Poulos,IND,0,0.00%
State Representative 82,statewide,Michael D. Quinn,D,0,0.00%
State Representative 82,statewide,Lamar Terrell,R,0,0.00%
State Representative 82,statewide,Michael D. Quinn,WF,0,0.00%
State Representative 83,statewide,Jack Fazzino,D,0,0.00%
State Representative 83,statewide,Joseph Vollano,R,0,0.00%
State Representative 83,statewide,Jack Fazzino,WF,0,0.00%
State Representative 83,statewide,Jack Fazzino,IND,0,0.00%
State Representative 84,statewide,Hilda E. Santiago,D,0,0.00%
State Representative 85,statewide,Mary M. Mushinsky,D,0,0.00%
State Representative 85,statewide,"Jerry Farrell, Jr.",R,0,0.00%
State Representative 85,statewide,Mary M. Mushinsky,WF,0,0.00%
State Representative 85,statewide,Mary M. Mushinsky,IND,0,0.00%
State Representative 86,statewide,Vincent J. Candelora,R,0,0.00%
State Representative 87,statewide,Kieran Ahern,D,0,0.00%
State Representative 87,statewide,David W. Yaccarino,R,0,0.00%
State Representative 87,statewide,Kieran Ahern,WF,0,0.00%
State Representative 88,statewide,Joshua Elliott,D,0,0.00%
State Representative 88,statewide,Joshua Elliott,WF,0,0.00%
State Representative 89,statewide,Lezlye Zupkus,R,2325,100.00%
State Representative 89,statewide,Stuart R. Korchin,WI,0,0.00%
State Representative 90,statewide,Rebecca Hyland,D,0,0.00%
State Representative 90,statewide,Craig Fishbein,R,0,0.00%
State Representative 90,statewide,Rebecca Hyland,WF,0,0.00%
State Representative 90,statewide,Craig Fishbein,IND,0,0.00%
State Representative 91,statewide,Laurie Sweet,D,0,0.00%
State Representative 91,statewide,Laurie Sweet,WF,0,0.00%
State Representative 92,statewide,Patricia A. Dillon,D,0,0.00%
State Representative 92,statewide,Morris Sumpter,R,0,0.00%
State Representative 93,statewide,Toni E. Walker,D,0,0.00%
State Representative 94,statewide,Steven B. Winter,D,0,0.00%
State Representative 95,statewide,Juan Candelaria,D,0,0.00%
State Representative 96,statewide,Roland J. Lemar,D,0,0.00%
State Representative 96,statewide,Andrea DiLieto Zola,R,0,0.00%
State Representative 96,statewide,Andrea DiLieto Zola,IND,0,0.00%
State Representative 97,statewide,Alphonse Paolillo Jr.,D,0,0.00%
State Representative 97,statewide,Anthony Acri,R,0,0.00%
State Representative 98,statewide,Moira Rader,D,0,0.00%
State Representative 98,statewide,Richard S. DiNardo,R,0,0.00%
State Representative 98,statewide,Moira Rader,WF,0,0.00%
State Representative 99,statewide,Joe Zullo,R,0,0.00%
State Representative 100,statewide,Kai Juanna Belton,D,0,0.00%
State Representative 100,statewide,Nigel Macon-Wilson,R,0,0.00%
State Representative 100,statewide,Kai Juanna Belton,WF,0,0.00%
State Representative 101,statewide,John-Michael Parker,D,0,0.00%
State Representative 101,statewide,Lisa Deane,R,0,0.00%
State Representative 101,statewide,John-Michael Parker,WF,0,0.00%
State Representative 101,statewide,John-Michael Parker,IND,0,0.00%
State Representative 102,statewide,Robin Comey,D,0,0.00%
State Representative 102,statewide,Ray Ingraham,R,0,0.00%
State Representative 102,statewide,Robin Comey,WF,0,0.00%
State Representative 103,statewide,Liz Linehan,D,0,0.00%
State Representative 104,statewide,Kara Rochelle,D,0,0.00%
State Representative 104,statewide,David S Cassetti,R,0,0.00%
State Representative 104,statewide,Kara Rochelle,WF,0,0.00%
State Representative 104,statewide,Thomas G. Egan,IND,0,0.00%
State Representative 105,statewide,Nicole Klarides-Ditria,R,2737,100.00%
State Representative 106,statewide,Michelle Embree Ku,D,0,0.00%
State Representative 106,statewide,Mitch Bolinsky,R,0,0.00%
State Representative 106,statewide,Michelle Embree Ku,IND,0,0.00%
State Representative 107,statewide,Aaron Zimmer,D,0,0.00%
State Representative 107,statewide,Martin J. Foncello,R,0,0.00%
State Representative 107,statewide,Aaron Zimmer,WF,0,0.00%
State Representative 107,statewide,Aaron Zimmer,IND,0,0.00%
State Representative 108,statewide,Anne Weisberg,D,0,0.00%
State Representative 108,statewide,Patrick Callahan,R,0,0.00%
State Representative 108,statewide,Anne Weisberg,WF,0,0.00%
State Representative 109,statewide,Farley A. Santos,D,0,0.00%
State Representative 109,statewide,Brenda Santopolo Hefferon,R,0,0.00%
State Representative 109,statewide,Farley A. Santos,WF,0,0.00%
State Representative 109,statewide,Farley A. Santos,IND,0,0.00%
State Representative 110,statewide,Bob Godfrey,D,0,0.00%
State Representative 110,statewide,Austin Monteiro,R,0,0.00%
State Representative 110,statewide,Bob Godfrey,WF,0,0.00%
State Representative 111,statewide,Aimee Berger-Girvalo,D,0,0.00%
State Representative 111,statewide,Colette Kabasakalian,R,0,0.00%
State Representative 111,statewide,Aimee Berger-Girvalo,IND,0,0.00%
State Representative 112,statewide,Beth Cliff,D,0,0.00%
State Representative 112,statewide,Tony Scott,R,0,0.00%
State Representative 112,statewide,Beth Cliff,WF,0,0.00%
State Representative 112,statewide,Beth Cliff,IND,0,0.00%
State Representative 113,statewide,Jason Perillo,R,0,0.00%
State Representative 114,statewide,Mary Welander,D,0,0.00%
State Representative 114,statewide,Mary Welander,IND,0,0.00%
State Representative 115,statewide,William J. Heffernan III,D,0,0.00%
State Representative 116,statewide,Trenee McGee,D,0,0.00%
State Representative 117,statewide,MJ Shannon,D,0,0.00%
State Representative 117,statewide,Raymond V. Collins III,R,0,0.00%
State Representative 117,statewide,MJ Shannon,WF,0,0.00%
State Representative 117,statewide,MJ Shannon,IND,0,0.00%
State Representative 118,statewide,Frank Smith,D,0,0.00%
State Representative 118,statewide,Mark Macchio,R,0,0.00%
State Representative 118,statewide,Frank Smith,WF,0,0.00%
State Representative 119,statewide,Etan Hirsch,D,0,0.00%
State Representative 119,statewide,Kathy Kennedy,R,0,0.00%
State Representative 119,statewide,Kathy Kennedy,IND,0,0.00%
State Representative 120,statewide,Kaitlyn Shake,D,0,0.00%
State Representative 120,statewide,Laura Dancho,R,0,0.00%
State Representative 120,statewide,Kaitlyn Shake,WF,0,0.00%
State Representative 120,statewide,Laura Dancho,IND,0,0.00%
State Representative 121,statewide,Joseph P. Gresko,D,0,0.00%
State Representative 121,statewide,Rafael Irizarry,R,0,0.00%
State Representative 122,statewide,"Dorothy ""Dottie"" Lerner",D,0,0.00%
State Representative 122,statewide,Ben McGorty,R,0,0.00%
State Representative 123,statewide,Thomas Tesoro,D,0,0.00%
State Representative 123,statewide,David J. Rutigliano,R,0,0.00%
State Representative 123,statewide,Thomas Tesoro,WF,0,0.00%
State Representative 123,statewide,David J. Rutigliano,IND,0,0.00%
State Representative 124,statewide,"Andre Baker, Jr.",D,0,0.00%
State Representative 124,statewide,Yoshiyahu Yisrael,R,0,0.00%
State Representative 125,statewide,Jason Bennett,D,0,0.00%
State Representative 125,statewide,Tom O'Dea,R,0,0.00%
State Representative 126,statewide,"Fred Gee, Jr.",D,0,0.00%
State Representative 126,statewide,David R. Herz,R,0,0.00%
State Representative 127,statewide,Marcus A. Brown,D,0,0.00%
State Representative 128,statewide,Christopher Rosario,D,0,0.00%
State Representative 128,statewide,Ramona Marquez,R,0,0.00%
State Representative 128,statewide,Angel M. Gonzalez,IND,0,0.00%
State Representative 129,statewide,Steve Stafstrom,D,0,0.00%
State Representative 129,statewide,Francis Kalangala,R,0,0.00%
State Representative 130,statewide,Antonio D. Felipe,D,0,0.00%
State Representative 130,statewide,"Terry ""Cowboy"" Sullivan",R,0,0.00%
State Representative 131,statewide,Ellen S. Fox,D,0,0.00%
State Representative 131,statewide,Arnold Jensen,R,0,0.00%
State Representative 131,statewide,Ellen S. Fox,IND,0,0.00%
State Representative 132,statewide,Jennifer Leeper,D,0,0.00%
State Representative 132,statewide,Alexis Harrison,R,0,0.00%
State Representative 132,statewide,Alexis Harrison,IND,0,0.00%
State Representative 133,statewide,Cristin McCarthy Vahey,D,0,0.00%
State Representative 133,statewide,Chris Verras,R,0,0.00%
State Representative 133,statewide,Cristin McCarthy Vahey,WF,0,0.00%
State Representative 134,statewide,Sarah Keitt,D,0,0.00%
State Representative 134,statewide,Melissa Longo,R,0,0.00%
State Representative 134,statewide,Sarah Keitt,WF,0,0.00%
State Representative 134,statewide,Sarah Keitt,IND,0,0.00%
State Representative 135,statewide,Anne Hughes,D,3327,59.85%
State Representative 135,statewide,Christopher Peritore,R,2029,36.50%
State Representative 135,statewide,Anne Hughes,WF,104,1.87%
State Representative 135,statewide,Christopher Peritore,IND,99,1.78%
State Representative 136,statewide,Jonathan Steinberg,D,0,0.00%
State Representative 136,statewide,John Bolton,R,0,0.00%
State Representative 137,statewide,Kadeem Roberts,D,0,0.00%
State Representative 137,statewide,Pietro Rotondo,R,0,0.00%
State Representative 137,statewide,Kadeem Roberts,WF,0,0.00%
State Representative 138,statewide,Kenneth M. Gucker,D,0,0.00%
State Representative 138,statewide,Rachel Chaleski,R,0,0.00%
State Representative 138,statewide,Kenneth M. Gucker,WF,0,0.00%
State Representative 138,statewide,Rachel Chaleski,IND,0,0.00%
State Representative 139,statewide,Kevin Ryan,D,1675,47.65%
State Representative 139,statewide,Mark Adams,R,1711,48.68%
State Representative 139,statewide,Kevin Ryan,WF,82,2.33%
State Representative 139,statewide,Kevin Ryan,IND,47,1.34%
State Representative 140,statewide,Travis Simms,D,0,0.00%
State Representative 140,statewide,Enrique Santiago,R,0,0.00%
State Representative 140,statewide,Travis Simms,WF,0,0.00%
State Representative 141,statewide,Sheila Quinn,D,0,0.00%
State Representative 141,statewide,Tracy Marra,R,0,0.00%
State Representative 141,statewide,Tracy Marra,IND,0,0.00%
State Representative 142,statewide,Lucy Dathan,D,0,0.00%
State Representative 142,statewide,Lucy Dathan,WF,0,0.00%
State Representative 143,statewide,Dominique Johnson,D,0,0.00%
State Representative 143,statewide,Peter Bang,R,0,0.00%
State Representative 143,statewide,Dominique Johnson,WF,0,0.00%
State Representative 143,statewide,Dominique Johnson,IND,0,0.00%
State Representative 144,statewide,Hubert Delany,D,0,0.00%
State Representative 144,statewide,Layne Rodney,R,0,0.00%
State Representative 145,statewide,Corey P. Paris,D,0,0.00%
State Representative 145,statewide,Fritz Blau,R,0,0.00%
State Representative 145,statewide,Corey P. Paris,WF,0,0.00%
State Representative 146,statewide,Eilish Collins Main,D,0,0.00%
State Representative 146,statewide,Jim Malerba,R,0,0.00%
State Representative 146,statewide,Eilish Collins Main,IND,0,0.00%
State Representative 147,statewide,Matt Blumenthal,D,0,0.00%
State Representative 147,statewide,Rudy Settimi,R,0,0.00%
State Representative 148,statewide,Jonathan Jacobson,D,0,0.00%
State Representative 148,statewide,Olga Anastos,R,0,0.00%
State Representative 149,statewide,Rachel Khanna,D,0,0.00%
State Representative 149,statewide,Tina Courpas,R,0,0.00%
State Representative 149,statewide,Rachel Khanna,IND,0,0.00%
State Representative 150,statewide,Steve Meskers,D,0,0.00%
State Representative 150,statewide,Paul Cappiali,R,0,0.00%
State Representative 151,statewide,Hector Arzeno,D,0,0.00%
State Representative 151,statewide,Tod Laudonia,R,0,0.00%
Registrar of Voters,statewide,Susan K. Gray,D,0,0.00%
Registrar of Voters,statewide,Cara Kate Gately,R,0,0.00%
Registrar of Voters,statewide,Christy Miano,D,0,0.00%
Registrar of Voters,statewide,Joan Veley,R,0,0.00%
Registrar of Voters,statewide,Monica Di Costanzo,D,0,0.00%
Registrar of Voters,statewide,Lucy Corelli,R,0,0.00%
Registrar of Voters,statewide,Wendy Cahill,D,0,0.00%
Registrar of Voters,statewide,Timothy Beeble,R,0,0.00%
Registrar of Voters,statewide,Louise Sheedy,D,0,0.00%
Registrar of Voters,statewide,Matthew R. Katra,R,0,0.00%
Registrar of Voters,statewide,Christy Yaros,D,0,0.00%
Registrar of Voters,statewide,"Ernest McNeill, Jr.",R,0,0.00%
Registrar of Voters,statewide,Sharon Ann O'Connor,D,0,0.00%
Registrar of Voters,statewide,Robert Ike,R,0,0.00%
Registrar of Voters,statewide,Christine Psathas,D,0,0.00%
Registrar of Voters,statewide,Suzanne G. Chapman,R,0,0.00%
Registrar of Voters,statewide,Luis Daniel Rodriguez,D,0,0.00%
Registrar of Voters,statewide,Kimberly Desaulniers,R,0,0.00%
Registrar of Voters,statewide,Jessica Watson,G,0,0.00%
Registrar of Voters,statewide,Pennell Hamilton,D,0,0.00%
Registrar of Voters,statewide,Anna Dickerson,R,0,0.00%
Registrar of Voters,statewide,Daniel Lonegan,D,0,0.00%
Registrar of Voters,statewide,Lisa M. Amatruda,R,0,0.00%
Registrar of Voters,statewide,Anita M. Mips,D,0,0.00%
Registrar of Voters,statewide,Victoria Virgo-Christie,R,0,0.00%
Registrar of Voters,statewide,Stephen Barrett,D,0,0.00%
Registrar of Voters,statewide,Betsy M. Barrett,R,0,0.00%
Registrar of Voters,statewide,Nancy J. McCormick,D,2629,99.32%
Registrar of Voters,statewide,Amy Roberts-Perry,WI,18,0.68%
Registrar of Voters,statewide,Karen A. Birck,D,0,0.00%
Registrar of Voters,statewide,Annalisa Stravato-Favarolo,R,0,0.00%
Registrar of Voters,statewide,Barbara Braunstein,D,0,0.00%
Registrar of Voters,statewide,Deborah Jones,R,0,0.00%
Registrar of Voters,statewide,Phillip Theroux,D,0,0.00%
Registrar of Voters,statewide,Thomas Pugliese,R,0,0.00%
Registrar of Voters,statewide,Linda J. Derick,D,1013,49.90%
Registrar of Voters,statewide,Wallace Earle Barton Jr.,R,1017,50.10%
Registrar of Voters,statewide,John Feddern,D,0,0.00%
Registrar of Voters,statewide,David Papcin,R,0,0.00%
Registrar of Voters,statewide,Lauren L. Olson,D,1276,53.08%
Registrar of Voters,statewide,Colleen S. DePercio,R,1128,46.92%
Registrar of Voters,statewide,Karen Martin,D,0,0.00%
Registrar of Voters,statewide,Steven Blackburn,R,0,0.00%
Registrar of Voters,statewide,Jessica A. Krenesky,R,2684,99.52%
Registrar of Voters,statewide,Shawn Northrop,WI,13,0.48%
Registrar of Voters,statewide,Linda Sangermano,R,0,0.00%
Registrar of Voters,statewide,Loreen Hegan,WI,0,0.00%
Registrar of Voters,statewide,Cynthia Zdanzukas,D,0,0.00%
Registrar of Voters,statewide,Warren Humphrey,R,0,0.00%
Registrar of Voters,statewide,Mark Vasil,D,0,0.00%
Registrar of Voters,statewide,Lawrence P. Edwards,R,0,0.00%
Registrar of Voters,statewide,Karen Odell,D,473,50.21%
Registrar of Voters,statewide,Sherri Gray,R,469,49.79%
Registrar of Voters,statewide,Nelisa Reagan,D,0,0.00%
Registrar of Voters,statewide,Gayle J. Mulligan,R,0,0.00%
Registrar of Voters,statewide,Jayne Ridgway,D,0,0.00%
Registrar of Voters,statewide,Brittany Mosimann,R,0,0.00%
Registrar of Voters,statewide,Elizabeth Gregan,D,0,0.00%
Registrar of Voters,statewide,Claudia H. Hardy,R,0,0.00%
Registrar of Voters,statewide,Wayne Hayes,D,0,0.00%
Registrar of Voters,statewide,Michele Marin,R,0,0.00%
Registrar of Voters,statewide,Martha Hansen,D,0,0.00%
Registrar of Voters,statewide,Rebecca J. Wonneberger,R,0,0.00%
Registrar of Voters,statewide,Theresa M. Latimer,D,3802,48.30%
Registrar of Voters,statewide,Rosemarie Hecht,R,4070,51.70%
Registrar of Voters,statewide,Melissa Ozols,D,0,0.00%
Registrar of Voters,statewide,Barbara Ryan,R,0,0.00%
Registrar of Voters,statewide,Jennifer L. Gauthier,D,2242,39.37%
Registrar of Voters,statewide,Cynthia Martin,R,3453,60.63%
Registrar of Voters,statewide,Kathleen Wessling,D,2491,46.28%
Registrar of Voters,statewide,Diana Cottrell,R,2891,53.72%
Registrar of Voters,statewide,Matthew Sweet,D,0,0.00%
Registrar of Voters,statewide,Patricia Raskauskas,WI,0,0.00%
Registrar of Voters,statewide,Elizabeth Fitzgerald,D,0,0.00%
Registrar of Voters,statewide,Michele May,R,0,0.00%
Registrar of Voters,statewide,Therese Duncan,D,0,0.00%
Registrar of Voters,statewide,Sal Lilienthal,R,0,0.00%
Registrar of Voters,statewide,Dottie Wells,D,953,59.90%
Registrar of Voters,statewide,Judith Davies,R,638,40.10%
Registrar of Voters,statewide,Jim Newton,D,0,0.00%
Registrar of Voters,statewide,Gregory Scalzo III,R,0,0.00%
Registrar of Voters,statewide,Lawrence M. Sweeney,D,574,40.25%
Registrar of Voters,statewide,Maryann Petzold,R,852,59.75%
Registrar of Voters,statewide,Saquana Seltzer,D,0,0.00%
Registrar of Voters,statewide,Catherine Farmer-McCann,R,0,0.00%
Registrar of Voters,statewide,Danese Perron,D,0,0.00%
Registrar of Voters,statewide,Patricia Keilty,D,568,43.00%
Registrar of Voters,statewide,Rosemary Keilty,R,753,57.00%
Registrar of Voters,statewide,James Carew,D,0,0.00%
Registrar of Voters,statewide,Jennifer Massini Vanacore,R,0,0.00%
Registrar of Voters,statewide,Connie Berardi,D,0,0.00%
Registrar of Voters,statewide,Emily Lewis,R,0,0.00%
Registrar of Voters,statewide,Jennifer Datum,D,0,0.00%
Registrar of Voters,statewide,Catherine Carter,R,0,0.00%
Registrar of Voters,statewide,Susan Abram,D,0,0.00%
Registrar of Voters,statewide,Beth Gasparini,R,0,0.00%
Registrar of Voters,statewide,William T. Anderson,D,1264,53.86%
Registrar of Voters,statewide,John A. Charest,R,1083,46.14%
Registrar of Voters,statewide,Laurie Castronova,D,0,0.00%
Registrar of Voters,statewide,Charles Raymond,R,0,0.00%
Registrar of Voters,statewide,Katherine S. Blinstrubas,D,0,0.00%
Registrar of Voters,statewide,Marianne Byrne,R,0,0.00%
Registrar of Voters,statewide,Patricia J. Fondelheit,D,1817,44.14%
Registrar of Voters,statewide,Kimberley J D Simmons,R,2299,55.86%
Registrar of Voters,statewide,Lisa Bartro,D,3402,61.96%
Registrar of Voters,statewide,Michele L. Meschi,R,2089,38.04%
Registrar of Voters,statewide,Marel Rogers,D,0,0.00%
Registrar of Voters,statewide,Patricia A. Chamberlain,R,0,0.00%
Registrar of Voters,statewide,Sara Laughlin,D,0,0.00%
Registrar of Voters,statewide,Andrea Maloney,R,0,0.00%
Registrar of Voters,statewide,Gloriajean E. Sheiber,D,0,0.00%
Registrar of Voters,statewide,David P. McCaffrey,R,0,0.00%
Registrar of Voters,statewide,Jon Illinger,D,0,0.00%
Registrar of Voters,statewide,Barbara Richardson Crouch,R,0,0.00%
Registrar of Voters,statewide,Sue Armstrong,D,0,0.00%
Registrar of Voters,statewide,Eleanor Canestrari,PC,0,0.00%
Registrar of Voters,statewide,Cathy Levine,D,510,26.87%
Registrar of Voters,statewide,Tammy Etheridge,R,1388,73.13%
Registrar of Voters,statewide,Tammy Daigneault,D,494,34.59%
Registrar of Voters,statewide,Belinda J. Wiese,R,934,65.41%
Registrar of Voters,statewide,John F. Morton,D,435,47.39%
Registrar of Voters,statewide,Richard Valine,R,483,52.61%
Registrar of Voters,statewide,Bigi Ebbin,D,0,0.00%
Registrar of Voters,statewide,Patti Waters,R,0,0.00%
Registrar of Voters,statewide,Darcy Barrera-Hawes,D,0,0.00%
Registrar of Voters,statewide,Tammy Herzog Roberts,R,0,0.00%
Registrar of Voters,statewide,Sandra W. Pierog,D,0,0.00%
Registrar of Voters,statewide,Ross Lally,R,0,0.00%
Registrar of Voters,statewide,Jeff Rowan,D,0,0.00%
Registrar of Voters,statewide,"Darren ""Howie"" Lawler",R,0,0.00%
Registrar of Voters,statewide,Leslie Ruggiero,D,0,0.00%
Registrar of Voters,statewide,Catherine Iannone,R,0,0.00%
Registrar of Voters,statewide,Richard Ives,D,0,0.00%
Registrar of Voters,statewide,Jo Ann Gerardi-Voccio,R,0,0.00%
Registrar of Voters,statewide,Christopher Komuves,D,469,39.41%
Registrar of Voters,statewide,Eugene V. Boomer Jr.,R,721,60.59%
Registrar of Voters,statewide,Sara Mussen,D,0,0.00%
Registrar of Voters,statewide,Julianne Shilosky,R,0,0.00%
Registrar of Voters,statewide,Sandye Simon,D,0,0.00%
Registrar of Voters,statewide,Marilyn K. Powers,R,0,0.00%
Registrar of Voters,statewide,Alice Kelly,D,0,0.00%
Registrar of Voters,statewide,Bonnie Anderson,R,0,0.00%
Registrar of Voters,statewide,David Smith,D,0,0.00%
Registrar of Voters,statewide,Dori Wollen,R,0,0.00%
Registrar of Voters,statewide,Christina Tetreault,D,0,0.00%
Registrar of Voters,statewide,Thomas E. Kienzler,R,0,0.00%
Registrar of Voters,statewide,James R. Hoyne,WI,0,0.00%
Registrar of Voters,statewide,Laura Wolfe,D,0,0.00%
Registrar of Voters,statewide,Karen Antonucci,R,0,0.00%
Registrar of Voters,statewide,Jeanne Rogers,D,0,0.00%
Registrar of Voters,statewide,Kristen D. Venditti,R,0,0.00%
Registrar of Voters,statewide,Sulema Perez-Pagan,D,603,99.50%
Registrar of Voters,statewide,Dayna McDermott Arriola,WI,3,0.50%
Registrar of Voters,statewide,Candace Crawford,D,0,0.00%
Registrar of Voters,statewide,Deborah Shea,R,0,0.00%
Registrar of Voters,statewide,Janice Thurlow,D,0,0.00%
Registrar of Voters,statewide,Pamela Greenhalgh,R,0,0.00%
Registrar of Voters,statewide,James Duncan,D,0,0.00%
Registrar of Voters,statewide,Lynette Kyasky,R,0,0.00%
Registrar of Voters,statewide,Kate Briggs,D,0,0.00%
Registrar of Voters,statewide,Debra Dutches,R,0,0.00%
Registrar of Voters,statewide,Elisa Beckett-Flores,D,0,0.00%
Registrar of Voters,statewide,Daniel McDermott,R,0,0.00%
Registrar of Voters,statewide,LeReine Frampton,D,0,0.00%
Registrar of Voters,statewide,Erica Canfield,R,0,0.00%
Registrar of Voters,statewide,Marlene K. Esposito,D,0,0.00%
Registrar of Voters,statewide,Lisa Dostie Fitch,R,0,0.00%
Registrar of Voters,statewide,Patricia Prendergast,D,0,0.00%
Registrar of Voters,statewide,Roz Chviek,D,2475,36.82%
Registrar of Voters,statewide,Sonia S. Chapman,R,4246,63.18%
Registrar of Voters,statewide,Gregory G. Davis,D,716,49.04%
Registrar of Voters,statewide,Laura S. Miller,R,744,50.96%
Registrar of Voters,statewide,Sue W. Larsen,D,0,0.00%
Registrar of Voters,statewide,Christine Shaher,R,0,0.00%
Registrar of Voters,statewide,Karen O'Keefe,D,0,0.00%
Registrar of Voters,statewide,Peggy Roberts,R,0,0.00%
Registrar of Voters,statewide,A. Aileen Witkowski,D,0,0.00%
Registrar of Voters,statewide,Francis J. McGarry,R,0,0.00%
Registrar of Voters,statewide,Diane  Stengl,D,0,0.00%
Registrar of Voters,statewide,Christine Shields,R,0,0.00%
Registrar of Voters,statewide,James Crawford,D,0,0.00%
Registrar of Voters,statewide,Megan E. Ruppenicker,R,0,0.00%
Registrar of Voters,statewide,Karen Pfluger,D,0,0.00%
Registrar of Voters,statewide,Christine M. Reisel,R,0,0.00%
Registrar of Voters,statewide,Kevin McCauley,D,0,0.00%
Registrar of Voters,statewide,Jolene Lusitani,R,0,0.00%
Registrar of Voters,statewide,Louise A. Pitney,D,0,0.00%
Registrar of Voters,statewide,Thomas Lionetti,R,0,0.00%
Registrar of Voters,statewide,Veronica Rosario,D,0,0.00%
Registrar of Voters,statewide,Mary J. Mourey,R,0,0.00%
Registrar of Voters,statewide,Richard A. DePalma,D,0,0.00%
Registrar of Voters,statewide,Alberta Vitale,R,0,0.00%
Registrar of Voters,statewide,Beth Kintner,D,0,0.00%
Registrar of Voters,statewide,Ann Newbury,R,0,0.00%
Registrar of Voters,statewide,Mary Hegarty,D,0,0.00%
Registrar of Voters,statewide,Fred DeCaro III,R,0,0.00%
Registrar of Voters,statewide,Fred DeCaro III,IND,0,0.00%
Registrar of Voters,statewide,Diana Mann,D,0,0.00%
Registrar of Voters,statewide,Judy Johnson,WI,0,0.00%
Registrar of Voters,statewide,Ron Manizza,D,0,0.00%
Registrar of Voters,statewide,Alfred E. Fratoni,R,0,0.00%
Registrar of Voters,statewide,Staci M. Roy,D,0,0.00%
Registrar of Voters,statewide,Suzanne S. Flynn,R,0,0.00%
Registrar of Voters,statewide,Kerri Rowland,D,0,0.00%
Registrar of Voters,statewide,Debra Fellenbaum,R,0,0.00%
Registrar of Voters,statewide,JoAnn Merolla-Martin,D,0,0.00%
Registrar of Voters,statewide,Dianne M. Slopak,R,0,0.00%
Registrar of Voters,statewide,Janice Casey,D,0,0.00%
Registrar of Voters,statewide,Valerie Spinaci,R,0,0.00%
Registrar of Voters,statewide,Teresa Begnal,D,0,0.00%
Registrar of Voters,statewide,Alexandra Desjardins,R,0,0.00%
Registrar of Voters,statewide,Michael J. Telesca,IND,0,0.00%
Registrar of Voters,statewide,Janet Sabovik,D,0,0.00%
Registrar of Voters,statewide,Peter R. Pavone,R,0,0.00%
Registrar of Voters,statewide,Mary McDonald,D,0,0.00%
Registrar of Voters,statewide,Marie Papaioannou,R,0,0.00%
Registrar of Voters,statewide,R. Michael Wyman,D,0,0.00%
Registrar of Voters,statewide,Leonard A. Bach,R,0,0.00%
Registrar of Voters,statewide,Chris Prue,D,0,0.00%
Registrar of Voters,statewide,M. Lisa Moody,R,0,0.00%
Registrar of Voters,statewide,Thomas Wolfer,D,0,0.00%
Registrar of Voters,statewide,Joan Ives-Parisi,R,0,0.00%
Registrar of Voters,statewide,Lois Pinney,R,0,0.00%
Registrar of Voters,statewide,Denise E.S. Arturi,WI,0,0.00%
Registrar of Voters,statewide,Maria Susanin,D,0,0.00%
Registrar of Voters,statewide,Carol Garvey-Hurley,R,0,0.00%
Registrar of Voters,statewide,Willy Hyde,D,0,0.00%
Registrar of Voters,statewide,Sylvia Nichols,R,0,0.00%
Registrar of Voters,statewide,Heather A. Petit,D,0,0.00%
Registrar of Voters,statewide,Jon Scagnelli,R,0,0.00%
Registrar of Voters,statewide,Matt Waggner,D,0,0.00%
Registrar of Voters,statewide,Cathy Politi,R,0,0.00%
Registrar of Voters,statewide,Charles Murray,D,0,0.00%
Registrar of Voters,statewide,Lisbeth Becker,R,0,0.00%
Registrar of Voters,statewide,James R. Stevenson,D,0,0.00%
Registrar of Voters,statewide,Timothy H. Becker,R,0,0.00%
Registrar of Voters,statewide,Mary Hillman,D,4173,50.38%
Registrar of Voters,statewide,Jeff Rogers,R,4110,49.62%
Registrar of Voters,statewide,Lucian J. Pawlak,D,0,0.00%
Registrar of Voters,statewide,Peter J. Gostin,R,0,0.00%
Registrar of Voters,statewide,Elizabeth Orteig,D,0,0.00%
Registrar of Voters,statewide,Joan McLaughlin,R,0,0.00%
Registrar of Voters,statewide,Elaine D. Bedard,D,0,0.00%
Registrar of Voters,statewide,"August A. Palmer, III",R,0,0.00%
Registrar of Voters,statewide,James Simon,D,0,0.00%
Registrar of Voters,statewide,Louis A. DeCilio,R,0,0.00%
Registrar of Voters,statewide,Jacque Williams,D,0,0.00%
Registrar of Voters,statewide,Frederick E. Jury,R,0,0.00%
Registrar of Voters,statewide,Jean Rabinow,D,0,0.00%
Registrar of Voters,statewide,Tracy S. Vonick,R,0,0.00%
Registrar of Voters,statewide,Sherri Lepper,D,0,0.00%
Registrar of Voters,statewide,Jo Ann Callegari,R,0,0.00%
Registrar of Voters,statewide,Joan G. Bielizna,D,0,0.00%
Registrar of Voters,statewide,Mary Ann Doran,R,0,0.00%
Registrar of Voters,statewide,Stuart W. Wells III,D,0,0.00%
Registrar of Voters,statewide,Diana Paladino Christopher,R,0,0.00%
Registrar of Voters,statewide,Katherine Price Snedaker,IND,0,0.00%
Registrar of Voters,statewide,Elizabeth Rousseau,D,0,0.00%
Registrar of Voters,statewide,Beth Kyle,R,0,0.00%
Registrar of Voters,statewide,"Giselle ""Gigi"" Feliciano",D,0,0.00%
Registrar of Voters,statewide,Michael T. McGarry,R,0,0.00%
Registrar of Voters,statewide,Samuel Martin Pudlin,WF,0,0.00%
Registrar of Voters,statewide,Patricia A. Howard,D,0,0.00%
Registrar of Voters,statewide,Linda A. Grace,R,0,0.00%
Registrar of Voters,statewide,Shannel Evans,D,0,0.00%
Registrar of Voters,statewide,Lisa Milone,R,0,0.00%
Registrar of Voters,statewide,Paul A. Garlinghouse,G,0,0.00%
Board of Education,statewide,Julienne Foy,D,0,0.00%
Board of Education,statewide,Rebecca Hamman,R,0,0.00%
Board of Education,statewide,Prasad Tunga,R,0,0.00%
Board of Education,statewide,Luisa Duran,R,0,0.00%
Board of Education,statewide,Julia Motte Dennis,PC,0,0.00%
Board of Education,statewide,Vanessa Lucia D'Anna,PC,0,0.00%
Board of Education,statewide,Jessica Patraw,WI,0,0.00%
Board of Education,statewide,Joanna Walsh,D,0,0.00%
Board of Education,statewide,Michael Balzano,D,0,0.00%
Board of Education,statewide,David Brown,R,0,0.00%
Board of Education,statewide,Robin Nelson,R,0,0.00%
Representative Town Meeting District 1,statewide,Priscilla Wong,PC,0,0.00%
Representative Town Meeting District 1,statewide,Linda Tavlarios,PC,0,0.00%
Representative Town Meeting District 1,statewide,John Sartorius,PC,0,0.00%
Representative Town Meeting District 1,statewide,William Clarkson,PC,0,0.00%
Representative Town Meeting District 1,statewide,Charles Powis,PC,0,0.00%
Representative Town Meeting District 1,statewide,Patrick Parr,PC,0,0.00%
Representative Town Meeting District 1,statewide,Diane Conologue,PC,0,0.00%
Representative Town Meeting District 1-01,statewide,Priscilla Wong,PC,0,0.00%
Representative Town Meeting District 1-01,statewide,Linda Tavlarios,PC,0,0.00%
Representative Town Meeting District 1-01,statewide,John Sartorius,PC,0,0.00%
Representative Town Meeting District 1-01,statewide,William Clarkson,PC,0,0.00%
Representative Town Meeting District 1-01,statewide,Charles Powis,PC,0,0.00%
Representative Town Meeting District 1-01,statewide,Patrick Parr,PC,0,0.00%
Representative Town Meeting District 1-01,statewide,Diane Conologue,PC,0,0.00%
Representative Town Meeting District 1-02,statewide,Priscilla Wong,PC,0,0.00%
Representative Town Meeting District 1-02,statewide,Linda Tavlarios,PC,0,0.00%
Representative Town Meeting District 1-02,statewide,John Sartorius,PC,0,0.00%
Representative Town Meeting District 1-02,statewide,William Clarkson,PC,0,0.00%
Representative Town Meeting District 1-02,statewide,Charles Powis,PC,0,0.00%
Representative Town Meeting District 1-02,statewide,Patrick Parr,PC,0,0.00%
Representative Town Meeting District 1-02,statewide,Diane Conologue,PC,0,0.00%
Representative Town Meeting District 2,statewide,Emily Salmore,PC,0,0.00%
Representative Town Meeting District 2,statewide,Richard Aponte,PC,0,0.00%
Representative Town Meeting District 2,statewide,Michael Casolo,PC,0,0.00%
Representative Town Meeting District 2,statewide,Penelope Wilson,PC,0,0.00%
Representative Town Meeting District 2,statewide,Michael Wheeler,PC,0,0.00%
Representative Town Meeting District 2,statewide,Cheryl Russell,PC,0,0.00%
Representative Town Meeting District 2,statewide,Charles Teschner,PC,0,0.00%
Representative Town Meeting District 2,statewide,Liz Bacon,PC,0,0.00%
Representative Town Meeting District 3,statewide,Jack Davis,PC,0,0.00%
Representative Town Meeting District 3,statewide,Jeff Crouse,PC,0,0.00%
Representative Town Meeting District 4,statewide,Jean Hsu,PC,0,0.00%
Representative Town Meeting District 4,statewide,Jan Raymond,PC,0,0.00%
Representative Town Meeting District 4,statewide,Brian Rayhill,PC,0,0.00%
Representative Town Meeting District 5,statewide,Ian Laird,PC,0,0.00%
Representative Town Meeting District 5,statewide,Mark Adiletta,PC,0,0.00%
Representative Town Meeting District 5,statewide,Ashley Guadano,PC,0,0.00%
Representative Town Meeting District 5,statewide,Doug Allen Bernacchi,PC,0,0.00%
Representative Town Meeting District 5,statewide,Beth Pope,PC,0,0.00%
Representative Town Meeting District 5,statewide,Curtis Butler,PC,0,0.00%
Representative Town Meeting District 5,statewide,David Bayne,PC,0,0.00%
Representative Town Meeting District 6,statewide,Rachel Taylor,PC,0,0.00%
Representative Town Meeting District 6,statewide,Frank Adelman,PC,0,0.00%
Representative Town Meeting District 6,statewide,John Visi,PC,0,0.00%
Representative Town Meeting District 6,statewide,Susan Lauritzen,PC,0,0.00%
Judge of Probate 15 To Fill Vacancy,statewide,Phrances Leverton Szewczyk,D,0,0.00%
Judge of Probate 22 To Fill Vacancy,statewide,David Labriola,R,901,100.00%
Judge of Probate 25 To Fill Vacancy,statewide,Sophia H. Shaikh,D,0,0.00%
Judge of Probate 28 To Fill Vacancy,statewide,George A. Baker,D,1239,39.56%
Judge of Probate 28 To Fill Vacancy,statewide,Douglas T. Stearns,R,1893,60.44%
Judge of Probate 37 To Fill Vacancy,statewide,Michael Dolan,D,2162,100.00%
Judge of Probate 49 To Fill Vacancy,statewide,Kathy Caulfield,D,0,0.00%
Judge of Probate 49 To Fill Vacancy,statewide,Daniel Ford,R,0,0.00%
Town Council To Fill a Vacancy,statewide,Susan G. Boilard,D,0,0.00%
Town Council To Fill a Vacancy,statewide,Thomas J. Zagurski,R,0,0.00%
Presidential Electors for,Andover,Harris and Walz,D,1055,49.39%
Presidential Electors for,Andover,Trump and Vance,R,1054,49.34%
Presidential Electors for,Andover,Stein and Ware,G,9,0.42%
Presidential Electors for,Andover,Oliver and ter Maat,LI,6,0.28%
Presidential Electors for,Andover,"Kennedy, Jr. and Shanahan",PC,12,0.56%
Presidential Electors for,Andover,De la Cruz and Garcia,WI,0,0.00%
Presidential Electors for,Andover,Fox and McVay,WI,0,0.00%
Presidential Electors for,Andover,McNeil and McNeil,WI,0,0.00%
Presidential Electors for,Andover,Potus and Kennedy,WI,0,0.00%
Presidential Electors for,Andover,Ayyadurai and Ellis,WI,0,0.00%
Presidential Electors for,Andover,Sonski and Onak,WI,0,0.00%
Presidential Electors for,Andover,West and Abdullah,WI,0,0.00%
United States Senator,Andover,Christopher S. Murphy,D,1003,48.06%
United States Senator,Andover,Matthew M. Corey,R,1000,47.92%
United States Senator,Andover,Christopher S. Murphy,WF,57,2.73%
United States Senator,Andover,Justin C. Paglino,G,12,0.57%
United States Senator,Andover,Robert Finley Hyde,CGG,15,0.72%
United States Senator,Andover,John Flynn,WI,0,0.00%
Representative in Congress 2,Andover,Joe Courtney,D,1107,53.30%
Representative in Congress 2,Andover,Mike France,R,970,46.70%
Representative in Congress 2,Andover,"Kenneth Kusmierski, Jr.",WI,0,0.00%
Representative in Congress 2,Andover,Jeffery Russell,WI,0,0.00%
State Senator 4,Andover,MD Rahman,D,999,48.78%
State Senator 4,Andover,Stephen King,R,992,48.44%
State Senator 4,Andover,MD Rahman,WF,57,2.78%
State Representative 55,Andover,Amanda Veneziano,D,842,40.77%
State Representative 55,Andover,Steve Weir,R,1173,56.80%
State Representative 55,Andover,Amanda Veneziano,WF,30,1.45%
State Representative 55,Andover,Amanda Veneziano,IND,20,0.97%
Registrar of Voters,Andover,Linda J. Derick,D,1013,49.90%
Registrar of Voters,Andover,Wallace Earle Barton Jr.,R,1017,50.10%
Presidential Electors for,Ansonia,Harris and Walz,D,0,0.00%
Presidential Electors for,Ansonia,Trump and Vance,R,0,0.00%
Presidential Electors for,Ansonia,Stein and Ware,G,0,0.00%
Presidential Electors for,Ansonia,Oliver and ter Maat,LI,0,0.00%
Presidential Electors for,Ansonia,"Kennedy, Jr. and Shanahan",PC,0,0.00%
Presidential Electors for,Ansonia,De la Cruz and Garcia,WI,0,0.00%
Presidential Electors for,Ansonia,Fox and McVay,WI,0,0.00%
Presidential Electors for,Ansonia,McNeil and McNeil,WI,0,0.00%
Presidential Electors for,Ansonia,Potus and Kennedy,WI,0,0.00%
Presidential Electors for,Ansonia,Ayyadurai and Ellis,WI,0,0.00%
Presidential Electors for,Ansonia,Sonski and Onak,WI,0,0.00%
Presidential Electors for,Ansonia,West and Abdullah,WI,0,0.00%
United States Senator,Ansonia,Christopher S. Murphy,D,0,0.00%
United States Senator,Ansonia,Matthew M. Corey,R,0,0.00%
United States Senator,Ansonia,Christopher S. Murphy,WF,0,0.00%
United States Senator,Ansonia,Justin C. Paglino,G,0,0.00%
United States Senator,Ansonia,Robert Finley Hyde,CGG,0,0.00%
United States Senator,Ansonia,John Flynn,WI,0,0.00%
Representative in Congress 3,Ansonia,Rosa L. DeLauro,D,0,0.00%
Representative in Congress 3,Ansonia,Michael Massey,R,0,0.00%
Representative in Congress 3,Ansonia,Michael Massey,IND,0,0.00%
Representative in Congress 3,Ansonia,Leo Almoney,WI,0,0.00%
Representative in Congress 3,Ansonia,Omar Scott Antar,WI,0,0.00%
Representative in Congress 3,Ansonia,Shahd Omar,WI,0,0.00%
State Senator 17,Ansonia,Jorge Cabrera,D,0,0.00%
State Senator 17,Ansonia,Jorge Cabrera,WF,0,0.00%
State Senator 17,Ansonia,Jorge Cabrera,IND,0,0.00%
State Representative 104,Ansonia,Kara Rochelle,D,0,0.00%
State Representative 104,Ansonia,David S Cassetti,R,0,0.00%
State Representative 104,Ansonia,Kara Rochelle,WF,0,0.00%
State Representative 104,Ansonia,Thomas G. Egan,IND,0,0.00%
Registrar of Voters,Ansonia,John Feddern,D,0,0.00%
Registrar of Voters,Ansonia,David Papcin,R,0,0.00%
Presidential Electors for,Ashford,Harris and Walz,D,1304,51.50%
Presidential Electors for,Ashford,Trump and Vance,R,1182,46.68%
Presidential Electors for,Ashford,Stein and Ware,G,18,0.71%
Presidential Electors for,Ashford,Oliver and ter Maat,LI,15,0.59%
Presidential Electors for,Ashford,"Kennedy, Jr. and Shanahan",PC,13,0.51%
Presidential Electors for,Ashford,De la Cruz and Garcia,WI,0,0.00%
Presidential Electors for,Ashford,Fox and McVay,WI,0,0.00%
Presidential Electors for,Ashford,McNeil and McNeil,WI,0,0.00%
Presidential Electors for,Ashford,Potus and Kennedy,WI,0,0.00%
Presidential Electors for,Ashford,Ayyadurai and Ellis,WI,0,0.00%
Presidential Electors for,Ashford,Sonski and Onak,WI,0,0.00%
Presidential Electors for,Ashford,West and Abdullah,WI,0,0.00%
United States Senator,Ashford,Christopher S. Murphy,D,1240,50.22%
United States Senator,Ashford,Matthew M. Corey,R,1106,44.80%
United States Senator,Ashford,Christopher S. Murphy,WF,73,2.96%
United States Senator,Ashford,Justin C. Paglino,G,28,1.13%
United States Senator,Ashford,Robert Finley Hyde,CGG,22,0.89%
United States Senator,Ashford,John Flynn,WI,0,0.00%
Representative in Congress 2,Ashford,Joe Courtney,D,1380,56.05%
Representative in Congress 2,Ashford,Mike France,R,1082,43.95%
Representative in Congress 2,Ashford,"Kenneth Kusmierski, Jr.",WI,0,0.00%
Representative in Congress 2,Ashford,Jeffery Russell,WI,0,0.00%
State Senator 35,Ashford,Merry C. Garrett,D,1133,46.11%
State Senator 35,Ashford,Jeff Gordon,R,1230,50.06%
State Senator 35,Ashford,Merry C. Garrett,WF,54,2.20%
State Senator 35,Ashford,Merry C. Garrett,IND,40,1.63%
State Representative 50,Ashford,Pat Boyd,D,1521,100.00%
Registrar of Voters,Ashford,Lauren L. Olson,D,1276,53.08%
Registrar of Voters,Ashford,Colleen S. DePercio,R,1128,46.92%
Presidential Electors for,Avon,Harris and Walz,D,0,0.00%
Presidential Electors for,Avon,Trump and Vance,R,0,0.00%
Presidential Electors for,Avon,Stein and Ware,G,0,0.00%
Presidential Electors for,Avon,Oliver and ter Maat,LI,0,0.00%
Presidential Electors for,Avon,"Kennedy, Jr. and Shanahan",PC,0,0.00%
Presidential Electors for,Avon,De la Cruz and Garcia,WI,0,0.00%
Presidential Electors for,Avon,Fox and McVay,WI,0,0.00%
Presidential Electors for,Avon,McNeil and McNeil,WI,0,0.00%
Presidential Electors for,Avon,Potus and Kennedy,WI,0,0.00%
Presidential Electors for,Avon,Ayyadurai and Ellis,WI,0,0.00%
Presidential Electors for,Avon,Sonski and Onak,WI,0,0.00%
Presidential Electors for,Avon,West and Abdullah,WI,0,0.00%
United States Senator,Avon,Christopher S. Murphy,D,0,0.00%
United States Senator,Avon,Matthew M. Corey,R,0,0.00%
United States Senator,Avon,Christopher S. Murphy,WF,0,0.00%
United States Senator,Avon,Justin C. Paglino,G,0,0.00%
United States Senator,Avon,Robert Finley Hyde,CGG,0,0.00%
United States Senator,Avon,John Flynn,WI,0,0.00%
Representative in Congress 5,Avon,Jahana Hayes,D,0,0.00%
Representative in Congress 5,Avon,George Logan,R,0,0.00%
Representative in Congress 5,Avon,Jahana Hayes,WF,0,0.00%
Representative in Congress 5,Avon,Ahmad AJ Darwish,WI,0,0.00%
Representative in Congress 5,Avon,Bertram Ferguson,WI,0,0.00%
State Senator 8,Avon,Paul Honig,D,0,0.00%
State Senator 8,Avon,Lisa Seminara,R,0,0.00%
State Senator 8,Avon,Paul Honig,WF,0,0.00%
State Senator 8,Avon,Lisa Seminara,IND,0,0.00%
State Representative 17,Avon,Eleni Kavros DeGraw,D,0,0.00%
State Representative 17,Avon,Manju Gerber,R,0,0.00%
State Representative 17,Avon,Eleni Kavros DeGraw,WF,0,0.00%
State Representative 17,Avon,Eleni Kavros DeGraw,IND,0,0.00%
State Representative 19,Avon,Tammy Exum,D,0,0.00%
Registrar of Voters,Avon,Christy Yaros,D,0,0.00%
Registrar of Voters,Avon,"Ernest McNeill, Jr.",R,0,0.00%
Presidential Electors for,Barkhamsted,Harris and Walz,D,0,0.00%
Presidential Electors for,Barkhamsted,Trump and Vance,R,0,0.00%
Presidential Electors for,Barkhamsted,Stein and Ware,G,0,0.00%
Presidential Electors for,Barkhamsted,Oliver and ter Maat,LI,0,0.00%
Presidential Electors for,Barkhamsted,"Kennedy, Jr. and Shanahan",PC,0,0.00%
Presidential Electors for,Barkhamsted,De la Cruz and Garcia,WI,0,0.00%
Presidential Electors for,Barkhamsted,Fox and McVay,WI,0,0.00%
Presidential Electors for,Barkhamsted,McNeil and McNeil,WI,0,0.00%
Presidential Electors for,Barkhamsted,Potus and Kennedy,WI,0,0.00%
Presidential Electors for,Barkhamsted,Ayyadurai and Ellis,WI,0,0.00%
Presidential Electors for,Barkhamsted,Sonski and Onak,WI,0,0.00%
Presidential Electors for,Barkhamsted,West and Abdullah,WI,0,0.00%
United States Senator,Barkhamsted,Christopher S. Murphy,D,0,0.00%
United States Senator,Barkhamsted,Matthew M. Corey,R,0,0.00%
United States Senator,Barkhamsted,Christopher S. Murphy,WF,0,0.00%
United States Senator,Barkhamsted,Justin C. Paglino,G,0,0.00%
United States Senator,Barkhamsted,Robert Finley Hyde,CGG,0,0.00%
United States Senator,Barkhamsted,John Flynn,WI,0,0.00%
Representative in Congress 1,Barkhamsted,John B. Larson,D,0,0.00%
Representative in Congress 1,Barkhamsted,Jim Griffin,R,0,0.00%
Representative in Congress 1,Barkhamsted,John B. Larson,WF,0,0.00%
Representative in Congress 1,Barkhamsted,Mary L. Sanders,G,0,0.00%
State Senator 8,Barkhamsted,Paul Honig,D,0,0.00%
State Senator 8,Barkhamsted,Lisa Seminara,R,0,0.00%
State Senator 8,Barkhamsted,Paul Honig,WF,0,0.00%
State Senator 8,Barkhamsted,Lisa Seminara,IND,0,0.00%
State Representative 62,Barkhamsted,Kim Becker,D,0,0.00%
State Representative 62,Barkhamsted,Mark W. Anderson,R,0,0.00%
State Representative 62,Barkhamsted,Kim Becker,WF,0,0.00%
State Representative 62,Barkhamsted,Mark W. Anderson,IND,0,0.00%
Registrar of Voters,Barkhamsted,Karen Martin,D,0,0.00%
Registrar of Voters,Barkhamsted,Steven Blackburn,R,0,0.00%
Presidential Electors for,Beacon Falls,Harris and Walz,D,1533,40.76%
Presidential Electors for,Beacon Falls,Trump and Vance,R,2169,57.67%
Presidential Electors for,Beacon Falls,Stein and Ware,G,15,0.40%
Presidential Electors for,Beacon Falls,Oliver and ter Maat,LI,19,0.51%
Presidential Electors for,Beacon Falls,"Kennedy, Jr. and Shanahan",PC,24,0.64%
Presidential Electors for,Beacon Falls,De la Cruz and Garcia,WI,1,0.03%
Presidential Electors for,Beacon Falls,Fox and McVay,WI,0,0.00%
Presidential Electors for,Beacon Falls,McNeil and McNeil,WI,0,0.00%
Presidential Electors for,Beacon Falls,Potus and Kennedy,WI,0,0.00%
Presidential Electors for,Beacon Falls,Ayyadurai and Ellis,WI,0,0.00%
Presidential Electors for,Beacon Falls,Sonski and Onak,WI,0,0.00%
Presidential Electors for,Beacon Falls,West and Abdullah,WI,0,0.00%
United States Senator,Beacon Falls,Christopher S. Murphy,D,1479,40.40%
United States Senator,Beacon Falls,Matthew M. Corey,R,1984,54.19%
United States Senator,Beacon Falls,Christopher S. Murphy,WF,111,3.03%
United States Senator,Beacon Falls,Justin C. Paglino,G,36,0.98%
United States Senator,Beacon Falls,Robert Finley Hyde,CGG,49,1.34%
United States Senator,Beacon Falls,John Flynn,WI,2,0.05%
Representative in Congress 3,Beacon Falls,Rosa L. DeLauro,D,1554,42.92%
Representative in Congress 3,Beacon Falls,Michael Massey,R,1993,55.04%
Representative in Congress 3,Beacon Falls,Michael Massey,IND,74,2.04%
Representative in Congress 3,Beacon Falls,Leo Almoney,WI,0,0.00%
Representative in Congress 3,Beacon Falls,Omar Scott Antar,WI,0,0.00%
Representative in Congress 3,Beacon Falls,Shahd Omar,WI,0,0.00%
State Senator 17,Beacon Falls,Jorge Cabrera,D,1608,72.14%
State Senator 17,Beacon Falls,Jorge Cabrera,WF,336,15.07%
State Senator 17,Beacon Falls,Jorge Cabrera,IND,285,12.79%
State Representative 105,Beacon Falls,Nicole Klarides-Ditria,R,2737,100.00%
Registrar of Voters,Beacon Falls,Jessica A. Krenesky,R,2684,99.52%
Registrar of Voters,Beacon Falls,Shawn Northrop,WI,13,0.48%
Presidential Electors for,Berlin,Harris and Walz,D,0,0.00%
Presidential Electors for,Berlin,Trump and Vance,R,0,0.00%
Presidential Electors for,Berlin,Stein and Ware,G,0,0.00%
Presidential Electors for,Berlin,Oliver and ter Maat,LI,0,0.00%
Presidential Electors for,Berlin,"Kennedy, Jr. and Shanahan",PC,0,0.00%
Presidential Electors for,Berlin,De la Cruz and Garcia,WI,0,0.00%
Presidential Electors for,Berlin,Fox and McVay,WI,0,0.00%
Presidential Electors for,Berlin,McNeil and McNeil,WI,0,0.00%
Presidential Electors for,Berlin,Potus and Kennedy,WI,0,0.00%
Presidential Electors for,Berlin,Ayyadurai and Ellis,WI,0,0.00%
Presidential Electors for,Berlin,Sonski and Onak,WI,0,0.00%
Presidential Electors for,Berlin,West and Abdullah,WI,0,0.00%
United States Senator,Berlin,Christopher S. Murphy,D,0,0.00%
United States Senator,Berlin,Matthew M. Corey,R,0,0.00%
United States Senator,Berlin,Christopher S. Murphy,WF,0,0.00%
United States Senator,Berlin,Justin C. Paglino,G,0,0.00%
United States Senator,Berlin,Robert Finley Hyde,CGG,0,0.00%
United States Senator,Berlin,John Flynn,WI,0,0.00%
Representative in Congress 1,Berlin,John B. Larson,D,0,0.00%
Representative in Congress 1,Berlin,Jim Griffin,R,0,0.00%
Representative in Congress 1,Berlin,John B. Larson,WF,0,0.00%
Representative in Congress 1,Berlin,Mary L. Sanders,G,0,0.00%
State Senator 6,Berlin,Rick Lopes,D,0,0.00%
State Senator 6,Berlin,Tremell Collins,R,0,0.00%
State Senator 6,Berlin,Rick Lopes,WF,0,0.00%
State Representative 30,Berlin,Donna M. Veach,R,0,0.00%
State Representative 83,Berlin,Jack Fazzino,D,0,0.00%
State Representative 83,Berlin,Joseph Vollano,R,0,0.00%
State Representative 83,Berlin,Jack Fazzino,WF,0,0.00%
State Representative 83,Berlin,Jack Fazzino,IND,0,0.00%
Registrar of Voters,Berlin,Christy Miano,D,0,0.00%
Registrar of Voters,Berlin,Joan Veley,R,0,0.00%
Board of Education,Berlin,Julia Motte Dennis,PC,0,0.00%
Board of Education,Berlin,Vanessa Lucia D'Anna,PC,0,0.00%
Board of Education,Berlin,Jessica Patraw,WI,0,0.00%
Presidential Electors for,Bethany,Harris and Walz,D,1788,50.32%
Presidential Electors for,Bethany,Trump and Vance,R,1688,47.51%
Presidential Electors for,Bethany,Stein and Ware,G,37,1.04%
Presidential Electors for,Bethany,Oliver and ter Maat,LI,18,0.51%
Presidential Electors for,Bethany,"Kennedy, Jr. and Shanahan",PC,21,0.59%
Presidential Electors for,Bethany,De la Cruz and Garcia,WI,0,0.00%
Presidential Electors for,Bethany,Fox and McVay,WI,0,0.00%
Presidential Electors for,Bethany,McNeil and McNeil,WI,0,0.00%
Presidential Electors for,Bethany,Potus and Kennedy,WI,0,0.00%
Presidential Electors for,Bethany,Ayyadurai and Ellis,WI,0,0.00%
Presidential Electors for,Bethany,Sonski and Onak,WI,1,0.03%
Presidential Electors for,Bethany,West and Abdullah,WI,0,0.00%
United States Senator,Bethany,Christopher S. Murphy,D,1714,49.30%
United States Senator,Bethany,Matthew M. Corey,R,1610,46.30%
United States Senator,Bethany,Christopher S. Murphy,WF,94,2.70%
United States Senator,Bethany,Justin C. Paglino,G,33,0.95%
United States Senator,Bethany,Robert Finley Hyde,CGG,26,0.75%
United States Senator,Bethany,John Flynn,WI,0,0.00%
Representative in Congress 3,Bethany,Rosa L. DeLauro,D,1792,51.61%
Representative in Congress 3,Bethany,Michael Massey,R,1622,46.72%
Representative in Congress 3,Bethany,Michael Massey,IND,57,1.64%
Representative in Congress 3,Bethany,Leo Almoney,WI,0,0.00%
Representative in Congress 3,Bethany,Omar Scott Antar,WI,1,0.03%
Representative in Congress 3,Bethany,Shahd Omar,WI,0,0.00%
State Senator 17,Bethany,Jorge Cabrera,D,1814,80.12%
State Senator 17,Bethany,Jorge Cabrera,WF,227,10.03%
State Senator 17,Bethany,Jorge Cabrera,IND,223,9.85%
State Representative 89,Bethany,Lezlye Zupkus,R,2325,100.00%
State Representative 89,Bethany,Stuart R. Korchin,WI,0,0.00%
Judge of Probate 37 To Fill Vacancy,Bethany,Michael Dolan,D,2162,100.00%
Presidential Electors for,Bethel,Harris and Walz,D,0,0.00%
Presidential Electors for,Bethel,Trump and Vance,R,0,0.00%
Presidential Electors for,Bethel,Stein and Ware,G,0,0.00%
Presidential Electors for,Bethel,Oliver and ter Maat,LI,0,0.00%
Presidential Electors for,Bethel,"Kennedy, Jr. and Shanahan",PC,0,0.00%
Presidential Electors for,Bethel,De la Cruz and Garcia,WI,0,0.00%
Presidential Electors for,Bethel,Fox and McVay,WI,0,0.00%
Presidential Electors for,Bethel,McNeil and McNeil,WI,0,0.00%
Presidential Electors for,Bethel,Potus and Kennedy,WI,0,0.00%
Presidential Electors for,Bethel,Ayyadurai and Ellis,WI,0,0.00%
Presidential Electors for,Bethel,Sonski and Onak,WI,0,0.00%
Presidential Electors for,Bethel,West and Abdullah,WI,0,0.00%
United States Senator,Bethel,Christopher S. Murphy,D,0,0.00%
United States Senator,Bethel,Matthew M. Corey,R,0,0.00%
United States Senator,Bethel,Christopher S. Murphy,WF,0,0.00%
United States Senator,Bethel,Justin C. Paglino,G,0,0.00%
United States Senator,Bethel,Robert Finley Hyde,CGG,0,0.00%
United States Senator,Bethel,John Flynn,WI,0,0.00%
Representative in Congress 5,Bethel,Jahana Hayes,D,0,0.00%
Representative in Congress 5,Bethel,George Logan,R,0,0.00%
Representative in Congress 5,Bethel,Jahana Hayes,WF,0,0.00%
Representative in Congress 5,Bethel,Ahmad AJ Darwish,WI,0,0.00%
Representative in Congress 5,Bethel,Bertram Ferguson,WI,0,0.00%
State Senator 28,Bethel,Rob Blanchard,D,0,0.00%
State Senator 28,Bethel,Tony Hwang,R,0,0.00%
State Senator 28,Bethel,Tony Hwang,IND,0,0.00%
State Senator 32,Bethel,Jeff Desmarais,D,0,0.00%
State Senator 32,Bethel,Eric C. Berthel,R,0,0.00%
State Representative 2,Bethel,Raghib Allie-Brennan,D,0,0.00%
State Representative 2,Bethel,Bradley M. Koltz,R,0,0.00%
State Representative 2,Bethel,Raghib Allie-Brennan,IND,0,0.00%
State Representative 107,Bethel,Aaron Zimmer,D,0,0.00%
State Representative 107,Bethel,Martin J. Foncello,R,0,0.00%
State Representative 107,Bethel,Aaron Zimmer,WF,0,0.00%
State Representative 107,Bethel,Aaron Zimmer,IND,0,0.00%
Registrar of Voters,Bethel,Wendy Cahill,D,0,0.00%
Registrar of Voters,Bethel,Timothy Beeble,R,0,0.00%
Presidential Electors for,Bethlehem,Harris and Walz,D,0,0.00%
Presidential Electors for,Bethlehem,Trump and Vance,R,0,0.00%
Presidential Electors for,Bethlehem,Stein and Ware,G,0,0.00%
Presidential Electors for,Bethlehem,Oliver and ter Maat,LI,0,0.00%
Presidential Electors for,Bethlehem,"Kennedy, Jr. and Shanahan",PC,0,0.00%
Presidential Electors for,Bethlehem,De la Cruz and Garcia,WI,0,0.00%
Presidential Electors for,Bethlehem,Fox and McVay,WI,0,0.00%
Presidential Electors for,Bethlehem,McNeil and McNeil,WI,0,0.00%
Presidential Electors for,Bethlehem,Potus and Kennedy,WI,0,0.00%
Presidential Electors for,Bethlehem,Ayyadurai and Ellis,WI,0,0.00%
Presidential Electors for,Bethlehem,Sonski and Onak,WI,0,0.00%
Presidential Electors for,Bethlehem,West and Abdullah,WI,0,0.00%
United States Senator,Bethlehem,Christopher S. Murphy,D,0,0.00%
United States Senator,Bethlehem,Matthew M. Corey,R,0,0.00%
United States Senator,Bethlehem,Christopher S. Murphy,WF,0,0.00%
United States Senator,Bethlehem,Justin C. Paglino,G,0,0.00%
United States Senator,Bethlehem,Robert Finley Hyde,CGG,0,0.00%
United States Senator,Bethlehem,John Flynn,WI,0,0.00%
Representative in Congress 5,Bethlehem,Jahana Hayes,D,0,0.00%
Representative in Congress 5,Bethlehem,George Logan,R,0,0.00%
Representative in Congress 5,Bethlehem,Jahana Hayes,WF,0,0.00%
Representative in Congress 5,Bethlehem,Ahmad AJ Darwish,WI,0,0.00%
Representative in Congress 5,Bethlehem,Bertram Ferguson,WI,0,0.00%
State Senator 30,Bethlehem,Justin Potter,D,0,0.00%
State Senator 30,Bethlehem,Stephen G. Harding,R,0,0.00%
State Senator 30,Bethlehem,Stephen G. Harding,IND,0,0.00%
State Senator 32,Bethlehem,Jeff Desmarais,D,0,0.00%
State Senator 32,Bethlehem,Eric C. Berthel,R,0,0.00%
State Representative 66,Bethlehem,Sharon Sherman,D,0,0.00%
State Representative 66,Bethlehem,Karen Reddington-Hughes,R,0,0.00%
Registrar of Voters,Bethlehem,Karen Pfluger,D,0,0.00%
Registrar of Voters,Bethlehem,Christine M. Reisel,R,0,0.00%
Judge of Probate 22 To Fill Vacancy,Bethlehem,David Labriola,R,0,0.00%
Presidential Electors for,Bloomfield,Harris and Walz,D,0,0.00%
Presidential Electors for,Bloomfield,Trump and Vance,R,0,0.00%
Presidential Electors for,Bloomfield,Stein and Ware,G,0,0.00%
Presidential Electors for,Bloomfield,Oliver and ter Maat,LI,0,0.00%
Presidential Electors for,Bloomfield,"Kennedy, Jr. and Shanahan",PC,0,0.00%
Presidential Electors for,Bloomfield,De la Cruz and Garcia,WI,0,0.00%
Presidential Electors for,Bloomfield,Fox and McVay,WI,0,0.00%
Presidential Electors for,Bloomfield,McNeil and McNeil,WI,0,0.00%
Presidential Electors for,Bloomfield,Potus and Kennedy,WI,0,0.00%
Presidential Electors for,Bloomfield,Ayyadurai and Ellis,WI,0,0.00%
Presidential Electors for,Bloomfield,Sonski and Onak,WI,0,0.00%
Presidential Electors for,Bloomfield,West and Abdullah,WI,0,0.00%
United States Senator,Bloomfield,Christopher S. Murphy,D,0,0.00%
United States Senator,Bloomfield,Matthew M. Corey,R,0,0.00%
United States Senator,Bloomfield,Christopher S. Murphy,WF,0,0.00%
United States Senator,Bloomfield,Justin C. Paglino,G,0,0.00%
United States Senator,Bloomfield,Robert Finley Hyde,CGG,0,0.00%
United States Senator,Bloomfield,John Flynn,WI,0,0.00%
Representative in Congress 1,Bloomfield,John B. Larson,D,0,0.00%
Representative in Congress 1,Bloomfield,Jim Griffin,R,0,0.00%
Representative in Congress 1,Bloomfield,John B. Larson,WF,0,0.00%
Representative in Congress 1,Bloomfield,Mary L. Sanders,G,0,0.00%
State Senator 2,Bloomfield,Douglas McCrory,D,0,0.00%
State Senator 2,Bloomfield,Kristin Hoffman,R,0,0.00%
State Senator 5,Bloomfield,Derek Slap,D,0,0.00%
State Senator 5,Bloomfield,Kyla Zimmermann,R,0,0.00%
State Representative 15,Bloomfield,Bobby Gibson,D,0,0.00%
State Representative 15,Bloomfield,Quentin Johnson,R,0,0.00%
Registrar of Voters,Bloomfield,Sharon Ann O'Connor,D,0,0.00%
Registrar of Voters,Bloomfield,Robert Ike,R,0,0.00%
Presidential Electors for,Bolton,Harris and Walz,D,0,0.00%
Presidential Electors for,Bolton,Trump and Vance,R,0,0.00%
Presidential Electors for,Bolton,Stein and Ware,G,0,0.00%
Presidential Electors for,Bolton,Oliver and ter Maat,LI,0,0.00%
Presidential Electors for,Bolton,"Kennedy, Jr. and Shanahan",PC,0,0.00%
Presidential Electors for,Bolton,De la Cruz and Garcia,WI,0,0.00%
Presidential Electors for,Bolton,Fox and McVay,WI,0,0.00%
Presidential Electors for,Bolton,McNeil and McNeil,WI,0,0.00%
Presidential Electors for,Bolton,Potus and Kennedy,WI,0,0.00%
Presidential Electors for,Bolton,Ayyadurai and Ellis,WI,0,0.00%
Presidential Electors for,Bolton,Sonski and Onak,WI,0,0.00%
Presidential Electors for,Bolton,West and Abdullah,WI,0,0.00%
United States Senator,Bolton,Christopher S. Murphy,D,0,0.00%
United States Senator,Bolton,Matthew M. Corey,R,0,0.00%
United States Senator,Bolton,Christopher S. Murphy,WF,0,0.00%
United States Senator,Bolton,Justin C. Paglino,G,0,0.00%
United States Senator,Bolton,Robert Finley Hyde,CGG,0,0.00%
United States Senator,Bolton,John Flynn,WI,0,0.00%
Representative in Congress 2,Bolton,Joe Courtney,D,0,0.00%
Representative in Congress 2,Bolton,Mike France,R,0,0.00%
Representative in Congress 2,Bolton,"Kenneth Kusmierski, Jr.",WI,0,0.00%
Representative in Congress 2,Bolton,Jeffery Russell,WI,0,0.00%
State Senator 4,Bolton,MD Rahman,D,0,0.00%
State Senator 4,Bolton,Stephen King,R,0,0.00%
State Senator 4,Bolton,MD Rahman,WF,0,0.00%
State Representative 8,Bolton,Nancy Hammarstrom,D,0,0.00%
State Representative 8,Bolton,Timothy Ackert,R,0,0.00%
State Representative 8,Bolton,Nancy Hammarstrom,WF,0,0.00%
State Representative 55,Bolton,Amanda Veneziano,D,0,0.00%
State Representative 55,Bolton,Steve Weir,R,0,0.00%
State Representative 55,Bolton,Amanda Veneziano,WF,0,0.00%
State Representative 55,Bolton,Amanda Veneziano,IND,0,0.00%
Registrar of Voters,Bolton,Sandra W. Pierog,D,0,0.00%
Registrar of Voters,Bolton,Ross Lally,R,0,0.00%
Presidential Electors for,Bozrah,Harris and Walz,D,0,0.00%
Presidential Electors for,Bozrah,Trump and Vance,R,0,0.00%
Presidential Electors for,Bozrah,Stein and Ware,G,0,0.00%
Presidential Electors for,Bozrah,Oliver and ter Maat,LI,0,0.00%
Presidential Electors for,Bozrah,"Kennedy, Jr. and Shanahan",PC,0,0.00%
Presidential Electors for,Bozrah,De la Cruz and Garcia,WI,0,0.00%
Presidential Electors for,Bozrah,Fox and McVay,WI,0,0.00%
Presidential Electors for,Bozrah,McNeil and McNeil,WI,0,0.00%
Presidential Electors for,Bozrah,Potus and Kennedy,WI,0,0.00%
Presidential Electors for,Bozrah,Ayyadurai and Ellis,WI,0,0.00%
Presidential Electors for,Bozrah,Sonski and Onak,WI,0,0.00%
Presidential Electors for,Bozrah,West and Abdullah,WI,0,0.00%
United States Senator,Bozrah,Christopher S. Murphy,D,0,0.00%
United States Senator,Bozrah,Matthew M. Corey,R,0,0.00%
United States Senator,Bozrah,Christopher S. Murphy,WF,0,0.00%
United States Senator,Bozrah,Justin C. Paglino,G,0,0.00%
United States Senator,Bozrah,Robert Finley Hyde,CGG,0,0.00%
United States Senator,Bozrah,John Flynn,WI,0,0.00%
Representative in Congress 2,Bozrah,Joe Courtney,D,0,0.00%
Representative in Congress 2,Bozrah,Mike France,R,0,0.00%
Representative in Congress 2,Bozrah,"Kenneth Kusmierski, Jr.",WI,0,0.00%
Representative in Congress 2,Bozrah,Jeffery Russell,WI,0,0.00%
State Senator 20,Bozrah,Martha Marx,D,0,0.00%
State Senator 20,Bozrah,Shaun Mastroianni,R,0,0.00%
State Senator 20,Bozrah,Martha Marx,WF,0,0.00%
State Senator 20,Bozrah,Shaun Mastroianni,IND,0,0.00%
State Representative 48,Bozrah,Christopher Rivers,D,0,0.00%
State Representative 48,Bozrah,Mark DeCaprio,R,0,0.00%
State Representative 48,Bozrah,Christopher Rivers,WF,0,0.00%
State Representative 48,Bozrah,Lance Lusignan,IND,0,0.00%
Presidential Electors for,Branford,Harris and Walz,D,0,0.00%
Presidential Electors for,Branford,Trump and Vance,R,0,0.00%
Presidential Electors for,Branford,Stein and Ware,G,0,0.00%
Presidential Electors for,Branford,Oliver and ter Maat,LI,0,0.00%
Presidential Electors for,Branford,"Kennedy, Jr. and Shanahan",PC,0,0.00%
Presidential Electors for,Branford,De la Cruz and Garcia,WI,0,0.00%
Presidential Electors for,Branford,Fox and McVay,WI,0,0.00%
Presidential Electors for,Branford,McNeil and McNeil,WI,0,0.00%
Presidential Electors for,Branford,Potus and Kennedy,WI,0,0.00%
Presidential Electors for,Branford,Ayyadurai and Ellis,WI,0,0.00%
Presidential Electors for,Branford,Sonski and Onak,WI,0,0.00%
Presidential Electors for,Branford,West and Abdullah,WI,0,0.00%
United States Senator,Branford,Christopher S. Murphy,D,0,0.00%
United States Senator,Branford,Matthew M. Corey,R,0,0.00%
United States Senator,Branford,Christopher S. Murphy,WF,0,0.00%
United States Senator,Branford,Justin C. Paglino,G,0,0.00%
United States Senator,Branford,Robert Finley Hyde,CGG,0,0.00%
United States Senator,Branford,John Flynn,WI,0,0.00%
Representative in Congress 3,Branford,Rosa L. DeLauro,D,0,0.00%
Representative in Congress 3,Branford,Michael Massey,R,0,0.00%
Representative in Congress 3,Branford,Michael Massey,IND,0,0.00%
Representative in Congress 3,Branford,Leo Almoney,WI,0,0.00%
Representative in Congress 3,Branford,Omar Scott Antar,WI,0,0.00%
Representative in Congress 3,Branford,Shahd Omar,WI,0,0.00%
State Senator 12,Branford,Christine Cohen,D,0,0.00%
State Senator 12,Branford,Paul Crisci,R,0,0.00%
State Senator 12,Branford,Christine Cohen,WF,0,0.00%
State Senator 12,Branford,Christine Cohen,IND,0,0.00%
State Representative 98,Branford,Moira Rader,D,0,0.00%
State Representative 98,Branford,Richard S. DiNardo,R,0,0.00%
State Representative 98,Branford,Moira Rader,WF,0,0.00%
State Representative 102,Branford,Robin Comey,D,0,0.00%
State Representative 102,Branford,Ray Ingraham,R,0,0.00%
State Representative 102,Branford,Robin Comey,WF,0,0.00%
Registrar of Voters,Branford,Jeff Rowan,D,0,0.00%
Registrar of Voters,Branford,"Darren ""Howie"" Lawler",R,0,0.00%
Presidential Electors for,Bridgeport,Harris and Walz,D,0,0.00%
Presidential Electors for,Bridgeport,Trump and Vance,R,0,0.00%
Presidential Electors for,Bridgeport,Stein and Ware,G,0,0.00%
Presidential Electors for,Bridgeport,Oliver and ter Maat,LI,0,0.00%
Presidential Electors for,Bridgeport,"Kennedy, Jr. and Shanahan",PC,0,0.00%
Presidential Electors for,Bridgeport,De la Cruz and Garcia,WI,0,0.00%
Presidential Electors for,Bridgeport,Fox and McVay,WI,0,0.00%
Presidential Electors for,Bridgeport,McNeil and McNeil,WI,0,0.00%
Presidential Electors for,Bridgeport,Potus and Kennedy,WI,0,0.00%
Presidential Electors for,Bridgeport,Ayyadurai and Ellis,WI,0,0.00%
Presidential Electors for,Bridgeport,Sonski and Onak,WI,0,0.00%
Presidential Electors for,Bridgeport,West and Abdullah,WI,0,0.00%
United States Senator,Bridgeport,Christopher S. Murphy,D,0,0.00%
United States Senator,Bridgeport,Matthew M. Corey,R,0,0.00%
United States Senator,Bridgeport,Christopher S. Murphy,WF,0,0.00%
United States Senator,Bridgeport,Justin C. Paglino,G,0,0.00%
United States Senator,Bridgeport,Robert Finley Hyde,CGG,0,0.00%
United States Senator,Bridgeport,John Flynn,WI,0,0.00%
Representative in Congress 4,Bridgeport,Jim Himes,D,0,0.00%
Representative in Congress 4,Bridgeport,Michael Goldstein,R,0,0.00%
Representative in Congress 4,Bridgeport,Benjamin Wesley,IND,0,0.00%
State Senator 22,Bridgeport,Sujata Gadkar-Wilcox,D,0,0.00%
State Senator 22,Bridgeport,Chris Carrena,R,0,0.00%
State Senator 22,Bridgeport,Robert Edward Halstead,IND,0,0.00%
State Senator 22,Bridgeport,Louis Anthony Bevilacqua,WI,0,0.00%
State Senator 23,Bridgeport,Herron Gaston,D,0,0.00%
State Senator 23,Bridgeport,Brian Banacowski,R,0,0.00%
State Senator 23,Bridgeport,Herron Gaston,WF,0,0.00%
State Representative 124,Bridgeport,"Andre Baker, Jr.",D,0,0.00%
State Representative 124,Bridgeport,Yoshiyahu Yisrael,R,0,0.00%
State Representative 126,Bridgeport,"Fred Gee, Jr.",D,0,0.00%
State Representative 126,Bridgeport,David R. Herz,R,0,0.00%
State Representative 127,Bridgeport,Marcus A. Brown,D,0,0.00%
State Representative 128,Bridgeport,Christopher Rosario,D,0,0.00%
State Representative 128,Bridgeport,Ramona Marquez,R,0,0.00%
State Representative 128,Bridgeport,Angel M. Gonzalez,IND,0,0.00%
State Representative 129,Bridgeport,Steve Stafstrom,D,0,0.00%
State Representative 129,Bridgeport,Francis Kalangala,R,0,0.00%
State Representative 130,Bridgeport,Antonio D. Felipe,D,0,0.00%
State Representative 130,Bridgeport,"Terry ""Cowboy"" Sullivan",R,0,0.00%
State Representative 133,Bridgeport,Cristin McCarthy Vahey,D,0,0.00%
State Representative 133,Bridgeport,Chris Verras,R,0,0.00%
State Representative 133,Bridgeport,Cristin McCarthy Vahey,WF,0,0.00%
Registrar of Voters,Bridgeport,Patricia A. Howard,D,0,0.00%
Registrar of Voters,Bridgeport,Linda A. Grace,R,0,0.00%
Presidential Electors for,Bridgewater,Harris and Walz,D,607,51.70%
Presidential Electors for,Bridgewater,Trump and Vance,R,548,46.68%
Presidential Electors for,Bridgewater,Stein and Ware,G,7,0.60%
Presidential Electors for,Bridgewater,Oliver and ter Maat,LI,3,0.26%
Presidential Electors for,Bridgewater,"Kennedy, Jr. and Shanahan",PC,7,0.60%
Presidential Electors for,Bridgewater,De la Cruz and Garcia,WI,2,0.17%
Presidential Electors for,Bridgewater,Fox and McVay,WI,0,0.00%
Presidential Electors for,Bridgewater,McNeil and McNeil,WI,0,0.00%
Presidential Electors for,Bridgewater,Potus and Kennedy,WI,0,0.00%
Presidential Electors for,Bridgewater,Ayyadurai and Ellis,WI,0,0.00%
Presidential Electors for,Bridgewater,Sonski and Onak,WI,0,0.00%
Presidential Electors for,Bridgewater,West and Abdullah,WI,0,0.00%
United States Senator,Bridgewater,Christopher S. Murphy,D,580,50.66%
United States Senator,Bridgewater,Matthew M. Corey,R,527,46.03%
United States Senator,Bridgewater,Christopher S. Murphy,WF,25,2.18%
United States Senator,Bridgewater,Justin C. Paglino,G,9,0.79%
United States Senator,Bridgewater,Robert Finley Hyde,CGG,4,0.35%
United States Senator,Bridgewater,John Flynn,WI,0,0.00%
Representative in Congress 5,Bridgewater,Jahana Hayes,D,577,49.91%
Representative in Congress 5,Bridgewater,George Logan,R,551,47.66%
Representative in Congress 5,Bridgewater,Jahana Hayes,WF,28,2.42%
Representative in Congress 5,Bridgewater,Ahmad AJ Darwish,WI,0,0.00%
Representative in Congress 5,Bridgewater,Bertram Ferguson,WI,0,0.00%
State Senator 32,Bridgewater,Jeff Desmarais,D,578,51.38%
State Senator 32,Bridgewater,Eric C. Berthel,R,547,48.62%
State Representative 69,Bridgewater,Ed Edelson,D,540,47.66%
State Representative 69,Bridgewater,Jason Buchsbaum,R,593,52.34%
Presidential Electors for,Bristol,Harris and Walz,D,0,0.00%
Presidential Electors for,Bristol,Trump and Vance,R,0,0.00%
Presidential Electors for,Bristol,Stein and Ware,G,0,0.00%
Presidential Electors for,Bristol,Oliver and ter Maat,LI,0,0.00%
Presidential Electors for,Bristol,"Kennedy, Jr. and Shanahan",PC,0,0.00%
Presidential Electors for,Bristol,De la Cruz and Garcia,WI,0,0.00%
Presidential Electors for,Bristol,Fox and McVay,WI,0,0.00%
Presidential Electors for,Bristol,McNeil and McNeil,WI,0,0.00%
Presidential Electors for,Bristol,Potus and Kennedy,WI,0,0.00%
Presidential Electors for,Bristol,Ayyadurai and Ellis,WI,0,0.00%
Presidential Electors for,Bristol,Sonski and Onak,WI,0,0.00%
Presidential Electors for,Bristol,West and Abdullah,WI,0,0.00%
United States Senator,Bristol,Christopher S. Murphy,D,0,0.00%
United States Senator,Bristol,Matthew M. Corey,R,0,0.00%
United States Senator,Bristol,Christopher S. Murphy,WF,0,0.00%
United States Senator,Bristol,Justin C. Paglino,G,0,0.00%
United States Senator,Bristol,Robert Finley Hyde,CGG,0,0.00%
United States Senator,Bristol,John Flynn,WI,0,0.00%
Representative in Congress 1,Bristol,John B. Larson,D,0,0.00%
Representative in Congress 1,Bristol,Jim Griffin,R,0,0.00%
Representative in Congress 1,Bristol,John B. Larson,WF,0,0.00%
Representative in Congress 1,Bristol,Mary L. Sanders,G,0,0.00%
State Senator 31,Bristol,Henri Martin,R,0,0.00%
State Representative 77,Bristol,Cara C. Pavalock-D'Amato,R,0,0.00%
State Representative 77,Bristol,"Mary ""Mim"" Rydingsward",WF,0,0.00%
State Representative 77,Bristol,"Mary ""Mim"" Rydingsward",IND,0,0.00%
State Representative 78,Bristol,Joe Hoxha,R,0,0.00%
State Representative 79,Bristol,Mary B. Fortier,D,0,0.00%
State Representative 79,Bristol,David Schrager,R,0,0.00%
State Representative 79,Bristol,Mary B. Fortier,WF,0,0.00%
State Representative 79,Bristol,Mary B. Fortier,IND,0,0.00%
Registrar of Voters,Bristol,Kevin McCauley,D,0,0.00%
Registrar of Voters,Bristol,Jolene Lusitani,R,0,0.00%
Presidential Electors for,Brookfield,Harris and Walz,D,0,0.00%
Presidential Electors for,Brookfield,Trump and Vance,R,0,0.00%
Presidential Electors for,Brookfield,Stein and Ware,G,0,0.00%
Presidential Electors for,Brookfield,Oliver and ter Maat,LI,0,0.00%
Presidential Electors for,Brookfield,"Kennedy, Jr. and Shanahan",PC,0,0.00%
Presidential Electors for,Brookfield,De la Cruz and Garcia,WI,0,0.00%
Presidential Electors for,Brookfield,Fox and McVay,WI,0,0.00%
Presidential Electors for,Brookfield,McNeil and McNeil,WI,0,0.00%
Presidential Electors for,Brookfield,Potus and Kennedy,WI,0,0.00%
Presidential Electors for,Brookfield,Ayyadurai and Ellis,WI,0,0.00%
Presidential Electors for,Brookfield,Sonski and Onak,WI,0,0.00%
Presidential Electors for,Brookfield,West and Abdullah,WI,0,0.00%
United States Senator,Brookfield,Christopher S. Murphy,D,0,0.00%
United States Senator,Brookfield,Matthew M. Corey,R,0,0.00%
United States Senator,Brookfield,Christopher S. Murphy,WF,0,0.00%
United States Senator,Brookfield,Justin C. Paglino,G,0,0.00%
United States Senator,Brookfield,Robert Finley Hyde,CGG,0,0.00%
United States Senator,Brookfield,John Flynn,WI,0,0.00%
Representative in Congress 5,Brookfield,Jahana Hayes,D,0,0.00%
Representative in Congress 5,Brookfield,George Logan,R,0,0.00%
Representative in Congress 5,Brookfield,Jahana Hayes,WF,0,0.00%
Representative in Congress 5,Brookfield,Ahmad AJ Darwish,WI,0,0.00%
Representative in Congress 5,Brookfield,Bertram Ferguson,WI,0,0.00%
State Senator 30,Brookfield,Justin Potter,D,0,0.00%
State Senator 30,Brookfield,Stephen G. Harding,R,0,0.00%
State Senator 30,Brookfield,Stephen G. Harding,IND,0,0.00%
State Senator 32,Brookfield,Jeff Desmarais,D,0,0.00%
State Senator 32,Brookfield,Eric C. Berthel,R,0,0.00%
State Representative 107,Brookfield,Aaron Zimmer,D,0,0.00%
State Representative 107,Brookfield,Martin J. Foncello,R,0,0.00%
State Representative 107,Brookfield,Aaron Zimmer,WF,0,0.00%
State Representative 107,Brookfield,Aaron Zimmer,IND,0,0.00%
Registrar of Voters,Brookfield,Leslie Ruggiero,D,0,0.00%
Registrar of Voters,Brookfield,Catherine Iannone,R,0,0.00%
Presidential Electors for,Brooklyn,Harris and Walz,D,0,0.00%
Presidential Electors for,Brooklyn,Trump and Vance,R,0,0.00%
Presidential Electors for,Brooklyn,Stein and Ware,G,0,0.00%
Presidential Electors for,Brooklyn,Oliver and ter Maat,LI,0,0.00%
Presidential Electors for,Brooklyn,"Kennedy, Jr. and Shanahan",PC,0,0.00%
Presidential Electors for,Brooklyn,De la Cruz and Garcia,WI,0,0.00%
Presidential Electors for,Brooklyn,Fox and McVay,WI,0,0.00%
Presidential Electors for,Brooklyn,McNeil and McNeil,WI,0,0.00%
Presidential Electors for,Brooklyn,Potus and Kennedy,WI,0,0.00%
Presidential Electors for,Brooklyn,Ayyadurai and Ellis,WI,0,0.00%
Presidential Electors for,Brooklyn,Sonski and Onak,WI,0,0.00%
Presidential Electors for,Brooklyn,West and Abdullah,WI,0,0.00%
United States Senator,Brooklyn,Christopher S. Murphy,D,0,0.00%
United States Senator,Brooklyn,Matthew M. Corey,R,0,0.00%
United States Senator,Brooklyn,Christopher S. Murphy,WF,0,0.00%
United States Senator,Brooklyn,Justin C. Paglino,G,0,0.00%
United States Senator,Brooklyn,Robert Finley Hyde,CGG,0,0.00%
United States Senator,Brooklyn,John Flynn,WI,0,0.00%
Representative in Congress 2,Brooklyn,Joe Courtney,D,0,0.00%
Representative in Congress 2,Brooklyn,Mike France,R,0,0.00%
Representative in Congress 2,Brooklyn,"Kenneth Kusmierski, Jr.",WI,0,0.00%
Representative in Congress 2,Brooklyn,Jeffery Russell,WI,0,0.00%
State Senator 29,Brooklyn,Mae Flexer,D,0,0.00%
State Senator 29,Brooklyn,Chris Reddy,R,0,0.00%
State Senator 29,Brooklyn,Mae Flexer,WF,0,0.00%
State Senator 29,Brooklyn,Mae Flexer,IND,0,0.00%
State Senator 29,Brooklyn,Alice Leibowitz,G,0,0.00%
State Representative 47,Brooklyn,Aaron Spruance,D,0,0.00%
State Representative 47,Brooklyn,Doug Dubitsky,R,0,0.00%
State Representative 50,Brooklyn,Pat Boyd,D,0,0.00%
Registrar of Voters,Brooklyn,Richard Ives,D,0,0.00%
Registrar of Voters,Brooklyn,Jo Ann Gerardi-Voccio,R,0,0.00%
Presidential Electors for,Burlington,Harris and Walz,D,0,0.00%
Presidential Electors for,Burlington,Trump and Vance,R,0,0.00%
Presidential Electors for,Burlington,Stein and Ware,G,0,0.00%
Presidential Electors for,Burlington,Oliver and ter Maat,LI,0,0.00%
Presidential Electors for,Burlington,"Kennedy, Jr. and Shanahan",PC,0,0.00%
Presidential Electors for,Burlington,De la Cruz and Garcia,WI,0,0.00%
Presidential Electors for,Burlington,Fox and McVay,WI,0,0.00%
Presidential Electors for,Burlington,McNeil and McNeil,WI,0,0.00%
Presidential Electors for,Burlington,Potus and Kennedy,WI,0,0.00%
Presidential Electors for,Burlington,Ayyadurai and Ellis,WI,0,0.00%
Presidential Electors for,Burlington,Sonski and Onak,WI,0,0.00%
Presidential Electors for,Burlington,West and Abdullah,WI,0,0.00%
United States Senator,Burlington,Christopher S. Murphy,D,0,0.00%
United States Senator,Burlington,Matthew M. Corey,R,0,0.00%
United States Senator,Burlington,Christopher S. Murphy,WF,0,0.00%
United States Senator,Burlington,Justin C. Paglino,G,0,0.00%
United States Senator,Burlington,Robert Finley Hyde,CGG,0,0.00%
United States Senator,Burlington,John Flynn,WI,0,0.00%
Representative in Congress 5,Burlington,Jahana Hayes,D,0,0.00%
Representative in Congress 5,Burlington,George Logan,R,0,0.00%
Representative in Congress 5,Burlington,Jahana Hayes,WF,0,0.00%
Representative in Congress 5,Burlington,Ahmad AJ Darwish,WI,0,0.00%
Representative in Congress 5,Burlington,Bertram Ferguson,WI,0,0.00%
State Senator 5,Burlington,Derek Slap,D,0,0.00%
State Senator 5,Burlington,Kyla Zimmermann,R,0,0.00%
State Representative 76,Burlington,Stephen Simonin,D,0,0.00%
State Representative 76,Burlington,John Piscopo,R,0,0.00%
Presidential Electors for,Canaan,Harris and Walz,D,0,0.00%
Presidential Electors for,Canaan,Trump and Vance,R,0,0.00%
Presidential Electors for,Canaan,Stein and Ware,G,0,0.00%
Presidential Electors for,Canaan,Oliver and ter Maat,LI,0,0.00%
Presidential Electors for,Canaan,"Kennedy, Jr. and Shanahan",PC,0,0.00%
Presidential Electors for,Canaan,De la Cruz and Garcia,WI,0,0.00%
Presidential Electors for,Canaan,Fox and McVay,WI,0,0.00%
Presidential Electors for,Canaan,McNeil and McNeil,WI,0,0.00%
Presidential Electors for,Canaan,Potus and Kennedy,WI,0,0.00%
Presidential Electors for,Canaan,Ayyadurai and Ellis,WI,0,0.00%
Presidential Electors for,Canaan,Sonski and Onak,WI,0,0.00%
Presidential Electors for,Canaan,West and Abdullah,WI,0,0.00%
United States Senator,Canaan,Christopher S. Murphy,D,428,66.56%
United States Senator,Canaan,Matthew M. Corey,R,180,27.99%
United States Senator,Canaan,Christopher S. Murphy,WF,29,4.51%
United States Senator,Canaan,Justin C. Paglino,G,2,0.31%
United States Senator,Canaan,Robert Finley Hyde,CGG,4,0.62%
United States Senator,Canaan,John Flynn,WI,0,0.00%
Representative in Congress 5,Canaan,Jahana Hayes,D,424,65.43%
Representative in Congress 5,Canaan,George Logan,R,195,30.09%
Representative in Congress 5,Canaan,Jahana Hayes,WF,29,4.48%
Representative in Congress 5,Canaan,Ahmad AJ Darwish,WI,0,0.00%
Representative in Congress 5,Canaan,Bertram Ferguson,WI,0,0.00%
State Senator 30,Canaan,Justin Potter,D,432,67.82%
State Senator 30,Canaan,Stephen G. Harding,R,189,29.67%
State Senator 30,Canaan,Stephen G. Harding,IND,16,2.51%
State Representative 64,Canaan,Maria Horn,D,424,65.43%
State Representative 64,Canaan,Barbara L. Breor,R,187,28.86%
State Representative 64,Canaan,Maria Horn,WF,28,4.32%
State Representative 64,Canaan,Maria Horn,IND,9,1.39%
Presidential Electors for,Canterbury,Harris and Walz,D,0,0.00%
Presidential Electors for,Canterbury,Trump and Vance,R,0,0.00%
Presidential Electors for,Canterbury,Stein and Ware,G,0,0.00%
Presidential Electors for,Canterbury,Oliver and ter Maat,LI,0,0.00%
Presidential Electors for,Canterbury,"Kennedy, Jr. and Shanahan",PC,0,0.00%
Presidential Electors for,Canterbury,De la Cruz and Garcia,WI,0,0.00%
Presidential Electors for,Canterbury,Fox and McVay,WI,0,0.00%
Presidential Electors for,Canterbury,McNeil and McNeil,WI,0,0.00%
Presidential Electors for,Canterbury,Potus and Kennedy,WI,0,0.00%
Presidential Electors for,Canterbury,Ayyadurai and Ellis,WI,0,0.00%
Presidential Electors for,Canterbury,Sonski and Onak,WI,0,0.00%
Presidential Electors for,Canterbury,West and Abdullah,WI,0,0.00%
United States Senator,Canterbury,Christopher S. Murphy,D,0,0.00%
United States Senator,Canterbury,Matthew M. Corey,R,0,0.00%
United States Senator,Canterbury,Christopher S. Murphy,WF,0,0.00%
United States Senator,Canterbury,Justin C. Paglino,G,0,0.00%
United States Senator,Canterbury,Robert Finley Hyde,CGG,0,0.00%
United States Senator,Canterbury,John Flynn,WI,0,0.00%
Representative in Congress 2,Canterbury,Joe Courtney,D,0,0.00%
Representative in Congress 2,Canterbury,Mike France,R,0,0.00%
Representative in Congress 2,Canterbury,"Kenneth Kusmierski, Jr.",WI,0,0.00%
Representative in Congress 2,Canterbury,Jeffery Russell,WI,0,0.00%
State Senator 29,Canterbury,Mae Flexer,D,0,0.00%
State Senator 29,Canterbury,Chris Reddy,R,0,0.00%
State Senator 29,Canterbury,Mae Flexer,WF,0,0.00%
State Senator 29,Canterbury,Mae Flexer,IND,0,0.00%
State Senator 29,Canterbury,Alice Leibowitz,G,0,0.00%
State Representative 47,Canterbury,Aaron Spruance,D,0,0.00%
State Representative 47,Canterbury,Doug Dubitsky,R,0,0.00%
Registrar of Voters,Canterbury,Linda Sangermano,R,0,0.00%
Registrar of Voters,Canterbury,Loreen Hegan,WI,0,0.00%
Presidential Electors for,Canton,Harris and Walz,D,0,0.00%
Presidential Electors for,Canton,Trump and Vance,R,0,0.00%
Presidential Electors for,Canton,Stein and Ware,G,0,0.00%
Presidential Electors for,Canton,Oliver and ter Maat,LI,0,0.00%
Presidential Electors for,Canton,"Kennedy, Jr. and Shanahan",PC,0,0.00%
Presidential Electors for,Canton,De la Cruz and Garcia,WI,0,0.00%
Presidential Electors for,Canton,Fox and McVay,WI,0,0.00%
Presidential Electors for,Canton,McNeil and McNeil,WI,0,0.00%
Presidential Electors for,Canton,Potus and Kennedy,WI,0,0.00%
Presidential Electors for,Canton,Ayyadurai and Ellis,WI,0,0.00%
Presidential Electors for,Canton,Sonski and Onak,WI,0,0.00%
Presidential Electors for,Canton,West and Abdullah,WI,0,0.00%
United States Senator,Canton,Christopher S. Murphy,D,0,0.00%
United States Senator,Canton,Matthew M. Corey,R,0,0.00%
United States Senator,Canton,Christopher S. Murphy,WF,0,0.00%
United States Senator,Canton,Justin C. Paglino,G,0,0.00%
United States Senator,Canton,Robert Finley Hyde,CGG,0,0.00%
United States Senator,Canton,John Flynn,WI,0,0.00%
Representative in Congress 5,Canton,Jahana Hayes,D,0,0.00%
Representative in Congress 5,Canton,George Logan,R,0,0.00%
Representative in Congress 5,Canton,Jahana Hayes,WF,0,0.00%
Representative in Congress 5,Canton,Ahmad AJ Darwish,WI,0,0.00%
Representative in Congress 5,Canton,Bertram Ferguson,WI,0,0.00%
State Senator 8,Canton,Paul Honig,D,0,0.00%
State Senator 8,Canton,Lisa Seminara,R,0,0.00%
State Senator 8,Canton,Paul Honig,WF,0,0.00%
State Senator 8,Canton,Lisa Seminara,IND,0,0.00%
State Representative 17,Canton,Eleni Kavros DeGraw,D,0,0.00%
State Representative 17,Canton,Manju Gerber,R,0,0.00%
State Representative 17,Canton,Eleni Kavros DeGraw,WF,0,0.00%
State Representative 17,Canton,Eleni Kavros DeGraw,IND,0,0.00%
Registrar of Voters,Canton,Cynthia Zdanzukas,D,0,0.00%
Registrar of Voters,Canton,Warren Humphrey,R,0,0.00%
Presidential Electors for,Chaplin,Harris and Walz,D,535,42.77%
Presidential Electors for,Chaplin,Trump and Vance,R,695,55.56%
Presidential Electors for,Chaplin,Stein and Ware,G,13,1.04%
Presidential Electors for,Chaplin,Oliver and ter Maat,LI,3,0.24%
Presidential Electors for,Chaplin,"Kennedy, Jr. and Shanahan",PC,5,0.40%
Presidential Electors for,Chaplin,De la Cruz and Garcia,WI,0,0.00%
Presidential Electors for,Chaplin,Fox and McVay,WI,0,0.00%
Presidential Electors for,Chaplin,McNeil and McNeil,WI,0,0.00%
Presidential Electors for,Chaplin,Potus and Kennedy,WI,0,0.00%
Presidential Electors for,Chaplin,Ayyadurai and Ellis,WI,0,0.00%
Presidential Electors for,Chaplin,Sonski and Onak,WI,0,0.00%
Presidential Electors for,Chaplin,West and Abdullah,WI,0,0.00%
United States Senator,Chaplin,Christopher S. Murphy,D,531,43.63%
United States Senator,Chaplin,Matthew M. Corey,R,628,51.60%
United States Senator,Chaplin,Christopher S. Murphy,WF,37,3.04%
United States Senator,Chaplin,Justin C. Paglino,G,9,0.74%
United States Senator,Chaplin,Robert Finley Hyde,CGG,12,0.99%
United States Senator,Chaplin,John Flynn,WI,0,0.00%
Representative in Congress 2,Chaplin,Joe Courtney,D,619,50.90%
Representative in Congress 2,Chaplin,Mike France,R,597,49.10%
Representative in Congress 2,Chaplin,"Kenneth Kusmierski, Jr.",WI,0,0.00%
Representative in Congress 2,Chaplin,Jeffery Russell,WI,0,0.00%
State Senator 35,Chaplin,Merry C. Garrett,D,486,40.47%
State Senator 35,Chaplin,Jeff Gordon,R,678,56.45%
State Senator 35,Chaplin,Merry C. Garrett,WF,22,1.83%
State Senator 35,Chaplin,Merry C. Garrett,IND,15,1.25%
State Representative 47,Chaplin,Aaron Spruance,D,477,39.68%
State Representative 47,Chaplin,Doug Dubitsky,R,725,60.32%
Registrar of Voters,Chaplin,Christopher Komuves,D,469,39.41%
Registrar of Voters,Chaplin,Eugene V. Boomer Jr.,R,721,60.59%
Judge of Probate 28 To Fill Vacancy,Chaplin,George A. Baker,D,481,40.83%
Judge of Probate 28 To Fill Vacancy,Chaplin,Douglas T. Stearns,R,697,59.17%
Presidential Electors for,Cheshire,Harris and Walz,D,0,0.00%
Presidential Electors for,Cheshire,Trump and Vance,R,0,0.00%
Presidential Electors for,Cheshire,Stein and Ware,G,0,0.00%
Presidential Electors for,Cheshire,Oliver and ter Maat,LI,0,0.00%
Presidential Electors for,Cheshire,"Kennedy, Jr. and Shanahan",PC,0,0.00%
Presidential Electors for,Cheshire,De la Cruz and Garcia,WI,0,0.00%
Presidential Electors for,Cheshire,Fox and McVay,WI,0,0.00%
Presidential Electors for,Cheshire,McNeil and McNeil,WI,0,0.00%
Presidential Electors for,Cheshire,Potus and Kennedy,WI,0,0.00%
Presidential Electors for,Cheshire,Ayyadurai and Ellis,WI,0,0.00%
Presidential Electors for,Cheshire,Sonski and Onak,WI,0,0.00%
Presidential Electors for,Cheshire,West and Abdullah,WI,0,0.00%
United States Senator,Cheshire,Christopher S. Murphy,D,0,0.00%
United States Senator,Cheshire,Matthew M. Corey,R,0,0.00%
United States Senator,Cheshire,Christopher S. Murphy,WF,0,0.00%
United States Senator,Cheshire,Justin C. Paglino,G,0,0.00%
United States Senator,Cheshire,Robert Finley Hyde,CGG,0,0.00%
United States Senator,Cheshire,John Flynn,WI,0,0.00%
Representative in Congress 5,Cheshire,Jahana Hayes,D,0,0.00%
Representative in Congress 5,Cheshire,George Logan,R,0,0.00%
Representative in Congress 5,Cheshire,Jahana Hayes,WF,0,0.00%
Representative in Congress 5,Cheshire,Ahmad AJ Darwish,WI,0,0.00%
Representative in Congress 5,Cheshire,Bertram Ferguson,WI,0,0.00%
State Senator 13,Cheshire,Jan Hochadel,D,0,0.00%
State Senator 13,Cheshire,Elain Cariati,R,0,0.00%
State Senator 13,Cheshire,Jan Hochadel,WF,0,0.00%
State Senator 13,Cheshire,Gwen Samuel,IND,0,0.00%
State Senator 13,Cheshire,Gwen Samuel,WI,0,0.00%
State Senator 16,Cheshire,Christopher Robertson,D,0,0.00%
State Senator 16,Cheshire,Rob Sampson,R,0,0.00%
State Senator 16,Cheshire,Christopher Robertson,IND,0,0.00%
State Representative 83,Cheshire,Jack Fazzino,D,0,0.00%
State Representative 83,Cheshire,Joseph Vollano,R,0,0.00%
State Representative 83,Cheshire,Jack Fazzino,WF,0,0.00%
State Representative 83,Cheshire,Jack Fazzino,IND,0,0.00%
State Representative 89,Cheshire,Lezlye Zupkus,R,0,0.00%
State Representative 89,Cheshire,Stuart R. Korchin,WI,0,0.00%
State Representative 103,Cheshire,Liz Linehan,D,0,0.00%
Registrar of Voters,Cheshire,Willy Hyde,D,0,0.00%
Registrar of Voters,Cheshire,Sylvia Nichols,R,0,0.00%
Presidential Electors for,Chester,Harris and Walz,D,0,0.00%
Presidential Electors for,Chester,Trump and Vance,R,0,0.00%
Presidential Electors for,Chester,Stein and Ware,G,0,0.00%
Presidential Electors for,Chester,Oliver and ter Maat,LI,0,0.00%
Presidential Electors for,Chester,"Kennedy, Jr. and Shanahan",PC,0,0.00%
Presidential Electors for,Chester,De la Cruz and Garcia,WI,0,0.00%
Presidential Electors for,Chester,Fox and McVay,WI,0,0.00%
Presidential Electors for,Chester,McNeil and McNeil,WI,0,0.00%
Presidential Electors for,Chester,Potus and Kennedy,WI,0,0.00%
Presidential Electors for,Chester,Ayyadurai and Ellis,WI,0,0.00%
Presidential Electors for,Chester,Sonski and Onak,WI,0,0.00%
Presidential Electors for,Chester,West and Abdullah,WI,0,0.00%
United States Senator,Chester,Christopher S. Murphy,D,0,0.00%
United States Senator,Chester,Matthew M. Corey,R,0,0.00%
United States Senator,Chester,Christopher S. Murphy,WF,0,0.00%
United States Senator,Chester,Justin C. Paglino,G,0,0.00%
United States Senator,Chester,Robert Finley Hyde,CGG,0,0.00%
United States Senator,Chester,John Flynn,WI,0,0.00%
Representative in Congress 2,Chester,Joe Courtney,D,0,0.00%
Representative in Congress 2,Chester,Mike France,R,0,0.00%
Representative in Congress 2,Chester,"Kenneth Kusmierski, Jr.",WI,0,0.00%
Representative in Congress 2,Chester,Jeffery Russell,WI,0,0.00%
State Senator 33,Chester,Norm Needleman,D,0,0.00%
State Senator 33,Chester,Jeffery Duigou,R,0,0.00%
State Senator 33,Chester,Norm Needleman,IND,0,0.00%
State Representative 36,Chester,Renee LaMark Muir,D,0,0.00%
State Representative 36,Chester,Kathryn Russell,R,0,0.00%
Presidential Electors for,Clinton,Harris and Walz,D,0,0.00%
Presidential Electors for,Clinton,Trump and Vance,R,0,0.00%
Presidential Electors for,Clinton,Stein and Ware,G,0,0.00%
Presidential Electors for,Clinton,Oliver and ter Maat,LI,0,0.00%
Presidential Electors for,Clinton,"Kennedy, Jr. and Shanahan",PC,0,0.00%
Presidential Electors for,Clinton,De la Cruz and Garcia,WI,0,0.00%
Presidential Electors for,Clinton,Fox and McVay,WI,0,0.00%
Presidential Electors for,Clinton,McNeil and McNeil,WI,0,0.00%
Presidential Electors for,Clinton,Potus and Kennedy,WI,0,0.00%
Presidential Electors for,Clinton,Ayyadurai and Ellis,WI,0,0.00%
Presidential Electors for,Clinton,Sonski and Onak,WI,0,0.00%
Presidential Electors for,Clinton,West and Abdullah,WI,0,0.00%
United States Senator,Clinton,Christopher S. Murphy,D,0,0.00%
United States Senator,Clinton,Matthew M. Corey,R,0,0.00%
United States Senator,Clinton,Christopher S. Murphy,WF,0,0.00%
United States Senator,Clinton,Justin C. Paglino,G,0,0.00%
United States Senator,Clinton,Robert Finley Hyde,CGG,0,0.00%
United States Senator,Clinton,John Flynn,WI,0,0.00%
Representative in Congress 2,Clinton,Joe Courtney,D,0,0.00%
Representative in Congress 2,Clinton,Mike France,R,0,0.00%
Representative in Congress 2,Clinton,"Kenneth Kusmierski, Jr.",WI,0,0.00%
Representative in Congress 2,Clinton,Jeffery Russell,WI,0,0.00%
State Senator 33,Clinton,Norm Needleman,D,0,0.00%
State Senator 33,Clinton,Jeffery Duigou,R,0,0.00%
State Senator 33,Clinton,Norm Needleman,IND,0,0.00%
State Representative 35,Clinton,Cinzia Lettieri,D,0,0.00%
State Representative 35,Clinton,Chris Aniskovich,R,0,0.00%
State Representative 35,Clinton,Cinzia Lettieri,WF,0,0.00%
State Representative 35,Clinton,Chris Aniskovich,IND,0,0.00%
Registrar of Voters,Clinton,Mark Vasil,D,0,0.00%
Registrar of Voters,Clinton,Lawrence P. Edwards,R,0,0.00%
Presidential Electors for,Colchester,Harris and Walz,D,0,0.00%
Presidential Electors for,Colchester,Trump and Vance,R,0,0.00%
Presidential Electors for,Colchester,Stein and Ware,G,0,0.00%
Presidential Electors for,Colchester,Oliver and ter Maat,LI,0,0.00%
Presidential Electors for,Colchester,"Kennedy, Jr. and Shanahan",PC,0,0.00%
Presidential Electors for,Colchester,De la Cruz and Garcia,WI,0,0.00%
Presidential Electors for,Colchester,Fox and McVay,WI,0,0.00%
Presidential Electors for,Colchester,McNeil and McNeil,WI,0,0.00%
Presidential Electors for,Colchester,Potus and Kennedy,WI,0,0.00%
Presidential Electors for,Colchester,Ayyadurai and Ellis,WI,0,0.00%
Presidential Electors for,Colchester,Sonski and Onak,WI,0,0.00%
Presidential Electors for,Colchester,West and Abdullah,WI,0,0.00%
United States Senator,Colchester,Christopher S. Murphy,D,0,0.00%
United States Senator,Colchester,Matthew M. Corey,R,0,0.00%
United States Senator,Colchester,Christopher S. Murphy,WF,0,0.00%
United States Senator,Colchester,Justin C. Paglino,G,0,0.00%
United States Senator,Colchester,Robert Finley Hyde,CGG,0,0.00%
United States Senator,Colchester,John Flynn,WI,0,0.00%
Representative in Congress 2,Colchester,Joe Courtney,D,0,0.00%
Representative in Congress 2,Colchester,Mike France,R,0,0.00%
Representative in Congress 2,Colchester,"Kenneth Kusmierski, Jr.",WI,0,0.00%
Representative in Congress 2,Colchester,Jeffery Russell,WI,0,0.00%
State Senator 33,Colchester,Norm Needleman,D,0,0.00%
State Senator 33,Colchester,Jeffery Duigou,R,0,0.00%
State Senator 33,Colchester,Norm Needleman,IND,0,0.00%
State Representative 48,Colchester,Christopher Rivers,D,0,0.00%
State Representative 48,Colchester,Mark DeCaprio,R,0,0.00%
State Representative 48,Colchester,Christopher Rivers,WF,0,0.00%
State Representative 48,Colchester,Lance Lusignan,IND,0,0.00%
Registrar of Voters,Colchester,Sara Mussen,D,0,0.00%
Registrar of Voters,Colchester,Julianne Shilosky,R,0,0.00%
Judge of Probate 28 To Fill Vacancy,Colchester,George A. Baker,D,0,0.00%
Judge of Probate 28 To Fill Vacancy,Colchester,Douglas T. Stearns,R,0,0.00%
Presidential Electors for,Colebrook,Harris and Walz,D,403,41.80%
Presidential Electors for,Colebrook,Trump and Vance,R,548,56.85%
Presidential Electors for,Colebrook,Stein and Ware,G,7,0.73%
Presidential Electors for,Colebrook,Oliver and ter Maat,LI,3,0.31%
Presidential Electors for,Colebrook,"Kennedy, Jr. and Shanahan",PC,3,0.31%
Presidential Electors for,Colebrook,De la Cruz and Garcia,WI,0,0.00%
Presidential Electors for,Colebrook,Fox and McVay,WI,0,0.00%
Presidential Electors for,Colebrook,McNeil and McNeil,WI,0,0.00%
Presidential Electors for,Colebrook,Potus and Kennedy,WI,0,0.00%
Presidential Electors for,Colebrook,Ayyadurai and Ellis,WI,0,0.00%
Presidential Electors for,Colebrook,Sonski and Onak,WI,0,0.00%
Presidential Electors for,Colebrook,West and Abdullah,WI,0,0.00%
United States Senator,Colebrook,Christopher S. Murphy,D,395,41.93%
United States Senator,Colebrook,Matthew M. Corey,R,513,54.46%
United States Senator,Colebrook,Christopher S. Murphy,WF,24,2.55%
United States Senator,Colebrook,Justin C. Paglino,G,4,0.42%
United States Senator,Colebrook,Robert Finley Hyde,CGG,6,0.64%
United States Senator,Colebrook,John Flynn,WI,0,0.00%
Representative in Congress 1,Colebrook,John B. Larson,D,395,42.16%
Representative in Congress 1,Colebrook,Jim Griffin,R,502,53.58%
Representative in Congress 1,Colebrook,John B. Larson,WF,29,3.09%
Representative in Congress 1,Colebrook,Mary L. Sanders,G,11,1.17%
State Senator 8,Colebrook,Paul Honig,D,352,37.21%
State Senator 8,Colebrook,Lisa Seminara,R,565,59.73%
State Senator 8,Colebrook,Paul Honig,WF,18,1.90%
State Senator 8,Colebrook,Lisa Seminara,IND,11,1.16%
State Representative 63,Colebrook,Jay M. Case,R,693,100.00%
Registrar of Voters,Colebrook,Karen Odell,D,473,50.21%
Registrar of Voters,Colebrook,Sherri Gray,R,469,49.79%
Presidential Electors for,Columbia,Harris and Walz,D,0,0.00%
Presidential Electors for,Columbia,Trump and Vance,R,0,0.00%
Presidential Electors for,Columbia,Stein and Ware,G,0,0.00%
Presidential Electors for,Columbia,Oliver and ter Maat,LI,0,0.00%
Presidential Electors for,Columbia,"Kennedy, Jr. and Shanahan",PC,0,0.00%
Presidential Electors for,Columbia,De la Cruz and Garcia,WI,0,0.00%
Presidential Electors for,Columbia,Fox and McVay,WI,0,0.00%
Presidential Electors for,Columbia,McNeil and McNeil,WI,0,0.00%
Presidential Electors for,Columbia,Potus and Kennedy,WI,0,0.00%
Presidential Electors for,Columbia,Ayyadurai and Ellis,WI,0,0.00%
Presidential Electors for,Columbia,Sonski and Onak,WI,0,0.00%
Presidential Electors for,Columbia,West and Abdullah,WI,0,0.00%
United States Senator,Columbia,Christopher S. Murphy,D,0,0.00%
United States Senator,Columbia,Matthew M. Corey,R,0,0.00%
United States Senator,Columbia,Christopher S. Murphy,WF,0,0.00%
United States Senator,Columbia,Justin C. Paglino,G,0,0.00%
United States Senator,Columbia,Robert Finley Hyde,CGG,0,0.00%
United States Senator,Columbia,John Flynn,WI,0,0.00%
Representative in Congress 2,Columbia,Joe Courtney,D,0,0.00%
Representative in Congress 2,Columbia,Mike France,R,0,0.00%
Representative in Congress 2,Columbia,"Kenneth Kusmierski, Jr.",WI,0,0.00%
Representative in Congress 2,Columbia,Jeffery Russell,WI,0,0.00%
State Senator 19,Columbia,Catherine A. Osten,D,0,0.00%
State Senator 19,Columbia,Jason Guidone,R,0,0.00%
State Senator 19,Columbia,Catherine A. Osten,WF,0,0.00%
State Senator 19,Columbia,Catherine A. Osten,IND,0,0.00%
State Representative 8,Columbia,Nancy Hammarstrom,D,0,0.00%
State Representative 8,Columbia,Timothy Ackert,R,0,0.00%
State Representative 8,Columbia,Nancy Hammarstrom,WF,0,0.00%
Registrar of Voters,Columbia,Nelisa Reagan,D,0,0.00%
Registrar of Voters,Columbia,Gayle J. Mulligan,R,0,0.00%
Presidential Electors for,Cornwall,Harris and Walz,D,0,0.00%
Presidential Electors for,Cornwall,Trump and Vance,R,0,0.00%
Presidential Electors for,Cornwall,Stein and Ware,G,0,0.00%
Presidential Electors for,Cornwall,Oliver and ter Maat,LI,0,0.00%
Presidential Electors for,Cornwall,"Kennedy, Jr. and Shanahan",PC,0,0.00%
Presidential Electors for,Cornwall,De la Cruz and Garcia,WI,0,0.00%
Presidential Electors for,Cornwall,Fox and McVay,WI,0,0.00%
Presidential Electors for,Cornwall,McNeil and McNeil,WI,0,0.00%
Presidential Electors for,Cornwall,Potus and Kennedy,WI,0,0.00%
Presidential Electors for,Cornwall,Ayyadurai and Ellis,WI,0,0.00%
Presidential Electors for,Cornwall,Sonski and Onak,WI,0,0.00%
Presidential Electors for,Cornwall,West and Abdullah,WI,0,0.00%
United States Senator,Cornwall,Christopher S. Murphy,D,0,0.00%
United States Senator,Cornwall,Matthew M. Corey,R,0,0.00%
United States Senator,Cornwall,Christopher S. Murphy,WF,0,0.00%
United States Senator,Cornwall,Justin C. Paglino,G,0,0.00%
United States Senator,Cornwall,Robert Finley Hyde,CGG,0,0.00%
United States Senator,Cornwall,John Flynn,WI,0,0.00%
Representative in Congress 5,Cornwall,Jahana Hayes,D,0,0.00%
Representative in Congress 5,Cornwall,George Logan,R,0,0.00%
Representative in Congress 5,Cornwall,Jahana Hayes,WF,0,0.00%
Representative in Congress 5,Cornwall,Ahmad AJ Darwish,WI,0,0.00%
Representative in Congress 5,Cornwall,Bertram Ferguson,WI,0,0.00%
State Senator 30,Cornwall,Justin Potter,D,0,0.00%
State Senator 30,Cornwall,Stephen G. Harding,R,0,0.00%
State Senator 30,Cornwall,Stephen G. Harding,IND,0,0.00%
State Representative 64,Cornwall,Maria Horn,D,0,0.00%
State Representative 64,Cornwall,Barbara L. Breor,R,0,0.00%
State Representative 64,Cornwall,Maria Horn,WF,0,0.00%
State Representative 64,Cornwall,Maria Horn,IND,0,0.00%
Registrar of Voters,Cornwall,Jayne Ridgway,D,0,0.00%
Registrar of Voters,Cornwall,Brittany Mosimann,R,0,0.00%
Presidential Electors for,Coventry,Harris and Walz,D,0,0.00%
Presidential Electors for,Coventry,Trump and Vance,R,0,0.00%
Presidential Electors for,Coventry,Stein and Ware,G,0,0.00%
Presidential Electors for,Coventry,Oliver and ter Maat,LI,0,0.00%
Presidential Electors for,Coventry,"Kennedy, Jr. and Shanahan",PC,0,0.00%
Presidential Electors for,Coventry,De la Cruz and Garcia,WI,0,0.00%
Presidential Electors for,Coventry,Fox and McVay,WI,0,0.00%
Presidential Electors for,Coventry,McNeil and McNeil,WI,0,0.00%
Presidential Electors for,Coventry,Potus and Kennedy,WI,0,0.00%
Presidential Electors for,Coventry,Ayyadurai and Ellis,WI,0,0.00%
Presidential Electors for,Coventry,Sonski and Onak,WI,0,0.00%
Presidential Electors for,Coventry,West and Abdullah,WI,0,0.00%
United States Senator,Coventry,Christopher S. Murphy,D,0,0.00%
United States Senator,Coventry,Matthew M. Corey,R,0,0.00%
United States Senator,Coventry,Christopher S. Murphy,WF,0,0.00%
United States Senator,Coventry,Justin C. Paglino,G,0,0.00%
United States Senator,Coventry,Robert Finley Hyde,CGG,0,0.00%
United States Senator,Coventry,John Flynn,WI,0,0.00%
Representative in Congress 2,Coventry,Joe Courtney,D,0,0.00%
Representative in Congress 2,Coventry,Mike France,R,0,0.00%
Representative in Congress 2,Coventry,"Kenneth Kusmierski, Jr.",WI,0,0.00%
Representative in Congress 2,Coventry,Jeffery Russell,WI,0,0.00%
State Senator 35,Coventry,Merry C. Garrett,D,0,0.00%
State Senator 35,Coventry,Jeff Gordon,R,0,0.00%
State Senator 35,Coventry,Merry C. Garrett,WF,0,0.00%
State Senator 35,Coventry,Merry C. Garrett,IND,0,0.00%
State Representative 8,Coventry,Nancy Hammarstrom,D,0,0.00%
State Representative 8,Coventry,Timothy Ackert,R,0,0.00%
State Representative 8,Coventry,Nancy Hammarstrom,WF,0,0.00%
Registrar of Voters,Coventry,Sandye Simon,D,0,0.00%
Registrar of Voters,Coventry,Marilyn K. Powers,R,0,0.00%
Judge of Probate 25 To Fill Vacancy,Coventry,Sophia H. Shaikh,D,0,0.00%
Presidential Electors for,Cromwell,Harris and Walz,D,0,0.00%
Presidential Electors for,Cromwell,Trump and Vance,R,0,0.00%
Presidential Electors for,Cromwell,Stein and Ware,G,0,0.00%
Presidential Electors for,Cromwell,Oliver and ter Maat,LI,0,0.00%
Presidential Electors for,Cromwell,"Kennedy, Jr. and Shanahan",PC,0,0.00%
Presidential Electors for,Cromwell,De la Cruz and Garcia,WI,0,0.00%
Presidential Electors for,Cromwell,Fox and McVay,WI,0,0.00%
Presidential Electors for,Cromwell,McNeil and McNeil,WI,0,0.00%
Presidential Electors for,Cromwell,Potus and Kennedy,WI,0,0.00%
Presidential Electors for,Cromwell,Ayyadurai and Ellis,WI,0,0.00%
Presidential Electors for,Cromwell,Sonski and Onak,WI,0,0.00%
Presidential Electors for,Cromwell,West and Abdullah,WI,0,0.00%
United States Senator,Cromwell,Christopher S. Murphy,D,0,0.00%
United States Senator,Cromwell,Matthew M. Corey,R,0,0.00%
United States Senator,Cromwell,Christopher S. Murphy,WF,0,0.00%
United States Senator,Cromwell,Justin C. Paglino,G,0,0.00%
United States Senator,Cromwell,Robert Finley Hyde,CGG,0,0.00%
United States Senator,Cromwell,John Flynn,WI,0,0.00%
Representative in Congress 1,Cromwell,John B. Larson,D,0,0.00%
Representative in Congress 1,Cromwell,Jim Griffin,R,0,0.00%
Representative in Congress 1,Cromwell,John B. Larson,WF,0,0.00%
Representative in Congress 1,Cromwell,Mary L. Sanders,G,0,0.00%
State Senator 9,Cromwell,Matthew Lesser,D,0,0.00%
State Senator 9,Cromwell,Matthew Lesser,WF,0,0.00%
State Senator 9,Cromwell,Matthew Lesser,IND,0,0.00%
State Representative 32,Cromwell,Christie M. Carpino,R,0,0.00%
Registrar of Voters,Cromwell,Alice Kelly,D,0,0.00%
Registrar of Voters,Cromwell,Bonnie Anderson,R,0,0.00%
Judge of Probate 15 To Fill Vacancy,Cromwell,Phrances Leverton Szewczyk,D,0,0.00%
Presidential Electors for,Danbury,Harris and Walz,D,0,0.00%
Presidential Electors for,Danbury,Trump and Vance,R,0,0.00%
Presidential Electors for,Danbury,Stein and Ware,G,0,0.00%
Presidential Electors for,Danbury,Oliver and ter Maat,LI,0,0.00%
Presidential Electors for,Danbury,"Kennedy, Jr. and Shanahan",PC,0,0.00%
Presidential Electors for,Danbury,De la Cruz and Garcia,WI,0,0.00%
Presidential Electors for,Danbury,Fox and McVay,WI,0,0.00%
Presidential Electors for,Danbury,McNeil and McNeil,WI,0,0.00%
Presidential Electors for,Danbury,Potus and Kennedy,WI,0,0.00%
Presidential Electors for,Danbury,Ayyadurai and Ellis,WI,0,0.00%
Presidential Electors for,Danbury,Sonski and Onak,WI,0,0.00%
Presidential Electors for,Danbury,West and Abdullah,WI,0,0.00%
United States Senator,Danbury,Christopher S. Murphy,D,0,0.00%
United States Senator,Danbury,Matthew M. Corey,R,0,0.00%
United States Senator,Danbury,Christopher S. Murphy,WF,0,0.00%
United States Senator,Danbury,Justin C. Paglino,G,0,0.00%
United States Senator,Danbury,Robert Finley Hyde,CGG,0,0.00%
United States Senator,Danbury,John Flynn,WI,0,0.00%
Representative in Congress 5,Danbury,Jahana Hayes,D,0,0.00%
Representative in Congress 5,Danbury,George Logan,R,0,0.00%
Representative in Congress 5,Danbury,Jahana Hayes,WF,0,0.00%
Representative in Congress 5,Danbury,Ahmad AJ Darwish,WI,0,0.00%
Representative in Congress 5,Danbury,Bertram Ferguson,WI,0,0.00%
State Senator 24,Danbury,Julie Kushner,D,0,0.00%
State Senator 24,Danbury,Michelle Coelho,R,0,0.00%
State Senator 24,Danbury,Julie Kushner,WF,0,0.00%
State Senator 24,Danbury,Michelle Coelho,IND,0,0.00%
State Representative 2,Danbury,Raghib Allie-Brennan,D,0,0.00%
State Representative 2,Danbury,Bradley M. Koltz,R,0,0.00%
State Representative 2,Danbury,Raghib Allie-Brennan,IND,0,0.00%
State Representative 108,Danbury,Anne Weisberg,D,0,0.00%
State Representative 108,Danbury,Patrick Callahan,R,0,0.00%
State Representative 108,Danbury,Anne Weisberg,WF,0,0.00%
State Representative 109,Danbury,Farley A. Santos,D,0,0.00%
State Representative 109,Danbury,Brenda Santopolo Hefferon,R,0,0.00%
State Representative 109,Danbury,Farley A. Santos,WF,0,0.00%
State Representative 109,Danbury,Farley A. Santos,IND,0,0.00%
State Representative 110,Danbury,Bob Godfrey,D,0,0.00%
State Representative 110,Danbury,Austin Monteiro,R,0,0.00%
State Representative 110,Danbury,Bob Godfrey,WF,0,0.00%
State Representative 138,Danbury,Kenneth M. Gucker,D,0,0.00%
State Representative 138,Danbury,Rachel Chaleski,R,0,0.00%
State Representative 138,Danbury,Kenneth M. Gucker,WF,0,0.00%
State Representative 138,Danbury,Rachel Chaleski,IND,0,0.00%
Registrar of Voters,Danbury,Joan G. Bielizna,D,0,0.00%
Registrar of Voters,Danbury,Mary Ann Doran,R,0,0.00%
Presidential Electors for,Darien,Harris and Walz,D,0,0.00%
Presidential Electors for,Darien,Trump and Vance,R,0,0.00%
Presidential Electors for,Darien,Stein and Ware,G,0,0.00%
Presidential Electors for,Darien,Oliver and ter Maat,LI,0,0.00%
Presidential Electors for,Darien,"Kennedy, Jr. and Shanahan",PC,0,0.00%
Presidential Electors for,Darien,De la Cruz and Garcia,WI,0,0.00%
Presidential Electors for,Darien,Fox and McVay,WI,0,0.00%
Presidential Electors for,Darien,McNeil and McNeil,WI,0,0.00%
Presidential Electors for,Darien,Potus and Kennedy,WI,0,0.00%
Presidential Electors for,Darien,Ayyadurai and Ellis,WI,0,0.00%
Presidential Electors for,Darien,Sonski and Onak,WI,0,0.00%
Presidential Electors for,Darien,West and Abdullah,WI,0,0.00%
United States Senator,Darien,Christopher S. Murphy,D,0,0.00%
United States Senator,Darien,Matthew M. Corey,R,0,0.00%
United States Senator,Darien,Christopher S. Murphy,WF,0,0.00%
United States Senator,Darien,Justin C. Paglino,G,0,0.00%
United States Senator,Darien,Robert Finley Hyde,CGG,0,0.00%
United States Senator,Darien,John Flynn,WI,0,0.00%
Representative in Congress 4,Darien,Jim Himes,D,0,0.00%
Representative in Congress 4,Darien,Michael Goldstein,R,0,0.00%
Representative in Congress 4,Darien,Benjamin Wesley,IND,0,0.00%
State Senator 25,Darien,Bob Duff,D,0,0.00%
State Senator 25,Darien,Martin Tagliaferro,R,0,0.00%
State Senator 25,Darien,Bob Duff,WF,0,0.00%
State Senator 26,Darien,Ceci Maher,D,0,0.00%
State Senator 26,Darien,Kami Evans,R,0,0.00%
State Senator 26,Darien,Kami Evans,IND,0,0.00%
State Senator 27,Darien,Pat Billie Miller,D,0,0.00%
State Senator 27,Darien,Nicola Tarzia,R,0,0.00%
State Representative 125,Darien,Jason Bennett,D,0,0.00%
State Representative 125,Darien,Tom O'Dea,R,0,0.00%
State Representative 141,Darien,Sheila Quinn,D,0,0.00%
State Representative 141,Darien,Tracy Marra,R,0,0.00%
State Representative 141,Darien,Tracy Marra,IND,0,0.00%
Registrar of Voters,Darien,Susan K. Gray,D,0,0.00%
Registrar of Voters,Darien,Cara Kate Gately,R,0,0.00%
Board of Education,Darien,Joanna Walsh,D,0,0.00%
Board of Education,Darien,Michael Balzano,D,0,0.00%
Board of Education,Darien,David Brown,R,0,0.00%
Board of Education,Darien,Robin Nelson,R,0,0.00%
Representative Town Meeting District 1,Darien,Priscilla Wong,PC,0,0.00%
Representative Town Meeting District 1,Darien,Linda Tavlarios,PC,0,0.00%
Representative Town Meeting District 1,Darien,John Sartorius,PC,0,0.00%
Representative Town Meeting District 1,Darien,William Clarkson,PC,0,0.00%
Representative Town Meeting District 1,Darien,Charles Powis,PC,0,0.00%
Representative Town Meeting District 1,Darien,Patrick Parr,PC,0,0.00%
Representative Town Meeting District 1,Darien,Diane Conologue,PC,0,0.00%
Representative Town Meeting District 1-01,Darien,Priscilla Wong,PC,0,0.00%
Representative Town Meeting District 1-01,Darien,Linda Tavlarios,PC,0,0.00%
Representative Town Meeting District 1-01,Darien,John Sartorius,PC,0,0.00%
Representative Town Meeting District 1-01,Darien,William Clarkson,PC,0,0.00%
Representative Town Meeting District 1-01,Darien,Charles Powis,PC,0,0.00%
Representative Town Meeting District 1-01,Darien,Patrick Parr,PC,0,0.00%
Representative Town Meeting District 1-01,Darien,Diane Conologue,PC,0,0.00%
Representative Town Meeting District 1-02,Darien,Priscilla Wong,PC,0,0.00%
Representative Town Meeting District 1-02,Darien,Linda Tavlarios,PC,0,0.00%
Representative Town Meeting District 1-02,Darien,John Sartorius,PC,0,0.00%
Representative Town Meeting District 1-02,Darien,William Clarkson,PC,0,0.00%
Representative Town Meeting District 1-02,Darien,Charles Powis,PC,0,0.00%
Representative Town Meeting District 1-02,Darien,Patrick Parr,PC,0,0.00%
Representative Town Meeting District 1-02,Darien,Diane Conologue,PC,0,0.00%
Representative Town Meeting District 2,Darien,Emily Salmore,PC,0,0.00%
Representative Town Meeting District 2,Darien,Richard Aponte,PC,0,0.00%
Representative Town Meeting District 2,Darien,Michael Casolo,PC,0,0.00%
Representative Town Meeting District 2,Darien,Penelope Wilson,PC,0,0.00%
Representative Town Meeting District 2,Darien,Michael Wheeler,PC,0,0.00%
Representative Town Meeting District 2,Darien,Cheryl Russell,PC,0,0.00%
Representative Town Meeting District 2,Darien,Charles Teschner,PC,0,0.00%
Representative Town Meeting District 2,Darien,Liz Bacon,PC,0,0.00%
Representative Town Meeting District 3,Darien,Jack Davis,PC,0,0.00%
Representative Town Meeting District 3,Darien,Jeff Crouse,PC,0,0.00%
Representative Town Meeting District 4,Darien,Jean Hsu,PC,0,0.00%
Representative Town Meeting District 4,Darien,Jan Raymond,PC,0,0.00%
Representative Town Meeting District 4,Darien,Brian Rayhill,PC,0,0.00%
Representative Town Meeting District 5,Darien,Ian Laird,PC,0,0.00%
Representative Town Meeting District 5,Darien,Mark Adiletta,PC,0,0.00%
Representative Town Meeting District 5,Darien,Ashley Guadano,PC,0,0.00%
Representative Town Meeting District 5,Darien,Doug Allen Bernacchi,PC,0,0.00%
Representative Town Meeting District 5,Darien,Beth Pope,PC,0,0.00%
Representative Town Meeting District 5,Darien,Curtis Butler,PC,0,0.00%
Representative Town Meeting District 5,Darien,David Bayne,PC,0,0.00%
Representative Town Meeting District 6,Darien,Rachel Taylor,PC,0,0.00%
Representative Town Meeting District 6,Darien,Frank Adelman,PC,0,0.00%
Representative Town Meeting District 6,Darien,John Visi,PC,0,0.00%
Representative Town Meeting District 6,Darien,Susan Lauritzen,PC,0,0.00%
Presidential Electors for,Deep River,Harris and Walz,D,0,0.00%
Presidential Electors for,Deep River,Trump and Vance,R,0,0.00%
Presidential Electors for,Deep River,Stein and Ware,G,0,0.00%
Presidential Electors for,Deep River,Oliver and ter Maat,LI,0,0.00%
Presidential Electors for,Deep River,"Kennedy, Jr. and Shanahan",PC,0,0.00%
Presidential Electors for,Deep River,De la Cruz and Garcia,WI,0,0.00%
Presidential Electors for,Deep River,Fox and McVay,WI,0,0.00%
Presidential Electors for,Deep River,McNeil and McNeil,WI,0,0.00%
Presidential Electors for,Deep River,Potus and Kennedy,WI,0,0.00%
Presidential Electors for,Deep River,Ayyadurai and Ellis,WI,0,0.00%
Presidential Electors for,Deep River,Sonski and Onak,WI,0,0.00%
Presidential Electors for,Deep River,West and Abdullah,WI,0,0.00%
United States Senator,Deep River,Christopher S. Murphy,D,0,0.00%
United States Senator,Deep River,Matthew M. Corey,R,0,0.00%
United States Senator,Deep River,Christopher S. Murphy,WF,0,0.00%
United States Senator,Deep River,Justin C. Paglino,G,0,0.00%
United States Senator,Deep River,Robert Finley Hyde,CGG,0,0.00%
United States Senator,Deep River,John Flynn,WI,0,0.00%
Representative in Congress 2,Deep River,Joe Courtney,D,0,0.00%
Representative in Congress 2,Deep River,Mike France,R,0,0.00%
Representative in Congress 2,Deep River,"Kenneth Kusmierski, Jr.",WI,0,0.00%
Representative in Congress 2,Deep River,Jeffery Russell,WI,0,0.00%
State Senator 33,Deep River,Norm Needleman,D,0,0.00%
State Senator 33,Deep River,Jeffery Duigou,R,0,0.00%
State Senator 33,Deep River,Norm Needleman,IND,0,0.00%
State Representative 36,Deep River,Renee LaMark Muir,D,0,0.00%
State Representative 36,Deep River,Kathryn Russell,R,0,0.00%
Registrar of Voters,Deep River,Elizabeth Gregan,D,0,0.00%
Registrar of Voters,Deep River,Claudia H. Hardy,R,0,0.00%
Presidential Electors for,Derby,Harris and Walz,D,0,0.00%
Presidential Electors for,Derby,Trump and Vance,R,0,0.00%
Presidential Electors for,Derby,Stein and Ware,G,0,0.00%
Presidential Electors for,Derby,Oliver and ter Maat,LI,0,0.00%
Presidential Electors for,Derby,"Kennedy, Jr. and Shanahan",PC,0,0.00%
Presidential Electors for,Derby,De la Cruz and Garcia,WI,0,0.00%
Presidential Electors for,Derby,Fox and McVay,WI,0,0.00%
Presidential Electors for,Derby,McNeil and McNeil,WI,0,0.00%
Presidential Electors for,Derby,Potus and Kennedy,WI,0,0.00%
Presidential Electors for,Derby,Ayyadurai and Ellis,WI,0,0.00%
Presidential Electors for,Derby,Sonski and Onak,WI,0,0.00%
Presidential Electors for,Derby,West and Abdullah,WI,0,0.00%
United States Senator,Derby,Christopher S. Murphy,D,0,0.00%
United States Senator,Derby,Matthew M. Corey,R,0,0.00%
United States Senator,Derby,Christopher S. Murphy,WF,0,0.00%
United States Senator,Derby,Justin C. Paglino,G,0,0.00%
United States Senator,Derby,Robert Finley Hyde,CGG,0,0.00%
United States Senator,Derby,John Flynn,WI,0,0.00%
Representative in Congress 3,Derby,Rosa L. DeLauro,D,0,0.00%
Representative in Congress 3,Derby,Michael Massey,R,0,0.00%
Representative in Congress 3,Derby,Michael Massey,IND,0,0.00%
Representative in Congress 3,Derby,Leo Almoney,WI,0,0.00%
Representative in Congress 3,Derby,Omar Scott Antar,WI,0,0.00%
Representative in Congress 3,Derby,Shahd Omar,WI,0,0.00%
State Senator 17,Derby,Jorge Cabrera,D,0,0.00%
State Senator 17,Derby,Jorge Cabrera,WF,0,0.00%
State Senator 17,Derby,Jorge Cabrera,IND,0,0.00%
State Representative 104,Derby,Kara Rochelle,D,0,0.00%
State Representative 104,Derby,David S Cassetti,R,0,0.00%
State Representative 104,Derby,Kara Rochelle,WF,0,0.00%
State Representative 104,Derby,Thomas G. Egan,IND,0,0.00%
State Representative 105,Derby,Nicole Klarides-Ditria,R,0,0.00%
State Representative 114,Derby,Mary Welander,D,0,0.00%
State Representative 114,Derby,Mary Welander,IND,0,0.00%
Registrar of Voters,Derby,Louise A. Pitney,D,0,0.00%
Registrar of Voters,Derby,Thomas Lionetti,R,0,0.00%
Presidential Electors for,Durham,Harris and Walz,D,0,0.00%
Presidential Electors for,Durham,Trump and Vance,R,0,0.00%
Presidential Electors for,Durham,Stein and Ware,G,0,0.00%
Presidential Electors for,Durham,Oliver and ter Maat,LI,0,0.00%
Presidential Electors for,Durham,"Kennedy, Jr. and Shanahan",PC,0,0.00%
Presidential Electors for,Durham,De la Cruz and Garcia,WI,0,0.00%
Presidential Electors for,Durham,Fox and McVay,WI,0,0.00%
Presidential Electors for,Durham,McNeil and McNeil,WI,0,0.00%
Presidential Electors for,Durham,Potus and Kennedy,WI,0,0.00%
Presidential Electors for,Durham,Ayyadurai and Ellis,WI,0,0.00%
Presidential Electors for,Durham,Sonski and Onak,WI,0,0.00%
Presidential Electors for,Durham,West and Abdullah,WI,0,0.00%
United States Senator,Durham,Christopher S. Murphy,D,0,0.00%
United States Senator,Durham,Matthew M. Corey,R,0,0.00%
United States Senator,Durham,Christopher S. Murphy,WF,0,0.00%
United States Senator,Durham,Justin C. Paglino,G,0,0.00%
United States Senator,Durham,Robert Finley Hyde,CGG,0,0.00%
United States Senator,Durham,John Flynn,WI,0,0.00%
Representative in Congress 3,Durham,Rosa L. DeLauro,D,0,0.00%
Representative in Congress 3,Durham,Michael Massey,R,0,0.00%
Representative in Congress 3,Durham,Michael Massey,IND,0,0.00%
Representative in Congress 3,Durham,Leo Almoney,WI,0,0.00%
Representative in Congress 3,Durham,Omar Scott Antar,WI,0,0.00%
Representative in Congress 3,Durham,Shahd Omar,WI,0,0.00%
State Senator 12,Durham,Christine Cohen,D,0,0.00%
State Senator 12,Durham,Paul Crisci,R,0,0.00%
State Senator 12,Durham,Christine Cohen,WF,0,0.00%
State Senator 12,Durham,Christine Cohen,IND,0,0.00%
State Senator 34,Durham,Brandi Mandato,D,0,0.00%
State Senator 34,Durham,Paul Cicarella,R,0,0.00%
State Senator 34,Durham,Brandi Mandato,WF,0,0.00%
State Senator 34,Durham,Paul Cicarella,IND,0,0.00%
State Senator 34,Durham,David A. Bedell,G,0,0.00%
State Representative 86,Durham,Vincent J. Candelora,R,0,0.00%
State Representative 101,Durham,John-Michael Parker,D,0,0.00%
State Representative 101,Durham,Lisa Deane,R,0,0.00%
State Representative 101,Durham,John-Michael Parker,WF,0,0.00%
State Representative 101,Durham,John-Michael Parker,IND,0,0.00%
Registrar of Voters,Durham,Heather A. Petit,D,0,0.00%
Registrar of Voters,Durham,Jon Scagnelli,R,0,0.00%
Judge of Probate 15 To Fill Vacancy,Durham,Phrances Leverton Szewczyk,D,0,0.00%
Presidential Electors for,Eastford,Harris and Walz,D,0,0.00%
Presidential Electors for,Eastford,Trump and Vance,R,0,0.00%
Presidential Electors for,Eastford,Stein and Ware,G,0,0.00%
Presidential Electors for,Eastford,Oliver and ter Maat,LI,0,0.00%
Presidential Electors for,Eastford,"Kennedy, Jr. and Shanahan",PC,0,0.00%
Presidential Electors for,Eastford,De la Cruz and Garcia,WI,0,0.00%
Presidential Electors for,Eastford,Fox and McVay,WI,0,0.00%
Presidential Electors for,Eastford,McNeil and McNeil,WI,0,0.00%
Presidential Electors for,Eastford,Potus and Kennedy,WI,0,0.00%
Presidential Electors for,Eastford,Ayyadurai and Ellis,WI,0,0.00%
Presidential Electors for,Eastford,Sonski and Onak,WI,0,0.00%
Presidential Electors for,Eastford,West and Abdullah,WI,0,0.00%
United States Senator,Eastford,Christopher S. Murphy,D,0,0.00%
United States Senator,Eastford,Matthew M. Corey,R,0,0.00%
United States Senator,Eastford,Christopher S. Murphy,WF,0,0.00%
United States Senator,Eastford,Justin C. Paglino,G,0,0.00%
United States Senator,Eastford,Robert Finley Hyde,CGG,0,0.00%
United States Senator,Eastford,John Flynn,WI,0,0.00%
Representative in Congress 2,Eastford,Joe Courtney,D,0,0.00%
Representative in Congress 2,Eastford,Mike France,R,0,0.00%
Representative in Congress 2,Eastford,"Kenneth Kusmierski, Jr.",WI,0,0.00%
Representative in Congress 2,Eastford,Jeffery Russell,WI,0,0.00%
State Senator 35,Eastford,Merry C. Garrett,D,0,0.00%
State Senator 35,Eastford,Jeff Gordon,R,0,0.00%
State Senator 35,Eastford,Merry C. Garrett,WF,0,0.00%
State Senator 35,Eastford,Merry C. Garrett,IND,0,0.00%
State Representative 50,Eastford,Pat Boyd,D,0,0.00%
Presidential Electors for,East Granby,Harris and Walz,D,0,0.00%
Presidential Electors for,East Granby,Trump and Vance,R,0,0.00%
Presidential Electors for,East Granby,Stein and Ware,G,0,0.00%
Presidential Electors for,East Granby,Oliver and ter Maat,LI,0,0.00%
Presidential Electors for,East Granby,"Kennedy, Jr. and Shanahan",PC,0,0.00%
Presidential Electors for,East Granby,De la Cruz and Garcia,WI,0,0.00%
Presidential Electors for,East Granby,Fox and McVay,WI,0,0.00%
Presidential Electors for,East Granby,McNeil and McNeil,WI,0,0.00%
Presidential Electors for,East Granby,Potus and Kennedy,WI,0,0.00%
Presidential Electors for,East Granby,Ayyadurai and Ellis,WI,0,0.00%
Presidential Electors for,East Granby,Sonski and Onak,WI,0,0.00%
Presidential Electors for,East Granby,West and Abdullah,WI,0,0.00%
United States Senator,East Granby,Christopher S. Murphy,D,0,0.00%
United States Senator,East Granby,Matthew M. Corey,R,0,0.00%
United States Senator,East Granby,Christopher S. Murphy,WF,0,0.00%
United States Senator,East Granby,Justin C. Paglino,G,0,0.00%
United States Senator,East Granby,Robert Finley Hyde,CGG,0,0.00%
United States Senator,East Granby,John Flynn,WI,0,0.00%
Representative in Congress 1,East Granby,John B. Larson,D,0,0.00%
Representative in Congress 1,East Granby,Jim Griffin,R,0,0.00%
Representative in Congress 1,East Granby,John B. Larson,WF,0,0.00%
Representative in Congress 1,East Granby,Mary L. Sanders,G,0,0.00%
State Senator 7,East Granby,Cynthia Mangini,D,0,0.00%
State Senator 7,East Granby,John A. Kissel,R,0,0.00%
State Senator 7,East Granby,Cynthia Mangini,WF,0,0.00%
State Senator 7,East Granby,John A. Kissel,IND,0,0.00%
State Representative 61,East Granby,Michael Malloy,D,0,0.00%
State Representative 61,East Granby,Tami Zawistowski,R,0,0.00%
Registrar of Voters,East Granby,Wayne Hayes,D,0,0.00%
Registrar of Voters,East Granby,Michele Marin,R,0,0.00%
Presidential Electors for,East Haddam,Harris and Walz,D,0,0.00%
Presidential Electors for,East Haddam,Trump and Vance,R,0,0.00%
Presidential Electors for,East Haddam,Stein and Ware,G,0,0.00%
Presidential Electors for,East Haddam,Oliver and ter Maat,LI,0,0.00%
Presidential Electors for,East Haddam,"Kennedy, Jr. and Shanahan",PC,0,0.00%
Presidential Electors for,East Haddam,De la Cruz and Garcia,WI,0,0.00%
Presidential Electors for,East Haddam,Fox and McVay,WI,0,0.00%
Presidential Electors for,East Haddam,McNeil and McNeil,WI,0,0.00%
Presidential Electors for,East Haddam,Potus and Kennedy,WI,0,0.00%
Presidential Electors for,East Haddam,Ayyadurai and Ellis,WI,0,0.00%
Presidential Electors for,East Haddam,Sonski and Onak,WI,0,0.00%
Presidential Electors for,East Haddam,West and Abdullah,WI,0,0.00%
United States Senator,East Haddam,Christopher S. Murphy,D,0,0.00%
United States Senator,East Haddam,Matthew M. Corey,R,0,0.00%
United States Senator,East Haddam,Christopher S. Murphy,WF,0,0.00%
United States Senator,East Haddam,Justin C. Paglino,G,0,0.00%
United States Senator,East Haddam,Robert Finley Hyde,CGG,0,0.00%
United States Senator,East Haddam,John Flynn,WI,0,0.00%
Representative in Congress 2,East Haddam,Joe Courtney,D,0,0.00%
Representative in Congress 2,East Haddam,Mike France,R,0,0.00%
Representative in Congress 2,East Haddam,"Kenneth Kusmierski, Jr.",WI,0,0.00%
Representative in Congress 2,East Haddam,Jeffery Russell,WI,0,0.00%
State Senator 33,East Haddam,Norm Needleman,D,0,0.00%
State Senator 33,East Haddam,Jeffery Duigou,R,0,0.00%
State Senator 33,East Haddam,Norm Needleman,IND,0,0.00%
State Representative 34,East Haddam,Richard E. Knotek,D,0,0.00%
State Representative 34,East Haddam,Irene Haines,R,0,0.00%
State Representative 34,East Haddam,David Brice Cassenti,IND,0,0.00%
Registrar of Voters,East Haddam,Martha Hansen,D,0,0.00%
Registrar of Voters,East Haddam,Rebecca J. Wonneberger,R,0,0.00%
Presidential Electors for,East Hampton,Harris and Walz,D,4061,49.52%
Presidential Electors for,East Hampton,Trump and Vance,R,4006,48.85%
Presidential Electors for,East Hampton,Stein and Ware,G,32,0.39%
Presidential Electors for,East Hampton,Oliver and ter Maat,LI,37,0.45%
Presidential Electors for,East Hampton,"Kennedy, Jr. and Shanahan",PC,62,0.76%
Presidential Electors for,East Hampton,De la Cruz and Garcia,WI,1,0.01%
Presidential Electors for,East Hampton,Fox and McVay,WI,0,0.00%
Presidential Electors for,East Hampton,McNeil and McNeil,WI,0,0.00%
Presidential Electors for,East Hampton,Potus and Kennedy,WI,0,0.00%
Presidential Electors for,East Hampton,Ayyadurai and Ellis,WI,0,0.00%
Presidential Electors for,East Hampton,Sonski and Onak,WI,0,0.00%
Presidential Electors for,East Hampton,West and Abdullah,WI,1,0.01%
United States Senator,East Hampton,Christopher S. Murphy,D,3965,49.31%
United States Senator,East Hampton,Matthew M. Corey,R,3726,46.34%
United States Senator,East Hampton,Christopher S. Murphy,WF,221,2.75%
United States Senator,East Hampton,Justin C. Paglino,G,54,0.67%
United States Senator,East Hampton,Robert Finley Hyde,CGG,75,0.93%
United States Senator,East Hampton,John Flynn,WI,0,0.00%
Representative in Congress 2,East Hampton,Joe Courtney,D,4341,54.17%
Representative in Congress 2,East Hampton,Mike France,R,3673,45.83%
Representative in Congress 2,East Hampton,"Kenneth Kusmierski, Jr.",WI,0,0.00%
Representative in Congress 2,East Hampton,Jeffery Russell,WI,0,0.00%
State Senator 33,East Hampton,Norm Needleman,D,3945,49.49%
State Senator 33,East Hampton,Jeffery Duigou,R,3781,47.43%
State Senator 33,East Hampton,Norm Needleman,IND,245,3.07%
State Representative 34,East Hampton,Richard E. Knotek,D,3573,44.79%
State Representative 34,East Hampton,Irene Haines,R,4258,53.37%
State Representative 34,East Hampton,David Brice Cassenti,IND,147,1.84%
Registrar of Voters,East Hampton,Theresa M. Latimer,D,3802,48.30%
Registrar of Voters,East Hampton,Rosemarie Hecht,R,4070,51.70%
Presidential Electors for,East Hartford,Harris and Walz,D,0,0.00%
Presidential Electors for,East Hartford,Trump and Vance,R,0,0.00%
Presidential Electors for,East Hartford,Stein and Ware,G,0,0.00%
Presidential Electors for,East Hartford,Oliver and ter Maat,LI,0,0.00%
Presidential Electors for,East Hartford,"Kennedy, Jr. and Shanahan",PC,0,0.00%
Presidential Electors for,East Hartford,De la Cruz and Garcia,WI,0,0.00%
Presidential Electors for,East Hartford,Fox and McVay,WI,0,0.00%
Presidential Electors for,East Hartford,McNeil and McNeil,WI,0,0.00%
Presidential Electors for,East Hartford,Potus and Kennedy,WI,0,0.00%
Presidential Electors for,East Hartford,Ayyadurai and Ellis,WI,0,0.00%
Presidential Electors for,East Hartford,Sonski and Onak,WI,0,0.00%
Presidential Electors for,East Hartford,West and Abdullah,WI,0,0.00%
United States Senator,East Hartford,Christopher S. Murphy,D,0,0.00%
United States Senator,East Hartford,Matthew M. Corey,R,0,0.00%
United States Senator,East Hartford,Christopher S. Murphy,WF,0,0.00%
United States Senator,East Hartford,Justin C. Paglino,G,0,0.00%
United States Senator,East Hartford,Robert Finley Hyde,CGG,0,0.00%
United States Senator,East Hartford,John Flynn,WI,0,0.00%
Representative in Congress 1,East Hartford,John B. Larson,D,0,0.00%
Representative in Congress 1,East Hartford,Jim Griffin,R,0,0.00%
Representative in Congress 1,East Hartford,John B. Larson,WF,0,0.00%
Representative in Congress 1,East Hartford,Mary L. Sanders,G,0,0.00%
State Senator 3,East Hartford,Saud Anwar,D,0,0.00%
State Senator 3,East Hartford,Matt Siracusa,R,0,0.00%
State Senator 3,East Hartford,Saud Anwar,WF,0,0.00%
State Representative 9,East Hartford,Jason Rojas,D,0,0.00%
State Representative 10,East Hartford,Henry J. Genga,D,0,0.00%
State Representative 10,East Hartford,Chris Tierinni,R,0,0.00%
State Representative 11,East Hartford,Patrick Biggins,D,0,0.00%
State Representative 11,East Hartford,Salema Davis,R,0,0.00%
Registrar of Voters,East Hartford,Veronica Rosario,D,0,0.00%
Registrar of Voters,East Hartford,Mary J. Mourey,R,0,0.00%
Presidential Electors for,East Haven,Harris and Walz,D,0,0.00%
Presidential Electors for,East Haven,Trump and Vance,R,0,0.00%
Presidential Electors for,East Haven,Stein and Ware,G,0,0.00%
Presidential Electors for,East Haven,Oliver and ter Maat,LI,0,0.00%
Presidential Electors for,East Haven,"Kennedy, Jr. and Shanahan",PC,0,0.00%
Presidential Electors for,East Haven,De la Cruz and Garcia,WI,0,0.00%
Presidential Electors for,East Haven,Fox and McVay,WI,0,0.00%
Presidential Electors for,East Haven,McNeil and McNeil,WI,0,0.00%
Presidential Electors for,East Haven,Potus and Kennedy,WI,0,0.00%
Presidential Electors for,East Haven,Ayyadurai and Ellis,WI,0,0.00%
Presidential Electors for,East Haven,Sonski and Onak,WI,0,0.00%
Presidential Electors for,East Haven,West and Abdullah,WI,0,0.00%
United States Senator,East Haven,Christopher S. Murphy,D,0,0.00%
United States Senator,East Haven,Matthew M. Corey,R,0,0.00%
United States Senator,East Haven,Christopher S. Murphy,WF,0,0.00%
United States Senator,East Haven,Justin C. Paglino,G,0,0.00%
United States Senator,East Haven,Robert Finley Hyde,CGG,0,0.00%
United States Senator,East Haven,John Flynn,WI,0,0.00%
Representative in Congress 3,East Haven,Rosa L. DeLauro,D,0,0.00%
Representative in Congress 3,East Haven,Michael Massey,R,0,0.00%
Representative in Congress 3,East Haven,Michael Massey,IND,0,0.00%
Representative in Congress 3,East Haven,Leo Almoney,WI,0,0.00%
Representative in Congress 3,East Haven,Omar Scott Antar,WI,0,0.00%
Representative in Congress 3,East Haven,Shahd Omar,WI,0,0.00%
State Senator 12,East Haven,Christine Cohen,D,0,0.00%
State Senator 12,East Haven,Paul Crisci,R,0,0.00%
State Senator 12,East Haven,Christine Cohen,WF,0,0.00%
State Senator 12,East Haven,Christine Cohen,IND,0,0.00%
State Senator 34,East Haven,Brandi Mandato,D,0,0.00%
State Senator 34,East Haven,Paul Cicarella,R,0,0.00%
State Senator 34,East Haven,Brandi Mandato,WF,0,0.00%
State Senator 34,East Haven,Paul Cicarella,IND,0,0.00%
State Senator 34,East Haven,David A. Bedell,G,0,0.00%
State Representative 86,East Haven,Vincent J. Candelora,R,0,0.00%
State Representative 99,East Haven,Joe Zullo,R,0,0.00%
Registrar of Voters,East Haven,Richard A. DePalma,D,0,0.00%
Registrar of Voters,East Haven,Alberta Vitale,R,0,0.00%
Presidential Electors for,East Lyme,Harris and Walz,D,0,0.00%
Presidential Electors for,East Lyme,Trump and Vance,R,0,0.00%
Presidential Electors for,East Lyme,Stein and Ware,G,0,0.00%
Presidential Electors for,East Lyme,Oliver and ter Maat,LI,0,0.00%
Presidential Electors for,East Lyme,"Kennedy, Jr. and Shanahan",PC,0,0.00%
Presidential Electors for,East Lyme,De la Cruz and Garcia,WI,0,0.00%
Presidential Electors for,East Lyme,Fox and McVay,WI,0,0.00%
Presidential Electors for,East Lyme,McNeil and McNeil,WI,0,0.00%
Presidential Electors for,East Lyme,Potus and Kennedy,WI,0,0.00%
Presidential Electors for,East Lyme,Ayyadurai and Ellis,WI,0,0.00%
Presidential Electors for,East Lyme,Sonski and Onak,WI,0,0.00%
Presidential Electors for,East Lyme,West and Abdullah,WI,0,0.00%
United States Senator,East Lyme,Christopher S. Murphy,D,0,0.00%
United States Senator,East Lyme,Matthew M. Corey,R,0,0.00%
United States Senator,East Lyme,Christopher S. Murphy,WF,0,0.00%
United States Senator,East Lyme,Justin C. Paglino,G,0,0.00%
United States Senator,East Lyme,Robert Finley Hyde,CGG,0,0.00%
United States Senator,East Lyme,John Flynn,WI,0,0.00%
Representative in Congress 2,East Lyme,Joe Courtney,D,0,0.00%
Representative in Congress 2,East Lyme,Mike France,R,0,0.00%
Representative in Congress 2,East Lyme,"Kenneth Kusmierski, Jr.",WI,0,0.00%
Representative in Congress 2,East Lyme,Jeffery Russell,WI,0,0.00%
State Senator 20,East Lyme,Martha Marx,D,0,0.00%
State Senator 20,East Lyme,Shaun Mastroianni,R,0,0.00%
State Senator 20,East Lyme,Martha Marx,WF,0,0.00%
State Senator 20,East Lyme,Shaun Mastroianni,IND,0,0.00%
State Representative 37,East Lyme,Nick Menapace,D,0,0.00%
State Representative 37,East Lyme,Holly H. Cheeseman,R,0,0.00%
State Representative 37,East Lyme,Nick Menapace,WF,0,0.00%
State Representative 37,East Lyme,Holly H. Cheeseman,IND,0,0.00%
Presidential Electors for,Easton,Harris and Walz,D,0,0.00%
Presidential Electors for,Easton,Trump and Vance,R,0,0.00%
Presidential Electors for,Easton,Stein and Ware,G,0,0.00%
Presidential Electors for,Easton,Oliver and ter Maat,LI,0,0.00%
Presidential Electors for,Easton,"Kennedy, Jr. and Shanahan",PC,0,0.00%
Presidential Electors for,Easton,De la Cruz and Garcia,WI,0,0.00%
Presidential Electors for,Easton,Fox and McVay,WI,0,0.00%
Presidential Electors for,Easton,McNeil and McNeil,WI,0,0.00%
Presidential Electors for,Easton,Potus and Kennedy,WI,0,0.00%
Presidential Electors for,Easton,Ayyadurai and Ellis,WI,0,0.00%
Presidential Electors for,Easton,Sonski and Onak,WI,0,0.00%
Presidential Electors for,Easton,West and Abdullah,WI,0,0.00%
United States Senator,Easton,Christopher S. Murphy,D,0,0.00%
United States Senator,Easton,Matthew M. Corey,R,0,0.00%
United States Senator,Easton,Christopher S. Murphy,WF,0,0.00%
United States Senator,Easton,Justin C. Paglino,G,0,0.00%
United States Senator,Easton,Robert Finley Hyde,CGG,0,0.00%
United States Senator,Easton,John Flynn,WI,0,0.00%
Representative in Congress 4,Easton,Jim Himes,D,0,0.00%
Representative in Congress 4,Easton,Michael Goldstein,R,0,0.00%
Representative in Congress 4,Easton,Benjamin Wesley,IND,0,0.00%
State Senator 28,Easton,Rob Blanchard,D,0,0.00%
State Senator 28,Easton,Tony Hwang,R,0,0.00%
State Senator 28,Easton,Tony Hwang,IND,0,0.00%
State Representative 112,Easton,Beth Cliff,D,0,0.00%
State Representative 112,Easton,Tony Scott,R,0,0.00%
State Representative 112,Easton,Beth Cliff,WF,0,0.00%
State Representative 112,Easton,Beth Cliff,IND,0,0.00%
State Representative 135,Easton,Anne Hughes,D,0,0.00%
State Representative 135,Easton,Christopher Peritore,R,0,0.00%
State Representative 135,Easton,Anne Hughes,WF,0,0.00%
State Representative 135,Easton,Christopher Peritore,IND,0,0.00%
Registrar of Voters,Easton,David Smith,D,0,0.00%
Registrar of Voters,Easton,Dori Wollen,R,0,0.00%
Presidential Electors for,East Windsor,Harris and Walz,D,0,0.00%
Presidential Electors for,East Windsor,Trump and Vance,R,0,0.00%
Presidential Electors for,East Windsor,Stein and Ware,G,0,0.00%
Presidential Electors for,East Windsor,Oliver and ter Maat,LI,0,0.00%
Presidential Electors for,East Windsor,"Kennedy, Jr. and Shanahan",PC,0,0.00%
Presidential Electors for,East Windsor,De la Cruz and Garcia,WI,0,0.00%
Presidential Electors for,East Windsor,Fox and McVay,WI,0,0.00%
Presidential Electors for,East Windsor,McNeil and McNeil,WI,0,0.00%
Presidential Electors for,East Windsor,Potus and Kennedy,WI,0,0.00%
Presidential Electors for,East Windsor,Ayyadurai and Ellis,WI,0,0.00%
Presidential Electors for,East Windsor,Sonski and Onak,WI,0,0.00%
Presidential Electors for,East Windsor,West and Abdullah,WI,0,0.00%
United States Senator,East Windsor,Christopher S. Murphy,D,0,0.00%
United States Senator,East Windsor,Matthew M. Corey,R,0,0.00%
United States Senator,East Windsor,Christopher S. Murphy,WF,0,0.00%
United States Senator,East Windsor,Justin C. Paglino,G,0,0.00%
United States Senator,East Windsor,Robert Finley Hyde,CGG,0,0.00%
United States Senator,East Windsor,John Flynn,WI,0,0.00%
Representative in Congress 1,East Windsor,John B. Larson,D,0,0.00%
Representative in Congress 1,East Windsor,Jim Griffin,R,0,0.00%
Representative in Congress 1,East Windsor,John B. Larson,WF,0,0.00%
Representative in Congress 1,East Windsor,Mary L. Sanders,G,0,0.00%
State Senator 3,East Windsor,Saud Anwar,D,0,0.00%
State Senator 3,East Windsor,Matt Siracusa,R,0,0.00%
State Senator 3,East Windsor,Saud Anwar,WF,0,0.00%
State Representative 57,East Windsor,Jaime S. Foster,D,0,0.00%
State Representative 57,East Windsor,Jennifer Dzen,R,0,0.00%
State Representative 57,East Windsor,Jaime S. Foster,IND,0,0.00%
State Representative 59,East Windsor,Rick LeBorious,D,0,0.00%
State Representative 59,East Windsor,Carol Hall,R,0,0.00%
Presidential Electors for,Ellington,Harris and Walz,D,4733,49.58%
Presidential Electors for,Ellington,Trump and Vance,R,4666,48.88%
Presidential Electors for,Ellington,Stein and Ware,G,59,0.62%
Presidential Electors for,Ellington,Oliver and ter Maat,LI,26,0.27%
Presidential Electors for,Ellington,"Kennedy, Jr. and Shanahan",PC,60,0.63%
Presidential Electors for,Ellington,De la Cruz and Garcia,WI,1,0.01%
Presidential Electors for,Ellington,Fox and McVay,WI,0,0.00%
Presidential Electors for,Ellington,McNeil and McNeil,WI,0,0.00%
Presidential Electors for,Ellington,Potus and Kennedy,WI,0,0.00%
Presidential Electors for,Ellington,Ayyadurai and Ellis,WI,0,0.00%
Presidential Electors for,Ellington,Sonski and Onak,WI,1,0.01%
Presidential Electors for,Ellington,West and Abdullah,WI,0,0.00%
United States Senator,Ellington,Christopher S. Murphy,D,4575,49.05%
United States Senator,Ellington,Matthew M. Corey,R,4393,47.09%
United States Senator,Ellington,Christopher S. Murphy,WF,231,2.48%
United States Senator,Ellington,Justin C. Paglino,G,51,0.55%
United States Senator,Ellington,Robert Finley Hyde,CGG,78,0.84%
United States Senator,Ellington,John Flynn,WI,0,0.00%
Representative in Congress 2,Ellington,Joe Courtney,D,4950,53.38%
Representative in Congress 2,Ellington,Mike France,R,4323,46.61%
Representative in Congress 2,Ellington,"Kenneth Kusmierski, Jr.",WI,0,0.00%
Representative in Congress 2,Ellington,Jeffery Russell,WI,1,0.01%
State Senator 3,Ellington,Saud Anwar,D,3086,52.07%
State Senator 3,Ellington,Matt Siracusa,R,2661,44.90%
State Senator 3,Ellington,Saud Anwar,WF,180,3.04%
State Senator 7,Ellington,Cynthia Mangini,D,478,39.47%
State Senator 7,Ellington,John A. Kissel,R,682,56.32%
State Senator 7,Ellington,Cynthia Mangini,WF,32,2.64%
State Senator 7,Ellington,John A. Kissel,IND,19,1.57%
State Senator 35,Ellington,Merry C. Garrett,D,846,40.69%
State Senator 35,Ellington,Jeff Gordon,R,1183,56.90%
State Senator 35,Ellington,Merry C. Garrett,WF,31,1.49%
State Senator 35,Ellington,Merry C. Garrett,IND,19,0.91%
State Representative 57,Ellington,Jaime S. Foster,D,4671,50.08%
State Representative 57,Ellington,Jennifer Dzen,R,4418,47.36%
State Representative 57,Ellington,Jaime S. Foster,IND,239,2.56%
Presidential Electors for,Enfield,Harris and Walz,D,0,0.00%
Presidential Electors for,Enfield,Trump and Vance,R,0,0.00%
Presidential Electors for,Enfield,Stein and Ware,G,0,0.00%
Presidential Electors for,Enfield,Oliver and ter Maat,LI,0,0.00%
Presidential Electors for,Enfield,"Kennedy, Jr. and Shanahan",PC,0,0.00%
Presidential Electors for,Enfield,De la Cruz and Garcia,WI,0,0.00%
Presidential Electors for,Enfield,Fox and McVay,WI,0,0.00%
Presidential Electors for,Enfield,McNeil and McNeil,WI,0,0.00%
Presidential Electors for,Enfield,Potus and Kennedy,WI,0,0.00%
Presidential Electors for,Enfield,Ayyadurai and Ellis,WI,0,0.00%
Presidential Electors for,Enfield,Sonski and Onak,WI,0,0.00%
Presidential Electors for,Enfield,West and Abdullah,WI,0,0.00%
United States Senator,Enfield,Christopher S. Murphy,D,0,0.00%
United States Senator,Enfield,Matthew M. Corey,R,0,0.00%
United States Senator,Enfield,Christopher S. Murphy,WF,0,0.00%
United States Senator,Enfield,Justin C. Paglino,G,0,0.00%
United States Senator,Enfield,Robert Finley Hyde,CGG,0,0.00%
United States Senator,Enfield,John Flynn,WI,0,0.00%
Representative in Congress 2,Enfield,Joe Courtney,D,0,0.00%
Representative in Congress 2,Enfield,Mike France,R,0,0.00%
Representative in Congress 2,Enfield,"Kenneth Kusmierski, Jr.",WI,0,0.00%
Representative in Congress 2,Enfield,Jeffery Russell,WI,0,0.00%
State Senator 7,Enfield,Cynthia Mangini,D,0,0.00%
State Senator 7,Enfield,John A. Kissel,R,0,0.00%
State Senator 7,Enfield,Cynthia Mangini,WF,0,0.00%
State Senator 7,Enfield,John A. Kissel,IND,0,0.00%
State Representative 58,Enfield,John Santanella,D,0,0.00%
State Representative 58,Enfield,Robert Hendrickson,R,0,0.00%
State Representative 58,Enfield,John Santanella,IND,0,0.00%
State Representative 59,Enfield,Rick LeBorious,D,0,0.00%
State Representative 59,Enfield,Carol Hall,R,0,0.00%
Registrar of Voters,Enfield,Christina Tetreault,D,0,0.00%
Registrar of Voters,Enfield,Thomas E. Kienzler,R,0,0.00%
Registrar of Voters,Enfield,James R. Hoyne,WI,0,0.00%
Presidential Electors for,Essex,Harris and Walz,D,0,0.00%
Presidential Electors for,Essex,Trump and Vance,R,0,0.00%
Presidential Electors for,Essex,Stein and Ware,G,0,0.00%
Presidential Electors for,Essex,Oliver and ter Maat,LI,0,0.00%
Presidential Electors for,Essex,"Kennedy, Jr. and Shanahan",PC,0,0.00%
Presidential Electors for,Essex,De la Cruz and Garcia,WI,0,0.00%
Presidential Electors for,Essex,Fox and McVay,WI,0,0.00%
Presidential Electors for,Essex,McNeil and McNeil,WI,0,0.00%
Presidential Electors for,Essex,Potus and Kennedy,WI,0,0.00%
Presidential Electors for,Essex,Ayyadurai and Ellis,WI,0,0.00%
Presidential Electors for,Essex,Sonski and Onak,WI,0,0.00%
Presidential Electors for,Essex,West and Abdullah,WI,0,0.00%
United States Senator,Essex,Christopher S. Murphy,D,0,0.00%
United States Senator,Essex,Matthew M. Corey,R,0,0.00%
United States Senator,Essex,Christopher S. Murphy,WF,0,0.00%
United States Senator,Essex,Justin C. Paglino,G,0,0.00%
United States Senator,Essex,Robert Finley Hyde,CGG,0,0.00%
United States Senator,Essex,John Flynn,WI,0,0.00%
Representative in Congress 2,Essex,Joe Courtney,D,0,0.00%
Representative in Congress 2,Essex,Mike France,R,0,0.00%
Representative in Congress 2,Essex,"Kenneth Kusmierski, Jr.",WI,0,0.00%
Representative in Congress 2,Essex,Jeffery Russell,WI,0,0.00%
State Senator 33,Essex,Norm Needleman,D,0,0.00%
State Senator 33,Essex,Jeffery Duigou,R,0,0.00%
State Senator 33,Essex,Norm Needleman,IND,0,0.00%
State Representative 36,Essex,Renee LaMark Muir,D,0,0.00%
State Representative 36,Essex,Kathryn Russell,R,0,0.00%
Registrar of Voters,Essex,Melissa Ozols,D,0,0.00%
Registrar of Voters,Essex,Barbara Ryan,R,0,0.00%
Presidential Electors for,Fairfield,Harris and Walz,D,0,0.00%
Presidential Electors for,Fairfield,Trump and Vance,R,0,0.00%
Presidential Electors for,Fairfield,Stein and Ware,G,0,0.00%
Presidential Electors for,Fairfield,Oliver and ter Maat,LI,0,0.00%
Presidential Electors for,Fairfield,"Kennedy, Jr. and Shanahan",PC,0,0.00%
Presidential Electors for,Fairfield,De la Cruz and Garcia,WI,0,0.00%
Presidential Electors for,Fairfield,Fox and McVay,WI,0,0.00%
Presidential Electors for,Fairfield,McNeil and McNeil,WI,0,0.00%
Presidential Electors for,Fairfield,Potus and Kennedy,WI,0,0.00%
Presidential Electors for,Fairfield,Ayyadurai and Ellis,WI,0,0.00%
Presidential Electors for,Fairfield,Sonski and Onak,WI,0,0.00%
Presidential Electors for,Fairfield,West and Abdullah,WI,0,0.00%
United States Senator,Fairfield,Christopher S. Murphy,D,0,0.00%
United States Senator,Fairfield,Matthew M. Corey,R,0,0.00%
United States Senator,Fairfield,Christopher S. Murphy,WF,0,0.00%
United States Senator,Fairfield,Justin C. Paglino,G,0,0.00%
United States Senator,Fairfield,Robert Finley Hyde,CGG,0,0.00%
United States Senator,Fairfield,John Flynn,WI,0,0.00%
Representative in Congress 4,Fairfield,Jim Himes,D,0,0.00%
Representative in Congress 4,Fairfield,Michael Goldstein,R,0,0.00%
Representative in Congress 4,Fairfield,Benjamin Wesley,IND,0,0.00%
State Senator 28,Fairfield,Rob Blanchard,D,0,0.00%
State Senator 28,Fairfield,Tony Hwang,R,0,0.00%
State Senator 28,Fairfield,Tony Hwang,IND,0,0.00%
State Representative 132,Fairfield,Jennifer Leeper,D,0,0.00%
State Representative 132,Fairfield,Alexis Harrison,R,0,0.00%
State Representative 132,Fairfield,Alexis Harrison,IND,0,0.00%
State Representative 133,Fairfield,Cristin McCarthy Vahey,D,0,0.00%
State Representative 133,Fairfield,Chris Verras,R,0,0.00%
State Representative 133,Fairfield,Cristin McCarthy Vahey,WF,0,0.00%
State Representative 134,Fairfield,Sarah Keitt,D,0,0.00%
State Representative 134,Fairfield,Melissa Longo,R,0,0.00%
State Representative 134,Fairfield,Sarah Keitt,WF,0,0.00%
State Representative 134,Fairfield,Sarah Keitt,IND,0,0.00%
Registrar of Voters,Fairfield,Matt Waggner,D,0,0.00%
Registrar of Voters,Fairfield,Cathy Politi,R,0,0.00%
Judge of Probate 49 To Fill Vacancy,Fairfield,Kathy Caulfield,D,0,0.00%
Judge of Probate 49 To Fill Vacancy,Fairfield,Daniel Ford,R,0,0.00%
Presidential Electors for,Farmington,Harris and Walz,D,0,0.00%
Presidential Electors for,Farmington,Trump and Vance,R,0,0.00%
Presidential Electors for,Farmington,Stein and Ware,G,0,0.00%
Presidential Electors for,Farmington,Oliver and ter Maat,LI,0,0.00%
Presidential Electors for,Farmington,"Kennedy, Jr. and Shanahan",PC,0,0.00%
Presidential Electors for,Farmington,De la Cruz and Garcia,WI,0,0.00%
Presidential Electors for,Farmington,Fox and McVay,WI,0,0.00%
Presidential Electors for,Farmington,McNeil and McNeil,WI,0,0.00%
Presidential Electors for,Farmington,Potus and Kennedy,WI,0,0.00%
Presidential Electors for,Farmington,Ayyadurai and Ellis,WI,0,0.00%
Presidential Electors for,Farmington,Sonski and Onak,WI,0,0.00%
Presidential Electors for,Farmington,West and Abdullah,WI,0,0.00%
United States Senator,Farmington,Christopher S. Murphy,D,0,0.00%
United States Senator,Farmington,Matthew M. Corey,R,0,0.00%
United States Senator,Farmington,Christopher S. Murphy,WF,0,0.00%
United States Senator,Farmington,Justin C. Paglino,G,0,0.00%
United States Senator,Farmington,Robert Finley Hyde,CGG,0,0.00%
United States Senator,Farmington,John Flynn,WI,0,0.00%
Representative in Congress 5,Farmington,Jahana Hayes,D,0,0.00%
Representative in Congress 5,Farmington,George Logan,R,0,0.00%
Representative in Congress 5,Farmington,Jahana Hayes,WF,0,0.00%
Representative in Congress 5,Farmington,Ahmad AJ Darwish,WI,0,0.00%
Representative in Congress 5,Farmington,Bertram Ferguson,WI,0,0.00%
State Senator 5,Farmington,Derek Slap,D,0,0.00%
State Senator 5,Farmington,Kyla Zimmermann,R,0,0.00%
State Senator 6,Farmington,Rick Lopes,D,0,0.00%
State Senator 6,Farmington,Tremell Collins,R,0,0.00%
State Senator 6,Farmington,Rick Lopes,WF,0,0.00%
State Representative 21,Farmington,Mike Demicco,D,0,0.00%
State Representative 21,Farmington,Johnny Carrier,R,0,0.00%
State Representative 21,Farmington,Mike Demicco,WF,0,0.00%
State Representative 21,Farmington,Mike Demicco,IND,0,0.00%
State Representative 22,Farmington,Rebecca Martinez,D,0,0.00%
State Representative 22,Farmington,Francis Rexford Cooley,R,0,0.00%
State Representative 22,Farmington,Rebecca Martinez,WF,0,0.00%
State Representative 22,Farmington,Rebecca Martinez,IND,0,0.00%
Registrar of Voters,Farmington,Beth Kintner,D,0,0.00%
Registrar of Voters,Farmington,Ann Newbury,R,0,0.00%
Presidential Electors for,Franklin,Harris and Walz,D,545,44.60%
Presidential Electors for,Franklin,Trump and Vance,R,663,54.26%
Presidential Electors for,Franklin,Stein and Ware,G,5,0.41%
Presidential Electors for,Franklin,Oliver and ter Maat,LI,5,0.41%
Presidential Electors for,Franklin,"Kennedy, Jr. and Shanahan",PC,4,0.33%
Presidential Electors for,Franklin,De la Cruz and Garcia,WI,0,0.00%
Presidential Electors for,Franklin,Fox and McVay,WI,0,0.00%
Presidential Electors for,Franklin,McNeil and McNeil,WI,0,0.00%
Presidential Electors for,Franklin,Potus and Kennedy,WI,0,0.00%
Presidential Electors for,Franklin,Ayyadurai and Ellis,WI,0,0.00%
Presidential Electors for,Franklin,Sonski and Onak,WI,0,0.00%
Presidential Electors for,Franklin,West and Abdullah,WI,0,0.00%
United States Senator,Franklin,Christopher S. Murphy,D,542,46.01%
United States Senator,Franklin,Matthew M. Corey,R,593,50.34%
United States Senator,Franklin,Christopher S. Murphy,WF,22,1.87%
United States Senator,Franklin,Justin C. Paglino,G,4,0.34%
United States Senator,Franklin,Robert Finley Hyde,CGG,17,1.44%
United States Senator,Franklin,John Flynn,WI,0,0.00%
Representative in Congress 2,Franklin,Joe Courtney,D,625,52.92%
Representative in Congress 2,Franklin,Mike France,R,556,47.08%
Representative in Congress 2,Franklin,"Kenneth Kusmierski, Jr.",WI,0,0.00%
Representative in Congress 2,Franklin,Jeffery Russell,WI,0,0.00%
State Senator 19,Franklin,Catherine A. Osten,D,550,46.69%
State Senator 19,Franklin,Jason Guidone,R,580,49.24%
State Senator 19,Franklin,Catherine A. Osten,WF,33,2.80%
State Senator 19,Franklin,Catherine A. Osten,IND,15,1.27%
State Representative 48,Franklin,Christopher Rivers,D,476,40.72%
State Representative 48,Franklin,Mark DeCaprio,R,664,56.80%
State Representative 48,Franklin,Christopher Rivers,WF,15,1.28%
State Representative 48,Franklin,Lance Lusignan,IND,14,1.20%
Presidential Electors for,Glastonbury,Harris and Walz,D,0,0.00%
Presidential Electors for,Glastonbury,Trump and Vance,R,0,0.00%
Presidential Electors for,Glastonbury,Stein and Ware,G,0,0.00%
Presidential Electors for,Glastonbury,Oliver and ter Maat,LI,0,0.00%
Presidential Electors for,Glastonbury,"Kennedy, Jr. and Shanahan",PC,0,0.00%
Presidential Electors for,Glastonbury,De la Cruz and Garcia,WI,0,0.00%
Presidential Electors for,Glastonbury,Fox and McVay,WI,0,0.00%
Presidential Electors for,Glastonbury,McNeil and McNeil,WI,0,0.00%
Presidential Electors for,Glastonbury,Potus and Kennedy,WI,0,0.00%
Presidential Electors for,Glastonbury,Ayyadurai and Ellis,WI,0,0.00%
Presidential Electors for,Glastonbury,Sonski and Onak,WI,0,0.00%
Presidential Electors for,Glastonbury,West and Abdullah,WI,0,0.00%
United States Senator,Glastonbury,Christopher S. Murphy,D,0,0.00%
United States Senator,Glastonbury,Matthew M. Corey,R,0,0.00%
United States Senator,Glastonbury,Christopher S. Murphy,WF,0,0.00%
United States Senator,Glastonbury,Justin C. Paglino,G,0,0.00%
United States Senator,Glastonbury,Robert Finley Hyde,CGG,0,0.00%
United States Senator,Glastonbury,John Flynn,WI,0,0.00%
Representative in Congress 1,Glastonbury,John B. Larson,D,0,0.00%
Representative in Congress 1,Glastonbury,Jim Griffin,R,0,0.00%
Representative in Congress 1,Glastonbury,John B. Larson,WF,0,0.00%
Representative in Congress 1,Glastonbury,Mary L. Sanders,G,0,0.00%
Representative in Congress 2,Glastonbury,Joe Courtney,D,0,0.00%
Representative in Congress 2,Glastonbury,Mike France,R,0,0.00%
Representative in Congress 2,Glastonbury,"Kenneth Kusmierski, Jr.",WI,0,0.00%
Representative in Congress 2,Glastonbury,Jeffery Russell,WI,0,0.00%
State Senator 4,Glastonbury,MD Rahman,D,0,0.00%
State Senator 4,Glastonbury,Stephen King,R,0,0.00%
State Senator 4,Glastonbury,MD Rahman,WF,0,0.00%
State Representative 13,Glastonbury,Jason Doucette,D,0,0.00%
State Representative 13,Glastonbury,Donna C Meier,R,0,0.00%
State Representative 13,Glastonbury,Jason Doucette,IND,0,0.00%
State Representative 31,Glastonbury,Jill Barry,D,0,0.00%
State Representative 31,Glastonbury,Jill Barry,IND,0,0.00%
State Representative 55,Glastonbury,Amanda Veneziano,D,0,0.00%
State Representative 55,Glastonbury,Steve Weir,R,0,0.00%
State Representative 55,Glastonbury,Amanda Veneziano,WF,0,0.00%
State Representative 55,Glastonbury,Amanda Veneziano,IND,0,0.00%
Registrar of Voters,Glastonbury,Charles Murray,D,0,0.00%
Registrar of Voters,Glastonbury,Lisbeth Becker,R,0,0.00%
Presidential Electors for,Goshen,Harris and Walz,D,0,0.00%
Presidential Electors for,Goshen,Trump and Vance,R,0,0.00%
Presidential Electors for,Goshen,Stein and Ware,G,0,0.00%
Presidential Electors for,Goshen,Oliver and ter Maat,LI,0,0.00%
Presidential Electors for,Goshen,"Kennedy, Jr. and Shanahan",PC,0,0.00%
Presidential Electors for,Goshen,De la Cruz and Garcia,WI,0,0.00%
Presidential Electors for,Goshen,Fox and McVay,WI,0,0.00%
Presidential Electors for,Goshen,McNeil and McNeil,WI,0,0.00%
Presidential Electors for,Goshen,Potus and Kennedy,WI,0,0.00%
Presidential Electors for,Goshen,Ayyadurai and Ellis,WI,0,0.00%
Presidential Electors for,Goshen,Sonski and Onak,WI,0,0.00%
Presidential Electors for,Goshen,West and Abdullah,WI,0,0.00%
United States Senator,Goshen,Christopher S. Murphy,D,0,0.00%
United States Senator,Goshen,Matthew M. Corey,R,0,0.00%
United States Senator,Goshen,Christopher S. Murphy,WF,0,0.00%
United States Senator,Goshen,Justin C. Paglino,G,0,0.00%
United States Senator,Goshen,Robert Finley Hyde,CGG,0,0.00%
United States Senator,Goshen,John Flynn,WI,0,0.00%
Representative in Congress 5,Goshen,Jahana Hayes,D,0,0.00%
Representative in Congress 5,Goshen,George Logan,R,0,0.00%
Representative in Congress 5,Goshen,Jahana Hayes,WF,0,0.00%
Representative in Congress 5,Goshen,Ahmad AJ Darwish,WI,0,0.00%
Representative in Congress 5,Goshen,Bertram Ferguson,WI,0,0.00%
State Senator 30,Goshen,Justin Potter,D,0,0.00%
State Senator 30,Goshen,Stephen G. Harding,R,0,0.00%
State Senator 30,Goshen,Stephen G. Harding,IND,0,0.00%
State Representative 64,Goshen,Maria Horn,D,0,0.00%
State Representative 64,Goshen,Barbara L. Breor,R,0,0.00%
State Representative 64,Goshen,Maria Horn,WF,0,0.00%
State Representative 64,Goshen,Maria Horn,IND,0,0.00%
Presidential Electors for,Granby,Harris and Walz,D,0,0.00%
Presidential Electors for,Granby,Trump and Vance,R,0,0.00%
Presidential Electors for,Granby,Stein and Ware,G,0,0.00%
Presidential Electors for,Granby,Oliver and ter Maat,LI,0,0.00%
Presidential Electors for,Granby,"Kennedy, Jr. and Shanahan",PC,0,0.00%
Presidential Electors for,Granby,De la Cruz and Garcia,WI,0,0.00%
Presidential Electors for,Granby,Fox and McVay,WI,0,0.00%
Presidential Electors for,Granby,McNeil and McNeil,WI,0,0.00%
Presidential Electors for,Granby,Potus and Kennedy,WI,0,0.00%
Presidential Electors for,Granby,Ayyadurai and Ellis,WI,0,0.00%
Presidential Electors for,Granby,Sonski and Onak,WI,0,0.00%
Presidential Electors for,Granby,West and Abdullah,WI,0,0.00%
United States Senator,Granby,Christopher S. Murphy,D,0,0.00%
United States Senator,Granby,Matthew M. Corey,R,0,0.00%
United States Senator,Granby,Christopher S. Murphy,WF,0,0.00%
United States Senator,Granby,Justin C. Paglino,G,0,0.00%
United States Senator,Granby,Robert Finley Hyde,CGG,0,0.00%
United States Senator,Granby,John Flynn,WI,0,0.00%
Representative in Congress 1,Granby,John B. Larson,D,0,0.00%
Representative in Congress 1,Granby,Jim Griffin,R,0,0.00%
Representative in Congress 1,Granby,John B. Larson,WF,0,0.00%
Representative in Congress 1,Granby,Mary L. Sanders,G,0,0.00%
State Senator 7,Granby,Cynthia Mangini,D,0,0.00%
State Senator 7,Granby,John A. Kissel,R,0,0.00%
State Senator 7,Granby,Cynthia Mangini,WF,0,0.00%
State Senator 7,Granby,John A. Kissel,IND,0,0.00%
State Senator 8,Granby,Paul Honig,D,0,0.00%
State Senator 8,Granby,Lisa Seminara,R,0,0.00%
State Senator 8,Granby,Paul Honig,WF,0,0.00%
State Senator 8,Granby,Lisa Seminara,IND,0,0.00%
State Representative 62,Granby,Kim Becker,D,0,0.00%
State Representative 62,Granby,Mark W. Anderson,R,0,0.00%
State Representative 62,Granby,Kim Becker,WF,0,0.00%
State Representative 62,Granby,Mark W. Anderson,IND,0,0.00%
Registrar of Voters,Granby,Laura Wolfe,D,0,0.00%
Registrar of Voters,Granby,Karen Antonucci,R,0,0.00%
Presidential Electors for,Greenwich,Harris and Walz,D,0,0.00%
Presidential Electors for,Greenwich,Trump and Vance,R,0,0.00%
Presidential Electors for,Greenwich,Stein and Ware,G,0,0.00%
Presidential Electors for,Greenwich,Oliver and ter Maat,LI,0,0.00%
Presidential Electors for,Greenwich,"Kennedy, Jr. and Shanahan",PC,0,0.00%
Presidential Electors for,Greenwich,De la Cruz and Garcia,WI,0,0.00%
Presidential Electors for,Greenwich,Fox and McVay,WI,0,0.00%
Presidential Electors for,Greenwich,McNeil and McNeil,WI,0,0.00%
Presidential Electors for,Greenwich,Potus and Kennedy,WI,0,0.00%
Presidential Electors for,Greenwich,Ayyadurai and Ellis,WI,0,0.00%
Presidential Electors for,Greenwich,Sonski and Onak,WI,0,0.00%
Presidential Electors for,Greenwich,West and Abdullah,WI,0,0.00%
United States Senator,Greenwich,Christopher S. Murphy,D,0,0.00%
United States Senator,Greenwich,Matthew M. Corey,R,0,0.00%
United States Senator,Greenwich,Christopher S. Murphy,WF,0,0.00%
United States Senator,Greenwich,Justin C. Paglino,G,0,0.00%
United States Senator,Greenwich,Robert Finley Hyde,CGG,0,0.00%
United States Senator,Greenwich,John Flynn,WI,0,0.00%
Representative in Congress 4,Greenwich,Jim Himes,D,0,0.00%
Representative in Congress 4,Greenwich,Michael Goldstein,R,0,0.00%
Representative in Congress 4,Greenwich,Benjamin Wesley,IND,0,0.00%
State Senator 36,Greenwich,Nick Simmons,D,0,0.00%
State Senator 36,Greenwich,Ryan Fazio,R,0,0.00%
State Senator 36,Greenwich,Nick Simmons,IND,0,0.00%
State Representative 149,Greenwich,Rachel Khanna,D,0,0.00%
State Representative 149,Greenwich,Tina Courpas,R,0,0.00%
State Representative 149,Greenwich,Rachel Khanna,IND,0,0.00%
State Representative 150,Greenwich,Steve Meskers,D,0,0.00%
State Representative 150,Greenwich,Paul Cappiali,R,0,0.00%
State Representative 151,Greenwich,Hector Arzeno,D,0,0.00%
State Representative 151,Greenwich,Tod Laudonia,R,0,0.00%
Registrar of Voters,Greenwich,Mary Hegarty,D,0,0.00%
Registrar of Voters,Greenwich,Fred DeCaro III,R,0,0.00%
Registrar of Voters,Greenwich,Fred DeCaro III,IND,0,0.00%
Presidential Electors for,Griswold,Harris and Walz,D,2443,39.91%
Presidential Electors for,Griswold,Trump and Vance,R,3591,58.66%
Presidential Electors for,Griswold,Stein and Ware,G,24,0.39%
Presidential Electors for,Griswold,Oliver and ter Maat,LI,27,0.44%
Presidential Electors for,Griswold,"Kennedy, Jr. and Shanahan",PC,35,0.57%
Presidential Electors for,Griswold,De la Cruz and Garcia,WI,0,0.00%
Presidential Electors for,Griswold,Fox and McVay,WI,0,0.00%
Presidential Electors for,Griswold,McNeil and McNeil,WI,0,0.00%
Presidential Electors for,Griswold,Potus and Kennedy,WI,0,0.00%
Presidential Electors for,Griswold,Ayyadurai and Ellis,WI,0,0.00%
Presidential Electors for,Griswold,Sonski and Onak,WI,2,0.03%
Presidential Electors for,Griswold,West and Abdullah,WI,0,0.00%
United States Senator,Griswold,Christopher S. Murphy,D,2351,40.03%
United States Senator,Griswold,Matthew M. Corey,R,3169,53.96%
United States Senator,Griswold,Christopher S. Murphy,WF,234,3.98%
United States Senator,Griswold,Justin C. Paglino,G,34,0.58%
United States Senator,Griswold,Robert Finley Hyde,CGG,85,1.45%
United States Senator,Griswold,John Flynn,WI,0,0.00%
Representative in Congress 2,Griswold,Joe Courtney,D,2847,48.34%
Representative in Congress 2,Griswold,Mike France,R,3042,51.66%
Representative in Congress 2,Griswold,"Kenneth Kusmierski, Jr.",WI,0,0.00%
Representative in Congress 2,Griswold,Jeffery Russell,WI,0,0.00%
State Senator 18,Griswold,Andrew M. Parrella,D,1773,30.24%
State Senator 18,Griswold,Heather Somers,R,3863,65.89%
State Senator 18,Griswold,Heather Somers,IND,227,3.87%
State Representative 45,Griswold,Kayla Thompson,D,2028,34.70%
State Representative 45,Griswold,Brian L. Lanoue,R,3817,65.30%
Registrar of Voters,Griswold,Jennifer L. Gauthier,D,2242,39.37%
Registrar of Voters,Griswold,Cynthia Martin,R,3453,60.63%
Presidential Electors for,Groton,Harris and Walz,D,0,0.00%
Presidential Electors for,Groton,Trump and Vance,R,0,0.00%
Presidential Electors for,Groton,Stein and Ware,G,0,0.00%
Presidential Electors for,Groton,Oliver and ter Maat,LI,0,0.00%
Presidential Electors for,Groton,"Kennedy, Jr. and Shanahan",PC,0,0.00%
Presidential Electors for,Groton,De la Cruz and Garcia,WI,0,0.00%
Presidential Electors for,Groton,Fox and McVay,WI,0,0.00%
Presidential Electors for,Groton,McNeil and McNeil,WI,0,0.00%
Presidential Electors for,Groton,Potus and Kennedy,WI,0,0.00%
Presidential Electors for,Groton,Ayyadurai and Ellis,WI,0,0.00%
Presidential Electors for,Groton,Sonski and Onak,WI,0,0.00%
Presidential Electors for,Groton,West and Abdullah,WI,0,0.00%
United States Senator,Groton,Christopher S. Murphy,D,0,0.00%
United States Senator,Groton,Matthew M. Corey,R,0,0.00%
United States Senator,Groton,Christopher S. Murphy,WF,0,0.00%
United States Senator,Groton,Justin C. Paglino,G,0,0.00%
United States Senator,Groton,Robert Finley Hyde,CGG,0,0.00%
United States Senator,Groton,John Flynn,WI,0,0.00%
Representative in Congress 2,Groton,Joe Courtney,D,0,0.00%
Representative in Congress 2,Groton,Mike France,R,0,0.00%
Representative in Congress 2,Groton,"Kenneth Kusmierski, Jr.",WI,0,0.00%
Representative in Congress 2,Groton,Jeffery Russell,WI,0,0.00%
State Senator 18,Groton,Andrew M. Parrella,D,0,0.00%
State Senator 18,Groton,Heather Somers,R,0,0.00%
State Senator 18,Groton,Heather Somers,IND,0,0.00%
State Representative 40,Groton,Christine Conley,D,0,0.00%
State Representative 40,Groton,Susan Deane-Shinbrot,R,0,0.00%
State Representative 40,Groton,Christine Conley,WF,0,0.00%
State Representative 40,Groton,Christine Conley,IND,0,0.00%
State Representative 41,Groton,Aundre Bumgardner,D,0,0.00%
State Representative 41,Groton,Aundre Bumgardner,WF,0,0.00%
State Representative 41,Groton,Aundre Bumgardner,IND,0,0.00%
Registrar of Voters,Groton,Jeanne Rogers,D,0,0.00%
Registrar of Voters,Groton,Kristen D. Venditti,R,0,0.00%
Presidential Electors for,Guilford,Harris and Walz,D,0,0.00%
Presidential Electors for,Guilford,Trump and Vance,R,0,0.00%
Presidential Electors for,Guilford,Stein and Ware,G,0,0.00%
Presidential Electors for,Guilford,Oliver and ter Maat,LI,0,0.00%
Presidential Electors for,Guilford,"Kennedy, Jr. and Shanahan",PC,0,0.00%
Presidential Electors for,Guilford,De la Cruz and Garcia,WI,0,0.00%
Presidential Electors for,Guilford,Fox and McVay,WI,0,0.00%
Presidential Electors for,Guilford,McNeil and McNeil,WI,0,0.00%
Presidential Electors for,Guilford,Potus and Kennedy,WI,0,0.00%
Presidential Electors for,Guilford,Ayyadurai and Ellis,WI,0,0.00%
Presidential Electors for,Guilford,Sonski and Onak,WI,0,0.00%
Presidential Electors for,Guilford,West and Abdullah,WI,0,0.00%
United States Senator,Guilford,Christopher S. Murphy,D,0,0.00%
United States Senator,Guilford,Matthew M. Corey,R,0,0.00%
United States Senator,Guilford,Christopher S. Murphy,WF,0,0.00%
United States Senator,Guilford,Justin C. Paglino,G,0,0.00%
United States Senator,Guilford,Robert Finley Hyde,CGG,0,0.00%
United States Senator,Guilford,John Flynn,WI,0,0.00%
Representative in Congress 3,Guilford,Rosa L. DeLauro,D,0,0.00%
Representative in Congress 3,Guilford,Michael Massey,R,0,0.00%
Representative in Congress 3,Guilford,Michael Massey,IND,0,0.00%
Representative in Congress 3,Guilford,Leo Almoney,WI,0,0.00%
Representative in Congress 3,Guilford,Omar Scott Antar,WI,0,0.00%
Representative in Congress 3,Guilford,Shahd Omar,WI,0,0.00%
State Senator 12,Guilford,Christine Cohen,D,0,0.00%
State Senator 12,Guilford,Paul Crisci,R,0,0.00%
State Senator 12,Guilford,Christine Cohen,WF,0,0.00%
State Senator 12,Guilford,Christine Cohen,IND,0,0.00%
State Representative 86,Guilford,Vincent J. Candelora,R,0,0.00%
State Representative 98,Guilford,Moira Rader,D,0,0.00%
State Representative 98,Guilford,Richard S. DiNardo,R,0,0.00%
State Representative 98,Guilford,Moira Rader,WF,0,0.00%
Presidential Electors for,Haddam,Harris and Walz,D,2621,46.89%
Presidential Electors for,Haddam,Trump and Vance,R,2885,51.61%
Presidential Electors for,Haddam,Stein and Ware,G,21,0.38%
Presidential Electors for,Haddam,Oliver and ter Maat,LI,27,0.48%
Presidential Electors for,Haddam,"Kennedy, Jr. and Shanahan",PC,35,0.63%
Presidential Electors for,Haddam,De la Cruz and Garcia,WI,0,0.00%
Presidential Electors for,Haddam,Fox and McVay,WI,0,0.00%
Presidential Electors for,Haddam,McNeil and McNeil,WI,0,0.00%
Presidential Electors for,Haddam,Potus and Kennedy,WI,0,0.00%
Presidential Electors for,Haddam,Ayyadurai and Ellis,WI,0,0.00%
Presidential Electors for,Haddam,Sonski and Onak,WI,0,0.00%
Presidential Electors for,Haddam,West and Abdullah,WI,1,0.02%
United States Senator,Haddam,Christopher S. Murphy,D,2516,45.92%
United States Senator,Haddam,Matthew M. Corey,R,2744,50.08%
United States Senator,Haddam,Christopher S. Murphy,WF,146,2.66%
United States Senator,Haddam,Justin C. Paglino,G,34,0.62%
United States Senator,Haddam,Robert Finley Hyde,CGG,39,0.71%
United States Senator,Haddam,John Flynn,WI,0,0.00%
Representative in Congress 2,Haddam,Joe Courtney,D,2736,50.19%
Representative in Congress 2,Haddam,Mike France,R,2715,49.81%
Representative in Congress 2,Haddam,"Kenneth Kusmierski, Jr.",WI,0,0.00%
Representative in Congress 2,Haddam,Jeffery Russell,WI,0,0.00%
State Senator 33,Haddam,Norm Needleman,D,2565,47.18%
State Senator 33,Haddam,Jeffery Duigou,R,2721,50.05%
State Senator 33,Haddam,Norm Needleman,IND,151,2.78%
State Representative 36,Haddam,Renee LaMark Muir,D,2383,44.07%
State Representative 36,Haddam,Kathryn Russell,R,3024,55.93%
Registrar of Voters,Haddam,Kathleen Wessling,D,2491,46.28%
Registrar of Voters,Haddam,Diana Cottrell,R,2891,53.72%
Presidential Electors for,Hamden,Harris and Walz,D,0,0.00%
Presidential Electors for,Hamden,Trump and Vance,R,0,0.00%
Presidential Electors for,Hamden,Stein and Ware,G,0,0.00%
Presidential Electors for,Hamden,Oliver and ter Maat,LI,0,0.00%
Presidential Electors for,Hamden,"Kennedy, Jr. and Shanahan",PC,0,0.00%
Presidential Electors for,Hamden,De la Cruz and Garcia,WI,0,0.00%
Presidential Electors for,Hamden,Fox and McVay,WI,0,0.00%
Presidential Electors for,Hamden,McNeil and McNeil,WI,0,0.00%
Presidential Electors for,Hamden,Potus and Kennedy,WI,0,0.00%
Presidential Electors for,Hamden,Ayyadurai and Ellis,WI,0,0.00%
Presidential Electors for,Hamden,Sonski and Onak,WI,0,0.00%
Presidential Electors for,Hamden,West and Abdullah,WI,0,0.00%
United States Senator,Hamden,Christopher S. Murphy,D,0,0.00%
United States Senator,Hamden,Matthew M. Corey,R,0,0.00%
United States Senator,Hamden,Christopher S. Murphy,WF,0,0.00%
United States Senator,Hamden,Justin C. Paglino,G,0,0.00%
United States Senator,Hamden,Robert Finley Hyde,CGG,0,0.00%
United States Senator,Hamden,John Flynn,WI,0,0.00%
Representative in Congress 3,Hamden,Rosa L. DeLauro,D,0,0.00%
Representative in Congress 3,Hamden,Michael Massey,R,0,0.00%
Representative in Congress 3,Hamden,Michael Massey,IND,0,0.00%
Representative in Congress 3,Hamden,Leo Almoney,WI,0,0.00%
Representative in Congress 3,Hamden,Omar Scott Antar,WI,0,0.00%
Representative in Congress 3,Hamden,Shahd Omar,WI,0,0.00%
State Senator 11,Hamden,Martin M. Looney,D,0,0.00%
State Senator 11,Hamden,Steven Orosco,R,0,0.00%
State Senator 17,Hamden,Jorge Cabrera,D,0,0.00%
State Senator 17,Hamden,Jorge Cabrera,WF,0,0.00%
State Senator 17,Hamden,Jorge Cabrera,IND,0,0.00%
State Representative 88,Hamden,Joshua Elliott,D,0,0.00%
State Representative 88,Hamden,Joshua Elliott,WF,0,0.00%
State Representative 91,Hamden,Laurie Sweet,D,0,0.00%
State Representative 91,Hamden,Laurie Sweet,WF,0,0.00%
State Representative 94,Hamden,Steven B. Winter,D,0,0.00%
State Representative 103,Hamden,Liz Linehan,D,0,0.00%
State Representative 114,Hamden,Mary Welander,D,0,0.00%
State Representative 114,Hamden,Mary Welander,IND,0,0.00%
Judge of Probate 37 To Fill Vacancy,Hamden,Michael Dolan,D,0,0.00%
Presidential Electors for,Hampton,Harris and Walz,D,541,48.43%
Presidential Electors for,Hampton,Trump and Vance,R,564,50.49%
Presidential Electors for,Hampton,Stein and Ware,G,3,0.27%
Presidential Electors for,Hampton,Oliver and ter Maat,LI,3,0.27%
Presidential Electors for,Hampton,"Kennedy, Jr. and Shanahan",PC,6,0.54%
Presidential Electors for,Hampton,De la Cruz and Garcia,WI,0,0.00%
Presidential Electors for,Hampton,Fox and McVay,WI,0,0.00%
Presidential Electors for,Hampton,McNeil and McNeil,WI,0,0.00%
Presidential Electors for,Hampton,Potus and Kennedy,WI,0,0.00%
Presidential Electors for,Hampton,Ayyadurai and Ellis,WI,0,0.00%
Presidential Electors for,Hampton,Sonski and Onak,WI,0,0.00%
Presidential Electors for,Hampton,West and Abdullah,WI,0,0.00%
United States Senator,Hampton,Christopher S. Murphy,D,525,48.48%
United States Senator,Hampton,Matthew M. Corey,R,521,48.11%
United States Senator,Hampton,Christopher S. Murphy,WF,25,2.31%
United States Senator,Hampton,Justin C. Paglino,G,6,0.55%
United States Senator,Hampton,Robert Finley Hyde,CGG,6,0.55%
United States Senator,Hampton,John Flynn,WI,0,0.00%
Representative in Congress 2,Hampton,Joe Courtney,D,575,52.61%
Representative in Congress 2,Hampton,Mike France,R,518,47.39%
Representative in Congress 2,Hampton,"Kenneth Kusmierski, Jr.",WI,0,0.00%
Representative in Congress 2,Hampton,Jeffery Russell,WI,0,0.00%
State Senator 35,Hampton,Merry C. Garrett,D,440,40.67%
State Senator 35,Hampton,Jeff Gordon,R,606,56.01%
State Senator 35,Hampton,Merry C. Garrett,WF,20,1.85%
State Senator 35,Hampton,Merry C. Garrett,IND,16,1.48%
State Representative 50,Hampton,Pat Boyd,D,616,100.00%
Registrar of Voters,Hampton,Sulema Perez-Pagan,D,603,99.50%
Registrar of Voters,Hampton,Dayna McDermott Arriola,WI,3,0.50%
Judge of Probate 28 To Fill Vacancy,Hampton,George A. Baker,D,475,45.32%
Judge of Probate 28 To Fill Vacancy,Hampton,Douglas T. Stearns,R,573,54.68%
Presidential Electors for,Hartford,Harris and Walz,D,0,0.00%
Presidential Electors for,Hartford,Trump and Vance,R,0,0.00%
Presidential Electors for,Hartford,Stein and Ware,G,0,0.00%
Presidential Electors for,Hartford,Oliver and ter Maat,LI,0,0.00%
Presidential Electors for,Hartford,"Kennedy, Jr. and Shanahan",PC,0,0.00%
Presidential Electors for,Hartford,De la Cruz and Garcia,WI,0,0.00%
Presidential Electors for,Hartford,Fox and McVay,WI,0,0.00%
Presidential Electors for,Hartford,McNeil and McNeil,WI,0,0.00%
Presidential Electors for,Hartford,Potus and Kennedy,WI,0,0.00%
Presidential Electors for,Hartford,Ayyadurai and Ellis,WI,0,0.00%
Presidential Electors for,Hartford,Sonski and Onak,WI,0,0.00%
Presidential Electors for,Hartford,West and Abdullah,WI,0,0.00%
United States Senator,Hartford,Christopher S. Murphy,D,0,0.00%
United States Senator,Hartford,Matthew M. Corey,R,0,0.00%
United States Senator,Hartford,Christopher S. Murphy,WF,0,0.00%
United States Senator,Hartford,Justin C. Paglino,G,0,0.00%
United States Senator,Hartford,Robert Finley Hyde,CGG,0,0.00%
United States Senator,Hartford,John Flynn,WI,0,0.00%
Representative in Congress 1,Hartford,John B. Larson,D,0,0.00%
Representative in Congress 1,Hartford,Jim Griffin,R,0,0.00%
Representative in Congress 1,Hartford,John B. Larson,WF,0,0.00%
Representative in Congress 1,Hartford,Mary L. Sanders,G,0,0.00%
State Senator 1,Hartford,John W. Fonfara,D,0,0.00%
State Senator 1,Hartford,Luis R. Delgado,G,0,0.00%
State Senator 2,Hartford,Douglas McCrory,D,0,0.00%
State Senator 2,Hartford,Kristin Hoffman,R,0,0.00%
State Representative 1,Hartford,Matthew Ritter,D,0,0.00%
State Representative 3,Hartford,Minnie Gonzalez,D,0,0.00%
State Representative 4,Hartford,Julio A. Concepcion,D,0,0.00%
State Representative 5,Hartford,Maryam Khan,D,0,0.00%
State Representative 5,Hartford,Tracy L. Funnye,WI,0,0.00%
State Representative 6,Hartford,"James ""Jimmy"" Sanchez",D,0,0.00%
State Representative 6,Hartford,Alyssa Peterson,PC,0,0.00%
State Representative 7,Hartford,Joshua M. Hall,D,0,0.00%
Registrar of Voters,Hartford,"Giselle ""Gigi"" Feliciano",D,0,0.00%
Registrar of Voters,Hartford,Michael T. McGarry,R,0,0.00%
Registrar of Voters,Hartford,Samuel Martin Pudlin,WF,0,0.00%
Presidential Electors for,Hartland,Harris and Walz,D,0,0.00%
Presidential Electors for,Hartland,Trump and Vance,R,0,0.00%
Presidential Electors for,Hartland,Stein and Ware,G,0,0.00%
Presidential Electors for,Hartland,Oliver and ter Maat,LI,0,0.00%
Presidential Electors for,Hartland,"Kennedy, Jr. and Shanahan",PC,0,0.00%
Presidential Electors for,Hartland,De la Cruz and Garcia,WI,0,0.00%
Presidential Electors for,Hartland,Fox and McVay,WI,0,0.00%
Presidential Electors for,Hartland,McNeil and McNeil,WI,0,0.00%
Presidential Electors for,Hartland,Potus and Kennedy,WI,0,0.00%
Presidential Electors for,Hartland,Ayyadurai and Ellis,WI,0,0.00%
Presidential Electors for,Hartland,Sonski and Onak,WI,0,0.00%
Presidential Electors for,Hartland,West and Abdullah,WI,0,0.00%
United States Senator,Hartland,Christopher S. Murphy,D,0,0.00%
United States Senator,Hartland,Matthew M. Corey,R,0,0.00%
United States Senator,Hartland,Christopher S. Murphy,WF,0,0.00%
United States Senator,Hartland,Justin C. Paglino,G,0,0.00%
United States Senator,Hartland,Robert Finley Hyde,CGG,0,0.00%
United States Senator,Hartland,John Flynn,WI,0,0.00%
Representative in Congress 1,Hartland,John B. Larson,D,0,0.00%
Representative in Congress 1,Hartland,Jim Griffin,R,0,0.00%
Representative in Congress 1,Hartland,John B. Larson,WF,0,0.00%
Representative in Congress 1,Hartland,Mary L. Sanders,G,0,0.00%
State Senator 8,Hartland,Paul Honig,D,0,0.00%
State Senator 8,Hartland,Lisa Seminara,R,0,0.00%
State Senator 8,Hartland,Paul Honig,WF,0,0.00%
State Senator 8,Hartland,Lisa Seminara,IND,0,0.00%
State Representative 62,Hartland,Kim Becker,D,0,0.00%
State Representative 62,Hartland,Mark W. Anderson,R,0,0.00%
State Representative 62,Hartland,Kim Becker,WF,0,0.00%
State Representative 62,Hartland,Mark W. Anderson,IND,0,0.00%
Registrar of Voters,Hartland,Matthew Sweet,D,0,0.00%
Registrar of Voters,Hartland,Patricia Raskauskas,WI,0,0.00%
Presidential Electors for,Harwinton,Harris and Walz,D,0,0.00%
Presidential Electors for,Harwinton,Trump and Vance,R,0,0.00%
Presidential Electors for,Harwinton,Stein and Ware,G,0,0.00%
Presidential Electors for,Harwinton,Oliver and ter Maat,LI,0,0.00%
Presidential Electors for,Harwinton,"Kennedy, Jr. and Shanahan",PC,0,0.00%
Presidential Electors for,Harwinton,De la Cruz and Garcia,WI,0,0.00%
Presidential Electors for,Harwinton,Fox and McVay,WI,0,0.00%
Presidential Electors for,Harwinton,McNeil and McNeil,WI,0,0.00%
Presidential Electors for,Harwinton,Potus and Kennedy,WI,0,0.00%
Presidential Electors for,Harwinton,Ayyadurai and Ellis,WI,0,0.00%
Presidential Electors for,Harwinton,Sonski and Onak,WI,0,0.00%
Presidential Electors for,Harwinton,West and Abdullah,WI,0,0.00%
United States Senator,Harwinton,Christopher S. Murphy,D,0,0.00%
United States Senator,Harwinton,Matthew M. Corey,R,0,0.00%
United States Senator,Harwinton,Christopher S. Murphy,WF,0,0.00%
United States Senator,Harwinton,Justin C. Paglino,G,0,0.00%
United States Senator,Harwinton,Robert Finley Hyde,CGG,0,0.00%
United States Senator,Harwinton,John Flynn,WI,0,0.00%
Representative in Congress 5,Harwinton,Jahana Hayes,D,0,0.00%
Representative in Congress 5,Harwinton,George Logan,R,0,0.00%
Representative in Congress 5,Harwinton,Jahana Hayes,WF,0,0.00%
Representative in Congress 5,Harwinton,Ahmad AJ Darwish,WI,0,0.00%
Representative in Congress 5,Harwinton,Bertram Ferguson,WI,0,0.00%
State Senator 8,Harwinton,Paul Honig,D,0,0.00%
State Senator 8,Harwinton,Lisa Seminara,R,0,0.00%
State Senator 8,Harwinton,Paul Honig,WF,0,0.00%
State Senator 8,Harwinton,Lisa Seminara,IND,0,0.00%
State Senator 31,Harwinton,Henri Martin,R,0,0.00%
State Representative 76,Harwinton,Stephen Simonin,D,0,0.00%
State Representative 76,Harwinton,John Piscopo,R,0,0.00%
Registrar of Voters,Harwinton,Candace Crawford,D,0,0.00%
Registrar of Voters,Harwinton,Deborah Shea,R,0,0.00%
Presidential Electors for,Hebron,Harris and Walz,D,0,0.00%
Presidential Electors for,Hebron,Trump and Vance,R,0,0.00%
Presidential Electors for,Hebron,Stein and Ware,G,0,0.00%
Presidential Electors for,Hebron,Oliver and ter Maat,LI,0,0.00%
Presidential Electors for,Hebron,"Kennedy, Jr. and Shanahan",PC,0,0.00%
Presidential Electors for,Hebron,De la Cruz and Garcia,WI,0,0.00%
Presidential Electors for,Hebron,Fox and McVay,WI,0,0.00%
Presidential Electors for,Hebron,McNeil and McNeil,WI,0,0.00%
Presidential Electors for,Hebron,Potus and Kennedy,WI,0,0.00%
Presidential Electors for,Hebron,Ayyadurai and Ellis,WI,0,0.00%
Presidential Electors for,Hebron,Sonski and Onak,WI,0,0.00%
Presidential Electors for,Hebron,West and Abdullah,WI,0,0.00%
United States Senator,Hebron,Christopher S. Murphy,D,0,0.00%
United States Senator,Hebron,Matthew M. Corey,R,0,0.00%
United States Senator,Hebron,Christopher S. Murphy,WF,0,0.00%
United States Senator,Hebron,Justin C. Paglino,G,0,0.00%
United States Senator,Hebron,Robert Finley Hyde,CGG,0,0.00%
United States Senator,Hebron,John Flynn,WI,0,0.00%
Representative in Congress 2,Hebron,Joe Courtney,D,0,0.00%
Representative in Congress 2,Hebron,Mike France,R,0,0.00%
Representative in Congress 2,Hebron,"Kenneth Kusmierski, Jr.",WI,0,0.00%
Representative in Congress 2,Hebron,Jeffery Russell,WI,0,0.00%
State Senator 19,Hebron,Catherine A. Osten,D,0,0.00%
State Senator 19,Hebron,Jason Guidone,R,0,0.00%
State Senator 19,Hebron,Catherine A. Osten,WF,0,0.00%
State Senator 19,Hebron,Catherine A. Osten,IND,0,0.00%
State Representative 55,Hebron,Amanda Veneziano,D,0,0.00%
State Representative 55,Hebron,Steve Weir,R,0,0.00%
State Representative 55,Hebron,Amanda Veneziano,WF,0,0.00%
State Representative 55,Hebron,Amanda Veneziano,IND,0,0.00%
Registrar of Voters,Hebron,Elizabeth Fitzgerald,D,0,0.00%
Registrar of Voters,Hebron,Michele May,R,0,0.00%
Presidential Electors for,Kent,Harris and Walz,D,0,0.00%
Presidential Electors for,Kent,Trump and Vance,R,0,0.00%
Presidential Electors for,Kent,Stein and Ware,G,0,0.00%
Presidential Electors for,Kent,Oliver and ter Maat,LI,0,0.00%
Presidential Electors for,Kent,"Kennedy, Jr. and Shanahan",PC,0,0.00%
Presidential Electors for,Kent,De la Cruz and Garcia,WI,0,0.00%
Presidential Electors for,Kent,Fox and McVay,WI,0,0.00%
Presidential Electors for,Kent,McNeil and McNeil,WI,0,0.00%
Presidential Electors for,Kent,Potus and Kennedy,WI,0,0.00%
Presidential Electors for,Kent,Ayyadurai and Ellis,WI,0,0.00%
Presidential Electors for,Kent,Sonski and Onak,WI,0,0.00%
Presidential Electors for,Kent,West and Abdullah,WI,0,0.00%
United States Senator,Kent,Christopher S. Murphy,D,0,0.00%
United States Senator,Kent,Matthew M. Corey,R,0,0.00%
United States Senator,Kent,Christopher S. Murphy,WF,0,0.00%
United States Senator,Kent,Justin C. Paglino,G,0,0.00%
United States Senator,Kent,Robert Finley Hyde,CGG,0,0.00%
United States Senator,Kent,John Flynn,WI,0,0.00%
Representative in Congress 5,Kent,Jahana Hayes,D,0,0.00%
Representative in Congress 5,Kent,George Logan,R,0,0.00%
Representative in Congress 5,Kent,Jahana Hayes,WF,0,0.00%
Representative in Congress 5,Kent,Ahmad AJ Darwish,WI,0,0.00%
Representative in Congress 5,Kent,Bertram Ferguson,WI,0,0.00%
State Senator 30,Kent,Justin Potter,D,0,0.00%
State Senator 30,Kent,Stephen G. Harding,R,0,0.00%
State Senator 30,Kent,Stephen G. Harding,IND,0,0.00%
State Representative 64,Kent,Maria Horn,D,0,0.00%
State Representative 64,Kent,Barbara L. Breor,R,0,0.00%
State Representative 64,Kent,Maria Horn,WF,0,0.00%
State Representative 64,Kent,Maria Horn,IND,0,0.00%
Registrar of Voters,Kent,Therese Duncan,D,0,0.00%
Registrar of Voters,Kent,Sal Lilienthal,R,0,0.00%
Presidential Electors for,Killingly,Harris and Walz,D,0,0.00%
Presidential Electors for,Killingly,Trump and Vance,R,0,0.00%
Presidential Electors for,Killingly,Stein and Ware,G,0,0.00%
Presidential Electors for,Killingly,Oliver and ter Maat,LI,0,0.00%
Presidential Electors for,Killingly,"Kennedy, Jr. and Shanahan",PC,0,0.00%
Presidential Electors for,Killingly,De la Cruz and Garcia,WI,0,0.00%
Presidential Electors for,Killingly,Fox and McVay,WI,0,0.00%
Presidential Electors for,Killingly,McNeil and McNeil,WI,0,0.00%
Presidential Electors for,Killingly,Potus and Kennedy,WI,0,0.00%
Presidential Electors for,Killingly,Ayyadurai and Ellis,WI,0,0.00%
Presidential Electors for,Killingly,Sonski and Onak,WI,0,0.00%
Presidential Electors for,Killingly,West and Abdullah,WI,0,0.00%
United States Senator,Killingly,Christopher S. Murphy,D,0,0.00%
United States Senator,Killingly,Matthew M. Corey,R,0,0.00%
United States Senator,Killingly,Christopher S. Murphy,WF,0,0.00%
United States Senator,Killingly,Justin C. Paglino,G,0,0.00%
United States Senator,Killingly,Robert Finley Hyde,CGG,0,0.00%
United States Senator,Killingly,John Flynn,WI,0,0.00%
Representative in Congress 2,Killingly,Joe Courtney,D,0,0.00%
Representative in Congress 2,Killingly,Mike France,R,0,0.00%
Representative in Congress 2,Killingly,"Kenneth Kusmierski, Jr.",WI,0,0.00%
Representative in Congress 2,Killingly,Jeffery Russell,WI,0,0.00%
State Senator 29,Killingly,Mae Flexer,D,0,0.00%
State Senator 29,Killingly,Chris Reddy,R,0,0.00%
State Senator 29,Killingly,Mae Flexer,WF,0,0.00%
State Senator 29,Killingly,Mae Flexer,IND,0,0.00%
State Senator 29,Killingly,Alice Leibowitz,G,0,0.00%
State Representative 44,Killingly,Samantha Derenthal,D,0,0.00%
State Representative 44,Killingly,Anne Dubay Dauphinais,R,0,0.00%
State Representative 44,Killingly,Samantha Derenthal,IND,0,0.00%
State Representative 51,Killingly,Renee LaPalme Waldron,D,0,0.00%
State Representative 51,Killingly,Chris Stewart,R,0,0.00%
State Representative 51,Killingly,Renee LaPalme Waldron,WF,0,0.00%
State Representative 51,Killingly,Renee LaPalme Waldron,IND,0,0.00%
Registrar of Voters,Killingly,Janice Thurlow,D,0,0.00%
Registrar of Voters,Killingly,Pamela Greenhalgh,R,0,0.00%
Presidential Electors for,Killingworth,Harris and Walz,D,2270,51.52%
Presidential Electors for,Killingworth,Trump and Vance,R,2061,46.78%
Presidential Electors for,Killingworth,Stein and Ware,G,30,0.68%
Presidential Electors for,Killingworth,Oliver and ter Maat,LI,20,0.45%
Presidential Electors for,Killingworth,"Kennedy, Jr. and Shanahan",PC,23,0.52%
Presidential Electors for,Killingworth,De la Cruz and Garcia,WI,1,0.02%
Presidential Electors for,Killingworth,Fox and McVay,WI,0,0.00%
Presidential Electors for,Killingworth,McNeil and McNeil,WI,0,0.00%
Presidential Electors for,Killingworth,Potus and Kennedy,WI,0,0.00%
Presidential Electors for,Killingworth,Ayyadurai and Ellis,WI,0,0.00%
Presidential Electors for,Killingworth,Sonski and Onak,WI,1,0.02%
Presidential Electors for,Killingworth,West and Abdullah,WI,0,0.00%
United States Senator,Killingworth,Christopher S. Murphy,D,2181,50.70%
United States Senator,Killingworth,Matthew M. Corey,R,1977,45.96%
United States Senator,Killingworth,Christopher S. Murphy,WF,90,2.09%
United States Senator,Killingworth,Justin C. Paglino,G,32,0.74%
United States Senator,Killingworth,Robert Finley Hyde,CGG,22,0.51%
United States Senator,Killingworth,John Flynn,WI,0,0.00%
Representative in Congress 2,Killingworth,Joe Courtney,D,2324,54.26%
Representative in Congress 2,Killingworth,Mike France,R,1959,45.74%
Representative in Congress 2,Killingworth,"Kenneth Kusmierski, Jr.",WI,0,0.00%
Representative in Congress 2,Killingworth,Jeffery Russell,WI,0,0.00%
State Senator 12,Killingworth,Christine Cohen,D,2099,48.89%
State Senator 12,Killingworth,Paul Crisci,R,2084,48.54%
State Senator 12,Killingworth,Christine Cohen,WF,58,1.35%
State Senator 12,Killingworth,Christine Cohen,IND,52,1.21%
State Representative 35,Killingworth,Cinzia Lettieri,D,2068,48.28%
State Representative 35,Killingworth,Chris Aniskovich,R,2085,48.68%
State Representative 35,Killingworth,Cinzia Lettieri,WF,74,1.73%
State Representative 35,Killingworth,Chris Aniskovich,IND,56,1.31%
Registrar of Voters,Killingworth,Nancy J. McCormick,D,2629,99.32%
Registrar of Voters,Killingworth,Amy Roberts-Perry,WI,18,0.68%
Presidential Electors for,Lebanon,Harris and Walz,D,0,0.00%
Presidential Electors for,Lebanon,Trump and Vance,R,0,0.00%
Presidential Electors for,Lebanon,Stein and Ware,G,0,0.00%
Presidential Electors for,Lebanon,Oliver and ter Maat,LI,0,0.00%
Presidential Electors for,Lebanon,"Kennedy, Jr. and Shanahan",PC,0,0.00%
Presidential Electors for,Lebanon,De la Cruz and Garcia,WI,0,0.00%
Presidential Electors for,Lebanon,Fox and McVay,WI,0,0.00%
Presidential Electors for,Lebanon,McNeil and McNeil,WI,0,0.00%
Presidential Electors for,Lebanon,Potus and Kennedy,WI,0,0.00%
Presidential Electors for,Lebanon,Ayyadurai and Ellis,WI,0,0.00%
Presidential Electors for,Lebanon,Sonski and Onak,WI,0,0.00%
Presidential Electors for,Lebanon,West and Abdullah,WI,0,0.00%
United States Senator,Lebanon,Christopher S. Murphy,D,0,0.00%
United States Senator,Lebanon,Matthew M. Corey,R,0,0.00%
United States Senator,Lebanon,Christopher S. Murphy,WF,0,0.00%
United States Senator,Lebanon,Justin C. Paglino,G,0,0.00%
United States Senator,Lebanon,Robert Finley Hyde,CGG,0,0.00%
United States Senator,Lebanon,John Flynn,WI,0,0.00%
Representative in Congress 2,Lebanon,Joe Courtney,D,0,0.00%
Representative in Congress 2,Lebanon,Mike France,R,0,0.00%
Representative in Congress 2,Lebanon,"Kenneth Kusmierski, Jr.",WI,0,0.00%
Representative in Congress 2,Lebanon,Jeffery Russell,WI,0,0.00%
State Senator 19,Lebanon,Catherine A. Osten,D,0,0.00%
State Senator 19,Lebanon,Jason Guidone,R,0,0.00%
State Senator 19,Lebanon,Catherine A. Osten,WF,0,0.00%
State Senator 19,Lebanon,Catherine A. Osten,IND,0,0.00%
State Representative 8,Lebanon,Nancy Hammarstrom,D,0,0.00%
State Representative 8,Lebanon,Timothy Ackert,R,0,0.00%
State Representative 8,Lebanon,Nancy Hammarstrom,WF,0,0.00%
State Representative 48,Lebanon,Christopher Rivers,D,0,0.00%
State Representative 48,Lebanon,Mark DeCaprio,R,0,0.00%
State Representative 48,Lebanon,Christopher Rivers,WF,0,0.00%
State Representative 48,Lebanon,Lance Lusignan,IND,0,0.00%
Judge of Probate 28 To Fill Vacancy,Lebanon,George A. Baker,D,0,0.00%
Judge of Probate 28 To Fill Vacancy,Lebanon,Douglas T. Stearns,R,0,0.00%
Presidential Electors for,Ledyard,Harris and Walz,D,0,0.00%
Presidential Electors for,Ledyard,Trump and Vance,R,0,0.00%
Presidential Electors for,Ledyard,Stein and Ware,G,0,0.00%
Presidential Electors for,Ledyard,Oliver and ter Maat,LI,0,0.00%
Presidential Electors for,Ledyard,"Kennedy, Jr. and Shanahan",PC,0,0.00%
Presidential Electors for,Ledyard,De la Cruz and Garcia,WI,0,0.00%
Presidential Electors for,Ledyard,Fox and McVay,WI,0,0.00%
Presidential Electors for,Ledyard,McNeil and McNeil,WI,0,0.00%
Presidential Electors for,Ledyard,Potus and Kennedy,WI,0,0.00%
Presidential Electors for,Ledyard,Ayyadurai and Ellis,WI,0,0.00%
Presidential Electors for,Ledyard,Sonski and Onak,WI,0,0.00%
Presidential Electors for,Ledyard,West and Abdullah,WI,0,0.00%
United States Senator,Ledyard,Christopher S. Murphy,D,0,0.00%
United States Senator,Ledyard,Matthew M. Corey,R,0,0.00%
United States Senator,Ledyard,Christopher S. Murphy,WF,0,0.00%
United States Senator,Ledyard,Justin C. Paglino,G,0,0.00%
United States Senator,Ledyard,Robert Finley Hyde,CGG,0,0.00%
United States Senator,Ledyard,John Flynn,WI,0,0.00%
Representative in Congress 2,Ledyard,Joe Courtney,D,0,0.00%
Representative in Congress 2,Ledyard,Mike France,R,0,0.00%
Representative in Congress 2,Ledyard,"Kenneth Kusmierski, Jr.",WI,0,0.00%
Representative in Congress 2,Ledyard,Jeffery Russell,WI,0,0.00%
State Senator 19,Ledyard,Catherine A. Osten,D,0,0.00%
State Senator 19,Ledyard,Jason Guidone,R,0,0.00%
State Senator 19,Ledyard,Catherine A. Osten,WF,0,0.00%
State Senator 19,Ledyard,Catherine A. Osten,IND,0,0.00%
State Representative 43,Ledyard,Ty Lamb,D,0,0.00%
State Representative 43,Ledyard,Greg Howard,R,0,0.00%
State Representative 45,Ledyard,Kayla Thompson,D,0,0.00%
State Representative 45,Ledyard,Brian L. Lanoue,R,0,0.00%
State Representative 139,Ledyard,Kevin Ryan,D,0,0.00%
State Representative 139,Ledyard,Mark Adams,R,0,0.00%
State Representative 139,Ledyard,Kevin Ryan,WF,0,0.00%
State Representative 139,Ledyard,Kevin Ryan,IND,0,0.00%
Registrar of Voters,Ledyard,Diana Mann,D,0,0.00%
Registrar of Voters,Ledyard,Judy Johnson,WI,0,0.00%
Presidential Electors for,Lisbon,Harris and Walz,D,0,0.00%
Presidential Electors for,Lisbon,Trump and Vance,R,0,0.00%
Presidential Electors for,Lisbon,Stein and Ware,G,0,0.00%
Presidential Electors for,Lisbon,Oliver and ter Maat,LI,0,0.00%
Presidential Electors for,Lisbon,"Kennedy, Jr. and Shanahan",PC,0,0.00%
Presidential Electors for,Lisbon,De la Cruz and Garcia,WI,0,0.00%
Presidential Electors for,Lisbon,Fox and McVay,WI,0,0.00%
Presidential Electors for,Lisbon,McNeil and McNeil,WI,0,0.00%
Presidential Electors for,Lisbon,Potus and Kennedy,WI,0,0.00%
Presidential Electors for,Lisbon,Ayyadurai and Ellis,WI,0,0.00%
Presidential Electors for,Lisbon,Sonski and Onak,WI,0,0.00%
Presidential Electors for,Lisbon,West and Abdullah,WI,0,0.00%
United States Senator,Lisbon,Christopher S. Murphy,D,0,0.00%
United States Senator,Lisbon,Matthew M. Corey,R,0,0.00%
United States Senator,Lisbon,Christopher S. Murphy,WF,0,0.00%
United States Senator,Lisbon,Justin C. Paglino,G,0,0.00%
United States Senator,Lisbon,Robert Finley Hyde,CGG,0,0.00%
United States Senator,Lisbon,John Flynn,WI,0,0.00%
Representative in Congress 2,Lisbon,Joe Courtney,D,0,0.00%
Representative in Congress 2,Lisbon,Mike France,R,0,0.00%
Representative in Congress 2,Lisbon,"Kenneth Kusmierski, Jr.",WI,0,0.00%
Representative in Congress 2,Lisbon,Jeffery Russell,WI,0,0.00%
State Senator 19,Lisbon,Catherine A. Osten,D,0,0.00%
State Senator 19,Lisbon,Jason Guidone,R,0,0.00%
State Senator 19,Lisbon,Catherine A. Osten,WF,0,0.00%
State Senator 19,Lisbon,Catherine A. Osten,IND,0,0.00%
State Representative 45,Lisbon,Kayla Thompson,D,0,0.00%
State Representative 45,Lisbon,Brian L. Lanoue,R,0,0.00%
State Representative 47,Lisbon,Aaron Spruance,D,0,0.00%
State Representative 47,Lisbon,Doug Dubitsky,R,0,0.00%
Registrar of Voters,Lisbon,Stephen Barrett,D,0,0.00%
Registrar of Voters,Lisbon,Betsy M. Barrett,R,0,0.00%
Presidential Electors for,Litchfield,Harris and Walz,D,0,0.00%
Presidential Electors for,Litchfield,Trump and Vance,R,0,0.00%
Presidential Electors for,Litchfield,Stein and Ware,G,0,0.00%
Presidential Electors for,Litchfield,Oliver and ter Maat,LI,0,0.00%
Presidential Electors for,Litchfield,"Kennedy, Jr. and Shanahan",PC,0,0.00%
Presidential Electors for,Litchfield,De la Cruz and Garcia,WI,0,0.00%
Presidential Electors for,Litchfield,Fox and McVay,WI,0,0.00%
Presidential Electors for,Litchfield,McNeil and McNeil,WI,0,0.00%
Presidential Electors for,Litchfield,Potus and Kennedy,WI,0,0.00%
Presidential Electors for,Litchfield,Ayyadurai and Ellis,WI,0,0.00%
Presidential Electors for,Litchfield,Sonski and Onak,WI,0,0.00%
Presidential Electors for,Litchfield,West and Abdullah,WI,0,0.00%
United States Senator,Litchfield,Christopher S. Murphy,D,0,0.00%
United States Senator,Litchfield,Matthew M. Corey,R,0,0.00%
United States Senator,Litchfield,Christopher S. Murphy,WF,0,0.00%
United States Senator,Litchfield,Justin C. Paglino,G,0,0.00%
United States Senator,Litchfield,Robert Finley Hyde,CGG,0,0.00%
United States Senator,Litchfield,John Flynn,WI,0,0.00%
Representative in Congress 5,Litchfield,Jahana Hayes,D,0,0.00%
Representative in Congress 5,Litchfield,George Logan,R,0,0.00%
Representative in Congress 5,Litchfield,Jahana Hayes,WF,0,0.00%
Representative in Congress 5,Litchfield,Ahmad AJ Darwish,WI,0,0.00%
Representative in Congress 5,Litchfield,Bertram Ferguson,WI,0,0.00%
State Senator 30,Litchfield,Justin Potter,D,0,0.00%
State Senator 30,Litchfield,Stephen G. Harding,R,0,0.00%
State Senator 30,Litchfield,Stephen G. Harding,IND,0,0.00%
State Representative 66,Litchfield,Sharon Sherman,D,0,0.00%
State Representative 66,Litchfield,Karen Reddington-Hughes,R,0,0.00%
State Representative 76,Litchfield,Stephen Simonin,D,0,0.00%
State Representative 76,Litchfield,John Piscopo,R,0,0.00%
Registrar of Voters,Litchfield,James Duncan,D,0,0.00%
Registrar of Voters,Litchfield,Lynette Kyasky,R,0,0.00%
Presidential Electors for,Lyme,Harris and Walz,D,1080,65.30%
Presidential Electors for,Lyme,Trump and Vance,R,537,32.47%
Presidential Electors for,Lyme,Stein and Ware,G,13,0.79%
Presidential Electors for,Lyme,Oliver and ter Maat,LI,13,0.79%
Presidential Electors for,Lyme,"Kennedy, Jr. and Shanahan",PC,11,0.67%
Presidential Electors for,Lyme,De la Cruz and Garcia,WI,0,0.00%
Presidential Electors for,Lyme,Fox and McVay,WI,0,0.00%
Presidential Electors for,Lyme,McNeil and McNeil,WI,0,0.00%
Presidential Electors for,Lyme,Potus and Kennedy,WI,0,0.00%
Presidential Electors for,Lyme,Ayyadurai and Ellis,WI,0,0.00%
Presidential Electors for,Lyme,Sonski and Onak,WI,0,0.00%
Presidential Electors for,Lyme,West and Abdullah,WI,0,0.00%
United States Senator,Lyme,Christopher S. Murphy,D,1023,63.11%
United States Senator,Lyme,Matthew M. Corey,R,553,34.11%
United States Senator,Lyme,Christopher S. Murphy,WF,31,1.91%
United States Senator,Lyme,Justin C. Paglino,G,6,0.37%
United States Senator,Lyme,Robert Finley Hyde,CGG,8,0.49%
United States Senator,Lyme,John Flynn,WI,0,0.00%
Representative in Congress 2,Lyme,Joe Courtney,D,1097,67.30%
Representative in Congress 2,Lyme,Mike France,R,533,32.70%
Representative in Congress 2,Lyme,"Kenneth Kusmierski, Jr.",WI,0,0.00%
Representative in Congress 2,Lyme,Jeffery Russell,WI,0,0.00%
State Senator 33,Lyme,Norm Needleman,D,1012,62.55%
State Senator 33,Lyme,Jeffery Duigou,R,569,35.17%
State Senator 33,Lyme,Norm Needleman,IND,37,2.29%
State Representative 23,Lyme,Jane Wisialowski,D,871,53.70%
State Representative 23,Lyme,Devin R Carney,R,690,42.54%
State Representative 23,Lyme,Jane Wisialowski,WF,23,1.42%
State Representative 23,Lyme,Devin R Carney,IND,38,2.34%
Registrar of Voters,Lyme,Dottie Wells,D,953,59.90%
Registrar of Voters,Lyme,Judith Davies,R,638,40.10%
Presidential Electors for,Madison,Harris and Walz,D,0,0.00%
Presidential Electors for,Madison,Trump and Vance,R,0,0.00%
Presidential Electors for,Madison,Stein and Ware,G,0,0.00%
Presidential Electors for,Madison,Oliver and ter Maat,LI,0,0.00%
Presidential Electors for,Madison,"Kennedy, Jr. and Shanahan",PC,0,0.00%
Presidential Electors for,Madison,De la Cruz and Garcia,WI,0,0.00%
Presidential Electors for,Madison,Fox and McVay,WI,0,0.00%
Presidential Electors for,Madison,McNeil and McNeil,WI,0,0.00%
Presidential Electors for,Madison,Potus and Kennedy,WI,0,0.00%
Presidential Electors for,Madison,Ayyadurai and Ellis,WI,0,0.00%
Presidential Electors for,Madison,Sonski and Onak,WI,0,0.00%
Presidential Electors for,Madison,West and Abdullah,WI,0,0.00%
United States Senator,Madison,Christopher S. Murphy,D,0,0.00%
United States Senator,Madison,Matthew M. Corey,R,0,0.00%
United States Senator,Madison,Christopher S. Murphy,WF,0,0.00%
United States Senator,Madison,Justin C. Paglino,G,0,0.00%
United States Senator,Madison,Robert Finley Hyde,CGG,0,0.00%
United States Senator,Madison,John Flynn,WI,0,0.00%
Representative in Congress 2,Madison,Joe Courtney,D,0,0.00%
Representative in Congress 2,Madison,Mike France,R,0,0.00%
Representative in Congress 2,Madison,"Kenneth Kusmierski, Jr.",WI,0,0.00%
Representative in Congress 2,Madison,Jeffery Russell,WI,0,0.00%
State Senator 12,Madison,Christine Cohen,D,0,0.00%
State Senator 12,Madison,Paul Crisci,R,0,0.00%
State Senator 12,Madison,Christine Cohen,WF,0,0.00%
State Senator 12,Madison,Christine Cohen,IND,0,0.00%
State Representative 101,Madison,John-Michael Parker,D,0,0.00%
State Representative 101,Madison,Lisa Deane,R,0,0.00%
State Representative 101,Madison,John-Michael Parker,WF,0,0.00%
State Representative 101,Madison,John-Michael Parker,IND,0,0.00%
Registrar of Voters,Madison,Jim Newton,D,0,0.00%
Registrar of Voters,Madison,Gregory Scalzo III,R,0,0.00%
Presidential Electors for,Manchester,Harris and Walz,D,0,0.00%
Presidential Electors for,Manchester,Trump and Vance,R,0,0.00%
Presidential Electors for,Manchester,Stein and Ware,G,0,0.00%
Presidential Electors for,Manchester,Oliver and ter Maat,LI,0,0.00%
Presidential Electors for,Manchester,"Kennedy, Jr. and Shanahan",PC,0,0.00%
Presidential Electors for,Manchester,De la Cruz and Garcia,WI,0,0.00%
Presidential Electors for,Manchester,Fox and McVay,WI,0,0.00%
Presidential Electors for,Manchester,McNeil and McNeil,WI,0,0.00%
Presidential Electors for,Manchester,Potus and Kennedy,WI,0,0.00%
Presidential Electors for,Manchester,Ayyadurai and Ellis,WI,0,0.00%
Presidential Electors for,Manchester,Sonski and Onak,WI,0,0.00%
Presidential Electors for,Manchester,West and Abdullah,WI,0,0.00%
United States Senator,Manchester,Christopher S. Murphy,D,0,0.00%
United States Senator,Manchester,Matthew M. Corey,R,0,0.00%
United States Senator,Manchester,Christopher S. Murphy,WF,0,0.00%
United States Senator,Manchester,Justin C. Paglino,G,0,0.00%
United States Senator,Manchester,Robert Finley Hyde,CGG,0,0.00%
United States Senator,Manchester,John Flynn,WI,0,0.00%
Representative in Congress 1,Manchester,John B. Larson,D,0,0.00%
Representative in Congress 1,Manchester,Jim Griffin,R,0,0.00%
Representative in Congress 1,Manchester,John B. Larson,WF,0,0.00%
Representative in Congress 1,Manchester,Mary L. Sanders,G,0,0.00%
State Senator 4,Manchester,MD Rahman,D,0,0.00%
State Senator 4,Manchester,Stephen King,R,0,0.00%
State Senator 4,Manchester,MD Rahman,WF,0,0.00%
State Representative 9,Manchester,Jason Rojas,D,0,0.00%
State Representative 11,Manchester,Patrick Biggins,D,0,0.00%
State Representative 11,Manchester,Salema Davis,R,0,0.00%
State Representative 12,Manchester,Geoffrey Luxenberg,D,0,0.00%
State Representative 12,Manchester,Robert Cormier,R,0,0.00%
State Representative 12,Manchester,Geoffrey Luxenberg,WF,0,0.00%
State Representative 12,Manchester,Joseph Arthur Young,PC,0,0.00%
State Representative 13,Manchester,Jason Doucette,D,0,0.00%
State Representative 13,Manchester,Donna C Meier,R,0,0.00%
State Representative 13,Manchester,Jason Doucette,IND,0,0.00%
Registrar of Voters,Manchester,James R. Stevenson,D,0,0.00%
Registrar of Voters,Manchester,Timothy H. Becker,R,0,0.00%
Presidential Electors for,Mansfield,Harris and Walz,D,0,0.00%
Presidential Electors for,Mansfield,Trump and Vance,R,0,0.00%
Presidential Electors for,Mansfield,Stein and Ware,G,0,0.00%
Presidential Electors for,Mansfield,Oliver and ter Maat,LI,0,0.00%
Presidential Electors for,Mansfield,"Kennedy, Jr. and Shanahan",PC,0,0.00%
Presidential Electors for,Mansfield,De la Cruz and Garcia,WI,0,0.00%
Presidential Electors for,Mansfield,Fox and McVay,WI,0,0.00%
Presidential Electors for,Mansfield,McNeil and McNeil,WI,0,0.00%
Presidential Electors for,Mansfield,Potus and Kennedy,WI,0,0.00%
Presidential Electors for,Mansfield,Ayyadurai and Ellis,WI,0,0.00%
Presidential Electors for,Mansfield,Sonski and Onak,WI,0,0.00%
Presidential Electors for,Mansfield,West and Abdullah,WI,0,0.00%
United States Senator,Mansfield,Christopher S. Murphy,D,0,0.00%
United States Senator,Mansfield,Matthew M. Corey,R,0,0.00%
United States Senator,Mansfield,Christopher S. Murphy,WF,0,0.00%
United States Senator,Mansfield,Justin C. Paglino,G,0,0.00%
United States Senator,Mansfield,Robert Finley Hyde,CGG,0,0.00%
United States Senator,Mansfield,John Flynn,WI,0,0.00%
Representative in Congress 2,Mansfield,Joe Courtney,D,0,0.00%
Representative in Congress 2,Mansfield,Mike France,R,0,0.00%
Representative in Congress 2,Mansfield,"Kenneth Kusmierski, Jr.",WI,0,0.00%
Representative in Congress 2,Mansfield,Jeffery Russell,WI,0,0.00%
State Senator 29,Mansfield,Mae Flexer,D,0,0.00%
State Senator 29,Mansfield,Chris Reddy,R,0,0.00%
State Senator 29,Mansfield,Mae Flexer,WF,0,0.00%
State Senator 29,Mansfield,Mae Flexer,IND,0,0.00%
State Senator 29,Mansfield,Alice Leibowitz,G,0,0.00%
State Representative 50,Mansfield,Pat Boyd,D,0,0.00%
State Representative 54,Mansfield,Gregg Haddad,D,0,0.00%
State Representative 54,Mansfield,Aaron Bowman,R,0,0.00%
State Representative 54,Mansfield,Gregg Haddad,WF,0,0.00%
Registrar of Voters,Mansfield,Ron Manizza,D,0,0.00%
Registrar of Voters,Mansfield,Alfred E. Fratoni,R,0,0.00%
Judge of Probate 25 To Fill Vacancy,Mansfield,Sophia H. Shaikh,D,0,0.00%
Presidential Electors for,Marlborough,Harris and Walz,D,0,0.00%
Presidential Electors for,Marlborough,Trump and Vance,R,0,0.00%
Presidential Electors for,Marlborough,Stein and Ware,G,0,0.00%
Presidential Electors for,Marlborough,Oliver and ter Maat,LI,0,0.00%
Presidential Electors for,Marlborough,"Kennedy, Jr. and Shanahan",PC,0,0.00%
Presidential Electors for,Marlborough,De la Cruz and Garcia,WI,0,0.00%
Presidential Electors for,Marlborough,Fox and McVay,WI,0,0.00%
Presidential Electors for,Marlborough,McNeil and McNeil,WI,0,0.00%
Presidential Electors for,Marlborough,Potus and Kennedy,WI,0,0.00%
Presidential Electors for,Marlborough,Ayyadurai and Ellis,WI,0,0.00%
Presidential Electors for,Marlborough,Sonski and Onak,WI,0,0.00%
Presidential Electors for,Marlborough,West and Abdullah,WI,0,0.00%
United States Senator,Marlborough,Christopher S. Murphy,D,0,0.00%
United States Senator,Marlborough,Matthew M. Corey,R,0,0.00%
United States Senator,Marlborough,Christopher S. Murphy,WF,0,0.00%
United States Senator,Marlborough,Justin C. Paglino,G,0,0.00%
United States Senator,Marlborough,Robert Finley Hyde,CGG,0,0.00%
United States Senator,Marlborough,John Flynn,WI,0,0.00%
Representative in Congress 2,Marlborough,Joe Courtney,D,0,0.00%
Representative in Congress 2,Marlborough,Mike France,R,0,0.00%
Representative in Congress 2,Marlborough,"Kenneth Kusmierski, Jr.",WI,0,0.00%
Representative in Congress 2,Marlborough,Jeffery Russell,WI,0,0.00%
State Senator 19,Marlborough,Catherine A. Osten,D,0,0.00%
State Senator 19,Marlborough,Jason Guidone,R,0,0.00%
State Senator 19,Marlborough,Catherine A. Osten,WF,0,0.00%
State Senator 19,Marlborough,Catherine A. Osten,IND,0,0.00%
State Representative 55,Marlborough,Amanda Veneziano,D,0,0.00%
State Representative 55,Marlborough,Steve Weir,R,0,0.00%
State Representative 55,Marlborough,Amanda Veneziano,WF,0,0.00%
State Representative 55,Marlborough,Amanda Veneziano,IND,0,0.00%
Presidential Electors for,Meriden,Harris and Walz,D,0,0.00%
Presidential Electors for,Meriden,Trump and Vance,R,0,0.00%
Presidential Electors for,Meriden,Stein and Ware,G,0,0.00%
Presidential Electors for,Meriden,Oliver and ter Maat,LI,0,0.00%
Presidential Electors for,Meriden,"Kennedy, Jr. and Shanahan",PC,0,0.00%
Presidential Electors for,Meriden,De la Cruz and Garcia,WI,0,0.00%
Presidential Electors for,Meriden,Fox and McVay,WI,0,0.00%
Presidential Electors for,Meriden,McNeil and McNeil,WI,0,0.00%
Presidential Electors for,Meriden,Potus and Kennedy,WI,0,0.00%
Presidential Electors for,Meriden,Ayyadurai and Ellis,WI,0,0.00%
Presidential Electors for,Meriden,Sonski and Onak,WI,0,0.00%
Presidential Electors for,Meriden,West and Abdullah,WI,0,0.00%
United States Senator,Meriden,Christopher S. Murphy,D,0,0.00%
United States Senator,Meriden,Matthew M. Corey,R,0,0.00%
United States Senator,Meriden,Christopher S. Murphy,WF,0,0.00%
United States Senator,Meriden,Justin C. Paglino,G,0,0.00%
United States Senator,Meriden,Robert Finley Hyde,CGG,0,0.00%
United States Senator,Meriden,John Flynn,WI,0,0.00%
Representative in Congress 5,Meriden,Jahana Hayes,D,0,0.00%
Representative in Congress 5,Meriden,George Logan,R,0,0.00%
Representative in Congress 5,Meriden,Jahana Hayes,WF,0,0.00%
Representative in Congress 5,Meriden,Ahmad AJ Darwish,WI,0,0.00%
Representative in Congress 5,Meriden,Bertram Ferguson,WI,0,0.00%
State Senator 13,Meriden,Jan Hochadel,D,0,0.00%
State Senator 13,Meriden,Elain Cariati,R,0,0.00%
State Senator 13,Meriden,Jan Hochadel,WF,0,0.00%
State Senator 13,Meriden,Gwen Samuel,IND,0,0.00%
State Senator 13,Meriden,Gwen Samuel,WI,0,0.00%
State Representative 82,Meriden,Michael D. Quinn,D,0,0.00%
State Representative 82,Meriden,Lamar Terrell,R,0,0.00%
State Representative 82,Meriden,Michael D. Quinn,WF,0,0.00%
State Representative 83,Meriden,Jack Fazzino,D,0,0.00%
State Representative 83,Meriden,Joseph Vollano,R,0,0.00%
State Representative 83,Meriden,Jack Fazzino,WF,0,0.00%
State Representative 83,Meriden,Jack Fazzino,IND,0,0.00%
State Representative 84,Meriden,Hilda E. Santiago,D,0,0.00%
Registrar of Voters,Meriden,Staci M. Roy,D,0,0.00%
Registrar of Voters,Meriden,Suzanne S. Flynn,R,0,0.00%
Presidential Electors for,Middlebury,Harris and Walz,D,0,0.00%
Presidential Electors for,Middlebury,Trump and Vance,R,0,0.00%
Presidential Electors for,Middlebury,Stein and Ware,G,0,0.00%
Presidential Electors for,Middlebury,Oliver and ter Maat,LI,0,0.00%
Presidential Electors for,Middlebury,"Kennedy, Jr. and Shanahan",PC,0,0.00%
Presidential Electors for,Middlebury,De la Cruz and Garcia,WI,0,0.00%
Presidential Electors for,Middlebury,Fox and McVay,WI,0,0.00%
Presidential Electors for,Middlebury,McNeil and McNeil,WI,0,0.00%
Presidential Electors for,Middlebury,Potus and Kennedy,WI,0,0.00%
Presidential Electors for,Middlebury,Ayyadurai and Ellis,WI,0,0.00%
Presidential Electors for,Middlebury,Sonski and Onak,WI,0,0.00%
Presidential Electors for,Middlebury,West and Abdullah,WI,0,0.00%
United States Senator,Middlebury,Christopher S. Murphy,D,0,0.00%
United States Senator,Middlebury,Matthew M. Corey,R,0,0.00%
United States Senator,Middlebury,Christopher S. Murphy,WF,0,0.00%
United States Senator,Middlebury,Justin C. Paglino,G,0,0.00%
United States Senator,Middlebury,Robert Finley Hyde,CGG,0,0.00%
United States Senator,Middlebury,John Flynn,WI,0,0.00%
Representative in Congress 5,Middlebury,Jahana Hayes,D,0,0.00%
Representative in Congress 5,Middlebury,George Logan,R,0,0.00%
Representative in Congress 5,Middlebury,Jahana Hayes,WF,0,0.00%
Representative in Congress 5,Middlebury,Ahmad AJ Darwish,WI,0,0.00%
Representative in Congress 5,Middlebury,Bertram Ferguson,WI,0,0.00%
State Senator 15,Middlebury,Joan V. Hartley,D,0,0.00%
State Senator 15,Middlebury,Joan V. Hartley,IND,0,0.00%
State Senator 32,Middlebury,Jeff Desmarais,D,0,0.00%
State Senator 32,Middlebury,Eric C. Berthel,R,0,0.00%
State Representative 71,Middlebury,William J. Pizzuto,R,0,0.00%
Presidential Electors for,Middlefield,Harris and Walz,D,0,0.00%
Presidential Electors for,Middlefield,Trump and Vance,R,0,0.00%
Presidential Electors for,Middlefield,Stein and Ware,G,0,0.00%
Presidential Electors for,Middlefield,Oliver and ter Maat,LI,0,0.00%
Presidential Electors for,Middlefield,"Kennedy, Jr. and Shanahan",PC,0,0.00%
Presidential Electors for,Middlefield,De la Cruz and Garcia,WI,0,0.00%
Presidential Electors for,Middlefield,Fox and McVay,WI,0,0.00%
Presidential Electors for,Middlefield,McNeil and McNeil,WI,0,0.00%
Presidential Electors for,Middlefield,Potus and Kennedy,WI,0,0.00%
Presidential Electors for,Middlefield,Ayyadurai and Ellis,WI,0,0.00%
Presidential Electors for,Middlefield,Sonski and Onak,WI,0,0.00%
Presidential Electors for,Middlefield,West and Abdullah,WI,0,0.00%
United States Senator,Middlefield,Christopher S. Murphy,D,0,0.00%
United States Senator,Middlefield,Matthew M. Corey,R,0,0.00%
United States Senator,Middlefield,Christopher S. Murphy,WF,0,0.00%
United States Senator,Middlefield,Justin C. Paglino,G,0,0.00%
United States Senator,Middlefield,Robert Finley Hyde,CGG,0,0.00%
United States Senator,Middlefield,John Flynn,WI,0,0.00%
Representative in Congress 3,Middlefield,Rosa L. DeLauro,D,0,0.00%
Representative in Congress 3,Middlefield,Michael Massey,R,0,0.00%
Representative in Congress 3,Middlefield,Michael Massey,IND,0,0.00%
Representative in Congress 3,Middlefield,Leo Almoney,WI,0,0.00%
Representative in Congress 3,Middlefield,Omar Scott Antar,WI,0,0.00%
Representative in Congress 3,Middlefield,Shahd Omar,WI,0,0.00%
State Senator 12,Middlefield,Christine Cohen,D,0,0.00%
State Senator 12,Middlefield,Paul Crisci,R,0,0.00%
State Senator 12,Middlefield,Christine Cohen,WF,0,0.00%
State Senator 12,Middlefield,Christine Cohen,IND,0,0.00%
State Senator 13,Middlefield,Jan Hochadel,D,0,0.00%
State Senator 13,Middlefield,Elain Cariati,R,0,0.00%
State Senator 13,Middlefield,Jan Hochadel,WF,0,0.00%
State Senator 13,Middlefield,Gwen Samuel,IND,0,0.00%
State Senator 13,Middlefield,Gwen Samuel,WI,0,0.00%
State Representative 90,Middlefield,Rebecca Hyland,D,0,0.00%
State Representative 90,Middlefield,Craig Fishbein,R,0,0.00%
State Representative 90,Middlefield,Rebecca Hyland,WF,0,0.00%
State Representative 90,Middlefield,Craig Fishbein,IND,0,0.00%
Judge of Probate 15 To Fill Vacancy,Middlefield,Phrances Leverton Szewczyk,D,0,0.00%
Presidential Electors for,Middletown,Harris and Walz,D,0,0.00%
Presidential Electors for,Middletown,Trump and Vance,R,0,0.00%
Presidential Electors for,Middletown,Stein and Ware,G,0,0.00%
Presidential Electors for,Middletown,Oliver and ter Maat,LI,0,0.00%
Presidential Electors for,Middletown,"Kennedy, Jr. and Shanahan",PC,0,0.00%
Presidential Electors for,Middletown,De la Cruz and Garcia,WI,0,0.00%
Presidential Electors for,Middletown,Fox and McVay,WI,0,0.00%
Presidential Electors for,Middletown,McNeil and McNeil,WI,0,0.00%
Presidential Electors for,Middletown,Potus and Kennedy,WI,0,0.00%
Presidential Electors for,Middletown,Ayyadurai and Ellis,WI,0,0.00%
Presidential Electors for,Middletown,Sonski and Onak,WI,0,0.00%
Presidential Electors for,Middletown,West and Abdullah,WI,0,0.00%
United States Senator,Middletown,Christopher S. Murphy,D,0,0.00%
United States Senator,Middletown,Matthew M. Corey,R,0,0.00%
United States Senator,Middletown,Christopher S. Murphy,WF,0,0.00%
United States Senator,Middletown,Justin C. Paglino,G,0,0.00%
United States Senator,Middletown,Robert Finley Hyde,CGG,0,0.00%
United States Senator,Middletown,John Flynn,WI,0,0.00%
Representative in Congress 1,Middletown,John B. Larson,D,0,0.00%
Representative in Congress 1,Middletown,Jim Griffin,R,0,0.00%
Representative in Congress 1,Middletown,John B. Larson,WF,0,0.00%
Representative in Congress 1,Middletown,Mary L. Sanders,G,0,0.00%
Representative in Congress 3,Middletown,Rosa L. DeLauro,D,0,0.00%
Representative in Congress 3,Middletown,Michael Massey,R,0,0.00%
Representative in Congress 3,Middletown,Michael Massey,IND,0,0.00%
Representative in Congress 3,Middletown,Leo Almoney,WI,0,0.00%
Representative in Congress 3,Middletown,Omar Scott Antar,WI,0,0.00%
Representative in Congress 3,Middletown,Shahd Omar,WI,0,0.00%
State Senator 9,Middletown,Matthew Lesser,D,0,0.00%
State Senator 9,Middletown,Matthew Lesser,WF,0,0.00%
State Senator 9,Middletown,Matthew Lesser,IND,0,0.00%
State Senator 13,Middletown,Jan Hochadel,D,0,0.00%
State Senator 13,Middletown,Elain Cariati,R,0,0.00%
State Senator 13,Middletown,Jan Hochadel,WF,0,0.00%
State Senator 13,Middletown,Gwen Samuel,IND,0,0.00%
State Senator 13,Middletown,Gwen Samuel,WI,0,0.00%
State Representative 33,Middletown,Brandon Chafee,D,0,0.00%
State Representative 33,Middletown,Brandon Chafee,IND,0,0.00%
State Representative 33,Middletown,Robert Kyle Hoggard,WE,0,0.00%
State Representative 33,Middletown,Christine Leigh Rebstock,PC,0,0.00%
State Representative 100,Middletown,Kai Juanna Belton,D,0,0.00%
State Representative 100,Middletown,Nigel Macon-Wilson,R,0,0.00%
State Representative 100,Middletown,Kai Juanna Belton,WF,0,0.00%
Judge of Probate 15 To Fill Vacancy,Middletown,Phrances Leverton Szewczyk,D,0,0.00%
Presidential Electors for,Milford,Harris and Walz,D,0,0.00%
Presidential Electors for,Milford,Trump and Vance,R,0,0.00%
Presidential Electors for,Milford,Stein and Ware,G,0,0.00%
Presidential Electors for,Milford,Oliver and ter Maat,LI,0,0.00%
Presidential Electors for,Milford,"Kennedy, Jr. and Shanahan",PC,0,0.00%
Presidential Electors for,Milford,De la Cruz and Garcia,WI,0,0.00%
Presidential Electors for,Milford,Fox and McVay,WI,0,0.00%
Presidential Electors for,Milford,McNeil and McNeil,WI,0,0.00%
Presidential Electors for,Milford,Potus and Kennedy,WI,0,0.00%
Presidential Electors for,Milford,Ayyadurai and Ellis,WI,0,0.00%
Presidential Electors for,Milford,Sonski and Onak,WI,0,0.00%
Presidential Electors for,Milford,West and Abdullah,WI,0,0.00%
United States Senator,Milford,Christopher S. Murphy,D,0,0.00%
United States Senator,Milford,Matthew M. Corey,R,0,0.00%
United States Senator,Milford,Christopher S. Murphy,WF,0,0.00%
United States Senator,Milford,Justin C. Paglino,G,0,0.00%
United States Senator,Milford,Robert Finley Hyde,CGG,0,0.00%
United States Senator,Milford,John Flynn,WI,0,0.00%
Representative in Congress 3,Milford,Rosa L. DeLauro,D,0,0.00%
Representative in Congress 3,Milford,Michael Massey,R,0,0.00%
Representative in Congress 3,Milford,Michael Massey,IND,0,0.00%
Representative in Congress 3,Milford,Leo Almoney,WI,0,0.00%
Representative in Congress 3,Milford,Omar Scott Antar,WI,0,0.00%
Representative in Congress 3,Milford,Shahd Omar,WI,0,0.00%
State Senator 14,Milford,James Maroney,D,0,0.00%
State Senator 14,Milford,Steven Johnstone,R,0,0.00%
State Senator 14,Milford,James Maroney,IND,0,0.00%
State Representative 117,Milford,MJ Shannon,D,0,0.00%
State Representative 117,Milford,Raymond V. Collins III,R,0,0.00%
State Representative 117,Milford,MJ Shannon,WF,0,0.00%
State Representative 117,Milford,MJ Shannon,IND,0,0.00%
State Representative 118,Milford,Frank Smith,D,0,0.00%
State Representative 118,Milford,Mark Macchio,R,0,0.00%
State Representative 118,Milford,Frank Smith,WF,0,0.00%
State Representative 119,Milford,Etan Hirsch,D,0,0.00%
State Representative 119,Milford,Kathy Kennedy,R,0,0.00%
State Representative 119,Milford,Kathy Kennedy,IND,0,0.00%
Registrar of Voters,Milford,Kerri Rowland,D,0,0.00%
Registrar of Voters,Milford,Debra Fellenbaum,R,0,0.00%
Presidential Electors for,Monroe,Harris and Walz,D,0,0.00%
Presidential Electors for,Monroe,Trump and Vance,R,0,0.00%
Presidential Electors for,Monroe,Stein and Ware,G,0,0.00%
Presidential Electors for,Monroe,Oliver and ter Maat,LI,0,0.00%
Presidential Electors for,Monroe,"Kennedy, Jr. and Shanahan",PC,0,0.00%
Presidential Electors for,Monroe,De la Cruz and Garcia,WI,0,0.00%
Presidential Electors for,Monroe,Fox and McVay,WI,0,0.00%
Presidential Electors for,Monroe,McNeil and McNeil,WI,0,0.00%
Presidential Electors for,Monroe,Potus and Kennedy,WI,0,0.00%
Presidential Electors for,Monroe,Ayyadurai and Ellis,WI,0,0.00%
Presidential Electors for,Monroe,Sonski and Onak,WI,0,0.00%
Presidential Electors for,Monroe,West and Abdullah,WI,0,0.00%
United States Senator,Monroe,Christopher S. Murphy,D,0,0.00%
United States Senator,Monroe,Matthew M. Corey,R,0,0.00%
United States Senator,Monroe,Christopher S. Murphy,WF,0,0.00%
United States Senator,Monroe,Justin C. Paglino,G,0,0.00%
United States Senator,Monroe,Robert Finley Hyde,CGG,0,0.00%
United States Senator,Monroe,John Flynn,WI,0,0.00%
Representative in Congress 4,Monroe,Jim Himes,D,0,0.00%
Representative in Congress 4,Monroe,Michael Goldstein,R,0,0.00%
Representative in Congress 4,Monroe,Benjamin Wesley,IND,0,0.00%
State Senator 21,Monroe,Kevin C. Kelly,R,0,0.00%
State Senator 22,Monroe,Sujata Gadkar-Wilcox,D,0,0.00%
State Senator 22,Monroe,Chris Carrena,R,0,0.00%
State Senator 22,Monroe,Robert Edward Halstead,IND,0,0.00%
State Senator 22,Monroe,Louis Anthony Bevilacqua,WI,0,0.00%
State Representative 112,Monroe,Beth Cliff,D,0,0.00%
State Representative 112,Monroe,Tony Scott,R,0,0.00%
State Representative 112,Monroe,Beth Cliff,WF,0,0.00%
State Representative 112,Monroe,Beth Cliff,IND,0,0.00%
Registrar of Voters,Monroe,Kate Briggs,D,0,0.00%
Registrar of Voters,Monroe,Debra Dutches,R,0,0.00%
Presidential Electors for,Montville,Harris and Walz,D,4316,48.74%
Presidential Electors for,Montville,Trump and Vance,R,4397,49.66%
Presidential Electors for,Montville,Stein and Ware,G,51,0.58%
Presidential Electors for,Montville,Oliver and ter Maat,LI,46,0.52%
Presidential Electors for,Montville,"Kennedy, Jr. and Shanahan",PC,45,0.51%
Presidential Electors for,Montville,De la Cruz and Garcia,WI,0,0.00%
Presidential Electors for,Montville,Fox and McVay,WI,0,0.00%
Presidential Electors for,Montville,McNeil and McNeil,WI,0,0.00%
Presidential Electors for,Montville,Potus and Kennedy,WI,0,0.00%
Presidential Electors for,Montville,Ayyadurai and Ellis,WI,0,0.00%
Presidential Electors for,Montville,Sonski and Onak,WI,0,0.00%
Presidential Electors for,Montville,West and Abdullah,WI,0,0.00%
United States Senator,Montville,Christopher S. Murphy,D,4131,48.69%
United States Senator,Montville,Matthew M. Corey,R,3928,46.29%
United States Senator,Montville,Christopher S. Murphy,WF,239,2.82%
United States Senator,Montville,Justin C. Paglino,G,71,0.84%
United States Senator,Montville,Robert Finley Hyde,CGG,116,1.37%
United States Senator,Montville,John Flynn,WI,0,0.00%
Representative in Congress 2,Montville,Joe Courtney,D,4714,55.31%
Representative in Congress 2,Montville,Mike France,R,3809,44.69%
Representative in Congress 2,Montville,"Kenneth Kusmierski, Jr.",WI,0,0.00%
Representative in Congress 2,Montville,Jeffery Russell,WI,0,0.00%
State Senator 19,Montville,Catherine A. Osten,D,1115,48.54%
State Senator 19,Montville,Jason Guidone,R,1075,46.80%
State Senator 19,Montville,Catherine A. Osten,WF,64,2.79%
State Senator 19,Montville,Catherine A. Osten,IND,43,1.87%
State Senator 20,Montville,Martha Marx,D,2800,45.85%
State Senator 20,Montville,Shaun Mastroianni,R,3051,49.96%
State Senator 20,Montville,Martha Marx,WF,133,2.18%
State Senator 20,Montville,Shaun Mastroianni,IND,123,2.01%
State Representative 37,Montville,Nick Menapace,D,974,43.93%
State Representative 37,Montville,Holly H. Cheeseman,R,1141,51.47%
State Representative 37,Montville,Nick Menapace,WF,58,2.62%
State Representative 37,Montville,Holly H. Cheeseman,IND,44,1.98%
State Representative 38,Montville,Nick Gauthier,D,1282,47.60%
State Representative 38,Montville,Kathleen M. McCarty,R,1296,48.12%
State Representative 38,Montville,Nick Gauthier,WF,71,2.64%
State Representative 38,Montville,Nick Gauthier,IND,44,1.63%
State Representative 139,Montville,Kevin Ryan,D,1675,47.65%
State Representative 139,Montville,Mark Adams,R,1711,48.68%
State Representative 139,Montville,Kevin Ryan,WF,82,2.33%
State Representative 139,Montville,Kevin Ryan,IND,47,1.34%
Registrar of Voters,Montville,Mary Hillman,D,4173,50.38%
Registrar of Voters,Montville,Jeff Rogers,R,4110,49.62%
Presidential Electors for,Morris,Harris and Walz,D,604,40.48%
Presidential Electors for,Morris,Trump and Vance,R,858,57.51%
Presidential Electors for,Morris,Stein and Ware,G,11,0.74%
Presidential Electors for,Morris,Oliver and ter Maat,LI,9,0.60%
Presidential Electors for,Morris,"Kennedy, Jr. and Shanahan",PC,10,0.67%
Presidential Electors for,Morris,De la Cruz and Garcia,WI,0,0.00%
Presidential Electors for,Morris,Fox and McVay,WI,0,0.00%
Presidential Electors for,Morris,McNeil and McNeil,WI,0,0.00%
Presidential Electors for,Morris,Potus and Kennedy,WI,0,0.00%
Presidential Electors for,Morris,Ayyadurai and Ellis,WI,0,0.00%
Presidential Electors for,Morris,Sonski and Onak,WI,0,0.00%
Presidential Electors for,Morris,West and Abdullah,WI,0,0.00%
United States Senator,Morris,Christopher S. Murphy,D,584,40.25%
United States Senator,Morris,Matthew M. Corey,R,813,56.03%
United States Senator,Morris,Christopher S. Murphy,WF,39,2.69%
United States Senator,Morris,Justin C. Paglino,G,9,0.62%
United States Senator,Morris,Robert Finley Hyde,CGG,6,0.41%
United States Senator,Morris,John Flynn,WI,0,0.00%
Representative in Congress 5,Morris,Jahana Hayes,D,576,39.16%
Representative in Congress 5,Morris,George Logan,R,855,58.12%
Representative in Congress 5,Morris,Jahana Hayes,WF,40,2.72%
Representative in Congress 5,Morris,Ahmad AJ Darwish,WI,0,0.00%
Representative in Congress 5,Morris,Bertram Ferguson,WI,0,0.00%
State Senator 30,Morris,Justin Potter,D,558,38.35%
State Senator 30,Morris,Stephen G. Harding,R,872,59.93%
State Senator 30,Morris,Stephen G. Harding,IND,25,1.72%
State Representative 66,Morris,Sharon Sherman,D,537,37.27%
State Representative 66,Morris,Karen Reddington-Hughes,R,904,62.73%
Registrar of Voters,Morris,Lawrence M. Sweeney,D,574,40.25%
Registrar of Voters,Morris,Maryann Petzold,R,852,59.75%
Presidential Electors for,Naugatuck,Harris and Walz,D,0,0.00%
Presidential Electors for,Naugatuck,Trump and Vance,R,0,0.00%
Presidential Electors for,Naugatuck,Stein and Ware,G,0,0.00%
Presidential Electors for,Naugatuck,Oliver and ter Maat,LI,0,0.00%
Presidential Electors for,Naugatuck,"Kennedy, Jr. and Shanahan",PC,0,0.00%
Presidential Electors for,Naugatuck,De la Cruz and Garcia,WI,0,0.00%
Presidential Electors for,Naugatuck,Fox and McVay,WI,0,0.00%
Presidential Electors for,Naugatuck,McNeil and McNeil,WI,0,0.00%
Presidential Electors for,Naugatuck,Potus and Kennedy,WI,0,0.00%
Presidential Electors for,Naugatuck,Ayyadurai and Ellis,WI,0,0.00%
Presidential Electors for,Naugatuck,Sonski and Onak,WI,0,0.00%
Presidential Electors for,Naugatuck,West and Abdullah,WI,0,0.00%
United States Senator,Naugatuck,Christopher S. Murphy,D,0,0.00%
United States Senator,Naugatuck,Matthew M. Corey,R,0,0.00%
United States Senator,Naugatuck,Christopher S. Murphy,WF,0,0.00%
United States Senator,Naugatuck,Justin C. Paglino,G,0,0.00%
United States Senator,Naugatuck,Robert Finley Hyde,CGG,0,0.00%
United States Senator,Naugatuck,John Flynn,WI,0,0.00%
Representative in Congress 3,Naugatuck,Rosa L. DeLauro,D,0,0.00%
Representative in Congress 3,Naugatuck,Michael Massey,R,0,0.00%
Representative in Congress 3,Naugatuck,Michael Massey,IND,0,0.00%
Representative in Congress 3,Naugatuck,Leo Almoney,WI,0,0.00%
Representative in Congress 3,Naugatuck,Omar Scott Antar,WI,0,0.00%
Representative in Congress 3,Naugatuck,Shahd Omar,WI,0,0.00%
State Senator 15,Naugatuck,Joan V. Hartley,D,0,0.00%
State Senator 15,Naugatuck,Joan V. Hartley,IND,0,0.00%
State Senator 17,Naugatuck,Jorge Cabrera,D,0,0.00%
State Senator 17,Naugatuck,Jorge Cabrera,WF,0,0.00%
State Senator 17,Naugatuck,Jorge Cabrera,IND,0,0.00%
State Representative 70,Naugatuck,Jeff Litke,D,0,0.00%
State Representative 70,Naugatuck,Seth Bronko,R,0,0.00%
State Representative 70,Naugatuck,Jeff Litke,IND,0,0.00%
State Representative 131,Naugatuck,Ellen S. Fox,D,0,0.00%
State Representative 131,Naugatuck,Arnold Jensen,R,0,0.00%
State Representative 131,Naugatuck,Ellen S. Fox,IND,0,0.00%
Registrar of Voters,Naugatuck,Louise Sheedy,D,0,0.00%
Registrar of Voters,Naugatuck,Matthew R. Katra,R,0,0.00%
Presidential Electors for,New Britain,Harris and Walz,D,0,0.00%
Presidential Electors for,New Britain,Trump and Vance,R,0,0.00%
Presidential Electors for,New Britain,Stein and Ware,G,0,0.00%
Presidential Electors for,New Britain,Oliver and ter Maat,LI,0,0.00%
Presidential Electors for,New Britain,"Kennedy, Jr. and Shanahan",PC,0,0.00%
Presidential Electors for,New Britain,De la Cruz and Garcia,WI,0,0.00%
Presidential Electors for,New Britain,Fox and McVay,WI,0,0.00%
Presidential Electors for,New Britain,McNeil and McNeil,WI,0,0.00%
Presidential Electors for,New Britain,Potus and Kennedy,WI,0,0.00%
Presidential Electors for,New Britain,Ayyadurai and Ellis,WI,0,0.00%
Presidential Electors for,New Britain,Sonski and Onak,WI,0,0.00%
Presidential Electors for,New Britain,West and Abdullah,WI,0,0.00%
United States Senator,New Britain,Christopher S. Murphy,D,0,0.00%
United States Senator,New Britain,Matthew M. Corey,R,0,0.00%
United States Senator,New Britain,Christopher S. Murphy,WF,0,0.00%
United States Senator,New Britain,Justin C. Paglino,G,0,0.00%
United States Senator,New Britain,Robert Finley Hyde,CGG,0,0.00%
United States Senator,New Britain,John Flynn,WI,0,0.00%
Representative in Congress 5,New Britain,Jahana Hayes,D,0,0.00%
Representative in Congress 5,New Britain,George Logan,R,0,0.00%
Representative in Congress 5,New Britain,Jahana Hayes,WF,0,0.00%
Representative in Congress 5,New Britain,Ahmad AJ Darwish,WI,0,0.00%
Representative in Congress 5,New Britain,Bertram Ferguson,WI,0,0.00%
State Senator 6,New Britain,Rick Lopes,D,0,0.00%
State Senator 6,New Britain,Tremell Collins,R,0,0.00%
State Senator 6,New Britain,Rick Lopes,WF,0,0.00%
State Representative 24,New Britain,"Emmanuel ""Manny"" Sanchez",D,0,0.00%
State Representative 24,New Britain,Alden Russell,R,0,0.00%
State Representative 24,New Britain,"Emmanuel ""Manny"" Sanchez",WF,0,0.00%
State Representative 24,New Britain,Alfred P. Mayo,PC,0,0.00%
State Representative 25,New Britain,"Robert ""Bobby"" Sanchez",D,0,0.00%
State Representative 25,New Britain,Jamie Vaughan,R,0,0.00%
State Representative 26,New Britain,David DeFronzo,D,0,0.00%
State Representative 26,New Britain,Barbara Marino,R,0,0.00%
State Representative 26,New Britain,David DeFronzo,WF,0,0.00%
State Representative 27,New Britain,Gary Turco,D,0,0.00%
State Representative 27,New Britain,Gary Turco,WF,0,0.00%
State Representative 27,New Britain,Stephen P. Ellis,PC,0,0.00%
Registrar of Voters,New Britain,Lucian J. Pawlak,D,0,0.00%
Registrar of Voters,New Britain,Peter J. Gostin,R,0,0.00%
Presidential Electors for,New Canaan,Harris and Walz,D,0,0.00%
Presidential Electors for,New Canaan,Trump and Vance,R,0,0.00%
Presidential Electors for,New Canaan,Stein and Ware,G,0,0.00%
Presidential Electors for,New Canaan,Oliver and ter Maat,LI,0,0.00%
Presidential Electors for,New Canaan,"Kennedy, Jr. and Shanahan",PC,0,0.00%
Presidential Electors for,New Canaan,De la Cruz and Garcia,WI,0,0.00%
Presidential Electors for,New Canaan,Fox and McVay,WI,0,0.00%
Presidential Electors for,New Canaan,McNeil and McNeil,WI,0,0.00%
Presidential Electors for,New Canaan,Potus and Kennedy,WI,0,0.00%
Presidential Electors for,New Canaan,Ayyadurai and Ellis,WI,0,0.00%
Presidential Electors for,New Canaan,Sonski and Onak,WI,0,0.00%
Presidential Electors for,New Canaan,West and Abdullah,WI,0,0.00%
United States Senator,New Canaan,Christopher S. Murphy,D,0,0.00%
United States Senator,New Canaan,Matthew M. Corey,R,0,0.00%
United States Senator,New Canaan,Christopher S. Murphy,WF,0,0.00%
United States Senator,New Canaan,Justin C. Paglino,G,0,0.00%
United States Senator,New Canaan,Robert Finley Hyde,CGG,0,0.00%
United States Senator,New Canaan,John Flynn,WI,0,0.00%
Representative in Congress 4,New Canaan,Jim Himes,D,0,0.00%
Representative in Congress 4,New Canaan,Michael Goldstein,R,0,0.00%
Representative in Congress 4,New Canaan,Benjamin Wesley,IND,0,0.00%
State Senator 26,New Canaan,Ceci Maher,D,0,0.00%
State Senator 26,New Canaan,Kami Evans,R,0,0.00%
State Senator 26,New Canaan,Kami Evans,IND,0,0.00%
State Senator 36,New Canaan,Nick Simmons,D,0,0.00%
State Senator 36,New Canaan,Ryan Fazio,R,0,0.00%
State Senator 36,New Canaan,Nick Simmons,IND,0,0.00%
State Representative 42,New Canaan,Savet Constantine,D,0,0.00%
State Representative 42,New Canaan,Kim Healy,R,0,0.00%
State Representative 42,New Canaan,Kim Healy,IND,0,0.00%
State Representative 125,New Canaan,Jason Bennett,D,0,0.00%
State Representative 125,New Canaan,Tom O'Dea,R,0,0.00%
State Representative 142,New Canaan,Lucy Dathan,D,0,0.00%
State Representative 142,New Canaan,Lucy Dathan,WF,0,0.00%
Registrar of Voters,New Canaan,Elizabeth Orteig,D,0,0.00%
Registrar of Voters,New Canaan,Joan McLaughlin,R,0,0.00%
Presidential Electors for,New Fairfield,Harris and Walz,D,0,0.00%
Presidential Electors for,New Fairfield,Trump and Vance,R,0,0.00%
Presidential Electors for,New Fairfield,Stein and Ware,G,0,0.00%
Presidential Electors for,New Fairfield,Oliver and ter Maat,LI,0,0.00%
Presidential Electors for,New Fairfield,"Kennedy, Jr. and Shanahan",PC,0,0.00%
Presidential Electors for,New Fairfield,De la Cruz and Garcia,WI,0,0.00%
Presidential Electors for,New Fairfield,Fox and McVay,WI,0,0.00%
Presidential Electors for,New Fairfield,McNeil and McNeil,WI,0,0.00%
Presidential Electors for,New Fairfield,Potus and Kennedy,WI,0,0.00%
Presidential Electors for,New Fairfield,Ayyadurai and Ellis,WI,0,0.00%
Presidential Electors for,New Fairfield,Sonski and Onak,WI,0,0.00%
Presidential Electors for,New Fairfield,West and Abdullah,WI,0,0.00%
United States Senator,New Fairfield,Christopher S. Murphy,D,0,0.00%
United States Senator,New Fairfield,Matthew M. Corey,R,0,0.00%
United States Senator,New Fairfield,Christopher S. Murphy,WF,0,0.00%
United States Senator,New Fairfield,Justin C. Paglino,G,0,0.00%
United States Senator,New Fairfield,Robert Finley Hyde,CGG,0,0.00%
United States Senator,New Fairfield,John Flynn,WI,0,0.00%
Representative in Congress 5,New Fairfield,Jahana Hayes,D,0,0.00%
Representative in Congress 5,New Fairfield,George Logan,R,0,0.00%
Representative in Congress 5,New Fairfield,Jahana Hayes,WF,0,0.00%
Representative in Congress 5,New Fairfield,Ahmad AJ Darwish,WI,0,0.00%
Representative in Congress 5,New Fairfield,Bertram Ferguson,WI,0,0.00%
State Senator 24,New Fairfield,Julie Kushner,D,0,0.00%
State Senator 24,New Fairfield,Michelle Coelho,R,0,0.00%
State Senator 24,New Fairfield,Julie Kushner,WF,0,0.00%
State Senator 24,New Fairfield,Michelle Coelho,IND,0,0.00%
State Senator 30,New Fairfield,Justin Potter,D,0,0.00%
State Senator 30,New Fairfield,Stephen G. Harding,R,0,0.00%
State Senator 30,New Fairfield,Stephen G. Harding,IND,0,0.00%
State Representative 108,New Fairfield,Anne Weisberg,D,0,0.00%
State Representative 108,New Fairfield,Patrick Callahan,R,0,0.00%
State Representative 108,New Fairfield,Anne Weisberg,WF,0,0.00%
Registrar of Voters,New Fairfield,Elisa Beckett-Flores,D,0,0.00%
Registrar of Voters,New Fairfield,Daniel McDermott,R,0,0.00%
Presidential Electors for,New Hartford,Harris and Walz,D,0,0.00%
Presidential Electors for,New Hartford,Trump and Vance,R,0,0.00%
Presidential Electors for,New Hartford,Stein and Ware,G,0,0.00%
Presidential Electors for,New Hartford,Oliver and ter Maat,LI,0,0.00%
Presidential Electors for,New Hartford,"Kennedy, Jr. and Shanahan",PC,0,0.00%
Presidential Electors for,New Hartford,De la Cruz and Garcia,WI,0,0.00%
Presidential Electors for,New Hartford,Fox and McVay,WI,0,0.00%
Presidential Electors for,New Hartford,McNeil and McNeil,WI,0,0.00%
Presidential Electors for,New Hartford,Potus and Kennedy,WI,0,0.00%
Presidential Electors for,New Hartford,Ayyadurai and Ellis,WI,0,0.00%
Presidential Electors for,New Hartford,Sonski and Onak,WI,0,0.00%
Presidential Electors for,New Hartford,West and Abdullah,WI,0,0.00%
United States Senator,New Hartford,Christopher S. Murphy,D,0,0.00%
United States Senator,New Hartford,Matthew M. Corey,R,0,0.00%
United States Senator,New Hartford,Christopher S. Murphy,WF,0,0.00%
United States Senator,New Hartford,Justin C. Paglino,G,0,0.00%
United States Senator,New Hartford,Robert Finley Hyde,CGG,0,0.00%
United States Senator,New Hartford,John Flynn,WI,0,0.00%
Representative in Congress 1,New Hartford,John B. Larson,D,0,0.00%
Representative in Congress 1,New Hartford,Jim Griffin,R,0,0.00%
Representative in Congress 1,New Hartford,John B. Larson,WF,0,0.00%
Representative in Congress 1,New Hartford,Mary L. Sanders,G,0,0.00%
State Senator 8,New Hartford,Paul Honig,D,0,0.00%
State Senator 8,New Hartford,Lisa Seminara,R,0,0.00%
State Senator 8,New Hartford,Paul Honig,WF,0,0.00%
State Senator 8,New Hartford,Lisa Seminara,IND,0,0.00%
State Representative 62,New Hartford,Kim Becker,D,0,0.00%
State Representative 62,New Hartford,Mark W. Anderson,R,0,0.00%
State Representative 62,New Hartford,Kim Becker,WF,0,0.00%
State Representative 62,New Hartford,Mark W. Anderson,IND,0,0.00%
Registrar of Voters,New Hartford,Saquana Seltzer,D,0,0.00%
Registrar of Voters,New Hartford,Catherine Farmer-McCann,R,0,0.00%
Presidential Electors for,New Haven,Harris and Walz,D,0,0.00%
Presidential Electors for,New Haven,Trump and Vance,R,0,0.00%
Presidential Electors for,New Haven,Stein and Ware,G,0,0.00%
Presidential Electors for,New Haven,Oliver and ter Maat,LI,0,0.00%
Presidential Electors for,New Haven,"Kennedy, Jr. and Shanahan",PC,0,0.00%
Presidential Electors for,New Haven,De la Cruz and Garcia,WI,0,0.00%
Presidential Electors for,New Haven,Fox and McVay,WI,0,0.00%
Presidential Electors for,New Haven,McNeil and McNeil,WI,0,0.00%
Presidential Electors for,New Haven,Potus and Kennedy,WI,0,0.00%
Presidential Electors for,New Haven,Ayyadurai and Ellis,WI,0,0.00%
Presidential Electors for,New Haven,Sonski and Onak,WI,0,0.00%
Presidential Electors for,New Haven,West and Abdullah,WI,0,0.00%
United States Senator,New Haven,Christopher S. Murphy,D,0,0.00%
United States Senator,New Haven,Matthew M. Corey,R,0,0.00%
United States Senator,New Haven,Christopher S. Murphy,WF,0,0.00%
United States Senator,New Haven,Justin C. Paglino,G,0,0.00%
United States Senator,New Haven,Robert Finley Hyde,CGG,0,0.00%
United States Senator,New Haven,John Flynn,WI,0,0.00%
Representative in Congress 3,New Haven,Rosa L. DeLauro,D,0,0.00%
Representative in Congress 3,New Haven,Michael Massey,R,0,0.00%
Representative in Congress 3,New Haven,Michael Massey,IND,0,0.00%
Representative in Congress 3,New Haven,Leo Almoney,WI,0,0.00%
Representative in Congress 3,New Haven,Omar Scott Antar,WI,0,0.00%
Representative in Congress 3,New Haven,Shahd Omar,WI,0,0.00%
State Senator 10,New Haven,Gary Winfield,D,0,0.00%
State Senator 10,New Haven,Nyrell Moore,R,0,0.00%
State Senator 10,New Haven,Gary Winfield,WF,0,0.00%
State Senator 10,New Haven,Nyrell Moore,IND,0,0.00%
State Senator 11,New Haven,Martin M. Looney,D,0,0.00%
State Senator 11,New Haven,Steven Orosco,R,0,0.00%
State Representative 92,New Haven,Patricia A. Dillon,D,0,0.00%
State Representative 92,New Haven,Morris Sumpter,R,0,0.00%
State Representative 93,New Haven,Toni E. Walker,D,0,0.00%
State Representative 94,New Haven,Steven B. Winter,D,0,0.00%
State Representative 95,New Haven,Juan Candelaria,D,0,0.00%
State Representative 96,New Haven,Roland J. Lemar,D,0,0.00%
State Representative 96,New Haven,Andrea DiLieto Zola,R,0,0.00%
State Representative 96,New Haven,Andrea DiLieto Zola,IND,0,0.00%
State Representative 97,New Haven,Alphonse Paolillo Jr.,D,0,0.00%
State Representative 97,New Haven,Anthony Acri,R,0,0.00%
Registrar of Voters,New Haven,Shannel Evans,D,0,0.00%
Registrar of Voters,New Haven,Lisa Milone,R,0,0.00%
Registrar of Voters,New Haven,Paul A. Garlinghouse,G,0,0.00%
Presidential Electors for,Newington,Harris and Walz,D,0,0.00%
Presidential Electors for,Newington,Trump and Vance,R,0,0.00%
Presidential Electors for,Newington,Stein and Ware,G,0,0.00%
Presidential Electors for,Newington,Oliver and ter Maat,LI,0,0.00%
Presidential Electors for,Newington,"Kennedy, Jr. and Shanahan",PC,0,0.00%
Presidential Electors for,Newington,De la Cruz and Garcia,WI,0,0.00%
Presidential Electors for,Newington,Fox and McVay,WI,0,0.00%
Presidential Electors for,Newington,McNeil and McNeil,WI,0,0.00%
Presidential Electors for,Newington,Potus and Kennedy,WI,0,0.00%
Presidential Electors for,Newington,Ayyadurai and Ellis,WI,0,0.00%
Presidential Electors for,Newington,Sonski and Onak,WI,0,0.00%
Presidential Electors for,Newington,West and Abdullah,WI,0,0.00%
United States Senator,Newington,Christopher S. Murphy,D,0,0.00%
United States Senator,Newington,Matthew M. Corey,R,0,0.00%
United States Senator,Newington,Christopher S. Murphy,WF,0,0.00%
United States Senator,Newington,Justin C. Paglino,G,0,0.00%
United States Senator,Newington,Robert Finley Hyde,CGG,0,0.00%
United States Senator,Newington,John Flynn,WI,0,0.00%
Representative in Congress 1,Newington,John B. Larson,D,0,0.00%
Representative in Congress 1,Newington,Jim Griffin,R,0,0.00%
Representative in Congress 1,Newington,John B. Larson,WF,0,0.00%
Representative in Congress 1,Newington,Mary L. Sanders,G,0,0.00%
State Senator 9,Newington,Matthew Lesser,D,0,0.00%
State Senator 9,Newington,Matthew Lesser,WF,0,0.00%
State Senator 9,Newington,Matthew Lesser,IND,0,0.00%
State Representative 20,Newington,Kate Farrar,D,0,0.00%
State Representative 20,Newington,Kate Farrar,WF,0,0.00%
State Representative 27,Newington,Gary Turco,D,0,0.00%
State Representative 27,Newington,Gary Turco,WF,0,0.00%
State Representative 27,Newington,Stephen P. Ellis,PC,0,0.00%
Presidential Electors for,New London,Harris and Walz,D,0,0.00%
Presidential Electors for,New London,Trump and Vance,R,0,0.00%
Presidential Electors for,New London,Stein and Ware,G,0,0.00%
Presidential Electors for,New London,Oliver and ter Maat,LI,0,0.00%
Presidential Electors for,New London,"Kennedy, Jr. and Shanahan",PC,0,0.00%
Presidential Electors for,New London,De la Cruz and Garcia,WI,0,0.00%
Presidential Electors for,New London,Fox and McVay,WI,0,0.00%
Presidential Electors for,New London,McNeil and McNeil,WI,0,0.00%
Presidential Electors for,New London,Potus and Kennedy,WI,0,0.00%
Presidential Electors for,New London,Ayyadurai and Ellis,WI,0,0.00%
Presidential Electors for,New London,Sonski and Onak,WI,0,0.00%
Presidential Electors for,New London,West and Abdullah,WI,0,0.00%
United States Senator,New London,Christopher S. Murphy,D,0,0.00%
United States Senator,New London,Matthew M. Corey,R,0,0.00%
United States Senator,New London,Christopher S. Murphy,WF,0,0.00%
United States Senator,New London,Justin C. Paglino,G,0,0.00%
United States Senator,New London,Robert Finley Hyde,CGG,0,0.00%
United States Senator,New London,John Flynn,WI,0,0.00%
Representative in Congress 2,New London,Joe Courtney,D,0,0.00%
Representative in Congress 2,New London,Mike France,R,0,0.00%
Representative in Congress 2,New London,"Kenneth Kusmierski, Jr.",WI,0,0.00%
Representative in Congress 2,New London,Jeffery Russell,WI,0,0.00%
State Senator 20,New London,Martha Marx,D,0,0.00%
State Senator 20,New London,Shaun Mastroianni,R,0,0.00%
State Senator 20,New London,Martha Marx,WF,0,0.00%
State Senator 20,New London,Shaun Mastroianni,IND,0,0.00%
State Representative 39,New London,Anthony Nolan,D,0,0.00%
State Representative 39,New London,Beloved Grace Carter,R,0,0.00%
State Representative 39,New London,Anthony Nolan,WF,0,0.00%
State Representative 40,New London,Christine Conley,D,0,0.00%
State Representative 40,New London,Susan Deane-Shinbrot,R,0,0.00%
State Representative 40,New London,Christine Conley,WF,0,0.00%
State Representative 40,New London,Christine Conley,IND,0,0.00%
Presidential Electors for,New Milford,Harris and Walz,D,0,0.00%
Presidential Electors for,New Milford,Trump and Vance,R,0,0.00%
Presidential Electors for,New Milford,Stein and Ware,G,0,0.00%
Presidential Electors for,New Milford,Oliver and ter Maat,LI,0,0.00%
Presidential Electors for,New Milford,"Kennedy, Jr. and Shanahan",PC,0,0.00%
Presidential Electors for,New Milford,De la Cruz and Garcia,WI,0,0.00%
Presidential Electors for,New Milford,Fox and McVay,WI,0,0.00%
Presidential Electors for,New Milford,McNeil and McNeil,WI,0,0.00%
Presidential Electors for,New Milford,Potus and Kennedy,WI,0,0.00%
Presidential Electors for,New Milford,Ayyadurai and Ellis,WI,0,0.00%
Presidential Electors for,New Milford,Sonski and Onak,WI,0,0.00%
Presidential Electors for,New Milford,West and Abdullah,WI,0,0.00%
United States Senator,New Milford,Christopher S. Murphy,D,0,0.00%
United States Senator,New Milford,Matthew M. Corey,R,0,0.00%
United States Senator,New Milford,Christopher S. Murphy,WF,0,0.00%
United States Senator,New Milford,Justin C. Paglino,G,0,0.00%
United States Senator,New Milford,Robert Finley Hyde,CGG,0,0.00%
United States Senator,New Milford,John Flynn,WI,0,0.00%
Representative in Congress 5,New Milford,Jahana Hayes,D,0,0.00%
Representative in Congress 5,New Milford,George Logan,R,0,0.00%
Representative in Congress 5,New Milford,Jahana Hayes,WF,0,0.00%
Representative in Congress 5,New Milford,Ahmad AJ Darwish,WI,0,0.00%
Representative in Congress 5,New Milford,Bertram Ferguson,WI,0,0.00%
State Senator 30,New Milford,Justin Potter,D,0,0.00%
State Senator 30,New Milford,Stephen G. Harding,R,0,0.00%
State Senator 30,New Milford,Stephen G. Harding,IND,0,0.00%
State Representative 67,New Milford,Alexandra Thomas,D,0,0.00%
State Representative 67,New Milford,William Buckbee,R,0,0.00%
State Representative 67,New Milford,William Buckbee,IND,0,0.00%
State Representative 69,New Milford,Ed Edelson,D,0,0.00%
State Representative 69,New Milford,Jason Buchsbaum,R,0,0.00%
State Representative 108,New Milford,Anne Weisberg,D,0,0.00%
State Representative 108,New Milford,Patrick Callahan,R,0,0.00%
State Representative 108,New Milford,Anne Weisberg,WF,0,0.00%
Presidential Electors for,Newtown,Harris and Walz,D,0,0.00%
Presidential Electors for,Newtown,Trump and Vance,R,0,0.00%
Presidential Electors for,Newtown,Stein and Ware,G,0,0.00%
Presidential Electors for,Newtown,Oliver and ter Maat,LI,0,0.00%
Presidential Electors for,Newtown,"Kennedy, Jr. and Shanahan",PC,0,0.00%
Presidential Electors for,Newtown,De la Cruz and Garcia,WI,0,0.00%
Presidential Electors for,Newtown,Fox and McVay,WI,0,0.00%
Presidential Electors for,Newtown,McNeil and McNeil,WI,0,0.00%
Presidential Electors for,Newtown,Potus and Kennedy,WI,0,0.00%
Presidential Electors for,Newtown,Ayyadurai and Ellis,WI,0,0.00%
Presidential Electors for,Newtown,Sonski and Onak,WI,0,0.00%
Presidential Electors for,Newtown,West and Abdullah,WI,0,0.00%
United States Senator,Newtown,Christopher S. Murphy,D,0,0.00%
United States Senator,Newtown,Matthew M. Corey,R,0,0.00%
United States Senator,Newtown,Christopher S. Murphy,WF,0,0.00%
United States Senator,Newtown,Justin C. Paglino,G,0,0.00%
United States Senator,Newtown,Robert Finley Hyde,CGG,0,0.00%
United States Senator,Newtown,John Flynn,WI,0,0.00%
Representative in Congress 5,Newtown,Jahana Hayes,D,0,0.00%
Representative in Congress 5,Newtown,George Logan,R,0,0.00%
Representative in Congress 5,Newtown,Jahana Hayes,WF,0,0.00%
Representative in Congress 5,Newtown,Ahmad AJ Darwish,WI,0,0.00%
Representative in Congress 5,Newtown,Bertram Ferguson,WI,0,0.00%
State Senator 28,Newtown,Rob Blanchard,D,0,0.00%
State Senator 28,Newtown,Tony Hwang,R,0,0.00%
State Senator 28,Newtown,Tony Hwang,IND,0,0.00%
State Representative 106,Newtown,Michelle Embree Ku,D,0,0.00%
State Representative 106,Newtown,Mitch Bolinsky,R,0,0.00%
State Representative 106,Newtown,Michelle Embree Ku,IND,0,0.00%
State Representative 107,Newtown,Aaron Zimmer,D,0,0.00%
State Representative 107,Newtown,Martin J. Foncello,R,0,0.00%
State Representative 107,Newtown,Aaron Zimmer,WF,0,0.00%
State Representative 107,Newtown,Aaron Zimmer,IND,0,0.00%
Registrar of Voters,Newtown,LeReine Frampton,D,0,0.00%
Registrar of Voters,Newtown,Erica Canfield,R,0,0.00%
Presidential Electors for,Norfolk,Harris and Walz,D,0,0.00%
Presidential Electors for,Norfolk,Trump and Vance,R,0,0.00%
Presidential Electors for,Norfolk,Stein and Ware,G,0,0.00%
Presidential Electors for,Norfolk,Oliver and ter Maat,LI,0,0.00%
Presidential Electors for,Norfolk,"Kennedy, Jr. and Shanahan",PC,0,0.00%
Presidential Electors for,Norfolk,De la Cruz and Garcia,WI,0,0.00%
Presidential Electors for,Norfolk,Fox and McVay,WI,0,0.00%
Presidential Electors for,Norfolk,McNeil and McNeil,WI,0,0.00%
Presidential Electors for,Norfolk,Potus and Kennedy,WI,0,0.00%
Presidential Electors for,Norfolk,Ayyadurai and Ellis,WI,0,0.00%
Presidential Electors for,Norfolk,Sonski and Onak,WI,0,0.00%
Presidential Electors for,Norfolk,West and Abdullah,WI,0,0.00%
United States Senator,Norfolk,Christopher S. Murphy,D,0,0.00%
United States Senator,Norfolk,Matthew M. Corey,R,0,0.00%
United States Senator,Norfolk,Christopher S. Murphy,WF,0,0.00%
United States Senator,Norfolk,Justin C. Paglino,G,0,0.00%
United States Senator,Norfolk,Robert Finley Hyde,CGG,0,0.00%
United States Senator,Norfolk,John Flynn,WI,0,0.00%
Representative in Congress 5,Norfolk,Jahana Hayes,D,0,0.00%
Representative in Congress 5,Norfolk,George Logan,R,0,0.00%
Representative in Congress 5,Norfolk,Jahana Hayes,WF,0,0.00%
Representative in Congress 5,Norfolk,Ahmad AJ Darwish,WI,0,0.00%
Representative in Congress 5,Norfolk,Bertram Ferguson,WI,0,0.00%
State Senator 8,Norfolk,Paul Honig,D,0,0.00%
State Senator 8,Norfolk,Lisa Seminara,R,0,0.00%
State Senator 8,Norfolk,Paul Honig,WF,0,0.00%
State Senator 8,Norfolk,Lisa Seminara,IND,0,0.00%
State Representative 64,Norfolk,Maria Horn,D,0,0.00%
State Representative 64,Norfolk,Barbara L. Breor,R,0,0.00%
State Representative 64,Norfolk,Maria Horn,WF,0,0.00%
State Representative 64,Norfolk,Maria Horn,IND,0,0.00%
Registrar of Voters,Norfolk,Danese Perron,D,0,0.00%
Presidential Electors for,North Branford,Harris and Walz,D,0,0.00%
Presidential Electors for,North Branford,Trump and Vance,R,0,0.00%
Presidential Electors for,North Branford,Stein and Ware,G,0,0.00%
Presidential Electors for,North Branford,Oliver and ter Maat,LI,0,0.00%
Presidential Electors for,North Branford,"Kennedy, Jr. and Shanahan",PC,0,0.00%
Presidential Electors for,North Branford,De la Cruz and Garcia,WI,0,0.00%
Presidential Electors for,North Branford,Fox and McVay,WI,0,0.00%
Presidential Electors for,North Branford,McNeil and McNeil,WI,0,0.00%
Presidential Electors for,North Branford,Potus and Kennedy,WI,0,0.00%
Presidential Electors for,North Branford,Ayyadurai and Ellis,WI,0,0.00%
Presidential Electors for,North Branford,Sonski and Onak,WI,0,0.00%
Presidential Electors for,North Branford,West and Abdullah,WI,0,0.00%
United States Senator,North Branford,Christopher S. Murphy,D,0,0.00%
United States Senator,North Branford,Matthew M. Corey,R,0,0.00%
United States Senator,North Branford,Christopher S. Murphy,WF,0,0.00%
United States Senator,North Branford,Justin C. Paglino,G,0,0.00%
United States Senator,North Branford,Robert Finley Hyde,CGG,0,0.00%
United States Senator,North Branford,John Flynn,WI,0,0.00%
Representative in Congress 3,North Branford,Rosa L. DeLauro,D,0,0.00%
Representative in Congress 3,North Branford,Michael Massey,R,0,0.00%
Representative in Congress 3,North Branford,Michael Massey,IND,0,0.00%
Representative in Congress 3,North Branford,Leo Almoney,WI,0,0.00%
Representative in Congress 3,North Branford,Omar Scott Antar,WI,0,0.00%
Representative in Congress 3,North Branford,Shahd Omar,WI,0,0.00%
State Senator 12,North Branford,Christine Cohen,D,0,0.00%
State Senator 12,North Branford,Paul Crisci,R,0,0.00%
State Senator 12,North Branford,Christine Cohen,WF,0,0.00%
State Senator 12,North Branford,Christine Cohen,IND,0,0.00%
State Senator 34,North Branford,Brandi Mandato,D,0,0.00%
State Senator 34,North Branford,Paul Cicarella,R,0,0.00%
State Senator 34,North Branford,Brandi Mandato,WF,0,0.00%
State Senator 34,North Branford,Paul Cicarella,IND,0,0.00%
State Senator 34,North Branford,David A. Bedell,G,0,0.00%
State Representative 86,North Branford,Vincent J. Candelora,R,0,0.00%
Registrar of Voters,North Branford,Marlene K. Esposito,D,0,0.00%
Registrar of Voters,North Branford,Lisa Dostie Fitch,R,0,0.00%
Presidential Electors for,North Canaan,Harris and Walz,D,667,47.47%
Presidential Electors for,North Canaan,Trump and Vance,R,725,51.60%
Presidential Electors for,North Canaan,Stein and Ware,G,4,0.28%
Presidential Electors for,North Canaan,Oliver and ter Maat,LI,0,0.00%
Presidential Electors for,North Canaan,"Kennedy, Jr. and Shanahan",PC,9,0.64%
Presidential Electors for,North Canaan,De la Cruz and Garcia,WI,0,0.00%
Presidential Electors for,North Canaan,Fox and McVay,WI,0,0.00%
Presidential Electors for,North Canaan,McNeil and McNeil,WI,0,0.00%
Presidential Electors for,North Canaan,Potus and Kennedy,WI,0,0.00%
Presidential Electors for,North Canaan,Ayyadurai and Ellis,WI,0,0.00%
Presidential Electors for,North Canaan,Sonski and Onak,WI,0,0.00%
Presidential Electors for,North Canaan,West and Abdullah,WI,0,0.00%
United States Senator,North Canaan,Christopher S. Murphy,D,706,50.25%
United States Senator,North Canaan,Matthew M. Corey,R,642,45.69%
United States Senator,North Canaan,Christopher S. Murphy,WF,42,2.99%
United States Senator,North Canaan,Justin C. Paglino,G,6,0.43%
United States Senator,North Canaan,Robert Finley Hyde,CGG,9,0.64%
United States Senator,North Canaan,John Flynn,WI,0,0.00%
Representative in Congress 5,North Canaan,Jahana Hayes,D,686,49.18%
Representative in Congress 5,North Canaan,George Logan,R,675,48.39%
Representative in Congress 5,North Canaan,Jahana Hayes,WF,34,2.44%
Representative in Congress 5,North Canaan,Ahmad AJ Darwish,WI,0,0.00%
Representative in Congress 5,North Canaan,Bertram Ferguson,WI,0,0.00%
State Senator 30,North Canaan,Justin Potter,D,624,46.39%
State Senator 30,North Canaan,Stephen G. Harding,R,700,52.04%
State Senator 30,North Canaan,Stephen G. Harding,IND,21,1.56%
State Representative 64,North Canaan,Maria Horn,D,679,50.33%
State Representative 64,North Canaan,Barbara L. Breor,R,664,49.22%
State Representative 64,North Canaan,Maria Horn,WF,3,0.22%
State Representative 64,North Canaan,Maria Horn,IND,3,0.22%
Registrar of Voters,North Canaan,Patricia Keilty,D,568,43.00%
Registrar of Voters,North Canaan,Rosemary Keilty,R,753,57.00%
Presidential Electors for,North Haven,Harris and Walz,D,0,0.00%
Presidential Electors for,North Haven,Trump and Vance,R,0,0.00%
Presidential Electors for,North Haven,Stein and Ware,G,0,0.00%
Presidential Electors for,North Haven,Oliver and ter Maat,LI,0,0.00%
Presidential Electors for,North Haven,"Kennedy, Jr. and Shanahan",PC,0,0.00%
Presidential Electors for,North Haven,De la Cruz and Garcia,WI,0,0.00%
Presidential Electors for,North Haven,Fox and McVay,WI,0,0.00%
Presidential Electors for,North Haven,McNeil and McNeil,WI,0,0.00%
Presidential Electors for,North Haven,Potus and Kennedy,WI,0,0.00%
Presidential Electors for,North Haven,Ayyadurai and Ellis,WI,0,0.00%
Presidential Electors for,North Haven,Sonski and Onak,WI,0,0.00%
Presidential Electors for,North Haven,West and Abdullah,WI,0,0.00%
United States Senator,North Haven,Christopher S. Murphy,D,0,0.00%
United States Senator,North Haven,Matthew M. Corey,R,0,0.00%
United States Senator,North Haven,Christopher S. Murphy,WF,0,0.00%
United States Senator,North Haven,Justin C. Paglino,G,0,0.00%
United States Senator,North Haven,Robert Finley Hyde,CGG,0,0.00%
United States Senator,North Haven,John Flynn,WI,0,0.00%
Representative in Congress 3,North Haven,Rosa L. DeLauro,D,0,0.00%
Representative in Congress 3,North Haven,Michael Massey,R,0,0.00%
Representative in Congress 3,North Haven,Michael Massey,IND,0,0.00%
Representative in Congress 3,North Haven,Leo Almoney,WI,0,0.00%
Representative in Congress 3,North Haven,Omar Scott Antar,WI,0,0.00%
Representative in Congress 3,North Haven,Shahd Omar,WI,0,0.00%
State Senator 34,North Haven,Brandi Mandato,D,0,0.00%
State Senator 34,North Haven,Paul Cicarella,R,0,0.00%
State Senator 34,North Haven,Brandi Mandato,WF,0,0.00%
State Senator 34,North Haven,Paul Cicarella,IND,0,0.00%
State Senator 34,North Haven,David A. Bedell,G,0,0.00%
State Representative 87,North Haven,Kieran Ahern,D,0,0.00%
State Representative 87,North Haven,David W. Yaccarino,R,0,0.00%
State Representative 87,North Haven,Kieran Ahern,WF,0,0.00%
Registrar of Voters,North Haven,James Carew,D,0,0.00%
Registrar of Voters,North Haven,Jennifer Massini Vanacore,R,0,0.00%
Presidential Electors for,North Stonington,Harris and Walz,D,0,0.00%
Presidential Electors for,North Stonington,Trump and Vance,R,0,0.00%
Presidential Electors for,North Stonington,Stein and Ware,G,0,0.00%
Presidential Electors for,North Stonington,Oliver and ter Maat,LI,0,0.00%
Presidential Electors for,North Stonington,"Kennedy, Jr. and Shanahan",PC,0,0.00%
Presidential Electors for,North Stonington,De la Cruz and Garcia,WI,0,0.00%
Presidential Electors for,North Stonington,Fox and McVay,WI,0,0.00%
Presidential Electors for,North Stonington,McNeil and McNeil,WI,0,0.00%
Presidential Electors for,North Stonington,Potus and Kennedy,WI,0,0.00%
Presidential Electors for,North Stonington,Ayyadurai and Ellis,WI,0,0.00%
Presidential Electors for,North Stonington,Sonski and Onak,WI,0,0.00%
Presidential Electors for,North Stonington,West and Abdullah,WI,0,0.00%
United States Senator,North Stonington,Christopher S. Murphy,D,0,0.00%
United States Senator,North Stonington,Matthew M. Corey,R,0,0.00%
United States Senator,North Stonington,Christopher S. Murphy,WF,0,0.00%
United States Senator,North Stonington,Justin C. Paglino,G,0,0.00%
United States Senator,North Stonington,Robert Finley Hyde,CGG,0,0.00%
United States Senator,North Stonington,John Flynn,WI,0,0.00%
Representative in Congress 2,North Stonington,Joe Courtney,D,0,0.00%
Representative in Congress 2,North Stonington,Mike France,R,0,0.00%
Representative in Congress 2,North Stonington,"Kenneth Kusmierski, Jr.",WI,0,0.00%
Representative in Congress 2,North Stonington,Jeffery Russell,WI,0,0.00%
State Senator 18,North Stonington,Andrew M. Parrella,D,0,0.00%
State Senator 18,North Stonington,Heather Somers,R,0,0.00%
State Senator 18,North Stonington,Heather Somers,IND,0,0.00%
State Representative 43,North Stonington,Ty Lamb,D,0,0.00%
State Representative 43,North Stonington,Greg Howard,R,0,0.00%
Registrar of Voters,North Stonington,Connie Berardi,D,0,0.00%
Registrar of Voters,North Stonington,Emily Lewis,R,0,0.00%
Presidential Electors for,Norwalk,Harris and Walz,D,0,0.00%
Presidential Electors for,Norwalk,Trump and Vance,R,0,0.00%
Presidential Electors for,Norwalk,Stein and Ware,G,0,0.00%
Presidential Electors for,Norwalk,Oliver and ter Maat,LI,0,0.00%
Presidential Electors for,Norwalk,"Kennedy, Jr. and Shanahan",PC,0,0.00%
Presidential Electors for,Norwalk,De la Cruz and Garcia,WI,0,0.00%
Presidential Electors for,Norwalk,Fox and McVay,WI,0,0.00%
Presidential Electors for,Norwalk,McNeil and McNeil,WI,0,0.00%
Presidential Electors for,Norwalk,Potus and Kennedy,WI,0,0.00%
Presidential Electors for,Norwalk,Ayyadurai and Ellis,WI,0,0.00%
Presidential Electors for,Norwalk,Sonski and Onak,WI,0,0.00%
Presidential Electors for,Norwalk,West and Abdullah,WI,0,0.00%
United States Senator,Norwalk,Christopher S. Murphy,D,0,0.00%
United States Senator,Norwalk,Matthew M. Corey,R,0,0.00%
United States Senator,Norwalk,Christopher S. Murphy,WF,0,0.00%
United States Senator,Norwalk,Justin C. Paglino,G,0,0.00%
United States Senator,Norwalk,Robert Finley Hyde,CGG,0,0.00%
United States Senator,Norwalk,John Flynn,WI,0,0.00%
Representative in Congress 4,Norwalk,Jim Himes,D,0,0.00%
Representative in Congress 4,Norwalk,Michael Goldstein,R,0,0.00%
Representative in Congress 4,Norwalk,Benjamin Wesley,IND,0,0.00%
State Senator 25,Norwalk,Bob Duff,D,0,0.00%
State Senator 25,Norwalk,Martin Tagliaferro,R,0,0.00%
State Senator 25,Norwalk,Bob Duff,WF,0,0.00%
State Representative 137,Norwalk,Kadeem Roberts,D,0,0.00%
State Representative 137,Norwalk,Pietro Rotondo,R,0,0.00%
State Representative 137,Norwalk,Kadeem Roberts,WF,0,0.00%
State Representative 140,Norwalk,Travis Simms,D,0,0.00%
State Representative 140,Norwalk,Enrique Santiago,R,0,0.00%
State Representative 140,Norwalk,Travis Simms,WF,0,0.00%
State Representative 141,Norwalk,Sheila Quinn,D,0,0.00%
State Representative 141,Norwalk,Tracy Marra,R,0,0.00%
State Representative 141,Norwalk,Tracy Marra,IND,0,0.00%
State Representative 142,Norwalk,Lucy Dathan,D,0,0.00%
State Representative 142,Norwalk,Lucy Dathan,WF,0,0.00%
State Representative 143,Norwalk,Dominique Johnson,D,0,0.00%
State Representative 143,Norwalk,Peter Bang,R,0,0.00%
State Representative 143,Norwalk,Dominique Johnson,WF,0,0.00%
State Representative 143,Norwalk,Dominique Johnson,IND,0,0.00%
Registrar of Voters,Norwalk,Stuart W. Wells III,D,0,0.00%
Registrar of Voters,Norwalk,Diana Paladino Christopher,R,0,0.00%
Registrar of Voters,Norwalk,Katherine Price Snedaker,IND,0,0.00%
Presidential Electors for,Norwich,Harris and Walz,D,0,0.00%
Presidential Electors for,Norwich,Trump and Vance,R,0,0.00%
Presidential Electors for,Norwich,Stein and Ware,G,0,0.00%
Presidential Electors for,Norwich,Oliver and ter Maat,LI,0,0.00%
Presidential Electors for,Norwich,"Kennedy, Jr. and Shanahan",PC,0,0.00%
Presidential Electors for,Norwich,De la Cruz and Garcia,WI,0,0.00%
Presidential Electors for,Norwich,Fox and McVay,WI,0,0.00%
Presidential Electors for,Norwich,McNeil and McNeil,WI,0,0.00%
Presidential Electors for,Norwich,Potus and Kennedy,WI,0,0.00%
Presidential Electors for,Norwich,Ayyadurai and Ellis,WI,0,0.00%
Presidential Electors for,Norwich,Sonski and Onak,WI,0,0.00%
Presidential Electors for,Norwich,West and Abdullah,WI,0,0.00%
United States Senator,Norwich,Christopher S. Murphy,D,0,0.00%
United States Senator,Norwich,Matthew M. Corey,R,0,0.00%
United States Senator,Norwich,Christopher S. Murphy,WF,0,0.00%
United States Senator,Norwich,Justin C. Paglino,G,0,0.00%
United States Senator,Norwich,Robert Finley Hyde,CGG,0,0.00%
United States Senator,Norwich,John Flynn,WI,0,0.00%
Representative in Congress 2,Norwich,Joe Courtney,D,0,0.00%
Representative in Congress 2,Norwich,Mike France,R,0,0.00%
Representative in Congress 2,Norwich,"Kenneth Kusmierski, Jr.",WI,0,0.00%
Representative in Congress 2,Norwich,Jeffery Russell,WI,0,0.00%
State Senator 19,Norwich,Catherine A. Osten,D,0,0.00%
State Senator 19,Norwich,Jason Guidone,R,0,0.00%
State Senator 19,Norwich,Catherine A. Osten,WF,0,0.00%
State Senator 19,Norwich,Catherine A. Osten,IND,0,0.00%
State Representative 46,Norwich,Derell Wilson,D,0,0.00%
State Representative 46,Norwich,Nicholas Casiano,R,0,0.00%
State Representative 46,Norwich,Derell Wilson,WF,0,0.00%
State Representative 47,Norwich,Aaron Spruance,D,0,0.00%
State Representative 47,Norwich,Doug Dubitsky,R,0,0.00%
State Representative 139,Norwich,Kevin Ryan,D,0,0.00%
State Representative 139,Norwich,Mark Adams,R,0,0.00%
State Representative 139,Norwich,Kevin Ryan,WF,0,0.00%
State Representative 139,Norwich,Kevin Ryan,IND,0,0.00%
Registrar of Voters,Norwich,JoAnn Merolla-Martin,D,0,0.00%
Registrar of Voters,Norwich,Dianne M. Slopak,R,0,0.00%
Presidential Electors for,Old Lyme,Harris and Walz,D,0,0.00%
Presidential Electors for,Old Lyme,Trump and Vance,R,0,0.00%
Presidential Electors for,Old Lyme,Stein and Ware,G,0,0.00%
Presidential Electors for,Old Lyme,Oliver and ter Maat,LI,0,0.00%
Presidential Electors for,Old Lyme,"Kennedy, Jr. and Shanahan",PC,0,0.00%
Presidential Electors for,Old Lyme,De la Cruz and Garcia,WI,0,0.00%
Presidential Electors for,Old Lyme,Fox and McVay,WI,0,0.00%
Presidential Electors for,Old Lyme,McNeil and McNeil,WI,0,0.00%
Presidential Electors for,Old Lyme,Potus and Kennedy,WI,0,0.00%
Presidential Electors for,Old Lyme,Ayyadurai and Ellis,WI,0,0.00%
Presidential Electors for,Old Lyme,Sonski and Onak,WI,0,0.00%
Presidential Electors for,Old Lyme,West and Abdullah,WI,0,0.00%
United States Senator,Old Lyme,Christopher S. Murphy,D,0,0.00%
United States Senator,Old Lyme,Matthew M. Corey,R,0,0.00%
United States Senator,Old Lyme,Christopher S. Murphy,WF,0,0.00%
United States Senator,Old Lyme,Justin C. Paglino,G,0,0.00%
United States Senator,Old Lyme,Robert Finley Hyde,CGG,0,0.00%
United States Senator,Old Lyme,John Flynn,WI,0,0.00%
Representative in Congress 2,Old Lyme,Joe Courtney,D,0,0.00%
Representative in Congress 2,Old Lyme,Mike France,R,0,0.00%
Representative in Congress 2,Old Lyme,"Kenneth Kusmierski, Jr.",WI,0,0.00%
Representative in Congress 2,Old Lyme,Jeffery Russell,WI,0,0.00%
State Senator 20,Old Lyme,Martha Marx,D,0,0.00%
State Senator 20,Old Lyme,Shaun Mastroianni,R,0,0.00%
State Senator 20,Old Lyme,Martha Marx,WF,0,0.00%
State Senator 20,Old Lyme,Shaun Mastroianni,IND,0,0.00%
State Representative 23,Old Lyme,Jane Wisialowski,D,0,0.00%
State Representative 23,Old Lyme,Devin R Carney,R,0,0.00%
State Representative 23,Old Lyme,Jane Wisialowski,WF,0,0.00%
State Representative 23,Old Lyme,Devin R Carney,IND,0,0.00%
Registrar of Voters,Old Lyme,Jennifer Datum,D,0,0.00%
Registrar of Voters,Old Lyme,Catherine Carter,R,0,0.00%
Presidential Electors for,Old Saybrook,Harris and Walz,D,0,0.00%
Presidential Electors for,Old Saybrook,Trump and Vance,R,0,0.00%
Presidential Electors for,Old Saybrook,Stein and Ware,G,0,0.00%
Presidential Electors for,Old Saybrook,Oliver and ter Maat,LI,0,0.00%
Presidential Electors for,Old Saybrook,"Kennedy, Jr. and Shanahan",PC,0,0.00%
Presidential Electors for,Old Saybrook,De la Cruz and Garcia,WI,0,0.00%
Presidential Electors for,Old Saybrook,Fox and McVay,WI,0,0.00%
Presidential Electors for,Old Saybrook,McNeil and McNeil,WI,0,0.00%
Presidential Electors for,Old Saybrook,Potus and Kennedy,WI,0,0.00%
Presidential Electors for,Old Saybrook,Ayyadurai and Ellis,WI,0,0.00%
Presidential Electors for,Old Saybrook,Sonski and Onak,WI,0,0.00%
Presidential Electors for,Old Saybrook,West and Abdullah,WI,0,0.00%
United States Senator,Old Saybrook,Christopher S. Murphy,D,0,0.00%
United States Senator,Old Saybrook,Matthew M. Corey,R,0,0.00%
United States Senator,Old Saybrook,Christopher S. Murphy,WF,0,0.00%
United States Senator,Old Saybrook,Justin C. Paglino,G,0,0.00%
United States Senator,Old Saybrook,Robert Finley Hyde,CGG,0,0.00%
United States Senator,Old Saybrook,John Flynn,WI,0,0.00%
Representative in Congress 2,Old Saybrook,Joe Courtney,D,0,0.00%
Representative in Congress 2,Old Saybrook,Mike France,R,0,0.00%
Representative in Congress 2,Old Saybrook,"Kenneth Kusmierski, Jr.",WI,0,0.00%
Representative in Congress 2,Old Saybrook,Jeffery Russell,WI,0,0.00%
State Senator 20,Old Saybrook,Martha Marx,D,0,0.00%
State Senator 20,Old Saybrook,Shaun Mastroianni,R,0,0.00%
State Senator 20,Old Saybrook,Martha Marx,WF,0,0.00%
State Senator 20,Old Saybrook,Shaun Mastroianni,IND,0,0.00%
State Senator 33,Old Saybrook,Norm Needleman,D,0,0.00%
State Senator 33,Old Saybrook,Jeffery Duigou,R,0,0.00%
State Senator 33,Old Saybrook,Norm Needleman,IND,0,0.00%
State Representative 23,Old Saybrook,Jane Wisialowski,D,0,0.00%
State Representative 23,Old Saybrook,Devin R Carney,R,0,0.00%
State Representative 23,Old Saybrook,Jane Wisialowski,WF,0,0.00%
State Representative 23,Old Saybrook,Devin R Carney,IND,0,0.00%
Registrar of Voters,Old Saybrook,Patricia Prendergast,D,0,0.00%
Presidential Electors for,Orange,Harris and Walz,D,0,0.00%
Presidential Electors for,Orange,Trump and Vance,R,0,0.00%
Presidential Electors for,Orange,Stein and Ware,G,0,0.00%
Presidential Electors for,Orange,Oliver and ter Maat,LI,0,0.00%
Presidential Electors for,Orange,"Kennedy, Jr. and Shanahan",PC,0,0.00%
Presidential Electors for,Orange,De la Cruz and Garcia,WI,0,0.00%
Presidential Electors for,Orange,Fox and McVay,WI,0,0.00%
Presidential Electors for,Orange,McNeil and McNeil,WI,0,0.00%
Presidential Electors for,Orange,Potus and Kennedy,WI,0,0.00%
Presidential Electors for,Orange,Ayyadurai and Ellis,WI,0,0.00%
Presidential Electors for,Orange,Sonski and Onak,WI,0,0.00%
Presidential Electors for,Orange,West and Abdullah,WI,0,0.00%
United States Senator,Orange,Christopher S. Murphy,D,0,0.00%
United States Senator,Orange,Matthew M. Corey,R,0,0.00%
United States Senator,Orange,Christopher S. Murphy,WF,0,0.00%
United States Senator,Orange,Justin C. Paglino,G,0,0.00%
United States Senator,Orange,Robert Finley Hyde,CGG,0,0.00%
United States Senator,Orange,John Flynn,WI,0,0.00%
Representative in Congress 3,Orange,Rosa L. DeLauro,D,0,0.00%
Representative in Congress 3,Orange,Michael Massey,R,0,0.00%
Representative in Congress 3,Orange,Michael Massey,IND,0,0.00%
Representative in Congress 3,Orange,Leo Almoney,WI,0,0.00%
Representative in Congress 3,Orange,Omar Scott Antar,WI,0,0.00%
Representative in Congress 3,Orange,Shahd Omar,WI,0,0.00%
State Senator 14,Orange,James Maroney,D,0,0.00%
State Senator 14,Orange,Steven Johnstone,R,0,0.00%
State Senator 14,Orange,James Maroney,IND,0,0.00%
State Representative 114,Orange,Mary Welander,D,0,0.00%
State Representative 114,Orange,Mary Welander,IND,0,0.00%
State Representative 117,Orange,MJ Shannon,D,0,0.00%
State Representative 117,Orange,Raymond V. Collins III,R,0,0.00%
State Representative 117,Orange,MJ Shannon,WF,0,0.00%
State Representative 117,Orange,MJ Shannon,IND,0,0.00%
State Representative 119,Orange,Etan Hirsch,D,0,0.00%
State Representative 119,Orange,Kathy Kennedy,R,0,0.00%
State Representative 119,Orange,Kathy Kennedy,IND,0,0.00%
Registrar of Voters,Orange,Janice Casey,D,0,0.00%
Registrar of Voters,Orange,Valerie Spinaci,R,0,0.00%
Presidential Electors for,Oxford,Harris and Walz,D,0,0.00%
Presidential Electors for,Oxford,Trump and Vance,R,0,0.00%
Presidential Electors for,Oxford,Stein and Ware,G,0,0.00%
Presidential Electors for,Oxford,Oliver and ter Maat,LI,0,0.00%
Presidential Electors for,Oxford,"Kennedy, Jr. and Shanahan",PC,0,0.00%
Presidential Electors for,Oxford,De la Cruz and Garcia,WI,0,0.00%
Presidential Electors for,Oxford,Fox and McVay,WI,0,0.00%
Presidential Electors for,Oxford,McNeil and McNeil,WI,0,0.00%
Presidential Electors for,Oxford,Potus and Kennedy,WI,0,0.00%
Presidential Electors for,Oxford,Ayyadurai and Ellis,WI,0,0.00%
Presidential Electors for,Oxford,Sonski and Onak,WI,0,0.00%
Presidential Electors for,Oxford,West and Abdullah,WI,0,0.00%
United States Senator,Oxford,Christopher S. Murphy,D,0,0.00%
United States Senator,Oxford,Matthew M. Corey,R,0,0.00%
United States Senator,Oxford,Christopher S. Murphy,WF,0,0.00%
United States Senator,Oxford,Justin C. Paglino,G,0,0.00%
United States Senator,Oxford,Robert Finley Hyde,CGG,0,0.00%
United States Senator,Oxford,John Flynn,WI,0,0.00%
Representative in Congress 4,Oxford,Jim Himes,D,0,0.00%
Representative in Congress 4,Oxford,Michael Goldstein,R,0,0.00%
Representative in Congress 4,Oxford,Benjamin Wesley,IND,0,0.00%
State Senator 32,Oxford,Jeff Desmarais,D,0,0.00%
State Senator 32,Oxford,Eric C. Berthel,R,0,0.00%
State Representative 131,Oxford,Ellen S. Fox,D,0,0.00%
State Representative 131,Oxford,Arnold Jensen,R,0,0.00%
State Representative 131,Oxford,Ellen S. Fox,IND,0,0.00%
Judge of Probate 22 To Fill Vacancy,Oxford,David Labriola,R,0,0.00%
Presidential Electors for,Plainfield,Harris and Walz,D,2716,37.98%
Presidential Electors for,Plainfield,Trump and Vance,R,4343,60.72%
Presidential Electors for,Plainfield,Stein and Ware,G,30,0.42%
Presidential Electors for,Plainfield,Oliver and ter Maat,LI,33,0.46%
Presidential Electors for,Plainfield,"Kennedy, Jr. and Shanahan",PC,29,0.41%
Presidential Electors for,Plainfield,De la Cruz and Garcia,WI,1,0.01%
Presidential Electors for,Plainfield,Fox and McVay,WI,0,0.00%
Presidential Electors for,Plainfield,McNeil and McNeil,WI,0,0.00%
Presidential Electors for,Plainfield,Potus and Kennedy,WI,0,0.00%
Presidential Electors for,Plainfield,Ayyadurai and Ellis,WI,0,0.00%
Presidential Electors for,Plainfield,Sonski and Onak,WI,0,0.00%
Presidential Electors for,Plainfield,West and Abdullah,WI,0,0.00%
United States Senator,Plainfield,Christopher S. Murphy,D,2706,39.64%
United States Senator,Plainfield,Matthew M. Corey,R,3758,55.05%
United States Senator,Plainfield,Christopher S. Murphy,WF,227,3.33%
United States Senator,Plainfield,Justin C. Paglino,G,42,0.62%
United States Senator,Plainfield,Robert Finley Hyde,CGG,93,1.36%
United States Senator,Plainfield,John Flynn,WI,0,0.00%
Representative in Congress 2,Plainfield,Joe Courtney,D,3166,46.18%
Representative in Congress 2,Plainfield,Mike France,R,3689,53.81%
Representative in Congress 2,Plainfield,"Kenneth Kusmierski, Jr.",WI,0,0.00%
Representative in Congress 2,Plainfield,Jeffery Russell,WI,1,0.01%
State Senator 18,Plainfield,Andrew M. Parrella,D,2197,32.36%
State Senator 18,Plainfield,Heather Somers,R,4381,64.52%
State Senator 18,Plainfield,Heather Somers,IND,212,3.12%
State Representative 44,Plainfield,Samantha Derenthal,D,1387,33.73%
State Representative 44,Plainfield,Anne Dubay Dauphinais,R,2628,63.91%
State Representative 44,Plainfield,Samantha Derenthal,IND,97,2.36%
State Representative 47,Plainfield,Aaron Spruance,D,1020,37.97%
State Representative 47,Plainfield,Doug Dubitsky,R,1666,62.03%
Registrar of Voters,Plainfield,Roz Chviek,D,2475,36.82%
Registrar of Voters,Plainfield,Sonia S. Chapman,R,4246,63.18%
Presidential Electors for,Plainville,Harris and Walz,D,0,0.00%
Presidential Electors for,Plainville,Trump and Vance,R,0,0.00%
Presidential Electors for,Plainville,Stein and Ware,G,0,0.00%
Presidential Electors for,Plainville,Oliver and ter Maat,LI,0,0.00%
Presidential Electors for,Plainville,"Kennedy, Jr. and Shanahan",PC,0,0.00%
Presidential Electors for,Plainville,De la Cruz and Garcia,WI,0,0.00%
Presidential Electors for,Plainville,Fox and McVay,WI,0,0.00%
Presidential Electors for,Plainville,McNeil and McNeil,WI,0,0.00%
Presidential Electors for,Plainville,Potus and Kennedy,WI,0,0.00%
Presidential Electors for,Plainville,Ayyadurai and Ellis,WI,0,0.00%
Presidential Electors for,Plainville,Sonski and Onak,WI,0,0.00%
Presidential Electors for,Plainville,West and Abdullah,WI,0,0.00%
United States Senator,Plainville,Christopher S. Murphy,D,0,0.00%
United States Senator,Plainville,Matthew M. Corey,R,0,0.00%
United States Senator,Plainville,Christopher S. Murphy,WF,0,0.00%
United States Senator,Plainville,Justin C. Paglino,G,0,0.00%
United States Senator,Plainville,Robert Finley Hyde,CGG,0,0.00%
United States Senator,Plainville,John Flynn,WI,0,0.00%
Representative in Congress 5,Plainville,Jahana Hayes,D,0,0.00%
Representative in Congress 5,Plainville,George Logan,R,0,0.00%
Representative in Congress 5,Plainville,Jahana Hayes,WF,0,0.00%
Representative in Congress 5,Plainville,Ahmad AJ Darwish,WI,0,0.00%
Representative in Congress 5,Plainville,Bertram Ferguson,WI,0,0.00%
State Senator 31,Plainville,Henri Martin,R,0,0.00%
State Representative 22,Plainville,Rebecca Martinez,D,0,0.00%
State Representative 22,Plainville,Francis Rexford Cooley,R,0,0.00%
State Representative 22,Plainville,Rebecca Martinez,WF,0,0.00%
State Representative 22,Plainville,Rebecca Martinez,IND,0,0.00%
Registrar of Voters,Plainville,Susan Abram,D,0,0.00%
Registrar of Voters,Plainville,Beth Gasparini,R,0,0.00%
Presidential Electors for,Plymouth,Harris and Walz,D,0,0.00%
Presidential Electors for,Plymouth,Trump and Vance,R,0,0.00%
Presidential Electors for,Plymouth,Stein and Ware,G,0,0.00%
Presidential Electors for,Plymouth,Oliver and ter Maat,LI,0,0.00%
Presidential Electors for,Plymouth,"Kennedy, Jr. and Shanahan",PC,0,0.00%
Presidential Electors for,Plymouth,De la Cruz and Garcia,WI,0,0.00%
Presidential Electors for,Plymouth,Fox and McVay,WI,0,0.00%
Presidential Electors for,Plymouth,McNeil and McNeil,WI,0,0.00%
Presidential Electors for,Plymouth,Potus and Kennedy,WI,0,0.00%
Presidential Electors for,Plymouth,Ayyadurai and Ellis,WI,0,0.00%
Presidential Electors for,Plymouth,Sonski and Onak,WI,0,0.00%
Presidential Electors for,Plymouth,West and Abdullah,WI,0,0.00%
United States Senator,Plymouth,Christopher S. Murphy,D,0,0.00%
United States Senator,Plymouth,Matthew M. Corey,R,0,0.00%
United States Senator,Plymouth,Christopher S. Murphy,WF,0,0.00%
United States Senator,Plymouth,Justin C. Paglino,G,0,0.00%
United States Senator,Plymouth,Robert Finley Hyde,CGG,0,0.00%
United States Senator,Plymouth,John Flynn,WI,0,0.00%
Representative in Congress 5,Plymouth,Jahana Hayes,D,0,0.00%
Representative in Congress 5,Plymouth,George Logan,R,0,0.00%
Representative in Congress 5,Plymouth,Jahana Hayes,WF,0,0.00%
Representative in Congress 5,Plymouth,Ahmad AJ Darwish,WI,0,0.00%
Representative in Congress 5,Plymouth,Bertram Ferguson,WI,0,0.00%
State Senator 31,Plymouth,Henri Martin,R,0,0.00%
State Representative 78,Plymouth,Joe Hoxha,R,0,0.00%
Town Council To Fill a Vacancy,Plymouth,Susan G. Boilard,D,0,0.00%
Town Council To Fill a Vacancy,Plymouth,Thomas J. Zagurski,R,0,0.00%
Presidential Electors for,Pomfret,Harris and Walz,D,1327,53.51%
Presidential Electors for,Pomfret,Trump and Vance,R,1120,45.16%
Presidential Electors for,Pomfret,Stein and Ware,G,6,0.24%
Presidential Electors for,Pomfret,Oliver and ter Maat,LI,11,0.44%
Presidential Electors for,Pomfret,"Kennedy, Jr. and Shanahan",PC,16,0.65%
Presidential Electors for,Pomfret,De la Cruz and Garcia,WI,0,0.00%
Presidential Electors for,Pomfret,Fox and McVay,WI,0,0.00%
Presidential Electors for,Pomfret,McNeil and McNeil,WI,0,0.00%
Presidential Electors for,Pomfret,Potus and Kennedy,WI,0,0.00%
Presidential Electors for,Pomfret,Ayyadurai and Ellis,WI,0,0.00%
Presidential Electors for,Pomfret,Sonski and Onak,WI,0,0.00%
Presidential Electors for,Pomfret,West and Abdullah,WI,0,0.00%
United States Senator,Pomfret,Christopher S. Murphy,D,1286,52.77%
United States Senator,Pomfret,Matthew M. Corey,R,1035,42.47%
United States Senator,Pomfret,Christopher S. Murphy,WF,77,3.16%
United States Senator,Pomfret,Justin C. Paglino,G,18,0.74%
United States Senator,Pomfret,Robert Finley Hyde,CGG,21,0.86%
United States Senator,Pomfret,John Flynn,WI,0,0.00%
Representative in Congress 2,Pomfret,Joe Courtney,D,1408,57.89%
Representative in Congress 2,Pomfret,Mike France,R,1024,42.11%
Representative in Congress 2,Pomfret,"Kenneth Kusmierski, Jr.",WI,0,0.00%
Representative in Congress 2,Pomfret,Jeffery Russell,WI,0,0.00%
State Senator 29,Pomfret,Mae Flexer,D,1193,49.30%
State Senator 29,Pomfret,Chris Reddy,R,1145,47.31%
State Senator 29,Pomfret,Mae Flexer,WF,34,1.40%
State Senator 29,Pomfret,Mae Flexer,IND,21,0.87%
State Senator 29,Pomfret,Alice Leibowitz,G,27,1.12%
State Representative 50,Pomfret,Pat Boyd,D,1715,100.00%
Registrar of Voters,Pomfret,William T. Anderson,D,1264,53.86%
Registrar of Voters,Pomfret,John A. Charest,R,1083,46.14%
Presidential Electors for,Portland,Harris and Walz,D,0,0.00%
Presidential Electors for,Portland,Trump and Vance,R,0,0.00%
Presidential Electors for,Portland,Stein and Ware,G,0,0.00%
Presidential Electors for,Portland,Oliver and ter Maat,LI,0,0.00%
Presidential Electors for,Portland,"Kennedy, Jr. and Shanahan",PC,0,0.00%
Presidential Electors for,Portland,De la Cruz and Garcia,WI,0,0.00%
Presidential Electors for,Portland,Fox and McVay,WI,0,0.00%
Presidential Electors for,Portland,McNeil and McNeil,WI,0,0.00%
Presidential Electors for,Portland,Potus and Kennedy,WI,0,0.00%
Presidential Electors for,Portland,Ayyadurai and Ellis,WI,0,0.00%
Presidential Electors for,Portland,Sonski and Onak,WI,0,0.00%
Presidential Electors for,Portland,West and Abdullah,WI,0,0.00%
United States Senator,Portland,Christopher S. Murphy,D,0,0.00%
United States Senator,Portland,Matthew M. Corey,R,0,0.00%
United States Senator,Portland,Christopher S. Murphy,WF,0,0.00%
United States Senator,Portland,Justin C. Paglino,G,0,0.00%
United States Senator,Portland,Robert Finley Hyde,CGG,0,0.00%
United States Senator,Portland,John Flynn,WI,0,0.00%
Representative in Congress 1,Portland,John B. Larson,D,0,0.00%
Representative in Congress 1,Portland,Jim Griffin,R,0,0.00%
Representative in Congress 1,Portland,John B. Larson,WF,0,0.00%
Representative in Congress 1,Portland,Mary L. Sanders,G,0,0.00%
State Senator 33,Portland,Norm Needleman,D,0,0.00%
State Senator 33,Portland,Jeffery Duigou,R,0,0.00%
State Senator 33,Portland,Norm Needleman,IND,0,0.00%
State Representative 32,Portland,Christie M. Carpino,R,0,0.00%
Presidential Electors for,Preston,Harris and Walz,D,0,0.00%
Presidential Electors for,Preston,Trump and Vance,R,0,0.00%
Presidential Electors for,Preston,Stein and Ware,G,0,0.00%
Presidential Electors for,Preston,Oliver and ter Maat,LI,0,0.00%
Presidential Electors for,Preston,"Kennedy, Jr. and Shanahan",PC,0,0.00%
Presidential Electors for,Preston,De la Cruz and Garcia,WI,0,0.00%
Presidential Electors for,Preston,Fox and McVay,WI,0,0.00%
Presidential Electors for,Preston,McNeil and McNeil,WI,0,0.00%
Presidential Electors for,Preston,Potus and Kennedy,WI,0,0.00%
Presidential Electors for,Preston,Ayyadurai and Ellis,WI,0,0.00%
Presidential Electors for,Preston,Sonski and Onak,WI,0,0.00%
Presidential Electors for,Preston,West and Abdullah,WI,0,0.00%
United States Senator,Preston,Christopher S. Murphy,D,0,0.00%
United States Senator,Preston,Matthew M. Corey,R,0,0.00%
United States Senator,Preston,Christopher S. Murphy,WF,0,0.00%
United States Senator,Preston,Justin C. Paglino,G,0,0.00%
United States Senator,Preston,Robert Finley Hyde,CGG,0,0.00%
United States Senator,Preston,John Flynn,WI,0,0.00%
Representative in Congress 2,Preston,Joe Courtney,D,0,0.00%
Representative in Congress 2,Preston,Mike France,R,0,0.00%
Representative in Congress 2,Preston,"Kenneth Kusmierski, Jr.",WI,0,0.00%
Representative in Congress 2,Preston,Jeffery Russell,WI,0,0.00%
State Senator 18,Preston,Andrew M. Parrella,D,0,0.00%
State Senator 18,Preston,Heather Somers,R,0,0.00%
State Senator 18,Preston,Heather Somers,IND,0,0.00%
State Representative 45,Preston,Kayla Thompson,D,0,0.00%
State Representative 45,Preston,Brian L. Lanoue,R,0,0.00%
Registrar of Voters,Preston,Laurie Castronova,D,0,0.00%
Registrar of Voters,Preston,Charles Raymond,R,0,0.00%
Presidential Electors for,Prospect,Harris and Walz,D,0,0.00%
Presidential Electors for,Prospect,Trump and Vance,R,0,0.00%
Presidential Electors for,Prospect,Stein and Ware,G,0,0.00%
Presidential Electors for,Prospect,Oliver and ter Maat,LI,0,0.00%
Presidential Electors for,Prospect,"Kennedy, Jr. and Shanahan",PC,0,0.00%
Presidential Electors for,Prospect,De la Cruz and Garcia,WI,0,0.00%
Presidential Electors for,Prospect,Fox and McVay,WI,0,0.00%
Presidential Electors for,Prospect,McNeil and McNeil,WI,0,0.00%
Presidential Electors for,Prospect,Potus and Kennedy,WI,0,0.00%
Presidential Electors for,Prospect,Ayyadurai and Ellis,WI,0,0.00%
Presidential Electors for,Prospect,Sonski and Onak,WI,0,0.00%
Presidential Electors for,Prospect,West and Abdullah,WI,0,0.00%
United States Senator,Prospect,Christopher S. Murphy,D,0,0.00%
United States Senator,Prospect,Matthew M. Corey,R,0,0.00%
United States Senator,Prospect,Christopher S. Murphy,WF,0,0.00%
United States Senator,Prospect,Justin C. Paglino,G,0,0.00%
United States Senator,Prospect,Robert Finley Hyde,CGG,0,0.00%
United States Senator,Prospect,John Flynn,WI,0,0.00%
Representative in Congress 3,Prospect,Rosa L. DeLauro,D,0,0.00%
Representative in Congress 3,Prospect,Michael Massey,R,0,0.00%
Representative in Congress 3,Prospect,Michael Massey,IND,0,0.00%
Representative in Congress 3,Prospect,Leo Almoney,WI,0,0.00%
Representative in Congress 3,Prospect,Omar Scott Antar,WI,0,0.00%
Representative in Congress 3,Prospect,Shahd Omar,WI,0,0.00%
State Senator 16,Prospect,Christopher Robertson,D,0,0.00%
State Senator 16,Prospect,Rob Sampson,R,0,0.00%
State Senator 16,Prospect,Christopher Robertson,IND,0,0.00%
State Representative 89,Prospect,Lezlye Zupkus,R,0,0.00%
State Representative 89,Prospect,Stuart R. Korchin,WI,0,0.00%
Registrar of Voters,Prospect,Katherine S. Blinstrubas,D,0,0.00%
Registrar of Voters,Prospect,Marianne Byrne,R,0,0.00%
Presidential Electors for,Putnam,Harris and Walz,D,1975,44.89%
Presidential Electors for,Putnam,Trump and Vance,R,2359,53.61%
Presidential Electors for,Putnam,Stein and Ware,G,20,0.45%
Presidential Electors for,Putnam,Oliver and ter Maat,LI,18,0.41%
Presidential Electors for,Putnam,"Kennedy, Jr. and Shanahan",PC,28,0.64%
Presidential Electors for,Putnam,De la Cruz and Garcia,WI,0,0.00%
Presidential Electors for,Putnam,Fox and McVay,WI,0,0.00%
Presidential Electors for,Putnam,McNeil and McNeil,WI,0,0.00%
Presidential Electors for,Putnam,Potus and Kennedy,WI,0,0.00%
Presidential Electors for,Putnam,Ayyadurai and Ellis,WI,0,0.00%
Presidential Electors for,Putnam,Sonski and Onak,WI,0,0.00%
Presidential Electors for,Putnam,West and Abdullah,WI,0,0.00%
United States Senator,Putnam,Christopher S. Murphy,D,1918,45.32%
United States Senator,Putnam,Matthew M. Corey,R,2032,48.02%
United States Senator,Putnam,Christopher S. Murphy,WF,163,3.85%
United States Senator,Putnam,Justin C. Paglino,G,39,0.92%
United States Senator,Putnam,Robert Finley Hyde,CGG,80,1.89%
United States Senator,Putnam,John Flynn,WI,0,0.00%
Representative in Congress 2,Putnam,Joe Courtney,D,2166,51.33%
Representative in Congress 2,Putnam,Mike France,R,2054,48.67%
Representative in Congress 2,Putnam,"Kenneth Kusmierski, Jr.",WI,0,0.00%
Representative in Congress 2,Putnam,Jeffery Russell,WI,0,0.00%
State Senator 29,Putnam,Mae Flexer,D,1713,40.43%
State Senator 29,Putnam,Chris Reddy,R,2315,54.64%
State Senator 29,Putnam,Mae Flexer,WF,93,2.19%
State Senator 29,Putnam,Mae Flexer,IND,57,1.35%
State Senator 29,Putnam,Alice Leibowitz,G,59,1.39%
State Representative 51,Putnam,Renee LaPalme Waldron,D,1827,42.82%
State Representative 51,Putnam,Chris Stewart,R,2238,52.45%
State Representative 51,Putnam,Renee LaPalme Waldron,WF,111,2.60%
State Representative 51,Putnam,Renee LaPalme Waldron,IND,91,2.13%
Registrar of Voters,Putnam,Patricia J. Fondelheit,D,1817,44.14%
Registrar of Voters,Putnam,Kimberley J D Simmons,R,2299,55.86%
Presidential Electors for,Redding,Harris and Walz,D,3619,63.66%
Presidential Electors for,Redding,Trump and Vance,R,1948,34.27%
Presidential Electors for,Redding,Stein and Ware,G,46,0.81%
Presidential Electors for,Redding,Oliver and ter Maat,LI,41,0.72%
Presidential Electors for,Redding,"Kennedy, Jr. and Shanahan",PC,30,0.53%
Presidential Electors for,Redding,De la Cruz and Garcia,WI,0,0.00%
Presidential Electors for,Redding,Fox and McVay,WI,0,0.00%
Presidential Electors for,Redding,McNeil and McNeil,WI,0,0.00%
Presidential Electors for,Redding,Potus and Kennedy,WI,0,0.00%
Presidential Electors for,Redding,Ayyadurai and Ellis,WI,0,0.00%
Presidential Electors for,Redding,Sonski and Onak,WI,0,0.00%
Presidential Electors for,Redding,West and Abdullah,WI,1,0.02%
United States Senator,Redding,Christopher S. Murphy,D,3449,61.57%
United States Senator,Redding,Matthew M. Corey,R,1959,34.97%
United States Senator,Redding,Christopher S. Murphy,WF,104,1.86%
United States Senator,Redding,Justin C. Paglino,G,55,0.98%
United States Senator,Redding,Robert Finley Hyde,CGG,35,0.62%
United States Senator,Redding,John Flynn,WI,0,0.00%
Representative in Congress 4,Redding,Jim Himes,D,3526,63.02%
Representative in Congress 4,Redding,Michael Goldstein,R,1978,35.35%
Representative in Congress 4,Redding,Benjamin Wesley,IND,91,1.63%
State Senator 26,Redding,Ceci Maher,D,3372,60.86%
State Senator 26,Redding,Kami Evans,R,2077,37.48%
State Senator 26,Redding,Kami Evans,IND,92,1.66%
State Representative 135,Redding,Anne Hughes,D,3327,59.85%
State Representative 135,Redding,Christopher Peritore,R,2029,36.50%
State Representative 135,Redding,Anne Hughes,WF,104,1.87%
State Representative 135,Redding,Christopher Peritore,IND,99,1.78%
Registrar of Voters,Redding,Lisa Bartro,D,3402,61.96%
Registrar of Voters,Redding,Michele L. Meschi,R,2089,38.04%
Presidential Electors for,Ridgefield,Harris and Walz,D,0,0.00%
Presidential Electors for,Ridgefield,Trump and Vance,R,0,0.00%
Presidential Electors for,Ridgefield,Stein and Ware,G,0,0.00%
Presidential Electors for,Ridgefield,Oliver and ter Maat,LI,0,0.00%
Presidential Electors for,Ridgefield,"Kennedy, Jr. and Shanahan",PC,0,0.00%
Presidential Electors for,Ridgefield,De la Cruz and Garcia,WI,0,0.00%
Presidential Electors for,Ridgefield,Fox and McVay,WI,0,0.00%
Presidential Electors for,Ridgefield,McNeil and McNeil,WI,0,0.00%
Presidential Electors for,Ridgefield,Potus and Kennedy,WI,0,0.00%
Presidential Electors for,Ridgefield,Ayyadurai and Ellis,WI,0,0.00%
Presidential Electors for,Ridgefield,Sonski and Onak,WI,0,0.00%
Presidential Electors for,Ridgefield,West and Abdullah,WI,0,0.00%
United States Senator,Ridgefield,Christopher S. Murphy,D,0,0.00%
United States Senator,Ridgefield,Matthew M. Corey,R,0,0.00%
United States Senator,Ridgefield,Christopher S. Murphy,WF,0,0.00%
United States Senator,Ridgefield,Justin C. Paglino,G,0,0.00%
United States Senator,Ridgefield,Robert Finley Hyde,CGG,0,0.00%
United States Senator,Ridgefield,John Flynn,WI,0,0.00%
Representative in Congress 4,Ridgefield,Jim Himes,D,0,0.00%
Representative in Congress 4,Ridgefield,Michael Goldstein,R,0,0.00%
Representative in Congress 4,Ridgefield,Benjamin Wesley,IND,0,0.00%
State Senator 24,Ridgefield,Julie Kushner,D,0,0.00%
State Senator 24,Ridgefield,Michelle Coelho,R,0,0.00%
State Senator 24,Ridgefield,Julie Kushner,WF,0,0.00%
State Senator 24,Ridgefield,Michelle Coelho,IND,0,0.00%
State Senator 26,Ridgefield,Ceci Maher,D,0,0.00%
State Senator 26,Ridgefield,Kami Evans,R,0,0.00%
State Senator 26,Ridgefield,Kami Evans,IND,0,0.00%
State Representative 42,Ridgefield,Savet Constantine,D,0,0.00%
State Representative 42,Ridgefield,Kim Healy,R,0,0.00%
State Representative 42,Ridgefield,Kim Healy,IND,0,0.00%
State Representative 111,Ridgefield,Aimee Berger-Girvalo,D,0,0.00%
State Representative 111,Ridgefield,Colette Kabasakalian,R,0,0.00%
State Representative 111,Ridgefield,Aimee Berger-Girvalo,IND,0,0.00%
Presidential Electors for,Rocky Hill,Harris and Walz,D,0,0.00%
Presidential Electors for,Rocky Hill,Trump and Vance,R,0,0.00%
Presidential Electors for,Rocky Hill,Stein and Ware,G,0,0.00%
Presidential Electors for,Rocky Hill,Oliver and ter Maat,LI,0,0.00%
Presidential Electors for,Rocky Hill,"Kennedy, Jr. and Shanahan",PC,0,0.00%
Presidential Electors for,Rocky Hill,De la Cruz and Garcia,WI,0,0.00%
Presidential Electors for,Rocky Hill,Fox and McVay,WI,0,0.00%
Presidential Electors for,Rocky Hill,McNeil and McNeil,WI,0,0.00%
Presidential Electors for,Rocky Hill,Potus and Kennedy,WI,0,0.00%
Presidential Electors for,Rocky Hill,Ayyadurai and Ellis,WI,0,0.00%
Presidential Electors for,Rocky Hill,Sonski and Onak,WI,0,0.00%
Presidential Electors for,Rocky Hill,West and Abdullah,WI,0,0.00%
United States Senator,Rocky Hill,Christopher S. Murphy,D,0,0.00%
United States Senator,Rocky Hill,Matthew M. Corey,R,0,0.00%
United States Senator,Rocky Hill,Christopher S. Murphy,WF,0,0.00%
United States Senator,Rocky Hill,Justin C. Paglino,G,0,0.00%
United States Senator,Rocky Hill,Robert Finley Hyde,CGG,0,0.00%
United States Senator,Rocky Hill,John Flynn,WI,0,0.00%
Representative in Congress 1,Rocky Hill,John B. Larson,D,0,0.00%
Representative in Congress 1,Rocky Hill,Jim Griffin,R,0,0.00%
Representative in Congress 1,Rocky Hill,John B. Larson,WF,0,0.00%
Representative in Congress 1,Rocky Hill,Mary L. Sanders,G,0,0.00%
State Senator 9,Rocky Hill,Matthew Lesser,D,0,0.00%
State Senator 9,Rocky Hill,Matthew Lesser,WF,0,0.00%
State Senator 9,Rocky Hill,Matthew Lesser,IND,0,0.00%
State Representative 29,Rocky Hill,Kerry Szeps Wood,D,0,0.00%
State Representative 29,Rocky Hill,Edward V. Charamut,R,0,0.00%
Registrar of Voters,Rocky Hill,Phillip Theroux,D,0,0.00%
Registrar of Voters,Rocky Hill,Thomas Pugliese,R,0,0.00%
Presidential Electors for,Roxbury,Harris and Walz,D,857,56.23%
Presidential Electors for,Roxbury,Trump and Vance,R,643,42.19%
Presidential Electors for,Roxbury,Stein and Ware,G,5,0.33%
Presidential Electors for,Roxbury,Oliver and ter Maat,LI,10,0.66%
Presidential Electors for,Roxbury,"Kennedy, Jr. and Shanahan",PC,9,0.59%
Presidential Electors for,Roxbury,De la Cruz and Garcia,WI,0,0.00%
Presidential Electors for,Roxbury,Fox and McVay,WI,0,0.00%
Presidential Electors for,Roxbury,McNeil and McNeil,WI,0,0.00%
Presidential Electors for,Roxbury,Potus and Kennedy,WI,0,0.00%
Presidential Electors for,Roxbury,Ayyadurai and Ellis,WI,0,0.00%
Presidential Electors for,Roxbury,Sonski and Onak,WI,0,0.00%
Presidential Electors for,Roxbury,West and Abdullah,WI,0,0.00%
United States Senator,Roxbury,Christopher S. Murphy,D,832,55.21%
United States Senator,Roxbury,Matthew M. Corey,R,626,41.54%
United States Senator,Roxbury,Christopher S. Murphy,WF,28,1.86%
United States Senator,Roxbury,Justin C. Paglino,G,11,0.73%
United States Senator,Roxbury,Robert Finley Hyde,CGG,10,0.66%
United States Senator,Roxbury,John Flynn,WI,0,0.00%
Representative in Congress 5,Roxbury,Jahana Hayes,D,834,54.98%
Representative in Congress 5,Roxbury,George Logan,R,662,43.64%
Representative in Congress 5,Roxbury,Jahana Hayes,WF,21,1.38%
Representative in Congress 5,Roxbury,Ahmad AJ Darwish,WI,0,0.00%
Representative in Congress 5,Roxbury,Bertram Ferguson,WI,0,0.00%
State Senator 32,Roxbury,Jeff Desmarais,D,787,53.46%
State Senator 32,Roxbury,Eric C. Berthel,R,685,46.54%
State Representative 69,Roxbury,Ed Edelson,D,719,48.85%
State Representative 69,Roxbury,Jason Buchsbaum,R,753,51.15%
Registrar of Voters,Roxbury,Gregory G. Davis,D,716,49.04%
Registrar of Voters,Roxbury,Laura S. Miller,R,744,50.96%
Judge of Probate 22 To Fill Vacancy,Roxbury,David Labriola,R,901,100.00%
Presidential Electors for,Salem,Harris and Walz,D,0,0.00%
Presidential Electors for,Salem,Trump and Vance,R,0,0.00%
Presidential Electors for,Salem,Stein and Ware,G,0,0.00%
Presidential Electors for,Salem,Oliver and ter Maat,LI,0,0.00%
Presidential Electors for,Salem,"Kennedy, Jr. and Shanahan",PC,0,0.00%
Presidential Electors for,Salem,De la Cruz and Garcia,WI,0,0.00%
Presidential Electors for,Salem,Fox and McVay,WI,0,0.00%
Presidential Electors for,Salem,McNeil and McNeil,WI,0,0.00%
Presidential Electors for,Salem,Potus and Kennedy,WI,0,0.00%
Presidential Electors for,Salem,Ayyadurai and Ellis,WI,0,0.00%
Presidential Electors for,Salem,Sonski and Onak,WI,0,0.00%
Presidential Electors for,Salem,West and Abdullah,WI,0,0.00%
United States Senator,Salem,Christopher S. Murphy,D,0,0.00%
United States Senator,Salem,Matthew M. Corey,R,0,0.00%
United States Senator,Salem,Christopher S. Murphy,WF,0,0.00%
United States Senator,Salem,Justin C. Paglino,G,0,0.00%
United States Senator,Salem,Robert Finley Hyde,CGG,0,0.00%
United States Senator,Salem,John Flynn,WI,0,0.00%
Representative in Congress 2,Salem,Joe Courtney,D,0,0.00%
Representative in Congress 2,Salem,Mike France,R,0,0.00%
Representative in Congress 2,Salem,"Kenneth Kusmierski, Jr.",WI,0,0.00%
Representative in Congress 2,Salem,Jeffery Russell,WI,0,0.00%
State Senator 20,Salem,Martha Marx,D,0,0.00%
State Senator 20,Salem,Shaun Mastroianni,R,0,0.00%
State Senator 20,Salem,Martha Marx,WF,0,0.00%
State Senator 20,Salem,Shaun Mastroianni,IND,0,0.00%
State Representative 34,Salem,Richard E. Knotek,D,0,0.00%
State Representative 34,Salem,Irene Haines,R,0,0.00%
State Representative 34,Salem,David Brice Cassenti,IND,0,0.00%
State Representative 37,Salem,Nick Menapace,D,0,0.00%
State Representative 37,Salem,Holly H. Cheeseman,R,0,0.00%
State Representative 37,Salem,Nick Menapace,WF,0,0.00%
State Representative 37,Salem,Holly H. Cheeseman,IND,0,0.00%
Presidential Electors for,Salisbury,Harris and Walz,D,0,0.00%
Presidential Electors for,Salisbury,Trump and Vance,R,0,0.00%
Presidential Electors for,Salisbury,Stein and Ware,G,0,0.00%
Presidential Electors for,Salisbury,Oliver and ter Maat,LI,0,0.00%
Presidential Electors for,Salisbury,"Kennedy, Jr. and Shanahan",PC,0,0.00%
Presidential Electors for,Salisbury,De la Cruz and Garcia,WI,0,0.00%
Presidential Electors for,Salisbury,Fox and McVay,WI,0,0.00%
Presidential Electors for,Salisbury,McNeil and McNeil,WI,0,0.00%
Presidential Electors for,Salisbury,Potus and Kennedy,WI,0,0.00%
Presidential Electors for,Salisbury,Ayyadurai and Ellis,WI,0,0.00%
Presidential Electors for,Salisbury,Sonski and Onak,WI,0,0.00%
Presidential Electors for,Salisbury,West and Abdullah,WI,0,0.00%
United States Senator,Salisbury,Christopher S. Murphy,D,0,0.00%
United States Senator,Salisbury,Matthew M. Corey,R,0,0.00%
United States Senator,Salisbury,Christopher S. Murphy,WF,0,0.00%
United States Senator,Salisbury,Justin C. Paglino,G,0,0.00%
United States Senator,Salisbury,Robert Finley Hyde,CGG,0,0.00%
United States Senator,Salisbury,John Flynn,WI,0,0.00%
Representative in Congress 5,Salisbury,Jahana Hayes,D,0,0.00%
Representative in Congress 5,Salisbury,George Logan,R,0,0.00%
Representative in Congress 5,Salisbury,Jahana Hayes,WF,0,0.00%
Representative in Congress 5,Salisbury,Ahmad AJ Darwish,WI,0,0.00%
Representative in Congress 5,Salisbury,Bertram Ferguson,WI,0,0.00%
State Senator 30,Salisbury,Justin Potter,D,0,0.00%
State Senator 30,Salisbury,Stephen G. Harding,R,0,0.00%
State Senator 30,Salisbury,Stephen G. Harding,IND,0,0.00%
State Representative 64,Salisbury,Maria Horn,D,0,0.00%
State Representative 64,Salisbury,Barbara L. Breor,R,0,0.00%
State Representative 64,Salisbury,Maria Horn,WF,0,0.00%
State Representative 64,Salisbury,Maria Horn,IND,0,0.00%
Presidential Electors for,Scotland,Harris and Walz,D,382,40.00%
Presidential Electors for,Scotland,Trump and Vance,R,558,58.43%
Presidential Electors for,Scotland,Stein and Ware,G,6,0.63%
Presidential Electors for,Scotland,Oliver and ter Maat,LI,5,0.52%
Presidential Electors for,Scotland,"Kennedy, Jr. and Shanahan",PC,4,0.42%
Presidential Electors for,Scotland,De la Cruz and Garcia,WI,0,0.00%
Presidential Electors for,Scotland,Fox and McVay,WI,0,0.00%
Presidential Electors for,Scotland,McNeil and McNeil,WI,0,0.00%
Presidential Electors for,Scotland,Potus and Kennedy,WI,0,0.00%
Presidential Electors for,Scotland,Ayyadurai and Ellis,WI,0,0.00%
Presidential Electors for,Scotland,Sonski and Onak,WI,0,0.00%
Presidential Electors for,Scotland,West and Abdullah,WI,0,0.00%
United States Senator,Scotland,Christopher S. Murphy,D,361,38.78%
United States Senator,Scotland,Matthew M. Corey,R,530,56.93%
United States Senator,Scotland,Christopher S. Murphy,WF,24,2.58%
United States Senator,Scotland,Justin C. Paglino,G,7,0.75%
United States Senator,Scotland,Robert Finley Hyde,CGG,9,0.97%
United States Senator,Scotland,John Flynn,WI,0,0.00%
Representative in Congress 2,Scotland,Joe Courtney,D,418,45.04%
Representative in Congress 2,Scotland,Mike France,R,510,54.96%
Representative in Congress 2,Scotland,"Kenneth Kusmierski, Jr.",WI,0,0.00%
Representative in Congress 2,Scotland,Jeffery Russell,WI,0,0.00%
State Senator 29,Scotland,Mae Flexer,D,292,31.36%
State Senator 29,Scotland,Chris Reddy,R,602,64.66%
State Senator 29,Scotland,Mae Flexer,WF,11,1.18%
State Senator 29,Scotland,Mae Flexer,IND,6,0.64%
State Senator 29,Scotland,Alice Leibowitz,G,20,2.15%
State Representative 47,Scotland,Aaron Spruance,D,294,32.06%
State Representative 47,Scotland,Doug Dubitsky,R,623,67.94%
Judge of Probate 28 To Fill Vacancy,Scotland,George A. Baker,D,283,31.24%
Judge of Probate 28 To Fill Vacancy,Scotland,Douglas T. Stearns,R,623,68.76%
Presidential Electors for,Seymour,Harris and Walz,D,0,0.00%
Presidential Electors for,Seymour,Trump and Vance,R,0,0.00%
Presidential Electors for,Seymour,Stein and Ware,G,0,0.00%
Presidential Electors for,Seymour,Oliver and ter Maat,LI,0,0.00%
Presidential Electors for,Seymour,"Kennedy, Jr. and Shanahan",PC,0,0.00%
Presidential Electors for,Seymour,De la Cruz and Garcia,WI,0,0.00%
Presidential Electors for,Seymour,Fox and McVay,WI,0,0.00%
Presidential Electors for,Seymour,McNeil and McNeil,WI,0,0.00%
Presidential Electors for,Seymour,Potus and Kennedy,WI,0,0.00%
Presidential Electors for,Seymour,Ayyadurai and Ellis,WI,0,0.00%
Presidential Electors for,Seymour,Sonski and Onak,WI,0,0.00%
Presidential Electors for,Seymour,West and Abdullah,WI,0,0.00%
United States Senator,Seymour,Christopher S. Murphy,D,0,0.00%
United States Senator,Seymour,Matthew M. Corey,R,0,0.00%
United States Senator,Seymour,Christopher S. Murphy,WF,0,0.00%
United States Senator,Seymour,Justin C. Paglino,G,0,0.00%
United States Senator,Seymour,Robert Finley Hyde,CGG,0,0.00%
United States Senator,Seymour,John Flynn,WI,0,0.00%
Representative in Congress 3,Seymour,Rosa L. DeLauro,D,0,0.00%
Representative in Congress 3,Seymour,Michael Massey,R,0,0.00%
Representative in Congress 3,Seymour,Michael Massey,IND,0,0.00%
Representative in Congress 3,Seymour,Leo Almoney,WI,0,0.00%
Representative in Congress 3,Seymour,Omar Scott Antar,WI,0,0.00%
Representative in Congress 3,Seymour,Shahd Omar,WI,0,0.00%
State Senator 21,Seymour,Kevin C. Kelly,R,0,0.00%
State Senator 32,Seymour,Jeff Desmarais,D,0,0.00%
State Senator 32,Seymour,Eric C. Berthel,R,0,0.00%
State Representative 105,Seymour,Nicole Klarides-Ditria,R,0,0.00%
Presidential Electors for,Sharon,Harris and Walz,D,0,0.00%
Presidential Electors for,Sharon,Trump and Vance,R,0,0.00%
Presidential Electors for,Sharon,Stein and Ware,G,0,0.00%
Presidential Electors for,Sharon,Oliver and ter Maat,LI,0,0.00%
Presidential Electors for,Sharon,"Kennedy, Jr. and Shanahan",PC,0,0.00%
Presidential Electors for,Sharon,De la Cruz and Garcia,WI,0,0.00%
Presidential Electors for,Sharon,Fox and McVay,WI,0,0.00%
Presidential Electors for,Sharon,McNeil and McNeil,WI,0,0.00%
Presidential Electors for,Sharon,Potus and Kennedy,WI,0,0.00%
Presidential Electors for,Sharon,Ayyadurai and Ellis,WI,0,0.00%
Presidential Electors for,Sharon,Sonski and Onak,WI,0,0.00%
Presidential Electors for,Sharon,West and Abdullah,WI,0,0.00%
United States Senator,Sharon,Christopher S. Murphy,D,0,0.00%
United States Senator,Sharon,Matthew M. Corey,R,0,0.00%
United States Senator,Sharon,Christopher S. Murphy,WF,0,0.00%
United States Senator,Sharon,Justin C. Paglino,G,0,0.00%
United States Senator,Sharon,Robert Finley Hyde,CGG,0,0.00%
United States Senator,Sharon,John Flynn,WI,0,0.00%
Representative in Congress 5,Sharon,Jahana Hayes,D,0,0.00%
Representative in Congress 5,Sharon,George Logan,R,0,0.00%
Representative in Congress 5,Sharon,Jahana Hayes,WF,0,0.00%
Representative in Congress 5,Sharon,Ahmad AJ Darwish,WI,0,0.00%
Representative in Congress 5,Sharon,Bertram Ferguson,WI,0,0.00%
State Senator 30,Sharon,Justin Potter,D,0,0.00%
State Senator 30,Sharon,Stephen G. Harding,R,0,0.00%
State Senator 30,Sharon,Stephen G. Harding,IND,0,0.00%
State Representative 64,Sharon,Maria Horn,D,0,0.00%
State Representative 64,Sharon,Barbara L. Breor,R,0,0.00%
State Representative 64,Sharon,Maria Horn,WF,0,0.00%
State Representative 64,Sharon,Maria Horn,IND,0,0.00%
Registrar of Voters,Sharon,Marel Rogers,D,0,0.00%
Registrar of Voters,Sharon,Patricia A. Chamberlain,R,0,0.00%
Presidential Electors for,Shelton,Harris and Walz,D,0,0.00%
Presidential Electors for,Shelton,Trump and Vance,R,0,0.00%
Presidential Electors for,Shelton,Stein and Ware,G,0,0.00%
Presidential Electors for,Shelton,Oliver and ter Maat,LI,0,0.00%
Presidential Electors for,Shelton,"Kennedy, Jr. and Shanahan",PC,0,0.00%
Presidential Electors for,Shelton,De la Cruz and Garcia,WI,0,0.00%
Presidential Electors for,Shelton,Fox and McVay,WI,0,0.00%
Presidential Electors for,Shelton,McNeil and McNeil,WI,0,0.00%
Presidential Electors for,Shelton,Potus and Kennedy,WI,0,0.00%
Presidential Electors for,Shelton,Ayyadurai and Ellis,WI,0,0.00%
Presidential Electors for,Shelton,Sonski and Onak,WI,0,0.00%
Presidential Electors for,Shelton,West and Abdullah,WI,0,0.00%
United States Senator,Shelton,Christopher S. Murphy,D,0,0.00%
United States Senator,Shelton,Matthew M. Corey,R,0,0.00%
United States Senator,Shelton,Christopher S. Murphy,WF,0,0.00%
United States Senator,Shelton,Justin C. Paglino,G,0,0.00%
United States Senator,Shelton,Robert Finley Hyde,CGG,0,0.00%
United States Senator,Shelton,John Flynn,WI,0,0.00%
Representative in Congress 3,Shelton,Rosa L. DeLauro,D,0,0.00%
Representative in Congress 3,Shelton,Michael Massey,R,0,0.00%
Representative in Congress 3,Shelton,Michael Massey,IND,0,0.00%
Representative in Congress 3,Shelton,Leo Almoney,WI,0,0.00%
Representative in Congress 3,Shelton,Omar Scott Antar,WI,0,0.00%
Representative in Congress 3,Shelton,Shahd Omar,WI,0,0.00%
Representative in Congress 4,Shelton,Jim Himes,D,0,0.00%
Representative in Congress 4,Shelton,Michael Goldstein,R,0,0.00%
Representative in Congress 4,Shelton,Benjamin Wesley,IND,0,0.00%
State Senator 21,Shelton,Kevin C. Kelly,R,0,0.00%
State Representative 113,Shelton,Jason Perillo,R,0,0.00%
State Representative 122,Shelton,"Dorothy ""Dottie"" Lerner",D,0,0.00%
State Representative 122,Shelton,Ben McGorty,R,0,0.00%
Registrar of Voters,Shelton,Janet Sabovik,D,0,0.00%
Registrar of Voters,Shelton,Peter R. Pavone,R,0,0.00%
Presidential Electors for,Sherman,Harris and Walz,D,0,0.00%
Presidential Electors for,Sherman,Trump and Vance,R,0,0.00%
Presidential Electors for,Sherman,Stein and Ware,G,0,0.00%
Presidential Electors for,Sherman,Oliver and ter Maat,LI,0,0.00%
Presidential Electors for,Sherman,"Kennedy, Jr. and Shanahan",PC,0,0.00%
Presidential Electors for,Sherman,De la Cruz and Garcia,WI,0,0.00%
Presidential Electors for,Sherman,Fox and McVay,WI,0,0.00%
Presidential Electors for,Sherman,McNeil and McNeil,WI,0,0.00%
Presidential Electors for,Sherman,Potus and Kennedy,WI,0,0.00%
Presidential Electors for,Sherman,Ayyadurai and Ellis,WI,0,0.00%
Presidential Electors for,Sherman,Sonski and Onak,WI,0,0.00%
Presidential Electors for,Sherman,West and Abdullah,WI,0,0.00%
United States Senator,Sherman,Christopher S. Murphy,D,0,0.00%
United States Senator,Sherman,Matthew M. Corey,R,0,0.00%
United States Senator,Sherman,Christopher S. Murphy,WF,0,0.00%
United States Senator,Sherman,Justin C. Paglino,G,0,0.00%
United States Senator,Sherman,Robert Finley Hyde,CGG,0,0.00%
United States Senator,Sherman,John Flynn,WI,0,0.00%
Representative in Congress 5,Sherman,Jahana Hayes,D,0,0.00%
Representative in Congress 5,Sherman,George Logan,R,0,0.00%
Representative in Congress 5,Sherman,Jahana Hayes,WF,0,0.00%
Representative in Congress 5,Sherman,Ahmad AJ Darwish,WI,0,0.00%
Representative in Congress 5,Sherman,Bertram Ferguson,WI,0,0.00%
State Senator 30,Sherman,Justin Potter,D,0,0.00%
State Senator 30,Sherman,Stephen G. Harding,R,0,0.00%
State Senator 30,Sherman,Stephen G. Harding,IND,0,0.00%
State Representative 108,Sherman,Anne Weisberg,D,0,0.00%
State Representative 108,Sherman,Patrick Callahan,R,0,0.00%
State Representative 108,Sherman,Anne Weisberg,WF,0,0.00%
Registrar of Voters,Sherman,Sara Laughlin,D,0,0.00%
Registrar of Voters,Sherman,Andrea Maloney,R,0,0.00%
Presidential Electors for,Simsbury,Harris and Walz,D,10141,63.86%
Presidential Electors for,Simsbury,Trump and Vance,R,5433,34.21%
Presidential Electors for,Simsbury,Stein and Ware,G,106,0.67%
Presidential Electors for,Simsbury,Oliver and ter Maat,LI,94,0.59%
Presidential Electors for,Simsbury,"Kennedy, Jr. and Shanahan",PC,106,0.67%
Presidential Electors for,Simsbury,De la Cruz and Garcia,WI,0,0.00%
Presidential Electors for,Simsbury,Fox and McVay,WI,0,0.00%
Presidential Electors for,Simsbury,McNeil and McNeil,WI,0,0.00%
Presidential Electors for,Simsbury,Potus and Kennedy,WI,0,0.00%
Presidential Electors for,Simsbury,Ayyadurai and Ellis,WI,0,0.00%
Presidential Electors for,Simsbury,Sonski and Onak,WI,0,0.00%
Presidential Electors for,Simsbury,West and Abdullah,WI,0,0.00%
United States Senator,Simsbury,Christopher S. Murphy,D,9707,61.79%
United States Senator,Simsbury,Matthew M. Corey,R,5475,34.85%
United States Senator,Simsbury,Christopher S. Murphy,WF,298,1.90%
United States Senator,Simsbury,Justin C. Paglino,G,120,0.76%
United States Senator,Simsbury,Robert Finley Hyde,CGG,109,0.69%
United States Senator,Simsbury,John Flynn,WI,0,0.00%
Representative in Congress 5,Simsbury,Jahana Hayes,D,9373,59.76%
Representative in Congress 5,Simsbury,George Logan,R,5998,38.24%
Representative in Congress 5,Simsbury,Jahana Hayes,WF,314,2.00%
Representative in Congress 5,Simsbury,Ahmad AJ Darwish,WI,0,0.00%
Representative in Congress 5,Simsbury,Bertram Ferguson,WI,0,0.00%
State Senator 8,Simsbury,Paul Honig,D,8836,56.53%
State Senator 8,Simsbury,Lisa Seminara,R,6291,40.25%
State Senator 8,Simsbury,Paul Honig,WF,268,1.71%
State Senator 8,Simsbury,Lisa Seminara,IND,235,1.50%
State Representative 16,Simsbury,Melissa Osborne,D,9633,61.87%
State Representative 16,Simsbury,Michael Schulitz,R,5937,38.13%
Presidential Electors for,Somers,Harris and Walz,D,0,0.00%
Presidential Electors for,Somers,Trump and Vance,R,0,0.00%
Presidential Electors for,Somers,Stein and Ware,G,0,0.00%
Presidential Electors for,Somers,Oliver and ter Maat,LI,0,0.00%
Presidential Electors for,Somers,"Kennedy, Jr. and Shanahan",PC,0,0.00%
Presidential Electors for,Somers,De la Cruz and Garcia,WI,0,0.00%
Presidential Electors for,Somers,Fox and McVay,WI,0,0.00%
Presidential Electors for,Somers,McNeil and McNeil,WI,0,0.00%
Presidential Electors for,Somers,Potus and Kennedy,WI,0,0.00%
Presidential Electors for,Somers,Ayyadurai and Ellis,WI,0,0.00%
Presidential Electors for,Somers,Sonski and Onak,WI,0,0.00%
Presidential Electors for,Somers,West and Abdullah,WI,0,0.00%
United States Senator,Somers,Christopher S. Murphy,D,0,0.00%
United States Senator,Somers,Matthew M. Corey,R,0,0.00%
United States Senator,Somers,Christopher S. Murphy,WF,0,0.00%
United States Senator,Somers,Justin C. Paglino,G,0,0.00%
United States Senator,Somers,Robert Finley Hyde,CGG,0,0.00%
United States Senator,Somers,John Flynn,WI,0,0.00%
Representative in Congress 2,Somers,Joe Courtney,D,0,0.00%
Representative in Congress 2,Somers,Mike France,R,0,0.00%
Representative in Congress 2,Somers,"Kenneth Kusmierski, Jr.",WI,0,0.00%
Representative in Congress 2,Somers,Jeffery Russell,WI,0,0.00%
State Senator 7,Somers,Cynthia Mangini,D,0,0.00%
State Senator 7,Somers,John A. Kissel,R,0,0.00%
State Senator 7,Somers,Cynthia Mangini,WF,0,0.00%
State Senator 7,Somers,John A. Kissel,IND,0,0.00%
State Representative 52,Somers,Ethan R Werstler,D,0,0.00%
State Representative 52,Somers,Kurt Vail,R,0,0.00%
Registrar of Voters,Somers,Gloriajean E. Sheiber,D,0,0.00%
Registrar of Voters,Somers,David P. McCaffrey,R,0,0.00%
Presidential Electors for,Southbury,Harris and Walz,D,0,0.00%
Presidential Electors for,Southbury,Trump and Vance,R,0,0.00%
Presidential Electors for,Southbury,Stein and Ware,G,0,0.00%
Presidential Electors for,Southbury,Oliver and ter Maat,LI,0,0.00%
Presidential Electors for,Southbury,"Kennedy, Jr. and Shanahan",PC,0,0.00%
Presidential Electors for,Southbury,De la Cruz and Garcia,WI,0,0.00%
Presidential Electors for,Southbury,Fox and McVay,WI,0,0.00%
Presidential Electors for,Southbury,McNeil and McNeil,WI,0,0.00%
Presidential Electors for,Southbury,Potus and Kennedy,WI,0,0.00%
Presidential Electors for,Southbury,Ayyadurai and Ellis,WI,0,0.00%
Presidential Electors for,Southbury,Sonski and Onak,WI,0,0.00%
Presidential Electors for,Southbury,West and Abdullah,WI,0,0.00%
United States Senator,Southbury,Christopher S. Murphy,D,0,0.00%
United States Senator,Southbury,Matthew M. Corey,R,0,0.00%
United States Senator,Southbury,Christopher S. Murphy,WF,0,0.00%
United States Senator,Southbury,Justin C. Paglino,G,0,0.00%
United States Senator,Southbury,Robert Finley Hyde,CGG,0,0.00%
United States Senator,Southbury,John Flynn,WI,0,0.00%
Representative in Congress 5,Southbury,Jahana Hayes,D,0,0.00%
Representative in Congress 5,Southbury,George Logan,R,0,0.00%
Representative in Congress 5,Southbury,Jahana Hayes,WF,0,0.00%
Representative in Congress 5,Southbury,Ahmad AJ Darwish,WI,0,0.00%
Representative in Congress 5,Southbury,Bertram Ferguson,WI,0,0.00%
State Senator 32,Southbury,Jeff Desmarais,D,0,0.00%
State Senator 32,Southbury,Eric C. Berthel,R,0,0.00%
State Representative 69,Southbury,Ed Edelson,D,0,0.00%
State Representative 69,Southbury,Jason Buchsbaum,R,0,0.00%
State Representative 131,Southbury,Ellen S. Fox,D,0,0.00%
State Representative 131,Southbury,Arnold Jensen,R,0,0.00%
State Representative 131,Southbury,Ellen S. Fox,IND,0,0.00%
Registrar of Voters,Southbury,Mary McDonald,D,0,0.00%
Registrar of Voters,Southbury,Marie Papaioannou,R,0,0.00%
Judge of Probate 22 To Fill Vacancy,Southbury,David Labriola,R,0,0.00%
Presidential Electors for,Southington,Harris and Walz,D,0,0.00%
Presidential Electors for,Southington,Trump and Vance,R,0,0.00%
Presidential Electors for,Southington,Stein and Ware,G,0,0.00%
Presidential Electors for,Southington,Oliver and ter Maat,LI,0,0.00%
Presidential Electors for,Southington,"Kennedy, Jr. and Shanahan",PC,0,0.00%
Presidential Electors for,Southington,De la Cruz and Garcia,WI,0,0.00%
Presidential Electors for,Southington,Fox and McVay,WI,0,0.00%
Presidential Electors for,Southington,McNeil and McNeil,WI,0,0.00%
Presidential Electors for,Southington,Potus and Kennedy,WI,0,0.00%
Presidential Electors for,Southington,Ayyadurai and Ellis,WI,0,0.00%
Presidential Electors for,Southington,Sonski and Onak,WI,0,0.00%
Presidential Electors for,Southington,West and Abdullah,WI,0,0.00%
United States Senator,Southington,Christopher S. Murphy,D,0,0.00%
United States Senator,Southington,Matthew M. Corey,R,0,0.00%
United States Senator,Southington,Christopher S. Murphy,WF,0,0.00%
United States Senator,Southington,Justin C. Paglino,G,0,0.00%
United States Senator,Southington,Robert Finley Hyde,CGG,0,0.00%
United States Senator,Southington,John Flynn,WI,0,0.00%
Representative in Congress 1,Southington,John B. Larson,D,0,0.00%
Representative in Congress 1,Southington,Jim Griffin,R,0,0.00%
Representative in Congress 1,Southington,John B. Larson,WF,0,0.00%
Representative in Congress 1,Southington,Mary L. Sanders,G,0,0.00%
State Senator 16,Southington,Christopher Robertson,D,0,0.00%
State Senator 16,Southington,Rob Sampson,R,0,0.00%
State Senator 16,Southington,Christopher Robertson,IND,0,0.00%
State Representative 22,Southington,Rebecca Martinez,D,0,0.00%
State Representative 22,Southington,Francis Rexford Cooley,R,0,0.00%
State Representative 22,Southington,Rebecca Martinez,WF,0,0.00%
State Representative 22,Southington,Rebecca Martinez,IND,0,0.00%
State Representative 30,Southington,Donna M. Veach,R,0,0.00%
State Representative 80,Southington,Gale L. Mastrofrancesco,R,0,0.00%
State Representative 80,Southington,Ashley Kathleen Frazer,WI,0,0.00%
State Representative 81,Southington,Chris Poulos,D,0,0.00%
State Representative 81,Southington,James E. Morelli Jr.,R,0,0.00%
State Representative 81,Southington,Chris Poulos,IND,0,0.00%
Registrar of Voters,Southington,Elaine D. Bedard,D,0,0.00%
Registrar of Voters,Southington,"August A. Palmer, III",R,0,0.00%
Presidential Electors for,South Windsor,Harris and Walz,D,0,0.00%
Presidential Electors for,South Windsor,Trump and Vance,R,0,0.00%
Presidential Electors for,South Windsor,Stein and Ware,G,0,0.00%
Presidential Electors for,South Windsor,Oliver and ter Maat,LI,0,0.00%
Presidential Electors for,South Windsor,"Kennedy, Jr. and Shanahan",PC,0,0.00%
Presidential Electors for,South Windsor,De la Cruz and Garcia,WI,0,0.00%
Presidential Electors for,South Windsor,Fox and McVay,WI,0,0.00%
Presidential Electors for,South Windsor,McNeil and McNeil,WI,0,0.00%
Presidential Electors for,South Windsor,Potus and Kennedy,WI,0,0.00%
Presidential Electors for,South Windsor,Ayyadurai and Ellis,WI,0,0.00%
Presidential Electors for,South Windsor,Sonski and Onak,WI,0,0.00%
Presidential Electors for,South Windsor,West and Abdullah,WI,0,0.00%
United States Senator,South Windsor,Christopher S. Murphy,D,0,0.00%
United States Senator,South Windsor,Matthew M. Corey,R,0,0.00%
United States Senator,South Windsor,Christopher S. Murphy,WF,0,0.00%
United States Senator,South Windsor,Justin C. Paglino,G,0,0.00%
United States Senator,South Windsor,Robert Finley Hyde,CGG,0,0.00%
United States Senator,South Windsor,John Flynn,WI,0,0.00%
Representative in Congress 1,South Windsor,John B. Larson,D,0,0.00%
Representative in Congress 1,South Windsor,Jim Griffin,R,0,0.00%
Representative in Congress 1,South Windsor,John B. Larson,WF,0,0.00%
Representative in Congress 1,South Windsor,Mary L. Sanders,G,0,0.00%
State Senator 3,South Windsor,Saud Anwar,D,0,0.00%
State Senator 3,South Windsor,Matt Siracusa,R,0,0.00%
State Senator 3,South Windsor,Saud Anwar,WF,0,0.00%
State Representative 5,South Windsor,Maryam Khan,D,0,0.00%
State Representative 5,South Windsor,Tracy L. Funnye,WI,0,0.00%
State Representative 14,South Windsor,"Steven King, Jr",D,0,0.00%
State Representative 14,South Windsor,Tom Delnicki,R,0,0.00%
State Representative 14,South Windsor,Tom Delnicki,IND,0,0.00%
Registrar of Voters,South Windsor,Sue W. Larsen,D,0,0.00%
Registrar of Voters,South Windsor,Christine Shaher,R,0,0.00%
Presidential Electors for,Sprague,Harris and Walz,D,0,0.00%
Presidential Electors for,Sprague,Trump and Vance,R,0,0.00%
Presidential Electors for,Sprague,Stein and Ware,G,0,0.00%
Presidential Electors for,Sprague,Oliver and ter Maat,LI,0,0.00%
Presidential Electors for,Sprague,"Kennedy, Jr. and Shanahan",PC,0,0.00%
Presidential Electors for,Sprague,De la Cruz and Garcia,WI,0,0.00%
Presidential Electors for,Sprague,Fox and McVay,WI,0,0.00%
Presidential Electors for,Sprague,McNeil and McNeil,WI,0,0.00%
Presidential Electors for,Sprague,Potus and Kennedy,WI,0,0.00%
Presidential Electors for,Sprague,Ayyadurai and Ellis,WI,0,0.00%
Presidential Electors for,Sprague,Sonski and Onak,WI,0,0.00%
Presidential Electors for,Sprague,West and Abdullah,WI,0,0.00%
United States Senator,Sprague,Christopher S. Murphy,D,0,0.00%
United States Senator,Sprague,Matthew M. Corey,R,0,0.00%
United States Senator,Sprague,Christopher S. Murphy,WF,0,0.00%
United States Senator,Sprague,Justin C. Paglino,G,0,0.00%
United States Senator,Sprague,Robert Finley Hyde,CGG,0,0.00%
United States Senator,Sprague,John Flynn,WI,0,0.00%
Representative in Congress 2,Sprague,Joe Courtney,D,0,0.00%
Representative in Congress 2,Sprague,Mike France,R,0,0.00%
Representative in Congress 2,Sprague,"Kenneth Kusmierski, Jr.",WI,0,0.00%
Representative in Congress 2,Sprague,Jeffery Russell,WI,0,0.00%
State Senator 19,Sprague,Catherine A. Osten,D,0,0.00%
State Senator 19,Sprague,Jason Guidone,R,0,0.00%
State Senator 19,Sprague,Catherine A. Osten,WF,0,0.00%
State Senator 19,Sprague,Catherine A. Osten,IND,0,0.00%
State Representative 47,Sprague,Aaron Spruance,D,0,0.00%
State Representative 47,Sprague,Doug Dubitsky,R,0,0.00%
Registrar of Voters,Sprague,Jon Illinger,D,0,0.00%
Registrar of Voters,Sprague,Barbara Richardson Crouch,R,0,0.00%
Presidential Electors for,Stafford,Harris and Walz,D,0,0.00%
Presidential Electors for,Stafford,Trump and Vance,R,0,0.00%
Presidential Electors for,Stafford,Stein and Ware,G,0,0.00%
Presidential Electors for,Stafford,Oliver and ter Maat,LI,0,0.00%
Presidential Electors for,Stafford,"Kennedy, Jr. and Shanahan",PC,0,0.00%
Presidential Electors for,Stafford,De la Cruz and Garcia,WI,0,0.00%
Presidential Electors for,Stafford,Fox and McVay,WI,0,0.00%
Presidential Electors for,Stafford,McNeil and McNeil,WI,0,0.00%
Presidential Electors for,Stafford,Potus and Kennedy,WI,0,0.00%
Presidential Electors for,Stafford,Ayyadurai and Ellis,WI,0,0.00%
Presidential Electors for,Stafford,Sonski and Onak,WI,0,0.00%
Presidential Electors for,Stafford,West and Abdullah,WI,0,0.00%
United States Senator,Stafford,Christopher S. Murphy,D,0,0.00%
United States Senator,Stafford,Matthew M. Corey,R,0,0.00%
United States Senator,Stafford,Christopher S. Murphy,WF,0,0.00%
United States Senator,Stafford,Justin C. Paglino,G,0,0.00%
United States Senator,Stafford,Robert Finley Hyde,CGG,0,0.00%
United States Senator,Stafford,John Flynn,WI,0,0.00%
Representative in Congress 2,Stafford,Joe Courtney,D,0,0.00%
Representative in Congress 2,Stafford,Mike France,R,0,0.00%
Representative in Congress 2,Stafford,"Kenneth Kusmierski, Jr.",WI,0,0.00%
Representative in Congress 2,Stafford,Jeffery Russell,WI,0,0.00%
State Senator 35,Stafford,Merry C. Garrett,D,0,0.00%
State Senator 35,Stafford,Jeff Gordon,R,0,0.00%
State Senator 35,Stafford,Merry C. Garrett,WF,0,0.00%
State Senator 35,Stafford,Merry C. Garrett,IND,0,0.00%
State Representative 52,Stafford,Ethan R Werstler,D,0,0.00%
State Representative 52,Stafford,Kurt Vail,R,0,0.00%
Registrar of Voters,Stafford,Sue Armstrong,D,0,0.00%
Registrar of Voters,Stafford,Eleanor Canestrari,PC,0,0.00%
Presidential Electors for,Stamford,Harris and Walz,D,0,0.00%
Presidential Electors for,Stamford,Trump and Vance,R,0,0.00%
Presidential Electors for,Stamford,Stein and Ware,G,0,0.00%
Presidential Electors for,Stamford,Oliver and ter Maat,LI,0,0.00%
Presidential Electors for,Stamford,"Kennedy, Jr. and Shanahan",PC,0,0.00%
Presidential Electors for,Stamford,De la Cruz and Garcia,WI,0,0.00%
Presidential Electors for,Stamford,Fox and McVay,WI,0,0.00%
Presidential Electors for,Stamford,McNeil and McNeil,WI,0,0.00%
Presidential Electors for,Stamford,Potus and Kennedy,WI,0,0.00%
Presidential Electors for,Stamford,Ayyadurai and Ellis,WI,0,0.00%
Presidential Electors for,Stamford,Sonski and Onak,WI,0,0.00%
Presidential Electors for,Stamford,West and Abdullah,WI,0,0.00%
United States Senator,Stamford,Christopher S. Murphy,D,0,0.00%
United States Senator,Stamford,Matthew M. Corey,R,0,0.00%
United States Senator,Stamford,Christopher S. Murphy,WF,0,0.00%
United States Senator,Stamford,Justin C. Paglino,G,0,0.00%
United States Senator,Stamford,Robert Finley Hyde,CGG,0,0.00%
United States Senator,Stamford,John Flynn,WI,0,0.00%
Representative in Congress 4,Stamford,Jim Himes,D,0,0.00%
Representative in Congress 4,Stamford,Michael Goldstein,R,0,0.00%
Representative in Congress 4,Stamford,Benjamin Wesley,IND,0,0.00%
State Senator 26,Stamford,Ceci Maher,D,0,0.00%
State Senator 26,Stamford,Kami Evans,R,0,0.00%
State Senator 26,Stamford,Kami Evans,IND,0,0.00%
State Senator 27,Stamford,Pat Billie Miller,D,0,0.00%
State Senator 27,Stamford,Nicola Tarzia,R,0,0.00%
State Senator 36,Stamford,Nick Simmons,D,0,0.00%
State Senator 36,Stamford,Ryan Fazio,R,0,0.00%
State Senator 36,Stamford,Nick Simmons,IND,0,0.00%
State Representative 125,Stamford,Jason Bennett,D,0,0.00%
State Representative 125,Stamford,Tom O'Dea,R,0,0.00%
State Representative 144,Stamford,Hubert Delany,D,0,0.00%
State Representative 144,Stamford,Layne Rodney,R,0,0.00%
State Representative 145,Stamford,Corey P. Paris,D,0,0.00%
State Representative 145,Stamford,Fritz Blau,R,0,0.00%
State Representative 145,Stamford,Corey P. Paris,WF,0,0.00%
State Representative 146,Stamford,Eilish Collins Main,D,0,0.00%
State Representative 146,Stamford,Jim Malerba,R,0,0.00%
State Representative 146,Stamford,Eilish Collins Main,IND,0,0.00%
State Representative 147,Stamford,Matt Blumenthal,D,0,0.00%
State Representative 147,Stamford,Rudy Settimi,R,0,0.00%
State Representative 148,Stamford,Jonathan Jacobson,D,0,0.00%
State Representative 148,Stamford,Olga Anastos,R,0,0.00%
State Representative 149,Stamford,Rachel Khanna,D,0,0.00%
State Representative 149,Stamford,Tina Courpas,R,0,0.00%
State Representative 149,Stamford,Rachel Khanna,IND,0,0.00%
Registrar of Voters,Stamford,Monica Di Costanzo,D,0,0.00%
Registrar of Voters,Stamford,Lucy Corelli,R,0,0.00%
Board of Education,Stamford,Julienne Foy,D,0,0.00%
Board of Education,Stamford,Rebecca Hamman,R,0,0.00%
Board of Education,Stamford,Prasad Tunga,R,0,0.00%
Board of Education,Stamford,Luisa Duran,R,0,0.00%
Presidential Electors for,Sterling,Harris and Walz,D,588,29.09%
Presidential Electors for,Sterling,Trump and Vance,R,1403,69.42%
Presidential Electors for,Sterling,Stein and Ware,G,13,0.64%
Presidential Electors for,Sterling,Oliver and ter Maat,LI,8,0.40%
Presidential Electors for,Sterling,"Kennedy, Jr. and Shanahan",PC,9,0.45%
Presidential Electors for,Sterling,De la Cruz and Garcia,WI,0,0.00%
Presidential Electors for,Sterling,Fox and McVay,WI,0,0.00%
Presidential Electors for,Sterling,McNeil and McNeil,WI,0,0.00%
Presidential Electors for,Sterling,Potus and Kennedy,WI,0,0.00%
Presidential Electors for,Sterling,Ayyadurai and Ellis,WI,0,0.00%
Presidential Electors for,Sterling,Sonski and Onak,WI,0,0.00%
Presidential Electors for,Sterling,West and Abdullah,WI,0,0.00%
United States Senator,Sterling,Christopher S. Murphy,D,588,30.53%
United States Senator,Sterling,Matthew M. Corey,R,1251,64.95%
United States Senator,Sterling,Christopher S. Murphy,WF,49,2.54%
United States Senator,Sterling,Justin C. Paglino,G,12,0.62%
United States Senator,Sterling,Robert Finley Hyde,CGG,26,1.35%
United States Senator,Sterling,John Flynn,WI,0,0.00%
Representative in Congress 2,Sterling,Joe Courtney,D,691,35.88%
Representative in Congress 2,Sterling,Mike France,R,1235,64.12%
Representative in Congress 2,Sterling,"Kenneth Kusmierski, Jr.",WI,0,0.00%
Representative in Congress 2,Sterling,Jeffery Russell,WI,0,0.00%
State Senator 18,Sterling,Andrew M. Parrella,D,460,24.00%
State Senator 18,Sterling,Heather Somers,R,1401,73.08%
State Senator 18,Sterling,Heather Somers,IND,56,2.92%
State Representative 44,Sterling,Samantha Derenthal,D,514,26.84%
State Representative 44,Sterling,Anne Dubay Dauphinais,R,1344,70.18%
State Representative 44,Sterling,Samantha Derenthal,IND,57,2.98%
Registrar of Voters,Sterling,Cathy Levine,D,510,26.87%
Registrar of Voters,Sterling,Tammy Etheridge,R,1388,73.13%
Presidential Electors for,Stonington,Harris and Walz,D,0,0.00%
Presidential Electors for,Stonington,Trump and Vance,R,0,0.00%
Presidential Electors for,Stonington,Stein and Ware,G,0,0.00%
Presidential Electors for,Stonington,Oliver and ter Maat,LI,0,0.00%
Presidential Electors for,Stonington,"Kennedy, Jr. and Shanahan",PC,0,0.00%
Presidential Electors for,Stonington,De la Cruz and Garcia,WI,0,0.00%
Presidential Electors for,Stonington,Fox and McVay,WI,0,0.00%
Presidential Electors for,Stonington,McNeil and McNeil,WI,0,0.00%
Presidential Electors for,Stonington,Potus and Kennedy,WI,0,0.00%
Presidential Electors for,Stonington,Ayyadurai and Ellis,WI,0,0.00%
Presidential Electors for,Stonington,Sonski and Onak,WI,0,0.00%
Presidential Electors for,Stonington,West and Abdullah,WI,0,0.00%
United States Senator,Stonington,Christopher S. Murphy,D,0,0.00%
United States Senator,Stonington,Matthew M. Corey,R,0,0.00%
United States Senator,Stonington,Christopher S. Murphy,WF,0,0.00%
United States Senator,Stonington,Justin C. Paglino,G,0,0.00%
United States Senator,Stonington,Robert Finley Hyde,CGG,0,0.00%
United States Senator,Stonington,John Flynn,WI,0,0.00%
Representative in Congress 2,Stonington,Joe Courtney,D,0,0.00%
Representative in Congress 2,Stonington,Mike France,R,0,0.00%
Representative in Congress 2,Stonington,"Kenneth Kusmierski, Jr.",WI,0,0.00%
Representative in Congress 2,Stonington,Jeffery Russell,WI,0,0.00%
State Senator 18,Stonington,Andrew M. Parrella,D,0,0.00%
State Senator 18,Stonington,Heather Somers,R,0,0.00%
State Senator 18,Stonington,Heather Somers,IND,0,0.00%
State Representative 41,Stonington,Aundre Bumgardner,D,0,0.00%
State Representative 41,Stonington,Aundre Bumgardner,WF,0,0.00%
State Representative 41,Stonington,Aundre Bumgardner,IND,0,0.00%
State Representative 43,Stonington,Ty Lamb,D,0,0.00%
State Representative 43,Stonington,Greg Howard,R,0,0.00%
Registrar of Voters,Stonington,Karen O'Keefe,D,0,0.00%
Registrar of Voters,Stonington,Peggy Roberts,R,0,0.00%
Presidential Electors for,Stratford,Harris and Walz,D,0,0.00%
Presidential Electors for,Stratford,Trump and Vance,R,0,0.00%
Presidential Electors for,Stratford,Stein and Ware,G,0,0.00%
Presidential Electors for,Stratford,Oliver and ter Maat,LI,0,0.00%
Presidential Electors for,Stratford,"Kennedy, Jr. and Shanahan",PC,0,0.00%
Presidential Electors for,Stratford,De la Cruz and Garcia,WI,0,0.00%
Presidential Electors for,Stratford,Fox and McVay,WI,0,0.00%
Presidential Electors for,Stratford,McNeil and McNeil,WI,0,0.00%
Presidential Electors for,Stratford,Potus and Kennedy,WI,0,0.00%
Presidential Electors for,Stratford,Ayyadurai and Ellis,WI,0,0.00%
Presidential Electors for,Stratford,Sonski and Onak,WI,0,0.00%
Presidential Electors for,Stratford,West and Abdullah,WI,0,0.00%
United States Senator,Stratford,Christopher S. Murphy,D,0,0.00%
United States Senator,Stratford,Matthew M. Corey,R,0,0.00%
United States Senator,Stratford,Christopher S. Murphy,WF,0,0.00%
United States Senator,Stratford,Justin C. Paglino,G,0,0.00%
United States Senator,Stratford,Robert Finley Hyde,CGG,0,0.00%
United States Senator,Stratford,John Flynn,WI,0,0.00%
Representative in Congress 3,Stratford,Rosa L. DeLauro,D,0,0.00%
Representative in Congress 3,Stratford,Michael Massey,R,0,0.00%
Representative in Congress 3,Stratford,Michael Massey,IND,0,0.00%
Representative in Congress 3,Stratford,Leo Almoney,WI,0,0.00%
Representative in Congress 3,Stratford,Omar Scott Antar,WI,0,0.00%
Representative in Congress 3,Stratford,Shahd Omar,WI,0,0.00%
State Senator 21,Stratford,Kevin C. Kelly,R,0,0.00%
State Senator 23,Stratford,Herron Gaston,D,0,0.00%
State Senator 23,Stratford,Brian Banacowski,R,0,0.00%
State Senator 23,Stratford,Herron Gaston,WF,0,0.00%
State Representative 120,Stratford,Kaitlyn Shake,D,0,0.00%
State Representative 120,Stratford,Laura Dancho,R,0,0.00%
State Representative 120,Stratford,Kaitlyn Shake,WF,0,0.00%
State Representative 120,Stratford,Laura Dancho,IND,0,0.00%
State Representative 121,Stratford,Joseph P. Gresko,D,0,0.00%
State Representative 121,Stratford,Rafael Irizarry,R,0,0.00%
State Representative 122,Stratford,"Dorothy ""Dottie"" Lerner",D,0,0.00%
State Representative 122,Stratford,Ben McGorty,R,0,0.00%
Registrar of Voters,Stratford,James Simon,D,0,0.00%
Registrar of Voters,Stratford,Louis A. DeCilio,R,0,0.00%
Presidential Electors for,Suffield,Harris and Walz,D,0,0.00%
Presidential Electors for,Suffield,Trump and Vance,R,0,0.00%
Presidential Electors for,Suffield,Stein and Ware,G,0,0.00%
Presidential Electors for,Suffield,Oliver and ter Maat,LI,0,0.00%
Presidential Electors for,Suffield,"Kennedy, Jr. and Shanahan",PC,0,0.00%
Presidential Electors for,Suffield,De la Cruz and Garcia,WI,0,0.00%
Presidential Electors for,Suffield,Fox and McVay,WI,0,0.00%
Presidential Electors for,Suffield,McNeil and McNeil,WI,0,0.00%
Presidential Electors for,Suffield,Potus and Kennedy,WI,0,0.00%
Presidential Electors for,Suffield,Ayyadurai and Ellis,WI,0,0.00%
Presidential Electors for,Suffield,Sonski and Onak,WI,0,0.00%
Presidential Electors for,Suffield,West and Abdullah,WI,0,0.00%
United States Senator,Suffield,Christopher S. Murphy,D,0,0.00%
United States Senator,Suffield,Matthew M. Corey,R,0,0.00%
United States Senator,Suffield,Christopher S. Murphy,WF,0,0.00%
United States Senator,Suffield,Justin C. Paglino,G,0,0.00%
United States Senator,Suffield,Robert Finley Hyde,CGG,0,0.00%
United States Senator,Suffield,John Flynn,WI,0,0.00%
Representative in Congress 2,Suffield,Joe Courtney,D,0,0.00%
Representative in Congress 2,Suffield,Mike France,R,0,0.00%
Representative in Congress 2,Suffield,"Kenneth Kusmierski, Jr.",WI,0,0.00%
Representative in Congress 2,Suffield,Jeffery Russell,WI,0,0.00%
State Senator 7,Suffield,Cynthia Mangini,D,0,0.00%
State Senator 7,Suffield,John A. Kissel,R,0,0.00%
State Senator 7,Suffield,Cynthia Mangini,WF,0,0.00%
State Senator 7,Suffield,John A. Kissel,IND,0,0.00%
State Representative 61,Suffield,Michael Malloy,D,0,0.00%
State Representative 61,Suffield,Tami Zawistowski,R,0,0.00%
Presidential Electors for,Thomaston,Harris and Walz,D,2255,34.23%
Presidential Electors for,Thomaston,Trump and Vance,R,4256,64.60%
Presidential Electors for,Thomaston,Stein and Ware,G,23,0.35%
Presidential Electors for,Thomaston,Oliver and ter Maat,LI,21,0.32%
Presidential Electors for,Thomaston,"Kennedy, Jr. and Shanahan",PC,33,0.50%
Presidential Electors for,Thomaston,De la Cruz and Garcia,WI,0,0.00%
Presidential Electors for,Thomaston,Fox and McVay,WI,0,0.00%
Presidential Electors for,Thomaston,McNeil and McNeil,WI,0,0.00%
Presidential Electors for,Thomaston,Potus and Kennedy,WI,0,0.00%
Presidential Electors for,Thomaston,Ayyadurai and Ellis,WI,0,0.00%
Presidential Electors for,Thomaston,Sonski and Onak,WI,0,0.00%
Presidential Electors for,Thomaston,West and Abdullah,WI,0,0.00%
United States Senator,Thomaston,Christopher S. Murphy,D,2217,34.58%
United States Senator,Thomaston,Matthew M. Corey,R,3926,61.24%
United States Senator,Thomaston,Christopher S. Murphy,WF,172,2.68%
United States Senator,Thomaston,Justin C. Paglino,G,31,0.48%
United States Senator,Thomaston,Robert Finley Hyde,CGG,65,1.01%
United States Senator,Thomaston,John Flynn,WI,0,0.00%
Representative in Congress 5,Thomaston,Jahana Hayes,D,2122,32.61%
Representative in Congress 5,Thomaston,George Logan,R,4250,65.30%
Representative in Congress 5,Thomaston,Jahana Hayes,WF,136,2.09%
Representative in Congress 5,Thomaston,Ahmad AJ Darwish,WI,0,0.00%
Representative in Congress 5,Thomaston,Bertram Ferguson,WI,0,0.00%
State Senator 31,Thomaston,Henri Martin,R,5055,100.00%
State Representative 76,Thomaston,Stephen Simonin,D,1612,25.23%
State Representative 76,Thomaston,John Piscopo,R,4777,74.77%
Presidential Electors for,Thompson,Harris and Walz,D,0,0.00%
Presidential Electors for,Thompson,Trump and Vance,R,0,0.00%
Presidential Electors for,Thompson,Stein and Ware,G,0,0.00%
Presidential Electors for,Thompson,Oliver and ter Maat,LI,0,0.00%
Presidential Electors for,Thompson,"Kennedy, Jr. and Shanahan",PC,0,0.00%
Presidential Electors for,Thompson,De la Cruz and Garcia,WI,0,0.00%
Presidential Electors for,Thompson,Fox and McVay,WI,0,0.00%
Presidential Electors for,Thompson,McNeil and McNeil,WI,0,0.00%
Presidential Electors for,Thompson,Potus and Kennedy,WI,0,0.00%
Presidential Electors for,Thompson,Ayyadurai and Ellis,WI,0,0.00%
Presidential Electors for,Thompson,Sonski and Onak,WI,0,0.00%
Presidential Electors for,Thompson,West and Abdullah,WI,0,0.00%
United States Senator,Thompson,Christopher S. Murphy,D,0,0.00%
United States Senator,Thompson,Matthew M. Corey,R,0,0.00%
United States Senator,Thompson,Christopher S. Murphy,WF,0,0.00%
United States Senator,Thompson,Justin C. Paglino,G,0,0.00%
United States Senator,Thompson,Robert Finley Hyde,CGG,0,0.00%
United States Senator,Thompson,John Flynn,WI,0,0.00%
Representative in Congress 2,Thompson,Joe Courtney,D,0,0.00%
Representative in Congress 2,Thompson,Mike France,R,0,0.00%
Representative in Congress 2,Thompson,"Kenneth Kusmierski, Jr.",WI,0,0.00%
Representative in Congress 2,Thompson,Jeffery Russell,WI,0,0.00%
State Senator 29,Thompson,Mae Flexer,D,0,0.00%
State Senator 29,Thompson,Chris Reddy,R,0,0.00%
State Senator 29,Thompson,Mae Flexer,WF,0,0.00%
State Senator 29,Thompson,Mae Flexer,IND,0,0.00%
State Senator 29,Thompson,Alice Leibowitz,G,0,0.00%
State Senator 35,Thompson,Merry C. Garrett,D,0,0.00%
State Senator 35,Thompson,Jeff Gordon,R,0,0.00%
State Senator 35,Thompson,Merry C. Garrett,WF,0,0.00%
State Senator 35,Thompson,Merry C. Garrett,IND,0,0.00%
State Representative 51,Thompson,Renee LaPalme Waldron,D,0,0.00%
State Representative 51,Thompson,Chris Stewart,R,0,0.00%
State Representative 51,Thompson,Renee LaPalme Waldron,WF,0,0.00%
State Representative 51,Thompson,Renee LaPalme Waldron,IND,0,0.00%
Registrar of Voters,Thompson,A. Aileen Witkowski,D,0,0.00%
Registrar of Voters,Thompson,Francis J. McGarry,R,0,0.00%
Presidential Electors for,Tolland,Harris and Walz,D,0,0.00%
Presidential Electors for,Tolland,Trump and Vance,R,0,0.00%
Presidential Electors for,Tolland,Stein and Ware,G,0,0.00%
Presidential Electors for,Tolland,Oliver and ter Maat,LI,0,0.00%
Presidential Electors for,Tolland,"Kennedy, Jr. and Shanahan",PC,0,0.00%
Presidential Electors for,Tolland,De la Cruz and Garcia,WI,0,0.00%
Presidential Electors for,Tolland,Fox and McVay,WI,0,0.00%
Presidential Electors for,Tolland,McNeil and McNeil,WI,0,0.00%
Presidential Electors for,Tolland,Potus and Kennedy,WI,0,0.00%
Presidential Electors for,Tolland,Ayyadurai and Ellis,WI,0,0.00%
Presidential Electors for,Tolland,Sonski and Onak,WI,0,0.00%
Presidential Electors for,Tolland,West and Abdullah,WI,0,0.00%
United States Senator,Tolland,Christopher S. Murphy,D,0,0.00%
United States Senator,Tolland,Matthew M. Corey,R,0,0.00%
United States Senator,Tolland,Christopher S. Murphy,WF,0,0.00%
United States Senator,Tolland,Justin C. Paglino,G,0,0.00%
United States Senator,Tolland,Robert Finley Hyde,CGG,0,0.00%
United States Senator,Tolland,John Flynn,WI,0,0.00%
Representative in Congress 2,Tolland,Joe Courtney,D,0,0.00%
Representative in Congress 2,Tolland,Mike France,R,0,0.00%
Representative in Congress 2,Tolland,"Kenneth Kusmierski, Jr.",WI,0,0.00%
Representative in Congress 2,Tolland,Jeffery Russell,WI,0,0.00%
State Senator 35,Tolland,Merry C. Garrett,D,0,0.00%
State Senator 35,Tolland,Jeff Gordon,R,0,0.00%
State Senator 35,Tolland,Merry C. Garrett,WF,0,0.00%
State Senator 35,Tolland,Merry C. Garrett,IND,0,0.00%
State Representative 8,Tolland,Nancy Hammarstrom,D,0,0.00%
State Representative 8,Tolland,Timothy Ackert,R,0,0.00%
State Representative 8,Tolland,Nancy Hammarstrom,WF,0,0.00%
State Representative 53,Tolland,Ann Bonney,D,0,0.00%
State Representative 53,Tolland,Tammy Nuccio,R,0,0.00%
State Representative 53,Tolland,Ann Bonney,WF,0,0.00%
State Representative 53,Tolland,Tammy Nuccio,IND,0,0.00%
Registrar of Voters,Tolland,R. Michael Wyman,D,0,0.00%
Registrar of Voters,Tolland,Leonard A. Bach,R,0,0.00%
Judge of Probate 25 To Fill Vacancy,Tolland,Sophia H. Shaikh,D,0,0.00%
Presidential Electors for,Torrington,Harris and Walz,D,0,0.00%
Presidential Electors for,Torrington,Trump and Vance,R,0,0.00%
Presidential Electors for,Torrington,Stein and Ware,G,0,0.00%
Presidential Electors for,Torrington,Oliver and ter Maat,LI,0,0.00%
Presidential Electors for,Torrington,"Kennedy, Jr. and Shanahan",PC,0,0.00%
Presidential Electors for,Torrington,De la Cruz and Garcia,WI,0,0.00%
Presidential Electors for,Torrington,Fox and McVay,WI,0,0.00%
Presidential Electors for,Torrington,McNeil and McNeil,WI,0,0.00%
Presidential Electors for,Torrington,Potus and Kennedy,WI,0,0.00%
Presidential Electors for,Torrington,Ayyadurai and Ellis,WI,0,0.00%
Presidential Electors for,Torrington,Sonski and Onak,WI,0,0.00%
Presidential Electors for,Torrington,West and Abdullah,WI,0,0.00%
United States Senator,Torrington,Christopher S. Murphy,D,0,0.00%
United States Senator,Torrington,Matthew M. Corey,R,0,0.00%
United States Senator,Torrington,Christopher S. Murphy,WF,0,0.00%
United States Senator,Torrington,Justin C. Paglino,G,0,0.00%
United States Senator,Torrington,Robert Finley Hyde,CGG,0,0.00%
United States Senator,Torrington,John Flynn,WI,0,0.00%
Representative in Congress 1,Torrington,John B. Larson,D,0,0.00%
Representative in Congress 1,Torrington,Jim Griffin,R,0,0.00%
Representative in Congress 1,Torrington,John B. Larson,WF,0,0.00%
Representative in Congress 1,Torrington,Mary L. Sanders,G,0,0.00%
Representative in Congress 5,Torrington,Jahana Hayes,D,0,0.00%
Representative in Congress 5,Torrington,George Logan,R,0,0.00%
Representative in Congress 5,Torrington,Jahana Hayes,WF,0,0.00%
Representative in Congress 5,Torrington,Ahmad AJ Darwish,WI,0,0.00%
Representative in Congress 5,Torrington,Bertram Ferguson,WI,0,0.00%
State Senator 8,Torrington,Paul Honig,D,0,0.00%
State Senator 8,Torrington,Lisa Seminara,R,0,0.00%
State Senator 8,Torrington,Paul Honig,WF,0,0.00%
State Senator 8,Torrington,Lisa Seminara,IND,0,0.00%
State Senator 30,Torrington,Justin Potter,D,0,0.00%
State Senator 30,Torrington,Stephen G. Harding,R,0,0.00%
State Senator 30,Torrington,Stephen G. Harding,IND,0,0.00%
State Representative 63,Torrington,Jay M. Case,R,0,0.00%
State Representative 65,Torrington,Michelle L. Cook,D,0,0.00%
State Representative 65,Torrington,Joe Canino,R,0,0.00%
Registrar of Voters,Torrington,Jacque Williams,D,0,0.00%
Registrar of Voters,Torrington,Frederick E. Jury,R,0,0.00%
Presidential Electors for,Trumbull,Harris and Walz,D,0,0.00%
Presidential Electors for,Trumbull,Trump and Vance,R,0,0.00%
Presidential Electors for,Trumbull,Stein and Ware,G,0,0.00%
Presidential Electors for,Trumbull,Oliver and ter Maat,LI,0,0.00%
Presidential Electors for,Trumbull,"Kennedy, Jr. and Shanahan",PC,0,0.00%
Presidential Electors for,Trumbull,De la Cruz and Garcia,WI,0,0.00%
Presidential Electors for,Trumbull,Fox and McVay,WI,0,0.00%
Presidential Electors for,Trumbull,McNeil and McNeil,WI,0,0.00%
Presidential Electors for,Trumbull,Potus and Kennedy,WI,0,0.00%
Presidential Electors for,Trumbull,Ayyadurai and Ellis,WI,0,0.00%
Presidential Electors for,Trumbull,Sonski and Onak,WI,0,0.00%
Presidential Electors for,Trumbull,West and Abdullah,WI,0,0.00%
United States Senator,Trumbull,Christopher S. Murphy,D,0,0.00%
United States Senator,Trumbull,Matthew M. Corey,R,0,0.00%
United States Senator,Trumbull,Christopher S. Murphy,WF,0,0.00%
United States Senator,Trumbull,Justin C. Paglino,G,0,0.00%
United States Senator,Trumbull,Robert Finley Hyde,CGG,0,0.00%
United States Senator,Trumbull,John Flynn,WI,0,0.00%
Representative in Congress 4,Trumbull,Jim Himes,D,0,0.00%
Representative in Congress 4,Trumbull,Michael Goldstein,R,0,0.00%
Representative in Congress 4,Trumbull,Benjamin Wesley,IND,0,0.00%
State Senator 22,Trumbull,Sujata Gadkar-Wilcox,D,0,0.00%
State Senator 22,Trumbull,Chris Carrena,R,0,0.00%
State Senator 22,Trumbull,Robert Edward Halstead,IND,0,0.00%
State Senator 22,Trumbull,Louis Anthony Bevilacqua,WI,0,0.00%
State Representative 112,Trumbull,Beth Cliff,D,0,0.00%
State Representative 112,Trumbull,Tony Scott,R,0,0.00%
State Representative 112,Trumbull,Beth Cliff,WF,0,0.00%
State Representative 112,Trumbull,Beth Cliff,IND,0,0.00%
State Representative 122,Trumbull,"Dorothy ""Dottie"" Lerner",D,0,0.00%
State Representative 122,Trumbull,Ben McGorty,R,0,0.00%
State Representative 123,Trumbull,Thomas Tesoro,D,0,0.00%
State Representative 123,Trumbull,David J. Rutigliano,R,0,0.00%
State Representative 123,Trumbull,Thomas Tesoro,WF,0,0.00%
State Representative 123,Trumbull,David J. Rutigliano,IND,0,0.00%
State Representative 134,Trumbull,Sarah Keitt,D,0,0.00%
State Representative 134,Trumbull,Melissa Longo,R,0,0.00%
State Representative 134,Trumbull,Sarah Keitt,WF,0,0.00%
State Representative 134,Trumbull,Sarah Keitt,IND,0,0.00%
Registrar of Voters,Trumbull,Jean Rabinow,D,0,0.00%
Registrar of Voters,Trumbull,Tracy S. Vonick,R,0,0.00%
Presidential Electors for,Union,Harris and Walz,D,235,41.81%
Presidential Electors for,Union,Trump and Vance,R,315,56.05%
Presidential Electors for,Union,Stein and Ware,G,2,0.36%
Presidential Electors for,Union,Oliver and ter Maat,LI,7,1.25%
Presidential Electors for,Union,"Kennedy, Jr. and Shanahan",PC,3,0.53%
Presidential Electors for,Union,De la Cruz and Garcia,WI,0,0.00%
Presidential Electors for,Union,Fox and McVay,WI,0,0.00%
Presidential Electors for,Union,McNeil and McNeil,WI,0,0.00%
Presidential Electors for,Union,Potus and Kennedy,WI,0,0.00%
Presidential Electors for,Union,Ayyadurai and Ellis,WI,0,0.00%
Presidential Electors for,Union,Sonski and Onak,WI,0,0.00%
Presidential Electors for,Union,West and Abdullah,WI,0,0.00%
United States Senator,Union,Christopher S. Murphy,D,223,41.37%
United States Senator,Union,Matthew M. Corey,R,294,54.55%
United States Senator,Union,Christopher S. Murphy,WF,13,2.41%
United States Senator,Union,Justin C. Paglino,G,4,0.74%
United States Senator,Union,Robert Finley Hyde,CGG,5,0.93%
United States Senator,Union,John Flynn,WI,0,0.00%
Representative in Congress 2,Union,Joe Courtney,D,249,46.72%
Representative in Congress 2,Union,Mike France,R,284,53.28%
Representative in Congress 2,Union,"Kenneth Kusmierski, Jr.",WI,0,0.00%
Representative in Congress 2,Union,Jeffery Russell,WI,0,0.00%
State Senator 35,Union,Merry C. Garrett,D,176,33.33%
State Senator 35,Union,Jeff Gordon,R,334,63.26%
State Senator 35,Union,Merry C. Garrett,WF,12,2.27%
State Senator 35,Union,Merry C. Garrett,IND,6,1.14%
State Representative 52,Union,Ethan R Werstler,D,229,42.57%
State Representative 52,Union,Kurt Vail,R,309,57.43%
Presidential Electors for,Vernon,Harris and Walz,D,0,0.00%
Presidential Electors for,Vernon,Trump and Vance,R,0,0.00%
Presidential Electors for,Vernon,Stein and Ware,G,0,0.00%
Presidential Electors for,Vernon,Oliver and ter Maat,LI,0,0.00%
Presidential Electors for,Vernon,"Kennedy, Jr. and Shanahan",PC,0,0.00%
Presidential Electors for,Vernon,De la Cruz and Garcia,WI,0,0.00%
Presidential Electors for,Vernon,Fox and McVay,WI,0,0.00%
Presidential Electors for,Vernon,McNeil and McNeil,WI,0,0.00%
Presidential Electors for,Vernon,Potus and Kennedy,WI,0,0.00%
Presidential Electors for,Vernon,Ayyadurai and Ellis,WI,0,0.00%
Presidential Electors for,Vernon,Sonski and Onak,WI,0,0.00%
Presidential Electors for,Vernon,West and Abdullah,WI,0,0.00%
United States Senator,Vernon,Christopher S. Murphy,D,0,0.00%
United States Senator,Vernon,Matthew M. Corey,R,0,0.00%
United States Senator,Vernon,Christopher S. Murphy,WF,0,0.00%
United States Senator,Vernon,Justin C. Paglino,G,0,0.00%
United States Senator,Vernon,Robert Finley Hyde,CGG,0,0.00%
United States Senator,Vernon,John Flynn,WI,0,0.00%
Representative in Congress 2,Vernon,Joe Courtney,D,0,0.00%
Representative in Congress 2,Vernon,Mike France,R,0,0.00%
Representative in Congress 2,Vernon,"Kenneth Kusmierski, Jr.",WI,0,0.00%
Representative in Congress 2,Vernon,Jeffery Russell,WI,0,0.00%
State Senator 35,Vernon,Merry C. Garrett,D,0,0.00%
State Senator 35,Vernon,Jeff Gordon,R,0,0.00%
State Senator 35,Vernon,Merry C. Garrett,WF,0,0.00%
State Senator 35,Vernon,Merry C. Garrett,IND,0,0.00%
State Representative 53,Vernon,Ann Bonney,D,0,0.00%
State Representative 53,Vernon,Tammy Nuccio,R,0,0.00%
State Representative 53,Vernon,Ann Bonney,WF,0,0.00%
State Representative 53,Vernon,Tammy Nuccio,IND,0,0.00%
State Representative 56,Vernon,Kevin Brown,D,0,0.00%
State Representative 56,Vernon,Brian Motola,R,0,0.00%
State Representative 56,Vernon,Kevin Brown,WF,0,0.00%
State Representative 56,Vernon,Kevin Brown,IND,0,0.00%
State Representative 57,Vernon,Jaime S. Foster,D,0,0.00%
State Representative 57,Vernon,Jennifer Dzen,R,0,0.00%
State Representative 57,Vernon,Jaime S. Foster,IND,0,0.00%
Registrar of Voters,Vernon,Chris Prue,D,0,0.00%
Registrar of Voters,Vernon,M. Lisa Moody,R,0,0.00%
Presidential Electors for,Voluntown,Harris and Walz,D,575,37.31%
Presidential Electors for,Voluntown,Trump and Vance,R,929,60.29%
Presidential Electors for,Voluntown,Stein and Ware,G,16,1.04%
Presidential Electors for,Voluntown,Oliver and ter Maat,LI,8,0.52%
Presidential Electors for,Voluntown,"Kennedy, Jr. and Shanahan",PC,11,0.71%
Presidential Electors for,Voluntown,De la Cruz and Garcia,WI,1,0.06%
Presidential Electors for,Voluntown,Fox and McVay,WI,0,0.00%
Presidential Electors for,Voluntown,McNeil and McNeil,WI,0,0.00%
Presidential Electors for,Voluntown,Potus and Kennedy,WI,0,0.00%
Presidential Electors for,Voluntown,Ayyadurai and Ellis,WI,0,0.00%
Presidential Electors for,Voluntown,Sonski and Onak,WI,0,0.00%
Presidential Electors for,Voluntown,West and Abdullah,WI,1,0.06%
United States Senator,Voluntown,Christopher S. Murphy,D,559,38.29%
United States Senator,Voluntown,Matthew M. Corey,R,828,56.71%
United States Senator,Voluntown,Christopher S. Murphy,WF,38,2.60%
United States Senator,Voluntown,Justin C. Paglino,G,13,0.89%
United States Senator,Voluntown,Robert Finley Hyde,CGG,22,1.51%
United States Senator,Voluntown,John Flynn,WI,0,0.00%
Representative in Congress 2,Voluntown,Joe Courtney,D,649,44.45%
Representative in Congress 2,Voluntown,Mike France,R,811,55.55%
Representative in Congress 2,Voluntown,"Kenneth Kusmierski, Jr.",WI,0,0.00%
Representative in Congress 2,Voluntown,Jeffery Russell,WI,0,0.00%
State Senator 18,Voluntown,Andrew M. Parrella,D,372,25.58%
State Senator 18,Voluntown,Heather Somers,R,1038,71.39%
State Senator 18,Voluntown,Heather Somers,IND,44,3.03%
State Representative 45,Voluntown,Kayla Thompson,D,434,29.69%
State Representative 45,Voluntown,Brian L. Lanoue,R,1028,70.31%
Registrar of Voters,Voluntown,Tammy Daigneault,D,494,34.59%
Registrar of Voters,Voluntown,Belinda J. Wiese,R,934,65.41%
Presidential Electors for,Wallingford,Harris and Walz,D,0,0.00%
Presidential Electors for,Wallingford,Trump and Vance,R,0,0.00%
Presidential Electors for,Wallingford,Stein and Ware,G,0,0.00%
Presidential Electors for,Wallingford,Oliver and ter Maat,LI,0,0.00%
Presidential Electors for,Wallingford,"Kennedy, Jr. and Shanahan",PC,0,0.00%
Presidential Electors for,Wallingford,De la Cruz and Garcia,WI,0,0.00%
Presidential Electors for,Wallingford,Fox and McVay,WI,0,0.00%
Presidential Electors for,Wallingford,McNeil and McNeil,WI,0,0.00%
Presidential Electors for,Wallingford,Potus and Kennedy,WI,0,0.00%
Presidential Electors for,Wallingford,Ayyadurai and Ellis,WI,0,0.00%
Presidential Electors for,Wallingford,Sonski and Onak,WI,0,0.00%
Presidential Electors for,Wallingford,West and Abdullah,WI,0,0.00%
United States Senator,Wallingford,Christopher S. Murphy,D,0,0.00%
United States Senator,Wallingford,Matthew M. Corey,R,0,0.00%
United States Senator,Wallingford,Christopher S. Murphy,WF,0,0.00%
United States Senator,Wallingford,Justin C. Paglino,G,0,0.00%
United States Senator,Wallingford,Robert Finley Hyde,CGG,0,0.00%
United States Senator,Wallingford,John Flynn,WI,0,0.00%
Representative in Congress 3,Wallingford,Rosa L. DeLauro,D,0,0.00%
Representative in Congress 3,Wallingford,Michael Massey,R,0,0.00%
Representative in Congress 3,Wallingford,Michael Massey,IND,0,0.00%
Representative in Congress 3,Wallingford,Leo Almoney,WI,0,0.00%
Representative in Congress 3,Wallingford,Omar Scott Antar,WI,0,0.00%
Representative in Congress 3,Wallingford,Shahd Omar,WI,0,0.00%
State Senator 34,Wallingford,Brandi Mandato,D,0,0.00%
State Senator 34,Wallingford,Paul Cicarella,R,0,0.00%
State Senator 34,Wallingford,Brandi Mandato,WF,0,0.00%
State Senator 34,Wallingford,Paul Cicarella,IND,0,0.00%
State Senator 34,Wallingford,David A. Bedell,G,0,0.00%
State Representative 85,Wallingford,Mary M. Mushinsky,D,0,0.00%
State Representative 85,Wallingford,"Jerry Farrell, Jr.",R,0,0.00%
State Representative 85,Wallingford,Mary M. Mushinsky,WF,0,0.00%
State Representative 85,Wallingford,Mary M. Mushinsky,IND,0,0.00%
State Representative 90,Wallingford,Rebecca Hyland,D,0,0.00%
State Representative 90,Wallingford,Craig Fishbein,R,0,0.00%
State Representative 90,Wallingford,Rebecca Hyland,WF,0,0.00%
State Representative 90,Wallingford,Craig Fishbein,IND,0,0.00%
State Representative 103,Wallingford,Liz Linehan,D,0,0.00%
Registrar of Voters,Wallingford,Thomas Wolfer,D,0,0.00%
Registrar of Voters,Wallingford,Joan Ives-Parisi,R,0,0.00%
Presidential Electors for,Warren,Harris and Walz,D,487,50.73%
Presidential Electors for,Warren,Trump and Vance,R,464,48.33%
Presidential Electors for,Warren,Stein and Ware,G,2,0.21%
Presidential Electors for,Warren,Oliver and ter Maat,LI,7,0.73%
Presidential Electors for,Warren,"Kennedy, Jr. and Shanahan",PC,0,0.00%
Presidential Electors for,Warren,De la Cruz and Garcia,WI,0,0.00%
Presidential Electors for,Warren,Fox and McVay,WI,0,0.00%
Presidential Electors for,Warren,McNeil and McNeil,WI,0,0.00%
Presidential Electors for,Warren,Potus and Kennedy,WI,0,0.00%
Presidential Electors for,Warren,Ayyadurai and Ellis,WI,0,0.00%
Presidential Electors for,Warren,Sonski and Onak,WI,0,0.00%
Presidential Electors for,Warren,West and Abdullah,WI,0,0.00%
United States Senator,Warren,Christopher S. Murphy,D,777,62.46%
United States Senator,Warren,Matthew M. Corey,R,432,34.73%
United States Senator,Warren,Christopher S. Murphy,WF,23,1.85%
United States Senator,Warren,Justin C. Paglino,G,3,0.24%
United States Senator,Warren,Robert Finley Hyde,CGG,9,0.72%
United States Senator,Warren,John Flynn,WI,0,0.00%
Representative in Congress 5,Warren,Jahana Hayes,D,466,49.21%
Representative in Congress 5,Warren,George Logan,R,456,48.15%
Representative in Congress 5,Warren,Jahana Hayes,WF,25,2.64%
Representative in Congress 5,Warren,Ahmad AJ Darwish,WI,0,0.00%
Representative in Congress 5,Warren,Bertram Ferguson,WI,0,0.00%
State Senator 30,Warren,Justin Potter,D,470,50.59%
State Senator 30,Warren,Stephen G. Harding,R,447,48.12%
State Senator 30,Warren,Stephen G. Harding,IND,12,1.29%
State Representative 66,Warren,Sharon Sherman,D,448,48.28%
State Representative 66,Warren,Karen Reddington-Hughes,R,480,51.72%
Registrar of Voters,Warren,John F. Morton,D,435,47.39%
Registrar of Voters,Warren,Richard Valine,R,483,52.61%
Presidential Electors for,Washington,Harris and Walz,D,0,0.00%
Presidential Electors for,Washington,Trump and Vance,R,0,0.00%
Presidential Electors for,Washington,Stein and Ware,G,0,0.00%
Presidential Electors for,Washington,Oliver and ter Maat,LI,0,0.00%
Presidential Electors for,Washington,"Kennedy, Jr. and Shanahan",PC,0,0.00%
Presidential Electors for,Washington,De la Cruz and Garcia,WI,0,0.00%
Presidential Electors for,Washington,Fox and McVay,WI,0,0.00%
Presidential Electors for,Washington,McNeil and McNeil,WI,0,0.00%
Presidential Electors for,Washington,Potus and Kennedy,WI,0,0.00%
Presidential Electors for,Washington,Ayyadurai and Ellis,WI,0,0.00%
Presidential Electors for,Washington,Sonski and Onak,WI,0,0.00%
Presidential Electors for,Washington,West and Abdullah,WI,0,0.00%
United States Senator,Washington,Christopher S. Murphy,D,0,0.00%
United States Senator,Washington,Matthew M. Corey,R,0,0.00%
United States Senator,Washington,Christopher S. Murphy,WF,0,0.00%
United States Senator,Washington,Justin C. Paglino,G,0,0.00%
United States Senator,Washington,Robert Finley Hyde,CGG,0,0.00%
United States Senator,Washington,John Flynn,WI,0,0.00%
Representative in Congress 5,Washington,Jahana Hayes,D,0,0.00%
Representative in Congress 5,Washington,George Logan,R,0,0.00%
Representative in Congress 5,Washington,Jahana Hayes,WF,0,0.00%
Representative in Congress 5,Washington,Ahmad AJ Darwish,WI,0,0.00%
Representative in Congress 5,Washington,Bertram Ferguson,WI,0,0.00%
State Senator 30,Washington,Justin Potter,D,0,0.00%
State Senator 30,Washington,Stephen G. Harding,R,0,0.00%
State Senator 30,Washington,Stephen G. Harding,IND,0,0.00%
State Senator 32,Washington,Jeff Desmarais,D,0,0.00%
State Senator 32,Washington,Eric C. Berthel,R,0,0.00%
State Representative 64,Washington,Maria Horn,D,0,0.00%
State Representative 64,Washington,Barbara L. Breor,R,0,0.00%
State Representative 64,Washington,Maria Horn,WF,0,0.00%
State Representative 64,Washington,Maria Horn,IND,0,0.00%
Registrar of Voters,Washington,Lois Pinney,R,0,0.00%
Registrar of Voters,Washington,Denise E.S. Arturi,WI,0,0.00%
Judge of Probate 22 To Fill Vacancy,Washington,David Labriola,R,0,0.00%
Presidential Electors for,Waterbury,Harris and Walz,D,0,0.00%
Presidential Electors for,Waterbury,Trump and Vance,R,0,0.00%
Presidential Electors for,Waterbury,Stein and Ware,G,0,0.00%
Presidential Electors for,Waterbury,Oliver and ter Maat,LI,0,0.00%
Presidential Electors for,Waterbury,"Kennedy, Jr. and Shanahan",PC,0,0.00%
Presidential Electors for,Waterbury,De la Cruz and Garcia,WI,0,0.00%
Presidential Electors for,Waterbury,Fox and McVay,WI,0,0.00%
Presidential Electors for,Waterbury,McNeil and McNeil,WI,0,0.00%
Presidential Electors for,Waterbury,Potus and Kennedy,WI,0,0.00%
Presidential Electors for,Waterbury,Ayyadurai and Ellis,WI,0,0.00%
Presidential Electors for,Waterbury,Sonski and Onak,WI,0,0.00%
Presidential Electors for,Waterbury,West and Abdullah,WI,0,0.00%
United States Senator,Waterbury,Christopher S. Murphy,D,0,0.00%
United States Senator,Waterbury,Matthew M. Corey,R,0,0.00%
United States Senator,Waterbury,Christopher S. Murphy,WF,0,0.00%
United States Senator,Waterbury,Justin C. Paglino,G,0,0.00%
United States Senator,Waterbury,Robert Finley Hyde,CGG,0,0.00%
United States Senator,Waterbury,John Flynn,WI,0,0.00%
Representative in Congress 3,Waterbury,Rosa L. DeLauro,D,0,0.00%
Representative in Congress 3,Waterbury,Michael Massey,R,0,0.00%
Representative in Congress 3,Waterbury,Michael Massey,IND,0,0.00%
Representative in Congress 3,Waterbury,Leo Almoney,WI,0,0.00%
Representative in Congress 3,Waterbury,Omar Scott Antar,WI,0,0.00%
Representative in Congress 3,Waterbury,Shahd Omar,WI,0,0.00%
Representative in Congress 5,Waterbury,Jahana Hayes,D,0,0.00%
Representative in Congress 5,Waterbury,George Logan,R,0,0.00%
Representative in Congress 5,Waterbury,Jahana Hayes,WF,0,0.00%
Representative in Congress 5,Waterbury,Ahmad AJ Darwish,WI,0,0.00%
Representative in Congress 5,Waterbury,Bertram Ferguson,WI,0,0.00%
State Senator 15,Waterbury,Joan V. Hartley,D,0,0.00%
State Senator 15,Waterbury,Joan V. Hartley,IND,0,0.00%
State Senator 16,Waterbury,Christopher Robertson,D,0,0.00%
State Senator 16,Waterbury,Rob Sampson,R,0,0.00%
State Senator 16,Waterbury,Christopher Robertson,IND,0,0.00%
State Representative 68,Waterbury,Joe Polletta,R,0,0.00%
State Representative 71,Waterbury,William J. Pizzuto,R,0,0.00%
State Representative 72,Waterbury,Larry B. Butler,D,0,0.00%
State Representative 72,Waterbury,Larry B. Butler,IND,0,0.00%
State Representative 73,Waterbury,Ronald A Napoli Jr,D,0,0.00%
State Representative 73,Waterbury,Abigail Pizarro,R,0,0.00%
State Representative 73,Waterbury,Ronald A Napoli Jr,WF,0,0.00%
State Representative 73,Waterbury,Ronald A Napoli Jr,IND,0,0.00%
State Representative 74,Waterbury,Michael DiGiovancarlo,D,0,0.00%
State Representative 75,Waterbury,Geraldo C. Reyes Jr.,D,0,0.00%
State Representative 89,Waterbury,Lezlye Zupkus,R,0,0.00%
State Representative 89,Waterbury,Stuart R. Korchin,WI,0,0.00%
Registrar of Voters,Waterbury,Teresa Begnal,D,0,0.00%
Registrar of Voters,Waterbury,Alexandra Desjardins,R,0,0.00%
Registrar of Voters,Waterbury,Michael J. Telesca,IND,0,0.00%
Presidential Electors for,Waterford,Harris and Walz,D,0,0.00%
Presidential Electors for,Waterford,Trump and Vance,R,0,0.00%
Presidential Electors for,Waterford,Stein and Ware,G,0,0.00%
Presidential Electors for,Waterford,Oliver and ter Maat,LI,0,0.00%
Presidential Electors for,Waterford,"Kennedy, Jr. and Shanahan",PC,0,0.00%
Presidential Electors for,Waterford,De la Cruz and Garcia,WI,0,0.00%
Presidential Electors for,Waterford,Fox and McVay,WI,0,0.00%
Presidential Electors for,Waterford,McNeil and McNeil,WI,0,0.00%
Presidential Electors for,Waterford,Potus and Kennedy,WI,0,0.00%
Presidential Electors for,Waterford,Ayyadurai and Ellis,WI,0,0.00%
Presidential Electors for,Waterford,Sonski and Onak,WI,0,0.00%
Presidential Electors for,Waterford,West and Abdullah,WI,0,0.00%
United States Senator,Waterford,Christopher S. Murphy,D,0,0.00%
United States Senator,Waterford,Matthew M. Corey,R,0,0.00%
United States Senator,Waterford,Christopher S. Murphy,WF,0,0.00%
United States Senator,Waterford,Justin C. Paglino,G,0,0.00%
United States Senator,Waterford,Robert Finley Hyde,CGG,0,0.00%
United States Senator,Waterford,John Flynn,WI,0,0.00%
Representative in Congress 2,Waterford,Joe Courtney,D,0,0.00%
Representative in Congress 2,Waterford,Mike France,R,0,0.00%
Representative in Congress 2,Waterford,"Kenneth Kusmierski, Jr.",WI,0,0.00%
Representative in Congress 2,Waterford,Jeffery Russell,WI,0,0.00%
State Senator 20,Waterford,Martha Marx,D,0,0.00%
State Senator 20,Waterford,Shaun Mastroianni,R,0,0.00%
State Senator 20,Waterford,Martha Marx,WF,0,0.00%
State Senator 20,Waterford,Shaun Mastroianni,IND,0,0.00%
State Representative 38,Waterford,Nick Gauthier,D,0,0.00%
State Representative 38,Waterford,Kathleen M. McCarty,R,0,0.00%
State Representative 38,Waterford,Nick Gauthier,WF,0,0.00%
State Representative 38,Waterford,Nick Gauthier,IND,0,0.00%
Registrar of Voters,Waterford,Bigi Ebbin,D,0,0.00%
Registrar of Voters,Waterford,Patti Waters,R,0,0.00%
Presidential Electors for,Watertown,Harris and Walz,D,0,0.00%
Presidential Electors for,Watertown,Trump and Vance,R,0,0.00%
Presidential Electors for,Watertown,Stein and Ware,G,0,0.00%
Presidential Electors for,Watertown,Oliver and ter Maat,LI,0,0.00%
Presidential Electors for,Watertown,"Kennedy, Jr. and Shanahan",PC,0,0.00%
Presidential Electors for,Watertown,De la Cruz and Garcia,WI,0,0.00%
Presidential Electors for,Watertown,Fox and McVay,WI,0,0.00%
Presidential Electors for,Watertown,McNeil and McNeil,WI,0,0.00%
Presidential Electors for,Watertown,Potus and Kennedy,WI,0,0.00%
Presidential Electors for,Watertown,Ayyadurai and Ellis,WI,0,0.00%
Presidential Electors for,Watertown,Sonski and Onak,WI,0,0.00%
Presidential Electors for,Watertown,West and Abdullah,WI,0,0.00%
United States Senator,Watertown,Christopher S. Murphy,D,0,0.00%
United States Senator,Watertown,Matthew M. Corey,R,0,0.00%
United States Senator,Watertown,Christopher S. Murphy,WF,0,0.00%
United States Senator,Watertown,Justin C. Paglino,G,0,0.00%
United States Senator,Watertown,Robert Finley Hyde,CGG,0,0.00%
United States Senator,Watertown,John Flynn,WI,0,0.00%
Representative in Congress 5,Watertown,Jahana Hayes,D,0,0.00%
Representative in Congress 5,Watertown,George Logan,R,0,0.00%
Representative in Congress 5,Watertown,Jahana Hayes,WF,0,0.00%
Representative in Congress 5,Watertown,Ahmad AJ Darwish,WI,0,0.00%
Representative in Congress 5,Watertown,Bertram Ferguson,WI,0,0.00%
State Senator 32,Watertown,Jeff Desmarais,D,0,0.00%
State Senator 32,Watertown,Eric C. Berthel,R,0,0.00%
State Representative 68,Watertown,Joe Polletta,R,0,0.00%
Registrar of Voters,Watertown,Diane  Stengl,D,0,0.00%
Registrar of Voters,Watertown,Christine Shields,R,0,0.00%
Judge of Probate 22 To Fill Vacancy,Watertown,David Labriola,R,0,0.00%
Presidential Electors for,Westbrook,Harris and Walz,D,0,0.00%
Presidential Electors for,Westbrook,Trump and Vance,R,0,0.00%
Presidential Electors for,Westbrook,Stein and Ware,G,0,0.00%
Presidential Electors for,Westbrook,Oliver and ter Maat,LI,0,0.00%
Presidential Electors for,Westbrook,"Kennedy, Jr. and Shanahan",PC,0,0.00%
Presidential Electors for,Westbrook,De la Cruz and Garcia,WI,0,0.00%
Presidential Electors for,Westbrook,Fox and McVay,WI,0,0.00%
Presidential Electors for,Westbrook,McNeil and McNeil,WI,0,0.00%
Presidential Electors for,Westbrook,Potus and Kennedy,WI,0,0.00%
Presidential Electors for,Westbrook,Ayyadurai and Ellis,WI,0,0.00%
Presidential Electors for,Westbrook,Sonski and Onak,WI,0,0.00%
Presidential Electors for,Westbrook,West and Abdullah,WI,0,0.00%
United States Senator,Westbrook,Christopher S. Murphy,D,0,0.00%
United States Senator,Westbrook,Matthew M. Corey,R,0,0.00%
United States Senator,Westbrook,Christopher S. Murphy,WF,0,0.00%
United States Senator,Westbrook,Justin C. Paglino,G,0,0.00%
United States Senator,Westbrook,Robert Finley Hyde,CGG,0,0.00%
United States Senator,Westbrook,John Flynn,WI,0,0.00%
Representative in Congress 2,Westbrook,Joe Courtney,D,0,0.00%
Representative in Congress 2,Westbrook,Mike France,R,0,0.00%
Representative in Congress 2,Westbrook,"Kenneth Kusmierski, Jr.",WI,0,0.00%
Representative in Congress 2,Westbrook,Jeffery Russell,WI,0,0.00%
State Senator 33,Westbrook,Norm Needleman,D,0,0.00%
State Senator 33,Westbrook,Jeffery Duigou,R,0,0.00%
State Senator 33,Westbrook,Norm Needleman,IND,0,0.00%
State Representative 23,Westbrook,Jane Wisialowski,D,0,0.00%
State Representative 23,Westbrook,Devin R Carney,R,0,0.00%
State Representative 23,Westbrook,Jane Wisialowski,WF,0,0.00%
State Representative 23,Westbrook,Devin R Carney,IND,0,0.00%
State Representative 35,Westbrook,Cinzia Lettieri,D,0,0.00%
State Representative 35,Westbrook,Chris Aniskovich,R,0,0.00%
State Representative 35,Westbrook,Cinzia Lettieri,WF,0,0.00%
State Representative 35,Westbrook,Chris Aniskovich,IND,0,0.00%
Registrar of Voters,Westbrook,James Crawford,D,0,0.00%
Registrar of Voters,Westbrook,Megan E. Ruppenicker,R,0,0.00%
Presidential Electors for,West Hartford,Harris and Walz,D,0,0.00%
Presidential Electors for,West Hartford,Trump and Vance,R,0,0.00%
Presidential Electors for,West Hartford,Stein and Ware,G,0,0.00%
Presidential Electors for,West Hartford,Oliver and ter Maat,LI,0,0.00%
Presidential Electors for,West Hartford,"Kennedy, Jr. and Shanahan",PC,0,0.00%
Presidential Electors for,West Hartford,De la Cruz and Garcia,WI,0,0.00%
Presidential Electors for,West Hartford,Fox and McVay,WI,0,0.00%
Presidential Electors for,West Hartford,McNeil and McNeil,WI,0,0.00%
Presidential Electors for,West Hartford,Potus and Kennedy,WI,0,0.00%
Presidential Electors for,West Hartford,Ayyadurai and Ellis,WI,0,0.00%
Presidential Electors for,West Hartford,Sonski and Onak,WI,0,0.00%
Presidential Electors for,West Hartford,West and Abdullah,WI,0,0.00%
United States Senator,West Hartford,Christopher S. Murphy,D,0,0.00%
United States Senator,West Hartford,Matthew M. Corey,R,0,0.00%
United States Senator,West Hartford,Christopher S. Murphy,WF,0,0.00%
United States Senator,West Hartford,Justin C. Paglino,G,0,0.00%
United States Senator,West Hartford,Robert Finley Hyde,CGG,0,0.00%
United States Senator,West Hartford,John Flynn,WI,0,0.00%
Representative in Congress 1,West Hartford,John B. Larson,D,0,0.00%
Representative in Congress 1,West Hartford,Jim Griffin,R,0,0.00%
Representative in Congress 1,West Hartford,John B. Larson,WF,0,0.00%
Representative in Congress 1,West Hartford,Mary L. Sanders,G,0,0.00%
State Senator 5,West Hartford,Derek Slap,D,0,0.00%
State Senator 5,West Hartford,Kyla Zimmermann,R,0,0.00%
State Representative 6,West Hartford,"James ""Jimmy"" Sanchez",D,0,0.00%
State Representative 6,West Hartford,Alyssa Peterson,PC,0,0.00%
State Representative 15,West Hartford,Bobby Gibson,D,0,0.00%
State Representative 15,West Hartford,Quentin Johnson,R,0,0.00%
State Representative 18,West Hartford,Jillian Gilchrest,D,0,0.00%
State Representative 19,West Hartford,Tammy Exum,D,0,0.00%
State Representative 20,West Hartford,Kate Farrar,D,0,0.00%
State Representative 20,West Hartford,Kate Farrar,WF,0,0.00%
Registrar of Voters,West Hartford,Elizabeth Rousseau,D,0,0.00%
Registrar of Voters,West Hartford,Beth Kyle,R,0,0.00%
Presidential Electors for,West Haven,Harris and Walz,D,0,0.00%
Presidential Electors for,West Haven,Trump and Vance,R,0,0.00%
Presidential Electors for,West Haven,Stein and Ware,G,0,0.00%
Presidential Electors for,West Haven,Oliver and ter Maat,LI,0,0.00%
Presidential Electors for,West Haven,"Kennedy, Jr. and Shanahan",PC,0,0.00%
Presidential Electors for,West Haven,De la Cruz and Garcia,WI,0,0.00%
Presidential Electors for,West Haven,Fox and McVay,WI,0,0.00%
Presidential Electors for,West Haven,McNeil and McNeil,WI,0,0.00%
Presidential Electors for,West Haven,Potus and Kennedy,WI,0,0.00%
Presidential Electors for,West Haven,Ayyadurai and Ellis,WI,0,0.00%
Presidential Electors for,West Haven,Sonski and Onak,WI,0,0.00%
Presidential Electors for,West Haven,West and Abdullah,WI,0,0.00%
United States Senator,West Haven,Christopher S. Murphy,D,0,0.00%
United States Senator,West Haven,Matthew M. Corey,R,0,0.00%
United States Senator,West Haven,Christopher S. Murphy,WF,0,0.00%
United States Senator,West Haven,Justin C. Paglino,G,0,0.00%
United States Senator,West Haven,Robert Finley Hyde,CGG,0,0.00%
United States Senator,West Haven,John Flynn,WI,0,0.00%
Representative in Congress 3,West Haven,Rosa L. DeLauro,D,0,0.00%
Representative in Congress 3,West Haven,Michael Massey,R,0,0.00%
Representative in Congress 3,West Haven,Michael Massey,IND,0,0.00%
Representative in Congress 3,West Haven,Leo Almoney,WI,0,0.00%
Representative in Congress 3,West Haven,Omar Scott Antar,WI,0,0.00%
Representative in Congress 3,West Haven,Shahd Omar,WI,0,0.00%
State Senator 10,West Haven,Gary Winfield,D,0,0.00%
State Senator 10,West Haven,Nyrell Moore,R,0,0.00%
State Senator 10,West Haven,Gary Winfield,WF,0,0.00%
State Senator 10,West Haven,Nyrell Moore,IND,0,0.00%
State Senator 14,West Haven,James Maroney,D,0,0.00%
State Senator 14,West Haven,Steven Johnstone,R,0,0.00%
State Senator 14,West Haven,James Maroney,IND,0,0.00%
State Representative 115,West Haven,William J. Heffernan III,D,0,0.00%
State Representative 116,West Haven,Trenee McGee,D,0,0.00%
State Representative 117,West Haven,MJ Shannon,D,0,0.00%
State Representative 117,West Haven,Raymond V. Collins III,R,0,0.00%
State Representative 117,West Haven,MJ Shannon,WF,0,0.00%
State Representative 117,West Haven,MJ Shannon,IND,0,0.00%
Registrar of Voters,West Haven,Sherri Lepper,D,0,0.00%
Registrar of Voters,West Haven,Jo Ann Callegari,R,0,0.00%
Presidential Electors for,Weston,Harris and Walz,D,0,0.00%
Presidential Electors for,Weston,Trump and Vance,R,0,0.00%
Presidential Electors for,Weston,Stein and Ware,G,0,0.00%
Presidential Electors for,Weston,Oliver and ter Maat,LI,0,0.00%
Presidential Electors for,Weston,"Kennedy, Jr. and Shanahan",PC,0,0.00%
Presidential Electors for,Weston,De la Cruz and Garcia,WI,0,0.00%
Presidential Electors for,Weston,Fox and McVay,WI,0,0.00%
Presidential Electors for,Weston,McNeil and McNeil,WI,0,0.00%
Presidential Electors for,Weston,Potus and Kennedy,WI,0,0.00%
Presidential Electors for,Weston,Ayyadurai and Ellis,WI,0,0.00%
Presidential Electors for,Weston,Sonski and Onak,WI,0,0.00%
Presidential Electors for,Weston,West and Abdullah,WI,0,0.00%
United States Senator,Weston,Christopher S. Murphy,D,0,0.00%
United States Senator,Weston,Matthew M. Corey,R,0,0.00%
United States Senator,Weston,Christopher S. Murphy,WF,0,0.00%
United States Senator,Weston,Justin C. Paglino,G,0,0.00%
United States Senator,Weston,Robert Finley Hyde,CGG,0,0.00%
United States Senator,Weston,John Flynn,WI,0,0.00%
Representative in Congress 4,Weston,Jim Himes,D,0,0.00%
Representative in Congress 4,Weston,Michael Goldstein,R,0,0.00%
Representative in Congress 4,Weston,Benjamin Wesley,IND,0,0.00%
State Senator 26,Weston,Ceci Maher,D,0,0.00%
State Senator 26,Weston,Kami Evans,R,0,0.00%
State Senator 26,Weston,Kami Evans,IND,0,0.00%
State Representative 135,Weston,Anne Hughes,D,0,0.00%
State Representative 135,Weston,Christopher Peritore,R,0,0.00%
State Representative 135,Weston,Anne Hughes,WF,0,0.00%
State Representative 135,Weston,Christopher Peritore,IND,0,0.00%
Registrar of Voters,Weston,Darcy Barrera-Hawes,D,0,0.00%
Registrar of Voters,Weston,Tammy Herzog Roberts,R,0,0.00%
Presidential Electors for,Westport,Harris and Walz,D,0,0.00%
Presidential Electors for,Westport,Trump and Vance,R,0,0.00%
Presidential Electors for,Westport,Stein and Ware,G,0,0.00%
Presidential Electors for,Westport,Oliver and ter Maat,LI,0,0.00%
Presidential Electors for,Westport,"Kennedy, Jr. and Shanahan",PC,0,0.00%
Presidential Electors for,Westport,De la Cruz and Garcia,WI,0,0.00%
Presidential Electors for,Westport,Fox and McVay,WI,0,0.00%
Presidential Electors for,Westport,McNeil and McNeil,WI,0,0.00%
Presidential Electors for,Westport,Potus and Kennedy,WI,0,0.00%
Presidential Electors for,Westport,Ayyadurai and Ellis,WI,0,0.00%
Presidential Electors for,Westport,Sonski and Onak,WI,0,0.00%
Presidential Electors for,Westport,West and Abdullah,WI,0,0.00%
United States Senator,Westport,Christopher S. Murphy,D,0,0.00%
United States Senator,Westport,Matthew M. Corey,R,0,0.00%
United States Senator,Westport,Christopher S. Murphy,WF,0,0.00%
United States Senator,Westport,Justin C. Paglino,G,0,0.00%
United States Senator,Westport,Robert Finley Hyde,CGG,0,0.00%
United States Senator,Westport,John Flynn,WI,0,0.00%
Representative in Congress 4,Westport,Jim Himes,D,0,0.00%
Representative in Congress 4,Westport,Michael Goldstein,R,0,0.00%
Representative in Congress 4,Westport,Benjamin Wesley,IND,0,0.00%
State Senator 26,Westport,Ceci Maher,D,0,0.00%
State Senator 26,Westport,Kami Evans,R,0,0.00%
State Senator 26,Westport,Kami Evans,IND,0,0.00%
State Representative 136,Westport,Jonathan Steinberg,D,0,0.00%
State Representative 136,Westport,John Bolton,R,0,0.00%
State Representative 143,Westport,Dominique Johnson,D,0,0.00%
State Representative 143,Westport,Peter Bang,R,0,0.00%
State Representative 143,Westport,Dominique Johnson,WF,0,0.00%
State Representative 143,Westport,Dominique Johnson,IND,0,0.00%
Presidential Electors for,Wethersfield,Harris and Walz,D,0,0.00%
Presidential Electors for,Wethersfield,Trump and Vance,R,0,0.00%
Presidential Electors for,Wethersfield,Stein and Ware,G,0,0.00%
Presidential Electors for,Wethersfield,Oliver and ter Maat,LI,0,0.00%
Presidential Electors for,Wethersfield,"Kennedy, Jr. and Shanahan",PC,0,0.00%
Presidential Electors for,Wethersfield,De la Cruz and Garcia,WI,0,0.00%
Presidential Electors for,Wethersfield,Fox and McVay,WI,0,0.00%
Presidential Electors for,Wethersfield,McNeil and McNeil,WI,0,0.00%
Presidential Electors for,Wethersfield,Potus and Kennedy,WI,0,0.00%
Presidential Electors for,Wethersfield,Ayyadurai and Ellis,WI,0,0.00%
Presidential Electors for,Wethersfield,Sonski and Onak,WI,0,0.00%
Presidential Electors for,Wethersfield,West and Abdullah,WI,0,0.00%
United States Senator,Wethersfield,Christopher S. Murphy,D,0,0.00%
United States Senator,Wethersfield,Matthew M. Corey,R,0,0.00%
United States Senator,Wethersfield,Christopher S. Murphy,WF,0,0.00%
United States Senator,Wethersfield,Justin C. Paglino,G,0,0.00%
United States Senator,Wethersfield,Robert Finley Hyde,CGG,0,0.00%
United States Senator,Wethersfield,John Flynn,WI,0,0.00%
Representative in Congress 1,Wethersfield,John B. Larson,D,0,0.00%
Representative in Congress 1,Wethersfield,Jim Griffin,R,0,0.00%
Representative in Congress 1,Wethersfield,John B. Larson,WF,0,0.00%
Representative in Congress 1,Wethersfield,Mary L. Sanders,G,0,0.00%
State Senator 1,Wethersfield,John W. Fonfara,D,0,0.00%
State Senator 1,Wethersfield,Luis R. Delgado,G,0,0.00%
State Senator 9,Wethersfield,Matthew Lesser,D,0,0.00%
State Senator 9,Wethersfield,Matthew Lesser,WF,0,0.00%
State Senator 9,Wethersfield,Matthew Lesser,IND,0,0.00%
State Representative 28,Wethersfield,Amy Morrin Bello,D,0,0.00%
State Representative 28,Wethersfield,William Davidson,R,0,0.00%
State Representative 28,Wethersfield,Amy Morrin Bello,WF,0,0.00%
State Representative 29,Wethersfield,Kerry Szeps Wood,D,0,0.00%
State Representative 29,Wethersfield,Edward V. Charamut,R,0,0.00%
Registrar of Voters,Wethersfield,Maria Susanin,D,0,0.00%
Registrar of Voters,Wethersfield,Carol Garvey-Hurley,R,0,0.00%
Presidential Electors for,Willington,Harris and Walz,D,0,0.00%
Presidential Electors for,Willington,Trump and Vance,R,0,0.00%
Presidential Electors for,Willington,Stein and Ware,G,0,0.00%
Presidential Electors for,Willington,Oliver and ter Maat,LI,0,0.00%
Presidential Electors for,Willington,"Kennedy, Jr. and Shanahan",PC,0,0.00%
Presidential Electors for,Willington,De la Cruz and Garcia,WI,0,0.00%
Presidential Electors for,Willington,Fox and McVay,WI,0,0.00%
Presidential Electors for,Willington,McNeil and McNeil,WI,0,0.00%
Presidential Electors for,Willington,Potus and Kennedy,WI,0,0.00%
Presidential Electors for,Willington,Ayyadurai and Ellis,WI,0,0.00%
Presidential Electors for,Willington,Sonski and Onak,WI,0,0.00%
Presidential Electors for,Willington,West and Abdullah,WI,0,0.00%
United States Senator,Willington,Christopher S. Murphy,D,0,0.00%
United States Senator,Willington,Matthew M. Corey,R,0,0.00%
United States Senator,Willington,Christopher S. Murphy,WF,0,0.00%
United States Senator,Willington,Justin C. Paglino,G,0,0.00%
United States Senator,Willington,Robert Finley Hyde,CGG,0,0.00%
United States Senator,Willington,John Flynn,WI,0,0.00%
Representative in Congress 2,Willington,Joe Courtney,D,0,0.00%
Representative in Congress 2,Willington,Mike France,R,0,0.00%
Representative in Congress 2,Willington,"Kenneth Kusmierski, Jr.",WI,0,0.00%
Representative in Congress 2,Willington,Jeffery Russell,WI,0,0.00%
State Senator 35,Willington,Merry C. Garrett,D,0,0.00%
State Senator 35,Willington,Jeff Gordon,R,0,0.00%
State Senator 35,Willington,Merry C. Garrett,WF,0,0.00%
State Senator 35,Willington,Merry C. Garrett,IND,0,0.00%
State Representative 53,Willington,Ann Bonney,D,0,0.00%
State Representative 53,Willington,Tammy Nuccio,R,0,0.00%
State Representative 53,Willington,Ann Bonney,WF,0,0.00%
State Representative 53,Willington,Tammy Nuccio,IND,0,0.00%
Registrar of Voters,Willington,Christine Psathas,D,0,0.00%
Registrar of Voters,Willington,Suzanne G. Chapman,R,0,0.00%
Judge of Probate 25 To Fill Vacancy,Willington,Sophia H. Shaikh,D,0,0.00%
Presidential Electors for,Wilton,Harris and Walz,D,0,0.00%
Presidential Electors for,Wilton,Trump and Vance,R,0,0.00%
Presidential Electors for,Wilton,Stein and Ware,G,0,0.00%
Presidential Electors for,Wilton,Oliver and ter Maat,LI,0,0.00%
Presidential Electors for,Wilton,"Kennedy, Jr. and Shanahan",PC,0,0.00%
Presidential Electors for,Wilton,De la Cruz and Garcia,WI,0,0.00%
Presidential Electors for,Wilton,Fox and McVay,WI,0,0.00%
Presidential Electors for,Wilton,McNeil and McNeil,WI,0,0.00%
Presidential Electors for,Wilton,Potus and Kennedy,WI,0,0.00%
Presidential Electors for,Wilton,Ayyadurai and Ellis,WI,0,0.00%
Presidential Electors for,Wilton,Sonski and Onak,WI,0,0.00%
Presidential Electors for,Wilton,West and Abdullah,WI,0,0.00%
United States Senator,Wilton,Christopher S. Murphy,D,0,0.00%
United States Senator,Wilton,Matthew M. Corey,R,0,0.00%
United States Senator,Wilton,Christopher S. Murphy,WF,0,0.00%
United States Senator,Wilton,Justin C. Paglino,G,0,0.00%
United States Senator,Wilton,Robert Finley Hyde,CGG,0,0.00%
United States Senator,Wilton,John Flynn,WI,0,0.00%
Representative in Congress 4,Wilton,Jim Himes,D,0,0.00%
Representative in Congress 4,Wilton,Michael Goldstein,R,0,0.00%
Representative in Congress 4,Wilton,Benjamin Wesley,IND,0,0.00%
State Senator 26,Wilton,Ceci Maher,D,0,0.00%
State Senator 26,Wilton,Kami Evans,R,0,0.00%
State Senator 26,Wilton,Kami Evans,IND,0,0.00%
State Representative 42,Wilton,Savet Constantine,D,0,0.00%
State Representative 42,Wilton,Kim Healy,R,0,0.00%
State Representative 42,Wilton,Kim Healy,IND,0,0.00%
Registrar of Voters,Wilton,Karen A. Birck,D,0,0.00%
Registrar of Voters,Wilton,Annalisa Stravato-Favarolo,R,0,0.00%
Presidential Electors for,Winchester,Harris and Walz,D,0,0.00%
Presidential Electors for,Winchester,Trump and Vance,R,0,0.00%
Presidential Electors for,Winchester,Stein and Ware,G,0,0.00%
Presidential Electors for,Winchester,Oliver and ter Maat,LI,0,0.00%
Presidential Electors for,Winchester,"Kennedy, Jr. and Shanahan",PC,0,0.00%
Presidential Electors for,Winchester,De la Cruz and Garcia,WI,0,0.00%
Presidential Electors for,Winchester,Fox and McVay,WI,0,0.00%
Presidential Electors for,Winchester,McNeil and McNeil,WI,0,0.00%
Presidential Electors for,Winchester,Potus and Kennedy,WI,0,0.00%
Presidential Electors for,Winchester,Ayyadurai and Ellis,WI,0,0.00%
Presidential Electors for,Winchester,Sonski and Onak,WI,0,0.00%
Presidential Electors for,Winchester,West and Abdullah,WI,0,0.00%
United States Senator,Winchester,Christopher S. Murphy,D,0,0.00%
United States Senator,Winchester,Matthew M. Corey,R,0,0.00%
United States Senator,Winchester,Christopher S. Murphy,WF,0,0.00%
United States Senator,Winchester,Justin C. Paglino,G,0,0.00%
United States Senator,Winchester,Robert Finley Hyde,CGG,0,0.00%
United States Senator,Winchester,John Flynn,WI,0,0.00%
Representative in Congress 1,Winchester,John B. Larson,D,0,0.00%
Representative in Congress 1,Winchester,Jim Griffin,R,0,0.00%
Representative in Congress 1,Winchester,John B. Larson,WF,0,0.00%
Representative in Congress 1,Winchester,Mary L. Sanders,G,0,0.00%
State Senator 30,Winchester,Justin Potter,D,0,0.00%
State Senator 30,Winchester,Stephen G. Harding,R,0,0.00%
State Senator 30,Winchester,Stephen G. Harding,IND,0,0.00%
State Representative 63,Winchester,Jay M. Case,R,0,0.00%
Registrar of Voters,Winchester,Barbara Braunstein,D,0,0.00%
Registrar of Voters,Winchester,Deborah Jones,R,0,0.00%
Presidential Electors for,Windham,Harris and Walz,D,0,0.00%
Presidential Electors for,Windham,Trump and Vance,R,0,0.00%
Presidential Electors for,Windham,Stein and Ware,G,0,0.00%
Presidential Electors for,Windham,Oliver and ter Maat,LI,0,0.00%
Presidential Electors for,Windham,"Kennedy, Jr. and Shanahan",PC,0,0.00%
Presidential Electors for,Windham,De la Cruz and Garcia,WI,0,0.00%
Presidential Electors for,Windham,Fox and McVay,WI,0,0.00%
Presidential Electors for,Windham,McNeil and McNeil,WI,0,0.00%
Presidential Electors for,Windham,Potus and Kennedy,WI,0,0.00%
Presidential Electors for,Windham,Ayyadurai and Ellis,WI,0,0.00%
Presidential Electors for,Windham,Sonski and Onak,WI,0,0.00%
Presidential Electors for,Windham,West and Abdullah,WI,0,0.00%
United States Senator,Windham,Christopher S. Murphy,D,0,0.00%
United States Senator,Windham,Matthew M. Corey,R,0,0.00%
United States Senator,Windham,Christopher S. Murphy,WF,0,0.00%
United States Senator,Windham,Justin C. Paglino,G,0,0.00%
United States Senator,Windham,Robert Finley Hyde,CGG,0,0.00%
United States Senator,Windham,John Flynn,WI,0,0.00%
Representative in Congress 2,Windham,Joe Courtney,D,0,0.00%
Representative in Congress 2,Windham,Mike France,R,0,0.00%
Representative in Congress 2,Windham,"Kenneth Kusmierski, Jr.",WI,0,0.00%
Representative in Congress 2,Windham,Jeffery Russell,WI,0,0.00%
State Senator 29,Windham,Mae Flexer,D,0,0.00%
State Senator 29,Windham,Chris Reddy,R,0,0.00%
State Senator 29,Windham,Mae Flexer,WF,0,0.00%
State Senator 29,Windham,Mae Flexer,IND,0,0.00%
State Senator 29,Windham,Alice Leibowitz,G,0,0.00%
State Representative 49,Windham,Susan Johnson,D,0,0.00%
State Representative 49,Windham,Susan Johnson,WF,0,0.00%
Registrar of Voters,Windham,Luis Daniel Rodriguez,D,0,0.00%
Registrar of Voters,Windham,Kimberly Desaulniers,R,0,0.00%
Registrar of Voters,Windham,Jessica Watson,G,0,0.00%
Judge of Probate 28 To Fill Vacancy,Windham,George A. Baker,D,0,0.00%
Judge of Probate 28 To Fill Vacancy,Windham,Douglas T. Stearns,R,0,0.00%
Presidential Electors for,Windsor,Harris and Walz,D,0,0.00%
Presidential Electors for,Windsor,Trump and Vance,R,0,0.00%
Presidential Electors for,Windsor,Stein and Ware,G,0,0.00%
Presidential Electors for,Windsor,Oliver and ter Maat,LI,0,0.00%
Presidential Electors for,Windsor,"Kennedy, Jr. and Shanahan",PC,0,0.00%
Presidential Electors for,Windsor,De la Cruz and Garcia,WI,0,0.00%
Presidential Electors for,Windsor,Fox and McVay,WI,0,0.00%
Presidential Electors for,Windsor,McNeil and McNeil,WI,0,0.00%
Presidential Electors for,Windsor,Potus and Kennedy,WI,0,0.00%
Presidential Electors for,Windsor,Ayyadurai and Ellis,WI,0,0.00%
Presidential Electors for,Windsor,Sonski and Onak,WI,0,0.00%
Presidential Electors for,Windsor,West and Abdullah,WI,0,0.00%
United States Senator,Windsor,Christopher S. Murphy,D,0,0.00%
United States Senator,Windsor,Matthew M. Corey,R,0,0.00%
United States Senator,Windsor,Christopher S. Murphy,WF,0,0.00%
United States Senator,Windsor,Justin C. Paglino,G,0,0.00%
United States Senator,Windsor,Robert Finley Hyde,CGG,0,0.00%
United States Senator,Windsor,John Flynn,WI,0,0.00%
Representative in Congress 1,Windsor,John B. Larson,D,0,0.00%
Representative in Congress 1,Windsor,Jim Griffin,R,0,0.00%
Representative in Congress 1,Windsor,John B. Larson,WF,0,0.00%
Representative in Congress 1,Windsor,Mary L. Sanders,G,0,0.00%
State Senator 2,Windsor,Douglas McCrory,D,0,0.00%
State Senator 2,Windsor,Kristin Hoffman,R,0,0.00%
State Senator 7,Windsor,Cynthia Mangini,D,0,0.00%
State Senator 7,Windsor,John A. Kissel,R,0,0.00%
State Senator 7,Windsor,Cynthia Mangini,WF,0,0.00%
State Senator 7,Windsor,John A. Kissel,IND,0,0.00%
State Representative 5,Windsor,Maryam Khan,D,0,0.00%
State Representative 5,Windsor,Tracy L. Funnye,WI,0,0.00%
State Representative 60,Windsor,Jane Garibay,D,0,0.00%
State Representative 60,Windsor,Lenworth Walker,R,0,0.00%
State Representative 60,Windsor,Jane Garibay,WF,0,0.00%
State Representative 60,Windsor,Jane Garibay,IND,0,0.00%
Registrar of Voters,Windsor,Anita M. Mips,D,0,0.00%
Registrar of Voters,Windsor,Victoria Virgo-Christie,R,0,0.00%
Presidential Electors for,Windsor Locks,Harris and Walz,D,0,0.00%
Presidential Electors for,Windsor Locks,Trump and Vance,R,0,0.00%
Presidential Electors for,Windsor Locks,Stein and Ware,G,0,0.00%
Presidential Electors for,Windsor Locks,Oliver and ter Maat,LI,0,0.00%
Presidential Electors for,Windsor Locks,"Kennedy, Jr. and Shanahan",PC,0,0.00%
Presidential Electors for,Windsor Locks,De la Cruz and Garcia,WI,0,0.00%
Presidential Electors for,Windsor Locks,Fox and McVay,WI,0,0.00%
Presidential Electors for,Windsor Locks,McNeil and McNeil,WI,0,0.00%
Presidential Electors for,Windsor Locks,Potus and Kennedy,WI,0,0.00%
Presidential Electors for,Windsor Locks,Ayyadurai and Ellis,WI,0,0.00%
Presidential Electors for,Windsor Locks,Sonski and Onak,WI,0,0.00%
Presidential Electors for,Windsor Locks,West and Abdullah,WI,0,0.00%
United States Senator,Windsor Locks,Christopher S. Murphy,D,0,0.00%
United States Senator,Windsor Locks,Matthew M. Corey,R,0,0.00%
United States Senator,Windsor Locks,Christopher S. Murphy,WF,0,0.00%
United States Senator,Windsor Locks,Justin C. Paglino,G,0,0.00%
United States Senator,Windsor Locks,Robert Finley Hyde,CGG,0,0.00%
United States Senator,Windsor Locks,John Flynn,WI,0,0.00%
Representative in Congress 1,Windsor Locks,John B. Larson,D,0,0.00%
Representative in Congress 1,Windsor Locks,Jim Griffin,R,0,0.00%
Representative in Congress 1,Windsor Locks,John B. Larson,WF,0,0.00%
Representative in Congress 1,Windsor Locks,Mary L. Sanders,G,0,0.00%
State Senator 7,Windsor Locks,Cynthia Mangini,D,0,0.00%
State Senator 7,Windsor Locks,John A. Kissel,R,0,0.00%
State Senator 7,Windsor Locks,Cynthia Mangini,WF,0,0.00%
State Senator 7,Windsor Locks,John A. Kissel,IND,0,0.00%
State Representative 60,Windsor Locks,Jane Garibay,D,0,0.00%
State Representative 60,Windsor Locks,Lenworth Walker,R,0,0.00%
State Representative 60,Windsor Locks,Jane Garibay,WF,0,0.00%
State Representative 60,Windsor Locks,Jane Garibay,IND,0,0.00%
State Representative 61,Windsor Locks,Michael Malloy,D,0,0.00%
State Representative 61,Windsor Locks,Tami Zawistowski,R,0,0.00%
Presidential Electors for,Wolcott,Harris and Walz,D,0,0.00%
Presidential Electors for,Wolcott,Trump and Vance,R,0,0.00%
Presidential Electors for,Wolcott,Stein and Ware,G,0,0.00%
Presidential Electors for,Wolcott,Oliver and ter Maat,LI,0,0.00%
Presidential Electors for,Wolcott,"Kennedy, Jr. and Shanahan",PC,0,0.00%
Presidential Electors for,Wolcott,De la Cruz and Garcia,WI,0,0.00%
Presidential Electors for,Wolcott,Fox and McVay,WI,0,0.00%
Presidential Electors for,Wolcott,McNeil and McNeil,WI,0,0.00%
Presidential Electors for,Wolcott,Potus and Kennedy,WI,0,0.00%
Presidential Electors for,Wolcott,Ayyadurai and Ellis,WI,0,0.00%
Presidential Electors for,Wolcott,Sonski and Onak,WI,0,0.00%
Presidential Electors for,Wolcott,West and Abdullah,WI,0,0.00%
United States Senator,Wolcott,Christopher S. Murphy,D,0,0.00%
United States Senator,Wolcott,Matthew M. Corey,R,0,0.00%
United States Senator,Wolcott,Christopher S. Murphy,WF,0,0.00%
United States Senator,Wolcott,Justin C. Paglino,G,0,0.00%
United States Senator,Wolcott,Robert Finley Hyde,CGG,0,0.00%
United States Senator,Wolcott,John Flynn,WI,0,0.00%
Representative in Congress 5,Wolcott,Jahana Hayes,D,0,0.00%
Representative in Congress 5,Wolcott,George Logan,R,0,0.00%
Representative in Congress 5,Wolcott,Jahana Hayes,WF,0,0.00%
Representative in Congress 5,Wolcott,Ahmad AJ Darwish,WI,0,0.00%
Representative in Congress 5,Wolcott,Bertram Ferguson,WI,0,0.00%
State Senator 16,Wolcott,Christopher Robertson,D,0,0.00%
State Senator 16,Wolcott,Rob Sampson,R,0,0.00%
State Senator 16,Wolcott,Christopher Robertson,IND,0,0.00%
State Representative 80,Wolcott,Gale L. Mastrofrancesco,R,0,0.00%
State Representative 80,Wolcott,Ashley Kathleen Frazer,WI,0,0.00%
Presidential Electors for,Woodbridge,Harris and Walz,D,0,0.00%
Presidential Electors for,Woodbridge,Trump and Vance,R,0,0.00%
Presidential Electors for,Woodbridge,Stein and Ware,G,0,0.00%
Presidential Electors for,Woodbridge,Oliver and ter Maat,LI,0,0.00%
Presidential Electors for,Woodbridge,"Kennedy, Jr. and Shanahan",PC,0,0.00%
Presidential Electors for,Woodbridge,De la Cruz and Garcia,WI,0,0.00%
Presidential Electors for,Woodbridge,Fox and McVay,WI,0,0.00%
Presidential Electors for,Woodbridge,McNeil and McNeil,WI,0,0.00%
Presidential Electors for,Woodbridge,Potus and Kennedy,WI,0,0.00%
Presidential Electors for,Woodbridge,Ayyadurai and Ellis,WI,0,0.00%
Presidential Electors for,Woodbridge,Sonski and Onak,WI,0,0.00%
Presidential Electors for,Woodbridge,West and Abdullah,WI,0,0.00%
United States Senator,Woodbridge,Christopher S. Murphy,D,0,0.00%
United States Senator,Woodbridge,Matthew M. Corey,R,0,0.00%
United States Senator,Woodbridge,Christopher S. Murphy,WF,0,0.00%
United States Senator,Woodbridge,Justin C. Paglino,G,0,0.00%
United States Senator,Woodbridge,Robert Finley Hyde,CGG,0,0.00%
United States Senator,Woodbridge,John Flynn,WI,0,0.00%
Representative in Congress 3,Woodbridge,Rosa L. DeLauro,D,0,0.00%
Representative in Congress 3,Woodbridge,Michael Massey,R,0,0.00%
Representative in Congress 3,Woodbridge,Michael Massey,IND,0,0.00%
Representative in Congress 3,Woodbridge,Leo Almoney,WI,0,0.00%
Representative in Congress 3,Woodbridge,Omar Scott Antar,WI,0,0.00%
Representative in Congress 3,Woodbridge,Shahd Omar,WI,0,0.00%
State Senator 14,Woodbridge,James Maroney,D,0,0.00%
State Senator 14,Woodbridge,Steven Johnstone,R,0,0.00%
State Senator 14,Woodbridge,James Maroney,IND,0,0.00%
State Senator 17,Woodbridge,Jorge Cabrera,D,0,0.00%
State Senator 17,Woodbridge,Jorge Cabrera,WF,0,0.00%
State Senator 17,Woodbridge,Jorge Cabrera,IND,0,0.00%
State Representative 114,Woodbridge,Mary Welander,D,0,0.00%
State Representative 114,Woodbridge,Mary Welander,IND,0,0.00%
Registrar of Voters,Woodbridge,Pennell Hamilton,D,0,0.00%
Registrar of Voters,Woodbridge,Anna Dickerson,R,0,0.00%
Presidential Electors for,Woodbury,Harris and Walz,D,0,0.00%
Presidential Electors for,Woodbury,Trump and Vance,R,0,0.00%
Presidential Electors for,Woodbury,Stein and Ware,G,0,0.00%
Presidential Electors for,Woodbury,Oliver and ter Maat,LI,0,0.00%
Presidential Electors for,Woodbury,"Kennedy, Jr. and Shanahan",PC,0,0.00%
Presidential Electors for,Woodbury,De la Cruz and Garcia,WI,0,0.00%
Presidential Electors for,Woodbury,Fox and McVay,WI,0,0.00%
Presidential Electors for,Woodbury,McNeil and McNeil,WI,0,0.00%
Presidential Electors for,Woodbury,Potus and Kennedy,WI,0,0.00%
Presidential Electors for,Woodbury,Ayyadurai and Ellis,WI,0,0.00%
Presidential Electors for,Woodbury,Sonski and Onak,WI,0,0.00%
Presidential Electors for,Woodbury,West and Abdullah,WI,0,0.00%
United States Senator,Woodbury,Christopher S. Murphy,D,0,0.00%
United States Senator,Woodbury,Matthew M. Corey,R,0,0.00%
United States Senator,Woodbury,Christopher S. Murphy,WF,0,0.00%
United States Senator,Woodbury,Justin C. Paglino,G,0,0.00%
United States Senator,Woodbury,Robert Finley Hyde,CGG,0,0.00%
United States Senator,Woodbury,John Flynn,WI,0,0.00%
Representative in Congress 5,Woodbury,Jahana Hayes,D,0,0.00%
Representative in Congress 5,Woodbury,George Logan,R,0,0.00%
Representative in Congress 5,Woodbury,Jahana Hayes,WF,0,0.00%
Representative in Congress 5,Woodbury,Ahmad AJ Darwish,WI,0,0.00%
Representative in Congress 5,Woodbury,Bertram Ferguson,WI,0,0.00%
State Senator 32,Woodbury,Jeff Desmarais,D,0,0.00%
State Senator 32,Woodbury,Eric C. Berthel,R,0,0.00%
State Representative 66,Woodbury,Sharon Sherman,D,0,0.00%
State Representative 66,Woodbury,Karen Reddington-Hughes,R,0,0.00%
Registrar of Voters,Woodbury,Daniel Lonegan,D,0,0.00%
Registrar of Voters,Woodbury,Lisa M. Amatruda,R,0,0.00%
Judge of Probate 22 To Fill Vacancy,Woodbury,David Labriola,R,0,0.00%
Presidential Electors for,Woodstock,Harris and Walz,D,0,0.00%
Presidential Electors for,Woodstock,Trump and Vance,R,0,0.00%
Presidential Electors for,Woodstock,Stein and Ware,G,0,0.00%
Presidential Electors for,Woodstock,Oliver and ter Maat,LI,0,0.00%
Presidential Electors for,Woodstock,"Kennedy, Jr. and Shanahan",PC,0,0.00%
Presidential Electors for,Woodstock,De la Cruz and Garcia,WI,0,0.00%
Presidential Electors for,Woodstock,Fox and McVay,WI,0,0.00%
Presidential Electors for,Woodstock,McNeil and McNeil,WI,0,0.00%
Presidential Electors for,Woodstock,Potus and Kennedy,WI,0,0.00%
Presidential Electors for,Woodstock,Ayyadurai and Ellis,WI,0,0.00%
Presidential Electors for,Woodstock,Sonski and Onak,WI,0,0.00%
Presidential Electors for,Woodstock,West and Abdullah,WI,0,0.00%
United States Senator,Woodstock,Christopher S. Murphy,D,0,0.00%
United States Senator,Woodstock,Matthew M. Corey,R,0,0.00%
United States Senator,Woodstock,Christopher S. Murphy,WF,0,0.00%
United States Senator,Woodstock,Justin C. Paglino,G,0,0.00%
United States Senator,Woodstock,Robert Finley Hyde,CGG,0,0.00%
United States Senator,Woodstock,John Flynn,WI,0,0.00%
Representative in Congress 2,Woodstock,Joe Courtney,D,0,0.00%
Representative in Congress 2,Woodstock,Mike France,R,0,0.00%
Representative in Congress 2,Woodstock,"Kenneth Kusmierski, Jr.",WI,0,0.00%
Representative in Congress 2,Woodstock,Jeffery Russell,WI,0,0.00%
State Senator 35,Woodstock,Merry C. Garrett,D,0,0.00%
State Senator 35,Woodstock,Jeff Gordon,R,0,0.00%
State Senator 35,Woodstock,Merry C. Garrett,WF,0,0.00%
State Senator 35,Woodstock,Merry C. Garrett,IND,0,0.00%
State Representative 50,Woodstock,Pat Boyd,D,0,0.00%
State Representative 52,Woodstock,Ethan R Werstler,D,0,0.00%
State Representative 52,Woodstock,Kurt Vail,R,0,0.00%
