office,town,candidate,party,votes,vote_percent
Presidential Electors for,statewide,Harris and Walz,D,755374,54.26%
Presidential Electors for,statewide,Trump and Vance,R,612808,44.02%
Presidential Electors for,statewide,Stein and Ware,G,11210,0.81%
Presidential Electors for,statewide,Oliver and ter Maat,LI,5553,0.40%
Presidential Electors for,statewide,"Kennedy, Jr. and Shanahan",PC,6908,0.50%
Presidential Electors for,statewide,De la Cruz and Garcia,WI,135,0.01%
Presidential Electors for,statewide,Fox and McVay,WI,4,0.00%
Presidential Electors for,statewide,McNeil and McNeil,WI,0,0.00%
Presidential Electors for,statewide,Potus and Kennedy,WI,0,0.00%
Presidential Electors for,statewide,Ayyadurai and Ellis,WI,16,0.00%
Presidential Electors for,statewide,Sonski and Onak,WI,98,0.01%
Presidential Electors for,statewide,West and Abdullah,WI,69,0.00%
United States Senator,statewide,Christopher S. Murphy,D,728544,53.81%
United States Senator,statewide,Matthew M. Corey,R,566948,41.88%
United States Senator,statewide,Christopher S. Murphy,WF,35812,2.65%
United States Senator,statewide,Justin C. Paglino,G,10812,0.80%
United States Senator,statewide,Robert Finley Hyde,CGG,11710,0.86%
United States Senator,statewide,John Flynn,WI,7,0.00%
Representative in Congress 1,statewide,John B. Larson,D,136170,57.19%
Representative in Congress 1,statewide,Jim Griffin,R,89419,37.56%
Representative in Congress 1,statewide,John B. Larson,WF,7722,3.24%
Representative in Congress 1,statewide,Mary L. Sanders,G,4771,2.00%
Representative in Congress 2,statewide,Joe Courtney,D,213093,58.06%
Representative in Congress 2,statewide,Mike France,R,153907,41.94%
Representative in Congress 2,statewide,"Kenneth Kusmierski, Jr.",WI,3,0.00%
Representative in Congress 2,statewide,Jeffery Russell,WI,4,0.00%
Representative in Congress 3,statewide,Rosa L. DeLauro,D,109745,53.71%
Representative in Congress 3,statewide,Michael Massey,R,91252,44.66%
Representative in Congress 3,statewide,Michael Massey,IND,3314,1.62%
Representative in Congress 3,statewide,Leo Almoney,WI,0,0.00%
Representative in Congress 3,statewide,Omar Scott Antar,WI,1,0.00%
Representative in Congress 3,statewide,Shahd Omar,WI,14,0.01%
Representative in Congress 4,statewide,Jim Himes,D,135763,58.66%
Representative in Congress 4,statewide,Michael Goldstein,R,92262,39.87%
Representative in Congress 4,statewide,Benjamin Wesley,IND,3404,1.47%
Representative in Congress 5,statewide,Jahana Hayes,D,155908,50.88%
Representative in Congress 5,statewide,George Logan,R,142463,46.49%
Representative in Congress 5,statewide,Jahana Hayes,WF,8003,2.61%
Representative in Congress 5,statewide,Ahmad AJ Darwish,WI,56,0.02%
Representative in Congress 5,statewide,Bertram Ferguson,WI,2,0.00%
State Senator 1,statewide,John W. Fonfara,D,7929,84.82%
State Senator 1,statewide,Luis R. Delgado,G,1419,15.18%
State Senator 2,statewide,Douglas McCrory,D,18780,78.55%
State Senator 2,statewide,Kristin Hoffman,R,5127,21.45%
State Senator 3,statewide,Saud Anwar,D,25818,60.16%
State Senator 3,statewide,Matt Siracusa,R,15563,36.26%
State Senator 3,statewide,Saud Anwar,WF,1535,3.58%
State Senator 4,statewide,MD Rahman,D,29558,60.47%
State Senator 4,statewide,Stephen King,R,17602,36.01%
State Senator 4,statewide,MD Rahman,WF,1720,3.52%
State Senator 5,statewide,Derek Slap,D,11112,56.74%
State Senator 5,statewide,Kyla Zimmermann,R,8473,43.26%
State Senator 6,statewide,Rick Lopes,D,18853,54.65%
State Senator 6,statewide,Tremell Collins,R,14337,41.56%
State Senator 6,statewide,Rick Lopes,WF,1307,3.79%
State Senator 7,statewide,Cynthia Mangini,D,21249,42.83%
State Senator 7,statewide,John A. Kissel,R,26077,52.56%
State Senator 7,statewide,Cynthia Mangini,WF,1207,2.43%
State Senator 7,statewide,John A. Kissel,IND,1081,2.18%
State Senator 8,statewide,Paul Honig,D,22527,50.02%
State Senator 8,statewide,Lisa Seminara,R,21033,46.70%
State Senator 8,statewide,Paul Honig,WF,813,1.81%
State Senator 8,statewide,Lisa Seminara,IND,663,1.47%
State Senator 9,statewide,Matthew Lesser,D,21359,81.64%
State Senator 9,statewide,Matthew Lesser,WF,2858,10.92%
State Senator 9,statewide,Matthew Lesser,IND,1945,7.43%
State Senator 10,statewide,Gary Winfield,D,5118,68.86%
State Senator 10,statewide,Nyrell Moore,R,1977,26.60%
State Senator 10,statewide,Gary Winfield,WF,215,2.89%
State Senator 10,statewide,Nyrell Moore,IND,123,1.65%
State Senator 11,statewide,Martin M. Looney,D,0,0.00%
State Senator 11,statewide,Steven Orosco,R,0,0.00%
State Senator 12,statewide,Christine Cohen,D,22753,53.46%
State Senator 12,statewide,Paul Crisci,R,18565,43.62%
State Senator 12,statewide,Christine Cohen,WF,670,1.57%
State Senator 12,statewide,Christine Cohen,IND,570,1.34%
State Senator 13,statewide,Jan Hochadel,D,21339,51.50%
State Senator 13,statewide,Elain Cariati,R,18059,43.58%
State Senator 13,statewide,Jan Hochadel,WF,1045,2.52%
State Senator 13,statewide,Gwen Samuel,IND,991,2.39%
State Senator 13,statewide,Gwen Samuel,WI,0,0.00%
State Senator 14,statewide,James Maroney,D,27160,53.51%
State Senator 14,statewide,Steven Johnstone,R,22357,44.05%
State Senator 14,statewide,James Maroney,IND,1236,2.44%
State Senator 15,statewide,Joan V. Hartley,D,17847,85.10%
State Senator 15,statewide,Joan V. Hartley,IND,3124,14.90%
State Senator 16,statewide,Christopher Robertson,D,19669,40.69%
State Senator 16,statewide,Rob Sampson,R,27552,57.00%
State Senator 16,statewide,Christopher Robertson,IND,1113,2.30%
State Senator 17,statewide,Jorge Cabrera,D,13111,77.80%
State Senator 17,statewide,Jorge Cabrera,WF,2100,12.46%
State Senator 17,statewide,Jorge Cabrera,IND,1642,9.74%
State Senator 18,statewide,Andrew M. Parrella,D,20713,40.90%
State Senator 18,statewide,Heather Somers,R,28275,55.83%
State Senator 18,statewide,Heather Somers,IND,1659,3.28%
State Senator 19,statewide,Catherine A. Osten,D,23517,52.14%
State Senator 19,statewide,Jason Guidone,R,19456,43.14%
State Senator 19,statewide,Catherine A. Osten,WF,1306,2.90%
State Senator 19,statewide,Catherine A. Osten,IND,825,1.83%
State Senator 20,statewide,Martha Marx,D,26609,53.61%
State Senator 20,statewide,Shaun Mastroianni,R,20845,41.99%
State Senator 20,statewide,Martha Marx,WF,1266,2.55%
State Senator 20,statewide,Shaun Mastroianni,IND,917,1.85%
State Senator 21,statewide,Kevin C. Kelly,R,36236,100.00%
State Senator 22,statewide,Sujata Gadkar-Wilcox,D,7234,44.95%
State Senator 22,statewide,Chris Carrena,R,8585,53.35%
State Senator 22,statewide,Robert Edward Halstead,IND,274,1.70%
State Senator 22,statewide,Louis Anthony Bevilacqua,WI,0,0.00%
State Senator 23,statewide,Herron Gaston,D,1948,70.20%
State Senator 23,statewide,Brian Banacowski,R,624,22.49%
State Senator 23,statewide,Herron Gaston,WF,109,3.93%
State Senator 24,statewide,Julie Kushner,D,20085,50.88%
State Senator 24,statewide,Michelle Coelho,R,17791,45.07%
State Senator 24,statewide,Julie Kushner,WF,949,2.40%
State Senator 24,statewide,Michelle Coelho,IND,650,1.65%
State Senator 25,statewide,Bob Duff,D,0,0.00%
State Senator 25,statewide,Martin Tagliaferro,R,0,0.00%
State Senator 25,statewide,Bob Duff,WF,0,0.00%
State Senator 26,statewide,Ceci Maher,D,34482,61.55%
State Senator 26,statewide,Kami Evans,R,20707,36.96%
State Senator 26,statewide,Kami Evans,IND,833,1.49%
State Senator 27,statewide,Pat Billie Miller,D,22303,64.25%
State Senator 27,statewide,Nicola Tarzia,R,12409,35.75%
State Senator 28,statewide,Rob Blanchard,D,27407,45.45%
State Senator 28,statewide,Tony Hwang,R,31463,52.18%
State Senator 28,statewide,Tony Hwang,IND,1432,2.37%
State Senator 29,statewide,Mae Flexer,D,16442,45.51%
State Senator 29,statewide,Chris Reddy,R,17804,49.28%
State Senator 29,statewide,Mae Flexer,WF,848,2.35%
State Senator 29,statewide,Mae Flexer,IND,409,1.13%
State Senator 29,statewide,Alice Leibowitz,G,627,1.74%
State Senator 30,statewide,Justin Potter,D,16648,49.30%
State Senator 30,statewide,Stephen G. Harding,R,16579,49.10%
State Senator 30,statewide,Stephen G. Harding,IND,540,1.60%
State Senator 31,statewide,Henri Martin,R,27261,100.00%
State Senator 32,statewide,Jeff Desmarais,D,26246,42.78%
State Senator 32,statewide,Eric C. Berthel,R,35109,57.22%
State Senator 33,statewide,Norm Needleman,D,34770,54.30%
State Senator 33,statewide,Jeffery Duigou,R,27511,42.96%
State Senator 33,statewide,Norm Needleman,IND,1754,2.74%
State Senator 34,statewide,Brandi Mandato,D,7548,35.78%
State Senator 34,statewide,Paul Cicarella,R,12541,59.45%
State Senator 34,statewide,Brandi Mandato,WF,388,1.84%
State Senator 34,statewide,Paul Cicarella,IND,419,1.99%
State Senator 34,statewide,David A. Bedell,G,198,0.94%
State Senator 35,statewide,Merry C. Garrett,D,23489,44.33%
State Senator 35,statewide,Jeff Gordon,R,27942,52.74%
State Senator 35,statewide,Merry C. Garrett,WF,896,1.69%
State Senator 35,statewide,Merry C. Garrett,IND,655,1.24%
State Senator 36,statewide,Nick Simmons,D,26137,46.96%
State Senator 36,statewide,Ryan Fazio,R,28779,51.70%
State Senator 36,statewide,Nick Simmons,IND,747,1.34%
State Representative 1,statewide,Matthew Ritter,D,0,0.00%
State Representative 2,statewide,Raghib Allie-Brennan,D,6944,55.45%
State Representative 2,statewide,Bradley M. Koltz,R,5249,41.92%
State Representative 2,statewide,Raghib Allie-Brennan,IND,329,2.63%
State Representative 3,statewide,Minnie Gonzalez,D,0,0.00%
State Representative 4,statewide,Julio A. Concepcion,D,0,0.00%
State Representative 5,statewide,Maryam Khan,D,6540,99.82%
State Representative 5,statewide,Tracy L. Funnye,WI,12,0.18%
State Representative 6,statewide,"James ""Jimmy"" Sanchez",D,0,0.00%
State Representative 6,statewide,Alyssa Peterson,PC,0,0.00%
State Representative 7,statewide,Joshua M. Hall,D,0,0.00%
State Representative 8,statewide,Nancy Hammarstrom,D,5627,38.89%
State Representative 8,statewide,Timothy Ackert,R,8580,59.30%
State Representative 8,statewide,Nancy Hammarstrom,WF,263,1.82%
State Representative 9,statewide,Jason Rojas,D,7419,100.00%
State Representative 10,statewide,Henry J. Genga,D,5470,68.51%
State Representative 10,statewide,Chris Tierinni,R,2514,31.49%
State Representative 11,statewide,Patrick Biggins,D,4975,69.40%
State Representative 11,statewide,Salema Davis,R,2194,30.60%
State Representative 12,statewide,Geoffrey Luxenberg,D,6371,62.58%
State Representative 12,statewide,Robert Cormier,R,3398,33.38%
State Representative 12,statewide,Geoffrey Luxenberg,WF,359,3.53%
State Representative 12,statewide,Joseph Arthur Young,PC,52,0.51%
State Representative 13,statewide,Jason Doucette,D,6224,64.62%
State Representative 13,statewide,Donna C Meier,R,3122,32.41%
State Representative 13,statewide,Jason Doucette,IND,286,2.97%
State Representative 14,statewide,"Steven King, Jr",D,5536,42.68%
State Representative 14,statewide,Tom Delnicki,R,6773,52.22%
State Representative 14,statewide,Tom Delnicki,IND,304,2.34%
State Representative 15,statewide,Bobby Gibson,D,9284,84.03%
State Representative 15,statewide,Quentin Johnson,R,1765,15.97%
State Representative 16,statewide,Melissa Osborne,D,9633,61.87%
State Representative 16,statewide,Michael Schulitz,R,5937,38.13%
State Representative 17,statewide,Eleni Kavros DeGraw,D,8621,59.57%
State Representative 17,statewide,Manju Gerber,R,5369,37.10%
State Representative 17,statewide,Eleni Kavros DeGraw,WF,272,1.88%
State Representative 17,statewide,Eleni Kavros DeGraw,IND,209,1.44%
State Representative 18,statewide,Jillian Gilchrest,D,0,0.00%
State Representative 19,statewide,Tammy Exum,D,1677,100.00%
State Representative 20,statewide,Kate Farrar,D,2748,82.62%
State Representative 20,statewide,Kate Farrar,WF,578,17.38%
State Representative 21,statewide,Mike Demicco,D,8331,61.02%
State Representative 21,statewide,Johnny Carrier,R,4820,35.30%
State Representative 21,statewide,Mike Demicco,WF,310,2.27%
State Representative 21,statewide,Mike Demicco,IND,192,1.41%
State Representative 22,statewide,Rebecca Martinez,D,1598,46.77%
State Representative 22,statewide,Francis Rexford Cooley,R,1706,49.93%
State Representative 22,statewide,Rebecca Martinez,WF,57,1.67%
State Representative 22,statewide,Rebecca Martinez,IND,56,1.64%
State Representative 23,statewide,Jane Wisialowski,D,7369,47.16%
State Representative 23,statewide,Devin R Carney,R,7759,49.65%
State Representative 23,statewide,Jane Wisialowski,WF,213,1.36%
State Representative 23,statewide,Devin R Carney,IND,286,1.83%
State Representative 24,statewide,"Emmanuel ""Manny"" Sanchez",D,4700,60.98%
State Representative 24,statewide,Alden Russell,R,2631,34.13%
State Representative 24,statewide,"Emmanuel ""Manny"" Sanchez",WF,362,4.70%
State Representative 24,statewide,Alfred P. Mayo,PC,15,0.19%
State Representative 25,statewide,"Robert ""Bobby"" Sanchez",D,3614,70.08%
State Representative 25,statewide,Jamie Vaughan,R,1543,29.92%
State Representative 26,statewide,David DeFronzo,D,4042,55.78%
State Representative 26,statewide,Barbara Marino,R,2910,40.16%
State Representative 26,statewide,David DeFronzo,WF,294,4.06%
State Representative 27,statewide,Gary Turco,D,7305,76.92%
State Representative 27,statewide,Gary Turco,WF,1091,11.49%
State Representative 27,statewide,Stephen P. Ellis,PC,1101,11.59%
State Representative 28,statewide,Amy Morrin Bello,D,7557,55.94%
State Representative 28,statewide,William Davidson,R,5480,40.56%
State Representative 28,statewide,Amy Morrin Bello,WF,473,3.50%
State Representative 29,statewide,Kerry Szeps Wood,D,3566,53.33%
State Representative 29,statewide,Edward V. Charamut,R,3121,46.67%
State Representative 30,statewide,Donna M. Veach,R,9174,100.00%
State Representative 31,statewide,Jill Barry,D,9367,88.57%
State Representative 31,statewide,Jill Barry,IND,1209,11.43%
State Representative 32,statewide,Christie M. Carpino,R,6129,100.00%
State Representative 33,statewide,Brandon Chafee,D,6510,75.87%
State Representative 33,statewide,Brandon Chafee,IND,1080,12.59%
State Representative 33,statewide,Robert Kyle Hoggard,WE,698,8.14%
State Representative 33,statewide,Christine Leigh Rebstock,PC,292,3.40%
State Representative 34,statewide,Richard E. Knotek,D,6530,44.87%
State Representative 34,statewide,Irene Haines,R,7726,53.09%
State Representative 34,statewide,David Brice Cassenti,IND,296,2.03%
State Representative 35,statewide,Cinzia Lettieri,D,6682,47.89%
State Representative 35,statewide,Chris Aniskovich,R,6819,48.87%
State Representative 35,statewide,Cinzia Lettieri,WF,231,1.66%
State Representative 35,statewide,Chris Aniskovich,IND,222,1.59%
State Representative 36,statewide,Renee LaMark Muir,D,8012,53.00%
State Representative 36,statewide,Kathryn Russell,R,7106,47.00%
State Representative 37,statewide,Nick Menapace,D,7405,48.18%
State Representative 37,statewide,Holly H. Cheeseman,R,7302,47.51%
State Representative 37,statewide,Nick Menapace,WF,330,2.15%
State Representative 37,statewide,Holly H. Cheeseman,IND,334,2.17%
State Representative 38,statewide,Nick Gauthier,D,6745,46.93%
State Representative 38,statewide,Kathleen M. McCarty,R,7100,49.39%
State Representative 38,statewide,Nick Gauthier,WF,320,2.23%
State Representative 38,statewide,Nick Gauthier,IND,209,1.45%
State Representative 39,statewide,Anthony Nolan,D,4819,73.02%
State Representative 39,statewide,Beloved Grace Carter,R,1277,19.35%
State Representative 39,statewide,Anthony Nolan,WF,504,7.64%
State Representative 40,statewide,Christine Conley,D,5681,60.71%
State Representative 40,statewide,Susan Deane-Shinbrot,R,3163,33.80%
State Representative 40,statewide,Christine Conley,WF,284,3.04%
State Representative 40,statewide,Christine Conley,IND,229,2.45%
State Representative 41,statewide,Aundre Bumgardner,D,8853,80.61%
State Representative 41,statewide,Aundre Bumgardner,WF,1368,12.46%
State Representative 41,statewide,Aundre Bumgardner,IND,762,6.94%
State Representative 42,statewide,Savet Constantine,D,6549,51.27%
State Representative 42,statewide,Kim Healy,R,5942,46.52%
State Representative 42,statewide,Kim Healy,IND,282,2.21%
State Representative 43,statewide,Ty Lamb,D,4893,42.22%
State Representative 43,statewide,Greg Howard,R,6696,57.78%
State Representative 44,statewide,Samantha Derenthal,D,3746,33.98%
State Representative 44,statewide,Anne Dubay Dauphinais,R,6982,63.34%
State Representative 44,statewide,Samantha Derenthal,IND,295,2.68%
State Representative 45,statewide,Kayla Thompson,D,5500,37.86%
State Representative 45,statewide,Brian L. Lanoue,R,9027,62.14%
State Representative 46,statewide,Derell Wilson,D,4468,60.86%
State Representative 46,statewide,Nicholas Casiano,R,2509,34.17%
State Representative 46,statewide,Derell Wilson,WF,365,4.97%
State Representative 47,statewide,Aaron Spruance,D,4492,37.34%
State Representative 47,statewide,Doug Dubitsky,R,7539,62.66%
State Representative 48,statewide,Christopher Rivers,D,6714,45.68%
State Representative 48,statewide,Mark DeCaprio,R,7506,51.06%
State Representative 48,statewide,Christopher Rivers,WF,304,2.07%
State Representative 48,statewide,Lance Lusignan,IND,175,1.19%
State Representative 49,statewide,Susan Johnson,D,4628,84.59%
State Representative 49,statewide,Susan Johnson,WF,843,15.41%
State Representative 50,statewide,Pat Boyd,D,6530,100.00%
State Representative 51,statewide,Renee LaPalme Waldron,D,4834,40.44%
State Representative 51,statewide,Chris Stewart,R,6519,54.54%
State Representative 51,statewide,Renee LaPalme Waldron,WF,338,2.83%
State Representative 51,statewide,Renee LaPalme Waldron,IND,262,2.19%
State Representative 52,statewide,Ethan R Werstler,D,6148,42.20%
State Representative 52,statewide,Kurt Vail,R,8419,57.80%
State Representative 53,statewide,Ann Bonney,D,5853,41.48%
State Representative 53,statewide,Tammy Nuccio,R,7744,54.88%
State Representative 53,statewide,Ann Bonney,WF,241,1.71%
State Representative 53,statewide,Tammy Nuccio,IND,274,1.94%
State Representative 54,statewide,Gregg Haddad,D,3430,68.99%
State Representative 54,statewide,Aaron Bowman,R,1370,27.55%
State Representative 54,statewide,Gregg Haddad,WF,172,3.46%
State Representative 55,statewide,Amanda Veneziano,D,6812,42.36%
State Representative 55,statewide,Steve Weir,R,8866,55.14%
State Representative 55,statewide,Amanda Veneziano,WF,222,1.38%
State Representative 55,statewide,Amanda Veneziano,IND,180,1.12%
State Representative 56,statewide,Kevin Brown,D,5869,56.65%
State Representative 56,statewide,Brian Motola,R,4096,39.53%
State Representative 56,statewide,Kevin Brown,WF,256,2.47%
State Representative 56,statewide,Kevin Brown,IND,140,1.35%
State Representative 57,statewide,Jaime S. Foster,D,6718,50.91%
State Representative 57,statewide,Jennifer Dzen,R,6121,46.38%
State Representative 57,statewide,Jaime S. Foster,IND,358,2.71%
State Representative 58,statewide,John Santanella,D,5194,55.13%
State Representative 58,statewide,Robert Hendrickson,R,3916,41.56%
State Representative 58,statewide,John Santanella,IND,312,3.31%
State Representative 59,statewide,Rick LeBorious,D,5927,49.52%
State Representative 59,statewide,Carol Hall,R,6043,50.48%
State Representative 60,statewide,Jane Garibay,D,6776,60.32%
State Representative 60,statewide,Lenworth Walker,R,3985,35.47%
State Representative 60,statewide,Jane Garibay,WF,317,2.82%
State Representative 60,statewide,Jane Garibay,IND,156,1.39%
State Representative 61,statewide,Michael Malloy,D,5656,40.58%
State Representative 61,statewide,Tami Zawistowski,R,8281,59.42%
State Representative 62,statewide,Kim Becker,D,6763,44.46%
State Representative 62,statewide,Mark W. Anderson,R,7925,52.10%
State Representative 62,statewide,Kim Becker,WF,272,1.79%
State Representative 62,statewide,Mark W. Anderson,IND,251,1.65%
State Representative 63,statewide,Jay M. Case,R,693,100.00%
State Representative 64,statewide,Maria Horn,D,8471,61.81%
State Representative 64,statewide,Barbara L. Breor,R,4848,35.37%
State Representative 64,statewide,Maria Horn,WF,237,1.73%
State Representative 64,statewide,Maria Horn,IND,150,1.09%
State Representative 65,statewide,Michelle L. Cook,D,0,0.00%
State Representative 65,statewide,Joe Canino,R,0,0.00%
State Representative 66,statewide,Sharon Sherman,D,6673,43.92%
State Representative 66,statewide,Karen Reddington-Hughes,R,8522,56.08%
State Representative 67,statewide,Alexandra Thomas,D,0,0.00%
State Representative 67,statewide,William Buckbee,R,0,0.00%
State Representative 67,statewide,William Buckbee,IND,0,0.00%
State Representative 68,statewide,Joe Polletta,R,9902,100.00%
State Representative 69,statewide,Ed Edelson,D,6114,46.10%
State Representative 69,statewide,Jason Buchsbaum,R,7148,53.90%
State Representative 70,statewide,Jeff Litke,D,4257,41.72%
State Representative 70,statewide,Seth Bronko,R,5618,55.06%
State Representative 70,statewide,Jeff Litke,IND,328,3.21%
State Representative 71,statewide,William J. Pizzuto,R,6936,100.00%
State Representative 72,statewide,Larry B. Butler,D,3486,89.73%
State Representative 72,statewide,Larry B. Butler,IND,399,10.27%
State Representative 73,statewide,Ronald A Napoli Jr,D,4583,60.09%
State Representative 73,statewide,Abigail Pizarro,R,2560,33.56%
State Representative 73,statewide,Ronald A Napoli Jr,WF,265,3.47%
State Representative 73,statewide,Ronald A Napoli Jr,IND,219,2.87%
State Representative 74,statewide,Michael DiGiovancarlo,D,4817,100.00%
State Representative 75,statewide,Geraldo C. Reyes Jr.,D,2848,100.00%
State Representative 76,statewide,Stephen Simonin,D,4570,31.74%
State Representative 76,statewide,John Piscopo,R,9828,68.26%
State Representative 77,statewide,Cara C. Pavalock-D'Amato,R,6655,69.23%
State Representative 77,statewide,"Mary ""Mim"" Rydingsward",WF,1836,19.10%
State Representative 77,statewide,"Mary ""Mim"" Rydingsward",IND,1122,11.67%
State Representative 78,statewide,Joe Hoxha,R,8438,100.00%
State Representative 79,statewide,Mary B. Fortier,D,5066,53.01%
State Representative 79,statewide,David Schrager,R,4046,42.34%
State Representative 79,statewide,Mary B. Fortier,WF,287,3.00%
State Representative 79,statewide,Mary B. Fortier,IND,158,1.65%
State Representative 80,statewide,Gale L. Mastrofrancesco,R,10103,100.00%
State Representative 80,statewide,Ashley Kathleen Frazer,WI,0,0.00%
State Representative 81,statewide,Chris Poulos,D,6647,51.39%
State Representative 81,statewide,James E. Morelli Jr.,R,5802,44.86%
State Representative 81,statewide,Chris Poulos,IND,486,3.76%
State Representative 82,statewide,Michael D. Quinn,D,5120,57.59%
State Representative 82,statewide,Lamar Terrell,R,3412,38.38%
State Representative 82,statewide,Michael D. Quinn,WF,359,4.04%
State Representative 83,statewide,Jack Fazzino,D,6280,50.00%
State Representative 83,statewide,Joseph Vollano,R,5703,45.40%
State Representative 83,statewide,Jack Fazzino,WF,363,2.89%
State Representative 83,statewide,Jack Fazzino,IND,215,1.71%
State Representative 84,statewide,Hilda E. Santiago,D,3719,100.00%
State Representative 85,statewide,Mary M. Mushinsky,D,0,0.00%
State Representative 85,statewide,"Jerry Farrell, Jr.",R,0,0.00%
State Representative 85,statewide,Mary M. Mushinsky,WF,0,0.00%
State Representative 85,statewide,Mary M. Mushinsky,IND,0,0.00%
State Representative 86,statewide,Vincent J. Candelora,R,9429,100.00%
State Representative 87,statewide,Kieran Ahern,D,1917,22.76%
State Representative 87,statewide,David W. Yaccarino,R,6385,75.81%
State Representative 87,statewide,Kieran Ahern,WF,120,1.42%
State Representative 88,statewide,Joshua Elliott,D,0,0.00%
State Representative 88,statewide,Joshua Elliott,WF,0,0.00%
State Representative 89,statewide,Lezlye Zupkus,R,8153,100.00%
State Representative 89,statewide,Stuart R. Korchin,WI,0,0.00%
State Representative 90,statewide,Rebecca Hyland,D,0,0.00%
State Representative 90,statewide,Craig Fishbein,R,0,0.00%
State Representative 90,statewide,Rebecca Hyland,WF,0,0.00%
State Representative 90,statewide,Craig Fishbein,IND,0,0.00%
State Representative 91,statewide,Laurie Sweet,D,0,0.00%
State Representative 91,statewide,Laurie Sweet,WF,0,0.00%
State Representative 92,statewide,Patricia A. Dillon,D,0,0.00%
State Representative 92,statewide,Morris Sumpter,R,0,0.00%
State Representative 93,statewide,Toni E. Walker,D,0,0.00%
State Representative 94,statewide,Steven B. Winter,D,0,0.00%
State Representative 95,statewide,Juan Candelaria,D,0,0.00%
State Representative 96,statewide,Roland J. Lemar,D,0,0.00%
State Representative 96,statewide,Andrea DiLieto Zola,R,0,0.00%
State Representative 96,statewide,Andrea DiLieto Zola,IND,0,0.00%
State Representative 97,statewide,Alphonse Paolillo Jr.,D,0,0.00%
State Representative 97,statewide,Anthony Acri,R,0,0.00%
State Representative 98,statewide,Moira Rader,D,7553,63.47%
State Representative 98,statewide,Richard S. DiNardo,R,4059,34.11%
State Representative 98,statewide,Moira Rader,WF,289,2.43%
State Representative 99,statewide,Joe Zullo,R,7834,100.00%
State Representative 100,statewide,Kai Juanna Belton,D,6353,58.64%
State Representative 100,statewide,Nigel Macon-Wilson,R,3949,36.45%
State Representative 100,statewide,Kai Juanna Belton,WF,532,4.91%
State Representative 101,statewide,John-Michael Parker,D,8422,54.28%
State Representative 101,statewide,Lisa Deane,R,6362,41.00%
State Representative 101,statewide,John-Michael Parker,WF,224,1.44%
State Representative 101,statewide,John-Michael Parker,IND,509,3.28%
State Representative 102,statewide,Robin Comey,D,0,0.00%
State Representative 102,statewide,Ray Ingraham,R,0,0.00%
State Representative 102,statewide,Robin Comey,WF,0,0.00%
State Representative 103,statewide,Liz Linehan,D,7076,100.00%
State Representative 104,statewide,Kara Rochelle,D,895,53.72%
State Representative 104,statewide,David S Cassetti,R,670,40.22%
State Representative 104,statewide,Kara Rochelle,WF,74,4.44%
State Representative 104,statewide,Thomas G. Egan,IND,27,1.62%
State Representative 105,statewide,Nicole Klarides-Ditria,R,9476,100.00%
State Representative 106,statewide,Michelle Embree Ku,D,7248,46.32%
State Representative 106,statewide,Mitch Bolinsky,R,8106,51.81%
State Representative 106,statewide,Michelle Embree Ku,IND,293,1.87%
State Representative 107,statewide,Aaron Zimmer,D,6251,44.71%
State Representative 107,statewide,Martin J. Foncello,R,7349,52.56%
State Representative 107,statewide,Aaron Zimmer,WF,213,1.52%
State Representative 107,statewide,Aaron Zimmer,IND,169,1.21%
State Representative 108,statewide,Anne Weisberg,D,4992,40.76%
State Representative 108,statewide,Patrick Callahan,R,7039,57.47%
State Representative 108,statewide,Anne Weisberg,WF,217,1.77%
State Representative 109,statewide,Farley A. Santos,D,4161,51.60%
State Representative 109,statewide,Brenda Santopolo Hefferon,R,3554,44.07%
State Representative 109,statewide,Farley A. Santos,WF,253,3.14%
State Representative 109,statewide,Farley A. Santos,IND,96,1.19%
State Representative 110,statewide,Bob Godfrey,D,2970,56.79%
State Representative 110,statewide,Austin Monteiro,R,2071,39.60%
State Representative 110,statewide,Bob Godfrey,WF,189,3.61%
State Representative 111,statewide,Aimee Berger-Girvalo,D,8128,57.88%
State Representative 111,statewide,Colette Kabasakalian,R,5647,40.21%
State Representative 111,statewide,Aimee Berger-Girvalo,IND,269,1.92%
State Representative 112,statewide,Beth Cliff,D,5718,40.91%
State Representative 112,statewide,Tony Scott,R,7949,56.87%
State Representative 112,statewide,Beth Cliff,WF,140,1.00%
State Representative 112,statewide,Beth Cliff,IND,170,1.22%
State Representative 113,statewide,Jason Perillo,R,9346,100.00%
State Representative 114,statewide,Mary Welander,D,7247,85.84%
State Representative 114,statewide,Mary Welander,IND,1195,14.16%
State Representative 115,statewide,William J. Heffernan III,D,5705,100.00%
State Representative 116,statewide,Trenee McGee,D,4521,100.00%
State Representative 117,statewide,MJ Shannon,D,6748,49.24%
State Representative 117,statewide,Raymond V. Collins III,R,6584,48.04%
State Representative 117,statewide,MJ Shannon,WF,187,1.36%
State Representative 117,statewide,MJ Shannon,IND,185,1.35%
State Representative 118,statewide,Frank Smith,D,6800,53.15%
State Representative 118,statewide,Mark Macchio,R,5604,43.81%
State Representative 118,statewide,Frank Smith,WF,389,3.04%
State Representative 119,statewide,Etan Hirsch,D,5513,42.62%
State Representative 119,statewide,Kathy Kennedy,R,7143,55.23%
State Representative 119,statewide,Kathy Kennedy,IND,278,2.15%
State Representative 120,statewide,Kaitlyn Shake,D,6569,51.33%
State Representative 120,statewide,Laura Dancho,R,5642,44.09%
State Representative 120,statewide,Kaitlyn Shake,WF,357,2.79%
State Representative 120,statewide,Laura Dancho,IND,229,1.79%
State Representative 121,statewide,Joseph P. Gresko,D,6572,66.46%
State Representative 121,statewide,Rafael Irizarry,R,3317,33.54%
State Representative 122,statewide,"Dorothy ""Dottie"" Lerner",D,5610,42.22%
State Representative 122,statewide,Ben McGorty,R,7679,57.78%
State Representative 123,statewide,Thomas Tesoro,D,3465,40.08%
State Representative 123,statewide,David J. Rutigliano,R,4852,56.12%
State Representative 123,statewide,Thomas Tesoro,WF,136,1.57%
State Representative 123,statewide,David J. Rutigliano,IND,192,2.22%
State Representative 124,statewide,"Andre Baker, Jr.",D,0,0.00%
State Representative 124,statewide,Yoshiyahu Yisrael,R,0,0.00%
State Representative 125,statewide,Jason Bennett,D,5316,44.27%
State Representative 125,statewide,Tom O'Dea,R,6693,55.73%
State Representative 126,statewide,"Fred Gee, Jr.",D,0,0.00%
State Representative 126,statewide,David R. Herz,R,0,0.00%
State Representative 127,statewide,Marcus A. Brown,D,0,0.00%
State Representative 128,statewide,Christopher Rosario,D,0,0.00%
State Representative 128,statewide,Ramona Marquez,R,0,0.00%
State Representative 128,statewide,Angel M. Gonzalez,IND,0,0.00%
State Representative 129,statewide,Steve Stafstrom,D,0,0.00%
State Representative 129,statewide,Francis Kalangala,R,0,0.00%
State Representative 130,statewide,Antonio D. Felipe,D,0,0.00%
State Representative 130,statewide,"Terry ""Cowboy"" Sullivan",R,0,0.00%
State Representative 131,statewide,Ellen S. Fox,D,5333,40.43%
State Representative 131,statewide,Arnold Jensen,R,7520,57.01%
State Representative 131,statewide,Ellen S. Fox,IND,338,2.56%
State Representative 132,statewide,Jennifer Leeper,D,7615,57.72%
State Representative 132,statewide,Alexis Harrison,R,5391,40.87%
State Representative 132,statewide,Alexis Harrison,IND,186,1.41%
State Representative 133,statewide,Cristin McCarthy Vahey,D,6535,61.69%
State Representative 133,statewide,Chris Verras,R,3717,35.09%
State Representative 133,statewide,Cristin McCarthy Vahey,WF,342,3.23%
State Representative 134,statewide,Sarah Keitt,D,5505,48.55%
State Representative 134,statewide,Melissa Longo,R,5545,48.91%
State Representative 134,statewide,Sarah Keitt,WF,136,1.20%
State Representative 134,statewide,Sarah Keitt,IND,152,1.34%
State Representative 135,statewide,Anne Hughes,D,8404,59.41%
State Representative 135,statewide,Christopher Peritore,R,5306,37.51%
State Representative 135,statewide,Anne Hughes,WF,169,1.19%
State Representative 135,statewide,Christopher Peritore,IND,266,1.88%
State Representative 136,statewide,Jonathan Steinberg,D,9418,67.69%
State Representative 136,statewide,John Bolton,R,4496,32.31%
State Representative 137,statewide,Kadeem Roberts,D,0,0.00%
State Representative 137,statewide,Pietro Rotondo,R,0,0.00%
State Representative 137,statewide,Kadeem Roberts,WF,0,0.00%
State Representative 138,statewide,Kenneth M. Gucker,D,4245,47.99%
State Representative 138,statewide,Rachel Chaleski,R,4216,47.67%
State Representative 138,statewide,Kenneth M. Gucker,WF,221,2.50%
State Representative 138,statewide,Rachel Chaleski,IND,163,1.84%
State Representative 139,statewide,Kevin Ryan,D,5479,51.48%
State Representative 139,statewide,Mark Adams,R,4738,44.52%
State Representative 139,statewide,Kevin Ryan,WF,280,2.63%
State Representative 139,statewide,Kevin Ryan,IND,145,1.36%
State Representative 140,statewide,Travis Simms,D,0,0.00%
State Representative 140,statewide,Enrique Santiago,R,0,0.00%
State Representative 140,statewide,Travis Simms,WF,0,0.00%
State Representative 141,statewide,Sheila Quinn,D,0,0.00%
State Representative 141,statewide,Tracy Marra,R,0,0.00%
State Representative 141,statewide,Tracy Marra,IND,0,0.00%
State Representative 142,statewide,Lucy Dathan,D,599,89.27%
State Representative 142,statewide,Lucy Dathan,WF,72,10.73%
State Representative 143,statewide,Dominique Johnson,D,1350,66.60%
State Representative 143,statewide,Peter Bang,R,633,31.23%
State Representative 143,statewide,Dominique Johnson,WF,22,1.09%
State Representative 143,statewide,Dominique Johnson,IND,22,1.09%
State Representative 144,statewide,Hubert Delany,D,6345,64.47%
State Representative 144,statewide,Layne Rodney,R,3497,35.53%
State Representative 145,statewide,Corey P. Paris,D,4344,73.02%
State Representative 145,statewide,Fritz Blau,R,1441,24.22%
State Representative 145,statewide,Corey P. Paris,WF,164,2.76%
State Representative 146,statewide,Eilish Collins Main,D,5648,62.23%
State Representative 146,statewide,Jim Malerba,R,3259,35.91%
State Representative 146,statewide,Eilish Collins Main,IND,169,1.86%
State Representative 147,statewide,Matt Blumenthal,D,7246,60.95%
State Representative 147,statewide,Rudy Settimi,R,4642,39.05%
State Representative 148,statewide,Jonathan Jacobson,D,4910,64.55%
State Representative 148,statewide,Olga Anastos,R,2697,35.45%
State Representative 149,statewide,Rachel Khanna,D,6469,50.54%
State Representative 149,statewide,Tina Courpas,R,6171,48.21%
State Representative 149,statewide,Rachel Khanna,IND,159,1.24%
State Representative 150,statewide,Steve Meskers,D,6378,56.28%
State Representative 150,statewide,Paul Cappiali,R,4954,43.72%
State Representative 151,statewide,Hector Arzeno,D,6826,51.54%
State Representative 151,statewide,Tod Laudonia,R,6418,48.46%
Registrar of Voters,statewide,Susan K. Gray,D,0,0.00%
Registrar of Voters,statewide,Cara Kate Gately,R,0,0.00%
Registrar of Voters,statewide,Christy Miano,D,5169,45.11%
Registrar of Voters,statewide,Joan Veley,R,6290,54.89%
Registrar of Voters,statewide,Monica Di Costanzo,D,32281,61.99%
Registrar of Voters,statewide,Lucy Corelli,R,19790,38.01%
Registrar of Voters,statewide,Wendy Cahill,D,5695,53.79%
Registrar of Voters,statewide,Timothy Beeble,R,4892,46.21%
Registrar of Voters,statewide,Louise Sheedy,D,6312,48.36%
Registrar of Voters,statewide,Matthew R. Katra,R,6740,51.64%
Registrar of Voters,statewide,Christy Yaros,D,6393,57.57%
Registrar of Voters,statewide,"Ernest McNeill, Jr.",R,4711,42.43%
Registrar of Voters,statewide,Sharon Ann O'Connor,D,8908,83.00%
Registrar of Voters,statewide,Robert Ike,R,1824,17.00%
Registrar of Voters,statewide,Christine Psathas,D,1311,43.92%
Registrar of Voters,statewide,Suzanne G. Chapman,R,1674,56.08%
Registrar of Voters,statewide,Luis Daniel Rodriguez,D,4165,56.66%
Registrar of Voters,statewide,Kimberly Desaulniers,R,2837,38.59%
Registrar of Voters,statewide,Jessica Watson,G,349,4.75%
Registrar of Voters,statewide,Pennell Hamilton,D,3146,61.12%
Registrar of Voters,statewide,Anna Dickerson,R,2001,38.88%
Registrar of Voters,statewide,Daniel Lonegan,D,2841,45.75%
Registrar of Voters,statewide,Lisa M. Amatruda,R,3369,54.25%
Registrar of Voters,statewide,Anita M. Mips,D,11810,74.67%
Registrar of Voters,statewide,Victoria Virgo-Christie,R,4007,25.33%
Registrar of Voters,statewide,Stephen Barrett,D,889,38.67%
Registrar of Voters,statewide,Betsy M. Barrett,R,1410,61.33%
Registrar of Voters,statewide,Nancy J. McCormick,D,2629,99.32%
Registrar of Voters,statewide,Amy Roberts-Perry,WI,18,0.68%
Registrar of Voters,statewide,Karen A. Birck,D,6195,59.26%
Registrar of Voters,statewide,Annalisa Stravato-Favarolo,R,4259,40.74%
Registrar of Voters,statewide,Barbara Braunstein,D,0,0.00%
Registrar of Voters,statewide,Deborah Jones,R,0,0.00%
Registrar of Voters,statewide,Phillip Theroux,D,2178,43.81%
Registrar of Voters,statewide,Thomas Pugliese,R,2793,56.19%
Registrar of Voters,statewide,Linda J. Derick,D,1013,49.90%
Registrar of Voters,statewide,Wallace Earle Barton Jr.,R,1017,50.10%
Registrar of Voters,statewide,John Feddern,D,0,0.00%
Registrar of Voters,statewide,David Papcin,R,0,0.00%
Registrar of Voters,statewide,Lauren L. Olson,D,1276,53.08%
Registrar of Voters,statewide,Colleen S. DePercio,R,1128,46.92%
Registrar of Voters,statewide,Karen Martin,D,1118,48.27%
Registrar of Voters,statewide,Steven Blackburn,R,1198,51.73%
Registrar of Voters,statewide,Jessica A. Krenesky,R,2684,99.52%
Registrar of Voters,statewide,Shawn Northrop,WI,13,0.48%
Registrar of Voters,statewide,Linda Sangermano,R,2232,99.78%
Registrar of Voters,statewide,Loreen Hegan,WI,5,0.22%
Registrar of Voters,statewide,Cynthia Zdanzukas,D,3414,53.45%
Registrar of Voters,statewide,Warren Humphrey,R,2973,46.55%
Registrar of Voters,statewide,Mark Vasil,D,3975,52.80%
Registrar of Voters,statewide,Lawrence P. Edwards,R,3553,47.20%
Registrar of Voters,statewide,Karen Odell,D,473,50.21%
Registrar of Voters,statewide,Sherri Gray,R,469,49.79%
Registrar of Voters,statewide,Nelisa Reagan,D,1730,50.97%
Registrar of Voters,statewide,Gayle J. Mulligan,R,1664,49.03%
Registrar of Voters,statewide,Jayne Ridgway,D,731,73.54%
Registrar of Voters,statewide,Brittany Mosimann,R,263,26.46%
Registrar of Voters,statewide,Elizabeth Gregan,D,1541,55.75%
Registrar of Voters,statewide,Claudia H. Hardy,R,1223,44.25%
Registrar of Voters,statewide,Wayne Hayes,D,1437,46.99%
Registrar of Voters,statewide,Michele Marin,R,1621,53.01%
Registrar of Voters,statewide,Martha Hansen,D,2690,48.81%
Registrar of Voters,statewide,Rebecca J. Wonneberger,R,2821,51.19%
Registrar of Voters,statewide,Theresa M. Latimer,D,3802,48.30%
Registrar of Voters,statewide,Rosemarie Hecht,R,4070,51.70%
Registrar of Voters,statewide,Melissa Ozols,D,2543,58.59%
Registrar of Voters,statewide,Barbara Ryan,R,1797,41.41%
Registrar of Voters,statewide,Jennifer L. Gauthier,D,2242,39.37%
Registrar of Voters,statewide,Cynthia Martin,R,3453,60.63%
Registrar of Voters,statewide,Kathleen Wessling,D,2491,46.28%
Registrar of Voters,statewide,Diana Cottrell,R,2891,53.72%
Registrar of Voters,statewide,Matthew Sweet,D,560,98.59%
Registrar of Voters,statewide,Patricia Raskauskas,WI,8,1.41%
Registrar of Voters,statewide,Elizabeth Fitzgerald,D,3124,52.91%
Registrar of Voters,statewide,Michele May,R,2780,47.09%
Registrar of Voters,statewide,Therese Duncan,D,1197,67.06%
Registrar of Voters,statewide,Sal Lilienthal,R,588,32.94%
Registrar of Voters,statewide,Dottie Wells,D,953,59.90%
Registrar of Voters,statewide,Judith Davies,R,638,40.10%
Registrar of Voters,statewide,Jim Newton,D,6815,58.89%
Registrar of Voters,statewide,Gregory Scalzo III,R,4757,41.11%
Registrar of Voters,statewide,Lawrence M. Sweeney,D,574,40.25%
Registrar of Voters,statewide,Maryann Petzold,R,852,59.75%
Registrar of Voters,statewide,Saquana Seltzer,D,1853,43.23%
Registrar of Voters,statewide,Catherine Farmer-McCann,R,2433,56.77%
Registrar of Voters,statewide,Danese Perron,D,0,0.00%
Registrar of Voters,statewide,Patricia Keilty,D,568,43.00%
Registrar of Voters,statewide,Rosemary Keilty,R,753,57.00%
Registrar of Voters,statewide,James Carew,D,2800,29.23%
Registrar of Voters,statewide,Jennifer Massini Vanacore,R,6779,70.77%
Registrar of Voters,statewide,Connie Berardi,D,1263,42.16%
Registrar of Voters,statewide,Emily Lewis,R,1733,57.84%
Registrar of Voters,statewide,Jennifer Datum,D,2882,56.08%
Registrar of Voters,statewide,Catherine Carter,R,2257,43.92%
Registrar of Voters,statewide,Susan Abram,D,0,0.00%
Registrar of Voters,statewide,Beth Gasparini,R,0,0.00%
Registrar of Voters,statewide,William T. Anderson,D,1264,53.86%
Registrar of Voters,statewide,John A. Charest,R,1083,46.14%
Registrar of Voters,statewide,Laurie Castronova,D,1727,42.91%
Registrar of Voters,statewide,Charles Raymond,R,2298,57.09%
Registrar of Voters,statewide,Katherine S. Blinstrubas,D,853,28.52%
Registrar of Voters,statewide,Marianne Byrne,R,2138,71.48%
Registrar of Voters,statewide,Patricia J. Fondelheit,D,1817,44.14%
Registrar of Voters,statewide,Kimberley J D Simmons,R,2299,55.86%
Registrar of Voters,statewide,Lisa Bartro,D,3402,61.96%
Registrar of Voters,statewide,Michele L. Meschi,R,2089,38.04%
Registrar of Voters,statewide,Marel Rogers,D,947,63.47%
Registrar of Voters,statewide,Patricia A. Chamberlain,R,545,36.53%
Registrar of Voters,statewide,Sara Laughlin,D,1121,51.52%
Registrar of Voters,statewide,Andrea Maloney,R,1055,48.48%
Registrar of Voters,statewide,Gloriajean E. Sheiber,D,1882,34.36%
Registrar of Voters,statewide,David P. McCaffrey,R,3595,65.64%
Registrar of Voters,statewide,Jon Illinger,D,590,40.61%
Registrar of Voters,statewide,Barbara Richardson Crouch,R,863,59.39%
Registrar of Voters,statewide,Sue Armstrong,D,3050,76.61%
Registrar of Voters,statewide,Eleanor Canestrari,PC,931,23.39%
Registrar of Voters,statewide,Cathy Levine,D,510,26.87%
Registrar of Voters,statewide,Tammy Etheridge,R,1388,73.13%
Registrar of Voters,statewide,Tammy Daigneault,D,494,34.59%
Registrar of Voters,statewide,Belinda J. Wiese,R,934,65.41%
Registrar of Voters,statewide,John F. Morton,D,435,47.39%
Registrar of Voters,statewide,Richard Valine,R,483,52.61%
Registrar of Voters,statewide,Bigi Ebbin,D,5771,51.19%
Registrar of Voters,statewide,Patti Waters,R,5502,48.81%
Registrar of Voters,statewide,Darcy Barrera-Hawes,D,3894,64.38%
Registrar of Voters,statewide,Tammy Herzog Roberts,R,2154,35.62%
Registrar of Voters,statewide,Sandra W. Pierog,D,1605,52.31%
Registrar of Voters,statewide,Ross Lally,R,1463,47.69%
Registrar of Voters,statewide,Jeff Rowan,D,0,0.00%
Registrar of Voters,statewide,"Darren ""Howie"" Lawler",R,0,0.00%
Registrar of Voters,statewide,Leslie Ruggiero,D,4522,45.72%
Registrar of Voters,statewide,Catherine Iannone,R,5369,54.28%
Registrar of Voters,statewide,Richard Ives,D,1717,41.80%
Registrar of Voters,statewide,Jo Ann Gerardi-Voccio,R,2391,58.20%
Registrar of Voters,statewide,Christopher Komuves,D,469,39.41%
Registrar of Voters,statewide,Eugene V. Boomer Jr.,R,721,60.59%
Registrar of Voters,statewide,Sara Mussen,D,4559,50.10%
Registrar of Voters,statewide,Julianne Shilosky,R,4541,49.90%
Registrar of Voters,statewide,Sandye Simon,D,3477,48.45%
Registrar of Voters,statewide,Marilyn K. Powers,R,3700,51.55%
Registrar of Voters,statewide,Alice Kelly,D,0,0.00%
Registrar of Voters,statewide,Bonnie Anderson,R,0,0.00%
Registrar of Voters,statewide,David Smith,D,2508,52.81%
Registrar of Voters,statewide,Dori Wollen,R,2241,47.19%
Registrar of Voters,statewide,Christina Tetreault,D,9365,50.58%
Registrar of Voters,statewide,Thomas E. Kienzler,R,9149,49.41%
Registrar of Voters,statewide,James R. Hoyne,WI,2,0.01%
Registrar of Voters,statewide,Laura Wolfe,D,3647,51.55%
Registrar of Voters,statewide,Karen Antonucci,R,3428,48.45%
Registrar of Voters,statewide,Jeanne Rogers,D,9121,58.59%
Registrar of Voters,statewide,Kristen D. Venditti,R,6446,41.41%
Registrar of Voters,statewide,Sulema Perez-Pagan,D,603,99.50%
Registrar of Voters,statewide,Dayna McDermott Arriola,WI,3,0.50%
Registrar of Voters,statewide,Candace Crawford,D,1297,35.91%
Registrar of Voters,statewide,Deborah Shea,R,2315,64.09%
Registrar of Voters,statewide,Janice Thurlow,D,3241,41.80%
Registrar of Voters,statewide,Pamela Greenhalgh,R,4513,58.20%
Registrar of Voters,statewide,James Duncan,D,2388,46.93%
Registrar of Voters,statewide,Lynette Kyasky,R,2700,53.07%
Registrar of Voters,statewide,Kate Briggs,D,4879,44.68%
Registrar of Voters,statewide,Debra Dutches,R,6042,55.32%
Registrar of Voters,statewide,Elisa Beckett-Flores,D,3352,42.38%
Registrar of Voters,statewide,Daniel McDermott,R,4557,57.62%
Registrar of Voters,statewide,LeReine Frampton,D,8176,50.34%
Registrar of Voters,statewide,Erica Canfield,R,8066,49.66%
Registrar of Voters,statewide,Marlene K. Esposito,D,2797,39.25%
Registrar of Voters,statewide,Lisa Dostie Fitch,R,4330,60.75%
Registrar of Voters,statewide,Patricia Prendergast,D,4460,100.00%
Registrar of Voters,statewide,Roz Chviek,D,2475,36.82%
Registrar of Voters,statewide,Sonia S. Chapman,R,4246,63.18%
Registrar of Voters,statewide,Gregory G. Davis,D,716,49.04%
Registrar of Voters,statewide,Laura S. Miller,R,744,50.96%
Registrar of Voters,statewide,Sue W. Larsen,D,8322,59.52%
Registrar of Voters,statewide,Christine Shaher,R,5660,40.48%
Registrar of Voters,statewide,Karen O'Keefe,D,6699,60.79%
Registrar of Voters,statewide,Peggy Roberts,R,4320,39.21%
Registrar of Voters,statewide,A. Aileen Witkowski,D,1895,41.21%
Registrar of Voters,statewide,Francis J. McGarry,R,2703,58.79%
Registrar of Voters,statewide,Diane  Stengl,D,3870,32.87%
Registrar of Voters,statewide,Christine Shields,R,7905,67.13%
Registrar of Voters,statewide,James Crawford,D,2154,52.94%
Registrar of Voters,statewide,Megan E. Ruppenicker,R,1915,47.06%
Registrar of Voters,statewide,Karen Pfluger,D,836,36.73%
Registrar of Voters,statewide,Christine M. Reisel,R,1440,63.27%
Registrar of Voters,statewide,Kevin McCauley,D,13334,50.70%
Registrar of Voters,statewide,Jolene Lusitani,R,12964,49.30%
Registrar of Voters,statewide,Louise A. Pitney,D,2517,51.30%
Registrar of Voters,statewide,Thomas Lionetti,R,2389,48.70%
Registrar of Voters,statewide,Veronica Rosario,D,11810,70.08%
Registrar of Voters,statewide,Mary J. Mourey,R,5042,29.92%
Registrar of Voters,statewide,Richard A. DePalma,D,5971,46.82%
Registrar of Voters,statewide,Alberta Vitale,R,6782,53.18%
Registrar of Voters,statewide,Beth Kintner,D,8487,57.62%
Registrar of Voters,statewide,Ann Newbury,R,6241,42.38%
Registrar of Voters,statewide,Mary Hegarty,D,16289,49.68%
Registrar of Voters,statewide,Fred DeCaro III,R,16102,49.11%
Registrar of Voters,statewide,Fred DeCaro III,IND,396,1.21%
Registrar of Voters,statewide,Diana Mann,D,4091,99.18%
Registrar of Voters,statewide,Judy Johnson,WI,34,0.82%
Registrar of Voters,statewide,Ron Manizza,D,4326,72.54%
Registrar of Voters,statewide,Alfred E. Fratoni,R,1638,27.46%
Registrar of Voters,statewide,Staci M. Roy,D,11357,56.53%
Registrar of Voters,statewide,Suzanne S. Flynn,R,8734,43.47%
Registrar of Voters,statewide,Kerri Rowland,D,15656,54.10%
Registrar of Voters,statewide,Debra Fellenbaum,R,13284,45.90%
Registrar of Voters,statewide,JoAnn Merolla-Martin,D,7966,57.43%
Registrar of Voters,statewide,Dianne M. Slopak,R,5904,42.57%
Registrar of Voters,statewide,Janice Casey,D,4132,48.37%
Registrar of Voters,statewide,Valerie Spinaci,R,4411,51.63%
Registrar of Voters,statewide,Teresa Begnal,D,16717,56.58%
Registrar of Voters,statewide,Alexandra Desjardins,R,11624,39.34%
Registrar of Voters,statewide,Michael J. Telesca,IND,1207,4.08%
Registrar of Voters,statewide,Janet Sabovik,D,8916,41.05%
Registrar of Voters,statewide,Peter R. Pavone,R,12803,58.95%
Registrar of Voters,statewide,Mary McDonald,D,5761,47.40%
Registrar of Voters,statewide,Marie Papaioannou,R,6393,52.60%
Registrar of Voters,statewide,R. Michael Wyman,D,4477,50.47%
Registrar of Voters,statewide,Leonard A. Bach,R,4394,49.53%
Registrar of Voters,statewide,Chris Prue,D,7930,55.61%
Registrar of Voters,statewide,M. Lisa Moody,R,6330,44.39%
Registrar of Voters,statewide,Thomas Wolfer,D,0,0.00%
Registrar of Voters,statewide,Joan Ives-Parisi,R,0,0.00%
Registrar of Voters,statewide,Lois Pinney,R,1369,99.56%
Registrar of Voters,statewide,Denise E.S. Arturi,WI,6,0.44%
Registrar of Voters,statewide,Maria Susanin,D,8259,55.66%
Registrar of Voters,statewide,Carol Garvey-Hurley,R,6580,44.34%
Registrar of Voters,statewide,Willy Hyde,D,7917,48.22%
Registrar of Voters,statewide,Sylvia Nichols,R,8503,51.78%
Registrar of Voters,statewide,Heather A. Petit,D,2115,47.34%
Registrar of Voters,statewide,Jon Scagnelli,R,2353,52.66%
Registrar of Voters,statewide,Matt Waggner,D,18452,56.30%
Registrar of Voters,statewide,Cathy Politi,R,14324,43.70%
Registrar of Voters,statewide,Charles Murray,D,11779,57.20%
Registrar of Voters,statewide,Lisbeth Becker,R,8815,42.80%
Registrar of Voters,statewide,James R. Stevenson,D,14885,64.80%
Registrar of Voters,statewide,Timothy H. Becker,R,8086,35.20%
Registrar of Voters,statewide,Mary Hillman,D,4173,50.38%
Registrar of Voters,statewide,Jeff Rogers,R,4110,49.62%
Registrar of Voters,statewide,Lucian J. Pawlak,D,13213,64.52%
Registrar of Voters,statewide,Peter J. Gostin,R,7265,35.48%
Registrar of Voters,statewide,Elizabeth Orteig,D,4859,45.56%
Registrar of Voters,statewide,Joan McLaughlin,R,5805,54.44%
Registrar of Voters,statewide,Elaine D. Bedard,D,10945,46.18%
Registrar of Voters,statewide,"August A. Palmer, III",R,12755,53.82%
Registrar of Voters,statewide,James Simon,D,14464,57.72%
Registrar of Voters,statewide,Louis A. DeCilio,R,10593,42.28%
Registrar of Voters,statewide,Jacque Williams,D,0,0.00%
Registrar of Voters,statewide,Frederick E. Jury,R,0,0.00%
Registrar of Voters,statewide,Jean Rabinow,D,5547,44.84%
Registrar of Voters,statewide,Tracy S. Vonick,R,6824,55.16%
Registrar of Voters,statewide,Sherri Lepper,D,11599,61.26%
Registrar of Voters,statewide,Jo Ann Callegari,R,7334,38.74%
Registrar of Voters,statewide,Joan G. Bielizna,D,14741,52.52%
Registrar of Voters,statewide,Mary Ann Doran,R,13326,47.48%
Registrar of Voters,statewide,Stuart W. Wells III,D,0,0.00%
Registrar of Voters,statewide,Diana Paladino Christopher,R,0,0.00%
Registrar of Voters,statewide,Katherine Price Snedaker,IND,0,0.00%
Registrar of Voters,statewide,Elizabeth Rousseau,D,0,0.00%
Registrar of Voters,statewide,Beth Kyle,R,0,0.00%
Registrar of Voters,statewide,"Giselle ""Gigi"" Feliciano",D,0,0.00%
Registrar of Voters,statewide,Michael T. McGarry,R,0,0.00%
Registrar of Voters,statewide,Samuel Martin Pudlin,WF,0,0.00%
Registrar of Voters,statewide,Patricia A. Howard,D,0,0.00%
Registrar of Voters,statewide,Linda A. Grace,R,0,0.00%
Registrar of Voters,statewide,Shannel Evans,D,0,0.00%
Registrar of Voters,statewide,Lisa Milone,R,0,0.00%
Registrar of Voters,statewide,Paul A. Garlinghouse,G,0,0.00%
Board of Education,statewide,Julienne Foy,D,32200,31.02%
Board of Education,statewide,Rebecca Hamman,R,26001,25.05%
Board of Education,statewide,Prasad Tunga,R,24382,23.49%
Board of Education,statewide,Luisa Duran,R,21215,20.44%
Board of Education,statewide,Julia Motte Dennis,PC,4530,55.79%
Board of Education,statewide,Vanessa Lucia D'Anna,PC,3491,42.99%
Board of Education,statewide,Jessica Patraw,WI,99,1.22%
Board of Education,statewide,Joanna Walsh,D,0,0.00%
Board of Education,statewide,Michael Balzano,D,0,0.00%
Board of Education,statewide,David Brown,R,0,0.00%
Board of Education,statewide,Robin Nelson,R,0,0.00%
Representative Town Meeting District 1,statewide,Priscilla Wong,PC,0,0.00%
Representative Town Meeting District 1,statewide,Linda Tavlarios,PC,0,0.00%
Representative Town Meeting District 1,statewide,John Sartorius,PC,0,0.00%
Representative Town Meeting District 1,statewide,William Clarkson,PC,0,0.00%
Representative Town Meeting District 1,statewide,Charles Powis,PC,0,0.00%
Representative Town Meeting District 1,statewide,Patrick Parr,PC,0,0.00%
Representative Town Meeting District 1,statewide,Diane Conologue,PC,0,0.00%
Representative Town Meeting District 1-01,statewide,Priscilla Wong,PC,0,0.00%
Representative Town Meeting District 1-01,statewide,Linda Tavlarios,PC,0,0.00%
Representative Town Meeting District 1-01,statewide,John Sartorius,PC,0,0.00%
Representative Town Meeting District 1-01,statewide,William Clarkson,PC,0,0.00%
Representative Town Meeting District 1-01,statewide,Charles Powis,PC,0,0.00%
Representative Town Meeting District 1-01,statewide,Patrick Parr,PC,0,0.00%
Representative Town Meeting District 1-01,statewide,Diane Conologue,PC,0,0.00%
Representative Town Meeting District 1-02,statewide,Priscilla Wong,PC,0,0.00%
Representative Town Meeting District 1-02,statewide,Linda Tavlarios,PC,0,0.00%
Representative Town Meeting District 1-02,statewide,John Sartorius,PC,0,0.00%
Representative Town Meeting District 1-02,statewide,William Clarkson,PC,0,0.00%
Representative Town Meeting District 1-02,statewide,Charles Powis,PC,0,0.00%
Representative Town Meeting District 1-02,statewide,Patrick Parr,PC,0,0.00%
Representative Town Meeting District 1-02,statewide,Diane Conologue,PC,0,0.00%
Representative Town Meeting District 2,statewide,Emily Salmore,PC,0,0.00%
Representative Town Meeting District 2,statewide,Richard Aponte,PC,0,0.00%
Representative Town Meeting District 2,statewide,Michael Casolo,PC,0,0.00%
Representative Town Meeting District 2,statewide,Penelope Wilson,PC,0,0.00%
Representative Town Meeting District 2,statewide,Michael Wheeler,PC,0,0.00%
Representative Town Meeting District 2,statewide,Cheryl Russell,PC,0,0.00%
Representative Town Meeting District 2,statewide,Charles Teschner,PC,0,0.00%
Representative Town Meeting District 2,statewide,Liz Bacon,PC,0,0.00%
Representative Town Meeting District 3,statewide,Jack Davis,PC,0,0.00%
Representative Town Meeting District 3,statewide,Jeff Crouse,PC,0,0.00%
Representative Town Meeting District 4,statewide,Jean Hsu,PC,0,0.00%
Representative Town Meeting District 4,statewide,Jan Raymond,PC,0,0.00%
Representative Town Meeting District 4,statewide,Brian Rayhill,PC,0,0.00%
Representative Town Meeting District 5,statewide,Ian Laird,PC,0,0.00%
Representative Town Meeting District 5,statewide,Mark Adiletta,PC,0,0.00%
Representative Town Meeting District 5,statewide,Ashley Guadano,PC,0,0.00%
Representative Town Meeting District 5,statewide,Doug Allen Bernacchi,PC,0,0.00%
Representative Town Meeting District 5,statewide,Beth Pope,PC,0,0.00%
Representative Town Meeting District 5,statewide,Curtis Butler,PC,0,0.00%
Representative Town Meeting District 5,statewide,David Bayne,PC,0,0.00%
Representative Town Meeting District 6,statewide,Rachel Taylor,PC,0,0.00%
Representative Town Meeting District 6,statewide,Frank Adelman,PC,0,0.00%
Representative Town Meeting District 6,statewide,John Visi,PC,0,0.00%
Representative Town Meeting District 6,statewide,Susan Lauritzen,PC,0,0.00%
Judge of Probate 15 To Fill Vacancy,statewide,Phrances Leverton Szewczyk,D,15052,100.00%
Judge of Probate 22 To Fill Vacancy,statewide,David Labriola,R,31821,100.00%
Judge of Probate 25 To Fill Vacancy,statewide,Sophia H. Shaikh,D,25470,100.00%
Judge of Probate 28 To Fill Vacancy,statewide,George A. Baker,D,12272,51.62%
Judge of Probate 28 To Fill Vacancy,statewide,Douglas T. Stearns,R,11500,48.38%
Judge of Probate 37 To Fill Vacancy,statewide,Michael Dolan,D,2162,100.00%
Judge of Probate 49 To Fill Vacancy,statewide,Kathy Caulfield,D,18643,56.30%
Judge of Probate 49 To Fill Vacancy,statewide,Daniel Ford,R,14471,43.70%
Town Council To Fill a Vacancy,statewide,Susan G. Boilard,D,2020,33.18%
Town Council To Fill a Vacancy,statewide,Thomas J. Zagurski,R,4068,66.82%
Presidential Electors for,Andover,Harris and Walz,D,1055,49.39%
Presidential Electors for,Andover,Trump and Vance,R,1054,49.34%
Presidential Electors for,Andover,Stein and Ware,G,9,0.42%
Presidential Electors for,Andover,Oliver and ter Maat,LI,6,0.28%
Presidential Electors for,Andover,"Kennedy, Jr. and Shanahan",PC,12,0.56%
Presidential Electors for,Andover,De la Cruz and Garcia,WI,0,0.00%
Presidential Electors for,Andover,Fox and McVay,WI,0,0.00%
Presidential Electors for,Andover,McNeil and McNeil,WI,0,0.00%
Presidential Electors for,Andover,Potus and Kennedy,WI,0,0.00%
Presidential Electors for,Andover,Ayyadurai and Ellis,WI,0,0.00%
Presidential Electors for,Andover,Sonski and Onak,WI,0,0.00%
Presidential Electors for,Andover,West and Abdullah,WI,0,0.00%
United States Senator,Andover,Christopher S. Murphy,D,1003,48.06%
United States Senator,Andover,Matthew M. Corey,R,1000,47.92%
United States Senator,Andover,Christopher S. Murphy,WF,57,2.73%
United States Senator,Andover,Justin C. Paglino,G,12,0.57%
United States Senator,Andover,Robert Finley Hyde,CGG,15,0.72%
United States Senator,Andover,John Flynn,WI,0,0.00%
Representative in Congress 2,Andover,Joe Courtney,D,1107,53.30%
Representative in Congress 2,Andover,Mike France,R,970,46.70%
Representative in Congress 2,Andover,"Kenneth Kusmierski, Jr.",WI,0,0.00%
Representative in Congress 2,Andover,Jeffery Russell,WI,0,0.00%
State Senator 4,Andover,MD Rahman,D,999,48.78%
State Senator 4,Andover,Stephen King,R,992,48.44%
State Senator 4,Andover,MD Rahman,WF,57,2.78%
State Representative 55,Andover,Amanda Veneziano,D,842,40.77%
State Representative 55,Andover,Steve Weir,R,1173,56.80%
State Representative 55,Andover,Amanda Veneziano,WF,30,1.45%
State Representative 55,Andover,Amanda Veneziano,IND,20,0.97%
Registrar of Voters,Andover,Linda J. Derick,D,1013,49.90%
Registrar of Voters,Andover,Wallace Earle Barton Jr.,R,1017,50.10%
Presidential Electors for,Ansonia,Harris and Walz,D,0,0.00%
Presidential Electors for,Ansonia,Trump and Vance,R,0,0.00%
Presidential Electors for,Ansonia,Stein and Ware,G,0,0.00%
Presidential Electors for,Ansonia,Oliver and ter Maat,LI,0,0.00%
Presidential Electors for,Ansonia,"Kennedy, Jr. and Shanahan",PC,0,0.00%
Presidential Electors for,Ansonia,De la Cruz and Garcia,WI,0,0.00%
Presidential Electors for,Ansonia,Fox and McVay,WI,0,0.00%
Presidential Electors for,Ansonia,McNeil and McNeil,WI,0,0.00%
Presidential Electors for,Ansonia,Potus and Kennedy,WI,0,0.00%
Presidential Electors for,Ansonia,Ayyadurai and Ellis,WI,0,0.00%
Presidential Electors for,Ansonia,Sonski and Onak,WI,0,0.00%
Presidential Electors for,Ansonia,West and Abdullah,WI,0,0.00%
United States Senator,Ansonia,Christopher S. Murphy,D,0,0.00%
United States Senator,Ansonia,Matthew M. Corey,R,0,0.00%
United States Senator,Ansonia,Christopher S. Murphy,WF,0,0.00%
United States Senator,Ansonia,Justin C. Paglino,G,0,0.00%
United States Senator,Ansonia,Robert Finley Hyde,CGG,0,0.00%
United States Senator,Ansonia,John Flynn,WI,0,0.00%
Representative in Congress 3,Ansonia,Rosa L. DeLauro,D,0,0.00%
Representative in Congress 3,Ansonia,Michael Massey,R,0,0.00%
Representative in Congress 3,Ansonia,Michael Massey,IND,0,0.00%
Representative in Congress 3,Ansonia,Leo Almoney,WI,0,0.00%
Representative in Congress 3,Ansonia,Omar Scott Antar,WI,0,0.00%
Representative in Congress 3,Ansonia,Shahd Omar,WI,0,0.00%
State Senator 17,Ansonia,Jorge Cabrera,D,0,0.00%
State Senator 17,Ansonia,Jorge Cabrera,WF,0,0.00%
State Senator 17,Ansonia,Jorge Cabrera,IND,0,0.00%
State Representative 104,Ansonia,Kara Rochelle,D,0,0.00%
State Representative 104,Ansonia,David S Cassetti,R,0,0.00%
State Representative 104,Ansonia,Kara Rochelle,WF,0,0.00%
State Representative 104,Ansonia,Thomas G. Egan,IND,0,0.00%
Registrar of Voters,Ansonia,John Feddern,D,0,0.00%
Registrar of Voters,Ansonia,David Papcin,R,0,0.00%
Presidential Electors for,Ashford,Harris and Walz,D,1304,51.50%
Presidential Electors for,Ashford,Trump and Vance,R,1182,46.68%
Presidential Electors for,Ashford,Stein and Ware,G,18,0.71%
Presidential Electors for,Ashford,Oliver and ter Maat,LI,15,0.59%
Presidential Electors for,Ashford,"Kennedy, Jr. and Shanahan",PC,13,0.51%
Presidential Electors for,Ashford,De la Cruz and Garcia,WI,0,0.00%
Presidential Electors for,Ashford,Fox and McVay,WI,0,0.00%
Presidential Electors for,Ashford,McNeil and McNeil,WI,0,0.00%
Presidential Electors for,Ashford,Potus and Kennedy,WI,0,0.00%
Presidential Electors for,Ashford,Ayyadurai and Ellis,WI,0,0.00%
Presidential Electors for,Ashford,Sonski and Onak,WI,0,0.00%
Presidential Electors for,Ashford,West and Abdullah,WI,0,0.00%
United States Senator,Ashford,Christopher S. Murphy,D,1240,50.22%
United States Senator,Ashford,Matthew M. Corey,R,1106,44.80%
United States Senator,Ashford,Christopher S. Murphy,WF,73,2.96%
United States Senator,Ashford,Justin C. Paglino,G,28,1.13%
United States Senator,Ashford,Robert Finley Hyde,CGG,22,0.89%
United States Senator,Ashford,John Flynn,WI,0,0.00%
Representative in Congress 2,Ashford,Joe Courtney,D,1380,56.05%
Representative in Congress 2,Ashford,Mike France,R,1082,43.95%
Representative in Congress 2,Ashford,"Kenneth Kusmierski, Jr.",WI,0,0.00%
Representative in Congress 2,Ashford,Jeffery Russell,WI,0,0.00%
State Senator 35,Ashford,Merry C. Garrett,D,1133,46.11%
State Senator 35,Ashford,Jeff Gordon,R,1230,50.06%
State Senator 35,Ashford,Merry C. Garrett,WF,54,2.20%
State Senator 35,Ashford,Merry C. Garrett,IND,40,1.63%
State Representative 50,Ashford,Pat Boyd,D,1521,100.00%
Registrar of Voters,Ashford,Lauren L. Olson,D,1276,53.08%
Registrar of Voters,Ashford,Colleen S. DePercio,R,1128,46.92%
Presidential Electors for,Avon,Harris and Walz,D,6928,60.30%
Presidential Electors for,Avon,Trump and Vance,R,4351,37.87%
Presidential Electors for,Avon,Stein and Ware,G,105,0.91%
Presidential Electors for,Avon,Oliver and ter Maat,LI,60,0.52%
Presidential Electors for,Avon,"Kennedy, Jr. and Shanahan",PC,46,0.40%
Presidential Electors for,Avon,De la Cruz and Garcia,WI,0,0.00%
Presidential Electors for,Avon,Fox and McVay,WI,0,0.00%
Presidential Electors for,Avon,McNeil and McNeil,WI,0,0.00%
Presidential Electors for,Avon,Potus and Kennedy,WI,0,0.00%
Presidential Electors for,Avon,Ayyadurai and Ellis,WI,0,0.00%
Presidential Electors for,Avon,Sonski and Onak,WI,0,0.00%
Presidential Electors for,Avon,West and Abdullah,WI,0,0.00%
United States Senator,Avon,Christopher S. Murphy,D,6675,58.44%
United States Senator,Avon,Matthew M. Corey,R,4380,38.35%
United States Senator,Avon,Christopher S. Murphy,WF,192,1.68%
United States Senator,Avon,Justin C. Paglino,G,95,0.83%
United States Senator,Avon,Robert Finley Hyde,CGG,80,0.70%
United States Senator,Avon,John Flynn,WI,0,0.00%
Representative in Congress 5,Avon,Jahana Hayes,D,6449,56.73%
Representative in Congress 5,Avon,George Logan,R,4732,41.63%
Representative in Congress 5,Avon,Jahana Hayes,WF,187,1.64%
Representative in Congress 5,Avon,Ahmad AJ Darwish,WI,0,0.00%
Representative in Congress 5,Avon,Bertram Ferguson,WI,0,0.00%
State Senator 8,Avon,Paul Honig,D,5895,52.03%
State Senator 8,Avon,Lisa Seminara,R,5114,45.13%
State Senator 8,Avon,Paul Honig,WF,170,1.50%
State Senator 8,Avon,Lisa Seminara,IND,152,1.34%
State Representative 17,Avon,Eleni Kavros DeGraw,D,5035,63.02%
State Representative 17,Avon,Manju Gerber,R,2708,33.89%
State Representative 17,Avon,Eleni Kavros DeGraw,WF,138,1.73%
State Representative 17,Avon,Eleni Kavros DeGraw,IND,109,1.36%
State Representative 19,Avon,Tammy Exum,D,1677,100.00%
Registrar of Voters,Avon,Christy Yaros,D,6393,57.57%
Registrar of Voters,Avon,"Ernest McNeill, Jr.",R,4711,42.43%
Presidential Electors for,Barkhamsted,Harris and Walz,D,1127,46.78%
Presidential Electors for,Barkhamsted,Trump and Vance,R,1239,51.43%
Presidential Electors for,Barkhamsted,Stein and Ware,G,15,0.62%
Presidential Electors for,Barkhamsted,Oliver and ter Maat,LI,14,0.58%
Presidential Electors for,Barkhamsted,"Kennedy, Jr. and Shanahan",PC,14,0.58%
Presidential Electors for,Barkhamsted,De la Cruz and Garcia,WI,0,0.00%
Presidential Electors for,Barkhamsted,Fox and McVay,WI,0,0.00%
Presidential Electors for,Barkhamsted,McNeil and McNeil,WI,0,0.00%
Presidential Electors for,Barkhamsted,Potus and Kennedy,WI,0,0.00%
Presidential Electors for,Barkhamsted,Ayyadurai and Ellis,WI,0,0.00%
Presidential Electors for,Barkhamsted,Sonski and Onak,WI,0,0.00%
Presidential Electors for,Barkhamsted,West and Abdullah,WI,0,0.00%
United States Senator,Barkhamsted,Christopher S. Murphy,D,1075,45.59%
United States Senator,Barkhamsted,Matthew M. Corey,R,1194,50.64%
United States Senator,Barkhamsted,Christopher S. Murphy,WF,47,1.99%
United States Senator,Barkhamsted,Justin C. Paglino,G,11,0.47%
United States Senator,Barkhamsted,Robert Finley Hyde,CGG,31,1.31%
United States Senator,Barkhamsted,John Flynn,WI,0,0.00%
Representative in Congress 1,Barkhamsted,John B. Larson,D,1084,46.15%
Representative in Congress 1,Barkhamsted,Jim Griffin,R,1176,50.06%
Representative in Congress 1,Barkhamsted,John B. Larson,WF,52,2.21%
Representative in Congress 1,Barkhamsted,Mary L. Sanders,G,37,1.58%
State Senator 8,Barkhamsted,Paul Honig,D,986,42.05%
State Senator 8,Barkhamsted,Lisa Seminara,R,1270,54.16%
State Senator 8,Barkhamsted,Paul Honig,WF,45,1.92%
State Senator 8,Barkhamsted,Lisa Seminara,IND,44,1.88%
State Representative 62,Barkhamsted,Kim Becker,D,972,41.50%
State Representative 62,Barkhamsted,Mark W. Anderson,R,1287,54.95%
State Representative 62,Barkhamsted,Kim Becker,WF,37,1.58%
State Representative 62,Barkhamsted,Mark W. Anderson,IND,46,1.96%
Registrar of Voters,Barkhamsted,Karen Martin,D,1118,48.27%
Registrar of Voters,Barkhamsted,Steven Blackburn,R,1198,51.73%
Presidential Electors for,Beacon Falls,Harris and Walz,D,1533,40.76%
Presidential Electors for,Beacon Falls,Trump and Vance,R,2169,57.67%
Presidential Electors for,Beacon Falls,Stein and Ware,G,15,0.40%
Presidential Electors for,Beacon Falls,Oliver and ter Maat,LI,19,0.51%
Presidential Electors for,Beacon Falls,"Kennedy, Jr. and Shanahan",PC,24,0.64%
Presidential Electors for,Beacon Falls,De la Cruz and Garcia,WI,1,0.03%
Presidential Electors for,Beacon Falls,Fox and McVay,WI,0,0.00%
Presidential Electors for,Beacon Falls,McNeil and McNeil,WI,0,0.00%
Presidential Electors for,Beacon Falls,Potus and Kennedy,WI,0,0.00%
Presidential Electors for,Beacon Falls,Ayyadurai and Ellis,WI,0,0.00%
Presidential Electors for,Beacon Falls,Sonski and Onak,WI,0,0.00%
Presidential Electors for,Beacon Falls,West and Abdullah,WI,0,0.00%
United States Senator,Beacon Falls,Christopher S. Murphy,D,1479,40.40%
United States Senator,Beacon Falls,Matthew M. Corey,R,1984,54.19%
United States Senator,Beacon Falls,Christopher S. Murphy,WF,111,3.03%
United States Senator,Beacon Falls,Justin C. Paglino,G,36,0.98%
United States Senator,Beacon Falls,Robert Finley Hyde,CGG,49,1.34%
United States Senator,Beacon Falls,John Flynn,WI,2,0.05%
Representative in Congress 3,Beacon Falls,Rosa L. DeLauro,D,1554,42.92%
Representative in Congress 3,Beacon Falls,Michael Massey,R,1993,55.04%
Representative in Congress 3,Beacon Falls,Michael Massey,IND,74,2.04%
Representative in Congress 3,Beacon Falls,Leo Almoney,WI,0,0.00%
Representative in Congress 3,Beacon Falls,Omar Scott Antar,WI,0,0.00%
Representative in Congress 3,Beacon Falls,Shahd Omar,WI,0,0.00%
State Senator 17,Beacon Falls,Jorge Cabrera,D,1608,72.14%
State Senator 17,Beacon Falls,Jorge Cabrera,WF,336,15.07%
State Senator 17,Beacon Falls,Jorge Cabrera,IND,285,12.79%
State Representative 105,Beacon Falls,Nicole Klarides-Ditria,R,2737,100.00%
Registrar of Voters,Beacon Falls,Jessica A. Krenesky,R,2684,99.52%
Registrar of Voters,Beacon Falls,Shawn Northrop,WI,13,0.48%
Presidential Electors for,Berlin,Harris and Walz,D,5559,44.58%
Presidential Electors for,Berlin,Trump and Vance,R,6701,53.74%
Presidential Electors for,Berlin,Stein and Ware,G,88,0.71%
Presidential Electors for,Berlin,Oliver and ter Maat,LI,46,0.37%
Presidential Electors for,Berlin,"Kennedy, Jr. and Shanahan",PC,73,0.59%
Presidential Electors for,Berlin,De la Cruz and Garcia,WI,2,0.02%
Presidential Electors for,Berlin,Fox and McVay,WI,0,0.00%
Presidential Electors for,Berlin,McNeil and McNeil,WI,0,0.00%
Presidential Electors for,Berlin,Potus and Kennedy,WI,0,0.00%
Presidential Electors for,Berlin,Ayyadurai and Ellis,WI,0,0.00%
Presidential Electors for,Berlin,Sonski and Onak,WI,0,0.00%
Presidential Electors for,Berlin,West and Abdullah,WI,1,0.01%
United States Senator,Berlin,Christopher S. Murphy,D,5354,44.77%
United States Senator,Berlin,Matthew M. Corey,R,6131,51.26%
United States Senator,Berlin,Christopher S. Murphy,WF,299,2.50%
United States Senator,Berlin,Justin C. Paglino,G,86,0.72%
United States Senator,Berlin,Robert Finley Hyde,CGG,90,0.75%
United States Senator,Berlin,John Flynn,WI,0,0.00%
Representative in Congress 1,Berlin,John B. Larson,D,5387,45.51%
Representative in Congress 1,Berlin,Jim Griffin,R,5947,50.25%
Representative in Congress 1,Berlin,John B. Larson,WF,310,2.62%
Representative in Congress 1,Berlin,Mary L. Sanders,G,192,1.62%
State Senator 6,Berlin,Rick Lopes,D,5076,43.51%
State Senator 6,Berlin,Tremell Collins,R,6283,53.86%
State Senator 6,Berlin,Rick Lopes,WF,307,2.63%
State Representative 30,Berlin,Donna M. Veach,R,5510,100.00%
State Representative 83,Berlin,Jack Fazzino,D,1772,45.38%
State Representative 83,Berlin,Joseph Vollano,R,1935,49.55%
State Representative 83,Berlin,Jack Fazzino,WF,136,3.48%
State Representative 83,Berlin,Jack Fazzino,IND,62,1.59%
Registrar of Voters,Berlin,Christy Miano,D,5169,45.11%
Registrar of Voters,Berlin,Joan Veley,R,6290,54.89%
Board of Education,Berlin,Julia Motte Dennis,PC,4530,55.79%
Board of Education,Berlin,Vanessa Lucia D'Anna,PC,3491,42.99%
Board of Education,Berlin,Jessica Patraw,WI,99,1.22%
Presidential Electors for,Bethany,Harris and Walz,D,1788,50.32%
Presidential Electors for,Bethany,Trump and Vance,R,1688,47.51%
Presidential Electors for,Bethany,Stein and Ware,G,37,1.04%
Presidential Electors for,Bethany,Oliver and ter Maat,LI,18,0.51%
Presidential Electors for,Bethany,"Kennedy, Jr. and Shanahan",PC,21,0.59%
Presidential Electors for,Bethany,De la Cruz and Garcia,WI,0,0.00%
Presidential Electors for,Bethany,Fox and McVay,WI,0,0.00%
Presidential Electors for,Bethany,McNeil and McNeil,WI,0,0.00%
Presidential Electors for,Bethany,Potus and Kennedy,WI,0,0.00%
Presidential Electors for,Bethany,Ayyadurai and Ellis,WI,0,0.00%
Presidential Electors for,Bethany,Sonski and Onak,WI,1,0.03%
Presidential Electors for,Bethany,West and Abdullah,WI,0,0.00%
United States Senator,Bethany,Christopher S. Murphy,D,1714,49.30%
United States Senator,Bethany,Matthew M. Corey,R,1610,46.30%
United States Senator,Bethany,Christopher S. Murphy,WF,94,2.70%
United States Senator,Bethany,Justin C. Paglino,G,33,0.95%
United States Senator,Bethany,Robert Finley Hyde,CGG,26,0.75%
United States Senator,Bethany,John Flynn,WI,0,0.00%
Representative in Congress 3,Bethany,Rosa L. DeLauro,D,1792,51.61%
Representative in Congress 3,Bethany,Michael Massey,R,1622,46.72%
Representative in Congress 3,Bethany,Michael Massey,IND,57,1.64%
Representative in Congress 3,Bethany,Leo Almoney,WI,0,0.00%
Representative in Congress 3,Bethany,Omar Scott Antar,WI,1,0.03%
Representative in Congress 3,Bethany,Shahd Omar,WI,0,0.00%
State Senator 17,Bethany,Jorge Cabrera,D,1814,80.12%
State Senator 17,Bethany,Jorge Cabrera,WF,227,10.03%
State Senator 17,Bethany,Jorge Cabrera,IND,223,9.85%
State Representative 89,Bethany,Lezlye Zupkus,R,2325,100.00%
State Representative 89,Bethany,Stuart R. Korchin,WI,0,0.00%
Judge of Probate 37 To Fill Vacancy,Bethany,Michael Dolan,D,2162,100.00%
Presidential Electors for,Bethel,Harris and Walz,D,5977,53.79%
Presidential Electors for,Bethel,Trump and Vance,R,4950,44.55%
Presidential Electors for,Bethel,Stein and Ware,G,76,0.68%
Presidential Electors for,Bethel,Oliver and ter Maat,LI,44,0.40%
Presidential Electors for,Bethel,"Kennedy, Jr. and Shanahan",PC,57,0.51%
Presidential Electors for,Bethel,De la Cruz and Garcia,WI,2,0.02%
Presidential Electors for,Bethel,Fox and McVay,WI,0,0.00%
Presidential Electors for,Bethel,McNeil and McNeil,WI,0,0.00%
Presidential Electors for,Bethel,Potus and Kennedy,WI,0,0.00%
Presidential Electors for,Bethel,Ayyadurai and Ellis,WI,0,0.00%
Presidential Electors for,Bethel,Sonski and Onak,WI,5,0.05%
Presidential Electors for,Bethel,West and Abdullah,WI,0,0.00%
United States Senator,Bethel,Christopher S. Murphy,D,5786,53.48%
United States Senator,Bethel,Matthew M. Corey,R,4547,42.03%
United States Senator,Bethel,Christopher S. Murphy,WF,311,2.87%
United States Senator,Bethel,Justin C. Paglino,G,73,0.67%
United States Senator,Bethel,Robert Finley Hyde,CGG,101,0.93%
United States Senator,Bethel,John Flynn,WI,0,0.00%
Representative in Congress 5,Bethel,Jahana Hayes,D,5649,52.07%
Representative in Congress 5,Bethel,George Logan,R,4854,44.75%
Representative in Congress 5,Bethel,Jahana Hayes,WF,333,3.07%
Representative in Congress 5,Bethel,Ahmad AJ Darwish,WI,12,0.11%
Representative in Congress 5,Bethel,Bertram Ferguson,WI,0,0.00%
State Senator 28,Bethel,Rob Blanchard,D,2288,47.41%
State Senator 28,Bethel,Tony Hwang,R,2423,50.21%
State Senator 28,Bethel,Tony Hwang,IND,115,2.38%
State Senator 32,Bethel,Jeff Desmarais,D,3147,54.03%
State Senator 32,Bethel,Eric C. Berthel,R,2678,45.97%
State Representative 2,Bethel,Raghib Allie-Brennan,D,4514,56.41%
State Representative 2,Bethel,Bradley M. Koltz,R,3241,40.50%
State Representative 2,Bethel,Raghib Allie-Brennan,IND,247,3.09%
State Representative 107,Bethel,Aaron Zimmer,D,1282,47.52%
State Representative 107,Bethel,Martin J. Foncello,R,1334,49.44%
State Representative 107,Bethel,Aaron Zimmer,WF,46,1.70%
State Representative 107,Bethel,Aaron Zimmer,IND,36,1.33%
Registrar of Voters,Bethel,Wendy Cahill,D,5695,53.79%
Registrar of Voters,Bethel,Timothy Beeble,R,4892,46.21%
Presidential Electors for,Bethlehem,Harris and Walz,D,909,31.65%
Presidential Electors for,Bethlehem,Trump and Vance,R,1936,67.41%
Presidential Electors for,Bethlehem,Stein and Ware,G,16,0.56%
Presidential Electors for,Bethlehem,Oliver and ter Maat,LI,5,0.17%
Presidential Electors for,Bethlehem,"Kennedy, Jr. and Shanahan",PC,5,0.17%
Presidential Electors for,Bethlehem,De la Cruz and Garcia,WI,1,0.03%
Presidential Electors for,Bethlehem,Fox and McVay,WI,0,0.00%
Presidential Electors for,Bethlehem,McNeil and McNeil,WI,0,0.00%
Presidential Electors for,Bethlehem,Potus and Kennedy,WI,0,0.00%
Presidential Electors for,Bethlehem,Ayyadurai and Ellis,WI,0,0.00%
Presidential Electors for,Bethlehem,Sonski and Onak,WI,0,0.00%
Presidential Electors for,Bethlehem,West and Abdullah,WI,0,0.00%
United States Senator,Bethlehem,Christopher S. Murphy,D,857,37.05%
United States Senator,Bethlehem,Matthew M. Corey,R,1390,60.10%
United States Senator,Bethlehem,Christopher S. Murphy,WF,37,1.60%
United States Senator,Bethlehem,Justin C. Paglino,G,12,0.52%
United States Senator,Bethlehem,Robert Finley Hyde,CGG,17,0.73%
United States Senator,Bethlehem,John Flynn,WI,0,0.00%
Representative in Congress 5,Bethlehem,Jahana Hayes,D,853,36.72%
Representative in Congress 5,Bethlehem,George Logan,R,1435,61.77%
Representative in Congress 5,Bethlehem,Jahana Hayes,WF,35,1.51%
Representative in Congress 5,Bethlehem,Ahmad AJ Darwish,WI,0,0.00%
Representative in Congress 5,Bethlehem,Bertram Ferguson,WI,0,0.00%
State Senator 30,Bethlehem,Justin Potter,D,280,37.23%
State Senator 30,Bethlehem,Stephen G. Harding,R,464,61.70%
State Senator 30,Bethlehem,Stephen G. Harding,IND,8,1.06%
State Senator 32,Bethlehem,Jeff Desmarais,D,558,36.00%
State Senator 32,Bethlehem,Eric C. Berthel,R,992,64.00%
State Representative 66,Bethlehem,Sharon Sherman,D,816,35.59%
State Representative 66,Bethlehem,Karen Reddington-Hughes,R,1477,64.41%
Registrar of Voters,Bethlehem,Karen Pfluger,D,836,36.73%
Registrar of Voters,Bethlehem,Christine M. Reisel,R,1440,63.27%
Judge of Probate 22 To Fill Vacancy,Bethlehem,David Labriola,R,1665,100.00%
Presidential Electors for,Bloomfield,Harris and Walz,D,9692,83.76%
Presidential Electors for,Bloomfield,Trump and Vance,R,1760,15.21%
Presidential Electors for,Bloomfield,Stein and Ware,G,61,0.53%
Presidential Electors for,Bloomfield,Oliver and ter Maat,LI,24,0.21%
Presidential Electors for,Bloomfield,"Kennedy, Jr. and Shanahan",PC,34,0.29%
Presidential Electors for,Bloomfield,De la Cruz and Garcia,WI,0,0.00%
Presidential Electors for,Bloomfield,Fox and McVay,WI,0,0.00%
Presidential Electors for,Bloomfield,McNeil and McNeil,WI,0,0.00%
Presidential Electors for,Bloomfield,Potus and Kennedy,WI,0,0.00%
Presidential Electors for,Bloomfield,Ayyadurai and Ellis,WI,0,0.00%
Presidential Electors for,Bloomfield,Sonski and Onak,WI,0,0.00%
Presidential Electors for,Bloomfield,West and Abdullah,WI,0,0.00%
United States Senator,Bloomfield,Christopher S. Murphy,D,9506,70.65%
United States Senator,Bloomfield,Matthew M. Corey,R,3493,25.96%
United States Senator,Bloomfield,Christopher S. Murphy,WF,280,2.08%
United States Senator,Bloomfield,Justin C. Paglino,G,89,0.66%
United States Senator,Bloomfield,Robert Finley Hyde,CGG,87,0.65%
United States Senator,Bloomfield,John Flynn,WI,0,0.00%
Representative in Congress 1,Bloomfield,John B. Larson,D,9204,82.33%
Representative in Congress 1,Bloomfield,Jim Griffin,R,1557,13.93%
Representative in Congress 1,Bloomfield,John B. Larson,WF,261,2.33%
Representative in Congress 1,Bloomfield,Mary L. Sanders,G,157,1.40%
State Senator 2,Bloomfield,Douglas McCrory,D,8233,84.67%
State Senator 2,Bloomfield,Kristin Hoffman,R,1491,15.33%
State Senator 5,Bloomfield,Derek Slap,D,1027,77.10%
State Senator 5,Bloomfield,Kyla Zimmermann,R,305,22.90%
State Representative 15,Bloomfield,Bobby Gibson,D,9284,84.03%
State Representative 15,Bloomfield,Quentin Johnson,R,1765,15.97%
Registrar of Voters,Bloomfield,Sharon Ann O'Connor,D,8908,83.00%
Registrar of Voters,Bloomfield,Robert Ike,R,1824,17.00%
Presidential Electors for,Bolton,Harris and Walz,D,1649,52.02%
Presidential Electors for,Bolton,Trump and Vance,R,1459,46.03%
Presidential Electors for,Bolton,Stein and Ware,G,22,0.69%
Presidential Electors for,Bolton,Oliver and ter Maat,LI,21,0.66%
Presidential Electors for,Bolton,"Kennedy, Jr. and Shanahan",PC,16,0.50%
Presidential Electors for,Bolton,De la Cruz and Garcia,WI,3,0.09%
Presidential Electors for,Bolton,Fox and McVay,WI,0,0.00%
Presidential Electors for,Bolton,McNeil and McNeil,WI,0,0.00%
Presidential Electors for,Bolton,Potus and Kennedy,WI,0,0.00%
Presidential Electors for,Bolton,Ayyadurai and Ellis,WI,0,0.00%
Presidential Electors for,Bolton,Sonski and Onak,WI,0,0.00%
Presidential Electors for,Bolton,West and Abdullah,WI,0,0.00%
United States Senator,Bolton,Christopher S. Murphy,D,1570,50.21%
United States Senator,Bolton,Matthew M. Corey,R,1441,46.08%
United States Senator,Bolton,Christopher S. Murphy,WF,72,2.30%
United States Senator,Bolton,Justin C. Paglino,G,17,0.54%
United States Senator,Bolton,Robert Finley Hyde,CGG,27,0.86%
United States Senator,Bolton,John Flynn,WI,0,0.00%
Representative in Congress 2,Bolton,Joe Courtney,D,1717,55.39%
Representative in Congress 2,Bolton,Mike France,R,1383,44.61%
Representative in Congress 2,Bolton,"Kenneth Kusmierski, Jr.",WI,0,0.00%
Representative in Congress 2,Bolton,Jeffery Russell,WI,0,0.00%
State Senator 4,Bolton,MD Rahman,D,1552,50.32%
State Senator 4,Bolton,Stephen King,R,1440,46.69%
State Senator 4,Bolton,MD Rahman,WF,92,2.98%
State Representative 8,Bolton,Nancy Hammarstrom,D,622,45.24%
State Representative 8,Bolton,Timothy Ackert,R,724,52.65%
State Representative 8,Bolton,Nancy Hammarstrom,WF,29,2.11%
State Representative 55,Bolton,Amanda Veneziano,D,766,45.03%
State Representative 55,Bolton,Steve Weir,R,888,52.20%
State Representative 55,Bolton,Amanda Veneziano,WF,33,1.94%
State Representative 55,Bolton,Amanda Veneziano,IND,14,0.82%
Registrar of Voters,Bolton,Sandra W. Pierog,D,1605,52.31%
Registrar of Voters,Bolton,Ross Lally,R,1463,47.69%
Presidential Electors for,Bozrah,Harris and Walz,D,685,42.95%
Presidential Electors for,Bozrah,Trump and Vance,R,885,55.49%
Presidential Electors for,Bozrah,Stein and Ware,G,7,0.44%
Presidential Electors for,Bozrah,Oliver and ter Maat,LI,12,0.75%
Presidential Electors for,Bozrah,"Kennedy, Jr. and Shanahan",PC,6,0.38%
Presidential Electors for,Bozrah,De la Cruz and Garcia,WI,0,0.00%
Presidential Electors for,Bozrah,Fox and McVay,WI,0,0.00%
Presidential Electors for,Bozrah,McNeil and McNeil,WI,0,0.00%
Presidential Electors for,Bozrah,Potus and Kennedy,WI,0,0.00%
Presidential Electors for,Bozrah,Ayyadurai and Ellis,WI,0,0.00%
Presidential Electors for,Bozrah,Sonski and Onak,WI,0,0.00%
Presidential Electors for,Bozrah,West and Abdullah,WI,0,0.00%
United States Senator,Bozrah,Christopher S. Murphy,D,657,42.61%
United States Senator,Bozrah,Matthew M. Corey,R,784,50.84%
United States Senator,Bozrah,Christopher S. Murphy,WF,61,3.96%
United States Senator,Bozrah,Justin C. Paglino,G,11,0.71%
United States Senator,Bozrah,Robert Finley Hyde,CGG,29,1.88%
United States Senator,Bozrah,John Flynn,WI,0,0.00%
Representative in Congress 2,Bozrah,Joe Courtney,D,811,52.46%
Representative in Congress 2,Bozrah,Mike France,R,735,47.54%
Representative in Congress 2,Bozrah,"Kenneth Kusmierski, Jr.",WI,0,0.00%
Representative in Congress 2,Bozrah,Jeffery Russell,WI,0,0.00%
State Senator 20,Bozrah,Martha Marx,D,646,42.11%
State Senator 20,Bozrah,Shaun Mastroianni,R,816,53.19%
State Senator 20,Bozrah,Martha Marx,WF,34,2.22%
State Senator 20,Bozrah,Shaun Mastroianni,IND,38,2.48%
State Representative 48,Bozrah,Christopher Rivers,D,624,40.55%
State Representative 48,Bozrah,Mark DeCaprio,R,861,55.95%
State Representative 48,Bozrah,Christopher Rivers,WF,34,2.21%
State Representative 48,Bozrah,Lance Lusignan,IND,20,1.30%
Presidential Electors for,Branford,Harris and Walz,D,0,0.00%
Presidential Electors for,Branford,Trump and Vance,R,0,0.00%
Presidential Electors for,Branford,Stein and Ware,G,0,0.00%
Presidential Electors for,Branford,Oliver and ter Maat,LI,0,0.00%
Presidential Electors for,Branford,"Kennedy, Jr. and Shanahan",PC,0,0.00%
Presidential Electors for,Branford,De la Cruz and Garcia,WI,0,0.00%
Presidential Electors for,Branford,Fox and McVay,WI,0,0.00%
Presidential Electors for,Branford,McNeil and McNeil,WI,0,0.00%
Presidential Electors for,Branford,Potus and Kennedy,WI,0,0.00%
Presidential Electors for,Branford,Ayyadurai and Ellis,WI,0,0.00%
Presidential Electors for,Branford,Sonski and Onak,WI,0,0.00%
Presidential Electors for,Branford,West and Abdullah,WI,0,0.00%
United States Senator,Branford,Christopher S. Murphy,D,0,0.00%
United States Senator,Branford,Matthew M. Corey,R,0,0.00%
United States Senator,Branford,Christopher S. Murphy,WF,0,0.00%
United States Senator,Branford,Justin C. Paglino,G,0,0.00%
United States Senator,Branford,Robert Finley Hyde,CGG,0,0.00%
United States Senator,Branford,John Flynn,WI,0,0.00%
Representative in Congress 3,Branford,Rosa L. DeLauro,D,0,0.00%
Representative in Congress 3,Branford,Michael Massey,R,0,0.00%
Representative in Congress 3,Branford,Michael Massey,IND,0,0.00%
Representative in Congress 3,Branford,Leo Almoney,WI,0,0.00%
Representative in Congress 3,Branford,Omar Scott Antar,WI,0,0.00%
Representative in Congress 3,Branford,Shahd Omar,WI,0,0.00%
State Senator 12,Branford,Christine Cohen,D,0,0.00%
State Senator 12,Branford,Paul Crisci,R,0,0.00%
State Senator 12,Branford,Christine Cohen,WF,0,0.00%
State Senator 12,Branford,Christine Cohen,IND,0,0.00%
State Representative 98,Branford,Moira Rader,D,0,0.00%
State Representative 98,Branford,Richard S. DiNardo,R,0,0.00%
State Representative 98,Branford,Moira Rader,WF,0,0.00%
State Representative 102,Branford,Robin Comey,D,0,0.00%
State Representative 102,Branford,Ray Ingraham,R,0,0.00%
State Representative 102,Branford,Robin Comey,WF,0,0.00%
Registrar of Voters,Branford,Jeff Rowan,D,0,0.00%
Registrar of Voters,Branford,"Darren ""Howie"" Lawler",R,0,0.00%
Presidential Electors for,Bridgeport,Harris and Walz,D,0,0.00%
Presidential Electors for,Bridgeport,Trump and Vance,R,0,0.00%
Presidential Electors for,Bridgeport,Stein and Ware,G,0,0.00%
Presidential Electors for,Bridgeport,Oliver and ter Maat,LI,0,0.00%
Presidential Electors for,Bridgeport,"Kennedy, Jr. and Shanahan",PC,0,0.00%
Presidential Electors for,Bridgeport,De la Cruz and Garcia,WI,0,0.00%
Presidential Electors for,Bridgeport,Fox and McVay,WI,0,0.00%
Presidential Electors for,Bridgeport,McNeil and McNeil,WI,0,0.00%
Presidential Electors for,Bridgeport,Potus and Kennedy,WI,0,0.00%
Presidential Electors for,Bridgeport,Ayyadurai and Ellis,WI,0,0.00%
Presidential Electors for,Bridgeport,Sonski and Onak,WI,0,0.00%
Presidential Electors for,Bridgeport,West and Abdullah,WI,0,0.00%
United States Senator,Bridgeport,Christopher S. Murphy,D,0,0.00%
United States Senator,Bridgeport,Matthew M. Corey,R,0,0.00%
United States Senator,Bridgeport,Christopher S. Murphy,WF,0,0.00%
United States Senator,Bridgeport,Justin C. Paglino,G,0,0.00%
United States Senator,Bridgeport,Robert Finley Hyde,CGG,0,0.00%
United States Senator,Bridgeport,John Flynn,WI,0,0.00%
Representative in Congress 4,Bridgeport,Jim Himes,D,0,0.00%
Representative in Congress 4,Bridgeport,Michael Goldstein,R,0,0.00%
Representative in Congress 4,Bridgeport,Benjamin Wesley,IND,0,0.00%
State Senator 22,Bridgeport,Sujata Gadkar-Wilcox,D,0,0.00%
State Senator 22,Bridgeport,Chris Carrena,R,0,0.00%
State Senator 22,Bridgeport,Robert Edward Halstead,IND,0,0.00%
State Senator 22,Bridgeport,Louis Anthony Bevilacqua,WI,0,0.00%
State Senator 23,Bridgeport,Herron Gaston,D,0,0.00%
State Senator 23,Bridgeport,Brian Banacowski,R,0,0.00%
State Senator 23,Bridgeport,Herron Gaston,WF,0,0.00%
State Representative 124,Bridgeport,"Andre Baker, Jr.",D,0,0.00%
State Representative 124,Bridgeport,Yoshiyahu Yisrael,R,0,0.00%
State Representative 126,Bridgeport,"Fred Gee, Jr.",D,0,0.00%
State Representative 126,Bridgeport,David R. Herz,R,0,0.00%
State Representative 127,Bridgeport,Marcus A. Brown,D,0,0.00%
State Representative 128,Bridgeport,Christopher Rosario,D,0,0.00%
State Representative 128,Bridgeport,Ramona Marquez,R,0,0.00%
State Representative 128,Bridgeport,Angel M. Gonzalez,IND,0,0.00%
State Representative 129,Bridgeport,Steve Stafstrom,D,0,0.00%
State Representative 129,Bridgeport,Francis Kalangala,R,0,0.00%
State Representative 130,Bridgeport,Antonio D. Felipe,D,0,0.00%
State Representative 130,Bridgeport,"Terry ""Cowboy"" Sullivan",R,0,0.00%
State Representative 133,Bridgeport,Cristin McCarthy Vahey,D,0,0.00%
State Representative 133,Bridgeport,Chris Verras,R,0,0.00%
State Representative 133,Bridgeport,Cristin McCarthy Vahey,WF,0,0.00%
Registrar of Voters,Bridgeport,Patricia A. Howard,D,0,0.00%
Registrar of Voters,Bridgeport,Linda A. Grace,R,0,0.00%
Presidential Electors for,Bridgewater,Harris and Walz,D,607,51.70%
Presidential Electors for,Bridgewater,Trump and Vance,R,548,46.68%
Presidential Electors for,Bridgewater,Stein and Ware,G,7,0.60%
Presidential Electors for,Bridgewater,Oliver and ter Maat,LI,3,0.26%
Presidential Electors for,Bridgewater,"Kennedy, Jr. and Shanahan",PC,7,0.60%
Presidential Electors for,Bridgewater,De la Cruz and Garcia,WI,2,0.17%
Presidential Electors for,Bridgewater,Fox and McVay,WI,0,0.00%
Presidential Electors for,Bridgewater,McNeil and McNeil,WI,0,0.00%
Presidential Electors for,Bridgewater,Potus and Kennedy,WI,0,0.00%
Presidential Electors for,Bridgewater,Ayyadurai and Ellis,WI,0,0.00%
Presidential Electors for,Bridgewater,Sonski and Onak,WI,0,0.00%
Presidential Electors for,Bridgewater,West and Abdullah,WI,0,0.00%
United States Senator,Bridgewater,Christopher S. Murphy,D,580,50.66%
United States Senator,Bridgewater,Matthew M. Corey,R,527,46.03%
United States Senator,Bridgewater,Christopher S. Murphy,WF,25,2.18%
United States Senator,Bridgewater,Justin C. Paglino,G,9,0.79%
United States Senator,Bridgewater,Robert Finley Hyde,CGG,4,0.35%
United States Senator,Bridgewater,John Flynn,WI,0,0.00%
Representative in Congress 5,Bridgewater,Jahana Hayes,D,577,49.91%
Representative in Congress 5,Bridgewater,George Logan,R,551,47.66%
Representative in Congress 5,Bridgewater,Jahana Hayes,WF,28,2.42%
Representative in Congress 5,Bridgewater,Ahmad AJ Darwish,WI,0,0.00%
Representative in Congress 5,Bridgewater,Bertram Ferguson,WI,0,0.00%
State Senator 32,Bridgewater,Jeff Desmarais,D,578,51.38%
State Senator 32,Bridgewater,Eric C. Berthel,R,547,48.62%
State Representative 69,Bridgewater,Ed Edelson,D,540,47.66%
State Representative 69,Bridgewater,Jason Buchsbaum,R,593,52.34%
Presidential Electors for,Bristol,Harris and Walz,D,14038,49.06%
Presidential Electors for,Bristol,Trump and Vance,R,14187,49.58%
Presidential Electors for,Bristol,Stein and Ware,G,142,0.50%
Presidential Electors for,Bristol,Oliver and ter Maat,LI,108,0.38%
Presidential Electors for,Bristol,"Kennedy, Jr. and Shanahan",PC,122,0.43%
Presidential Electors for,Bristol,De la Cruz and Garcia,WI,3,0.01%
Presidential Electors for,Bristol,Fox and McVay,WI,0,0.00%
Presidential Electors for,Bristol,McNeil and McNeil,WI,0,0.00%
Presidential Electors for,Bristol,Potus and Kennedy,WI,0,0.00%
Presidential Electors for,Bristol,Ayyadurai and Ellis,WI,10,0.03%
Presidential Electors for,Bristol,Sonski and Onak,WI,3,0.01%
Presidential Electors for,Bristol,West and Abdullah,WI,2,0.01%
United States Senator,Bristol,Christopher S. Murphy,D,13386,48.27%
United States Senator,Bristol,Matthew M. Corey,R,12894,46.50%
United States Senator,Bristol,Christopher S. Murphy,WF,860,3.10%
United States Senator,Bristol,Justin C. Paglino,G,244,0.88%
United States Senator,Bristol,Robert Finley Hyde,CGG,348,1.25%
United States Senator,Bristol,John Flynn,WI,0,0.00%
Representative in Congress 1,Bristol,John B. Larson,D,13389,49.00%
Representative in Congress 1,Bristol,Jim Griffin,R,12328,45.12%
Representative in Congress 1,Bristol,John B. Larson,WF,972,3.56%
Representative in Congress 1,Bristol,Mary L. Sanders,G,634,2.32%
State Senator 31,Bristol,Henri Martin,R,17907,100.00%
State Representative 77,Bristol,Cara C. Pavalock-D'Amato,R,6655,69.23%
State Representative 77,Bristol,"Mary ""Mim"" Rydingsward",WF,1836,19.10%
State Representative 77,Bristol,"Mary ""Mim"" Rydingsward",IND,1122,11.67%
State Representative 78,Bristol,Joe Hoxha,R,3805,100.00%
State Representative 79,Bristol,Mary B. Fortier,D,5066,53.01%
State Representative 79,Bristol,David Schrager,R,4046,42.34%
State Representative 79,Bristol,Mary B. Fortier,WF,287,3.00%
State Representative 79,Bristol,Mary B. Fortier,IND,158,1.65%
Registrar of Voters,Bristol,Kevin McCauley,D,13334,50.70%
Registrar of Voters,Bristol,Jolene Lusitani,R,12964,49.30%
Presidential Electors for,Brookfield,Harris and Walz,D,4900,47.15%
Presidential Electors for,Brookfield,Trump and Vance,R,5321,51.20%
Presidential Electors for,Brookfield,Stein and Ware,G,81,0.78%
Presidential Electors for,Brookfield,Oliver and ter Maat,LI,38,0.37%
Presidential Electors for,Brookfield,"Kennedy, Jr. and Shanahan",PC,51,0.49%
Presidential Electors for,Brookfield,De la Cruz and Garcia,WI,0,0.00%
Presidential Electors for,Brookfield,Fox and McVay,WI,0,0.00%
Presidential Electors for,Brookfield,McNeil and McNeil,WI,0,0.00%
Presidential Electors for,Brookfield,Potus and Kennedy,WI,0,0.00%
Presidential Electors for,Brookfield,Ayyadurai and Ellis,WI,0,0.00%
Presidential Electors for,Brookfield,Sonski and Onak,WI,0,0.00%
Presidential Electors for,Brookfield,West and Abdullah,WI,1,0.01%
United States Senator,Brookfield,Christopher S. Murphy,D,4782,47.10%
United States Senator,Brookfield,Matthew M. Corey,R,4986,49.11%
United States Senator,Brookfield,Christopher S. Murphy,WF,251,2.47%
United States Senator,Brookfield,Justin C. Paglino,G,78,0.77%
United States Senator,Brookfield,Robert Finley Hyde,CGG,54,0.53%
United States Senator,Brookfield,John Flynn,WI,1,0.01%
Representative in Congress 5,Brookfield,Jahana Hayes,D,4629,45.80%
Representative in Congress 5,Brookfield,George Logan,R,5230,51.75%
Representative in Congress 5,Brookfield,Jahana Hayes,WF,233,2.31%
Representative in Congress 5,Brookfield,Ahmad AJ Darwish,WI,15,0.15%
Representative in Congress 5,Brookfield,Bertram Ferguson,WI,0,0.00%
State Senator 30,Brookfield,Justin Potter,D,3200,38.97%
State Senator 30,Brookfield,Stephen G. Harding,R,4846,59.02%
State Senator 30,Brookfield,Stephen G. Harding,IND,165,2.01%
State Senator 32,Brookfield,Jeff Desmarais,D,882,46.42%
State Senator 32,Brookfield,Eric C. Berthel,R,1018,53.58%
State Representative 107,Brookfield,Aaron Zimmer,D,4383,43.62%
State Representative 107,Brookfield,Martin J. Foncello,R,5404,53.78%
State Representative 107,Brookfield,Aaron Zimmer,WF,148,1.47%
State Representative 107,Brookfield,Aaron Zimmer,IND,114,1.13%
Registrar of Voters,Brookfield,Leslie Ruggiero,D,4522,45.72%
Registrar of Voters,Brookfield,Catherine Iannone,R,5369,54.28%
Presidential Electors for,Brooklyn,Harris and Walz,D,1869,42.67%
Presidential Electors for,Brooklyn,Trump and Vance,R,2445,55.82%
Presidential Electors for,Brooklyn,Stein and Ware,G,19,0.43%
Presidential Electors for,Brooklyn,Oliver and ter Maat,LI,23,0.53%
Presidential Electors for,Brooklyn,"Kennedy, Jr. and Shanahan",PC,24,0.55%
Presidential Electors for,Brooklyn,De la Cruz and Garcia,WI,0,0.00%
Presidential Electors for,Brooklyn,Fox and McVay,WI,0,0.00%
Presidential Electors for,Brooklyn,McNeil and McNeil,WI,0,0.00%
Presidential Electors for,Brooklyn,Potus and Kennedy,WI,0,0.00%
Presidential Electors for,Brooklyn,Ayyadurai and Ellis,WI,0,0.00%
Presidential Electors for,Brooklyn,Sonski and Onak,WI,0,0.00%
Presidential Electors for,Brooklyn,West and Abdullah,WI,0,0.00%
United States Senator,Brooklyn,Christopher S. Murphy,D,1906,45.78%
United States Senator,Brooklyn,Matthew M. Corey,R,2178,52.32%
United States Senator,Brooklyn,Christopher S. Murphy,WF,0,0.00%
United States Senator,Brooklyn,Justin C. Paglino,G,28,0.67%
United States Senator,Brooklyn,Robert Finley Hyde,CGG,51,1.23%
United States Senator,Brooklyn,John Flynn,WI,0,0.00%
Representative in Congress 2,Brooklyn,Joe Courtney,D,0,0.00%
Representative in Congress 2,Brooklyn,Mike France,R,0,0.00%
Representative in Congress 2,Brooklyn,"Kenneth Kusmierski, Jr.",WI,0,0.00%
Representative in Congress 2,Brooklyn,Jeffery Russell,WI,0,0.00%
State Senator 29,Brooklyn,Mae Flexer,D,0,0.00%
State Senator 29,Brooklyn,Chris Reddy,R,0,0.00%
State Senator 29,Brooklyn,Mae Flexer,WF,0,0.00%
State Senator 29,Brooklyn,Mae Flexer,IND,0,0.00%
State Senator 29,Brooklyn,Alice Leibowitz,G,0,0.00%
State Representative 47,Brooklyn,Aaron Spruance,D,0,0.00%
State Representative 47,Brooklyn,Doug Dubitsky,R,0,0.00%
State Representative 50,Brooklyn,Pat Boyd,D,0,0.00%
Registrar of Voters,Brooklyn,Richard Ives,D,1717,41.80%
Registrar of Voters,Brooklyn,Jo Ann Gerardi-Voccio,R,2391,58.20%
Presidential Electors for,Burlington,Harris and Walz,D,2768,47.98%
Presidential Electors for,Burlington,Trump and Vance,R,2907,50.39%
Presidential Electors for,Burlington,Stein and Ware,G,25,0.43%
Presidential Electors for,Burlington,Oliver and ter Maat,LI,31,0.54%
Presidential Electors for,Burlington,"Kennedy, Jr. and Shanahan",PC,35,0.61%
Presidential Electors for,Burlington,De la Cruz and Garcia,WI,2,0.03%
Presidential Electors for,Burlington,Fox and McVay,WI,0,0.00%
Presidential Electors for,Burlington,McNeil and McNeil,WI,0,0.00%
Presidential Electors for,Burlington,Potus and Kennedy,WI,0,0.00%
Presidential Electors for,Burlington,Ayyadurai and Ellis,WI,0,0.00%
Presidential Electors for,Burlington,Sonski and Onak,WI,1,0.02%
Presidential Electors for,Burlington,West and Abdullah,WI,0,0.00%
United States Senator,Burlington,Christopher S. Murphy,D,2676,47.08%
United States Senator,Burlington,Matthew M. Corey,R,2835,49.88%
United States Senator,Burlington,Christopher S. Murphy,WF,111,1.95%
United States Senator,Burlington,Justin C. Paglino,G,29,0.51%
United States Senator,Burlington,Robert Finley Hyde,CGG,33,0.58%
United States Senator,Burlington,John Flynn,WI,0,0.00%
Representative in Congress 5,Burlington,Jahana Hayes,D,2532,44.43%
Representative in Congress 5,Burlington,George Logan,R,3061,53.71%
Representative in Congress 5,Burlington,Jahana Hayes,WF,106,1.86%
Representative in Congress 5,Burlington,Ahmad AJ Darwish,WI,0,0.00%
Representative in Congress 5,Burlington,Bertram Ferguson,WI,0,0.00%
State Senator 5,Burlington,Derek Slap,D,2660,47.61%
State Senator 5,Burlington,Kyla Zimmermann,R,2927,52.39%
State Representative 76,Burlington,Stephen Simonin,D,2172,38.77%
State Representative 76,Burlington,John Piscopo,R,3430,61.23%
Presidential Electors for,Canaan,Harris and Walz,D,451,68.75%
Presidential Electors for,Canaan,Trump and Vance,R,198,30.18%
Presidential Electors for,Canaan,Stein and Ware,G,1,0.15%
Presidential Electors for,Canaan,Oliver and ter Maat,LI,3,0.46%
Presidential Electors for,Canaan,"Kennedy, Jr. and Shanahan",PC,3,0.46%
Presidential Electors for,Canaan,De la Cruz and Garcia,WI,0,0.00%
Presidential Electors for,Canaan,Fox and McVay,WI,0,0.00%
Presidential Electors for,Canaan,McNeil and McNeil,WI,0,0.00%
Presidential Electors for,Canaan,Potus and Kennedy,WI,0,0.00%
Presidential Electors for,Canaan,Ayyadurai and Ellis,WI,0,0.00%
Presidential Electors for,Canaan,Sonski and Onak,WI,0,0.00%
Presidential Electors for,Canaan,West and Abdullah,WI,0,0.00%
United States Senator,Canaan,Christopher S. Murphy,D,428,66.56%
United States Senator,Canaan,Matthew M. Corey,R,180,27.99%
United States Senator,Canaan,Christopher S. Murphy,WF,29,4.51%
United States Senator,Canaan,Justin C. Paglino,G,2,0.31%
United States Senator,Canaan,Robert Finley Hyde,CGG,4,0.62%
United States Senator,Canaan,John Flynn,WI,0,0.00%
Representative in Congress 5,Canaan,Jahana Hayes,D,424,65.43%
Representative in Congress 5,Canaan,George Logan,R,195,30.09%
Representative in Congress 5,Canaan,Jahana Hayes,WF,29,4.48%
Representative in Congress 5,Canaan,Ahmad AJ Darwish,WI,0,0.00%
Representative in Congress 5,Canaan,Bertram Ferguson,WI,0,0.00%
State Senator 30,Canaan,Justin Potter,D,432,67.82%
State Senator 30,Canaan,Stephen G. Harding,R,189,29.67%
State Senator 30,Canaan,Stephen G. Harding,IND,16,2.51%
State Representative 64,Canaan,Maria Horn,D,424,65.43%
State Representative 64,Canaan,Barbara L. Breor,R,187,28.86%
State Representative 64,Canaan,Maria Horn,WF,28,4.32%
State Representative 64,Canaan,Maria Horn,IND,9,1.39%
Presidential Electors for,Canterbury,Harris and Walz,D,1137,36.72%
Presidential Electors for,Canterbury,Trump and Vance,R,1904,61.50%
Presidential Electors for,Canterbury,Stein and Ware,G,16,0.52%
Presidential Electors for,Canterbury,Oliver and ter Maat,LI,10,0.32%
Presidential Electors for,Canterbury,"Kennedy, Jr. and Shanahan",PC,29,0.94%
Presidential Electors for,Canterbury,De la Cruz and Garcia,WI,0,0.00%
Presidential Electors for,Canterbury,Fox and McVay,WI,0,0.00%
Presidential Electors for,Canterbury,McNeil and McNeil,WI,0,0.00%
Presidential Electors for,Canterbury,Potus and Kennedy,WI,0,0.00%
Presidential Electors for,Canterbury,Ayyadurai and Ellis,WI,0,0.00%
Presidential Electors for,Canterbury,Sonski and Onak,WI,0,0.00%
Presidential Electors for,Canterbury,West and Abdullah,WI,0,0.00%
United States Senator,Canterbury,Christopher S. Murphy,D,1099,36.68%
United States Senator,Canterbury,Matthew M. Corey,R,1755,58.58%
United States Senator,Canterbury,Christopher S. Murphy,WF,87,2.90%
United States Senator,Canterbury,Justin C. Paglino,G,14,0.47%
United States Senator,Canterbury,Robert Finley Hyde,CGG,39,1.30%
United States Senator,Canterbury,John Flynn,WI,2,0.07%
Representative in Congress 2,Canterbury,Joe Courtney,D,1291,43.02%
Representative in Congress 2,Canterbury,Mike France,R,1710,56.98%
Representative in Congress 2,Canterbury,"Kenneth Kusmierski, Jr.",WI,0,0.00%
Representative in Congress 2,Canterbury,Jeffery Russell,WI,0,0.00%
State Senator 29,Canterbury,Mae Flexer,D,978,32.75%
State Senator 29,Canterbury,Chris Reddy,R,1906,63.83%
State Senator 29,Canterbury,Mae Flexer,WF,43,1.44%
State Senator 29,Canterbury,Mae Flexer,IND,22,0.74%
State Senator 29,Canterbury,Alice Leibowitz,G,37,1.24%
State Representative 47,Canterbury,Aaron Spruance,D,1002,33.69%
State Representative 47,Canterbury,Doug Dubitsky,R,1972,66.31%
Registrar of Voters,Canterbury,Linda Sangermano,R,2232,99.78%
Registrar of Voters,Canterbury,Loreen Hegan,WI,5,0.22%
Presidential Electors for,Canton,Harris and Walz,D,3819,57.77%
Presidential Electors for,Canton,Trump and Vance,R,2667,40.34%
Presidential Electors for,Canton,Stein and Ware,G,49,0.74%
Presidential Electors for,Canton,Oliver and ter Maat,LI,38,0.57%
Presidential Electors for,Canton,"Kennedy, Jr. and Shanahan",PC,31,0.47%
Presidential Electors for,Canton,De la Cruz and Garcia,WI,3,0.05%
Presidential Electors for,Canton,Fox and McVay,WI,0,0.00%
Presidential Electors for,Canton,McNeil and McNeil,WI,0,0.00%
Presidential Electors for,Canton,Potus and Kennedy,WI,0,0.00%
Presidential Electors for,Canton,Ayyadurai and Ellis,WI,1,0.02%
Presidential Electors for,Canton,Sonski and Onak,WI,2,0.03%
Presidential Electors for,Canton,West and Abdullah,WI,1,0.02%
United States Senator,Canton,Christopher S. Murphy,D,3661,55.94%
United States Senator,Canton,Matthew M. Corey,R,2655,40.57%
United States Senator,Canton,Christopher S. Murphy,WF,136,2.08%
United States Senator,Canton,Justin C. Paglino,G,43,0.66%
United States Senator,Canton,Robert Finley Hyde,CGG,50,0.76%
United States Senator,Canton,John Flynn,WI,0,0.00%
Representative in Congress 5,Canton,Jahana Hayes,D,3559,54.39%
Representative in Congress 5,Canton,George Logan,R,2844,43.46%
Representative in Congress 5,Canton,Jahana Hayes,WF,141,2.15%
Representative in Congress 5,Canton,Ahmad AJ Darwish,WI,0,0.00%
Representative in Congress 5,Canton,Bertram Ferguson,WI,0,0.00%
State Senator 8,Canton,Paul Honig,D,3275,50.32%
State Senator 8,Canton,Lisa Seminara,R,3007,46.20%
State Senator 8,Canton,Paul Honig,WF,134,2.06%
State Senator 8,Canton,Lisa Seminara,IND,92,1.41%
State Representative 17,Canton,Eleni Kavros DeGraw,D,3586,55.33%
State Representative 17,Canton,Manju Gerber,R,2661,41.06%
State Representative 17,Canton,Eleni Kavros DeGraw,WF,134,2.07%
State Representative 17,Canton,Eleni Kavros DeGraw,IND,100,1.54%
Registrar of Voters,Canton,Cynthia Zdanzukas,D,3414,53.45%
Registrar of Voters,Canton,Warren Humphrey,R,2973,46.55%
Presidential Electors for,Chaplin,Harris and Walz,D,535,42.77%
Presidential Electors for,Chaplin,Trump and Vance,R,695,55.56%
Presidential Electors for,Chaplin,Stein and Ware,G,13,1.04%
Presidential Electors for,Chaplin,Oliver and ter Maat,LI,3,0.24%
Presidential Electors for,Chaplin,"Kennedy, Jr. and Shanahan",PC,5,0.40%
Presidential Electors for,Chaplin,De la Cruz and Garcia,WI,0,0.00%
Presidential Electors for,Chaplin,Fox and McVay,WI,0,0.00%
Presidential Electors for,Chaplin,McNeil and McNeil,WI,0,0.00%
Presidential Electors for,Chaplin,Potus and Kennedy,WI,0,0.00%
Presidential Electors for,Chaplin,Ayyadurai and Ellis,WI,0,0.00%
Presidential Electors for,Chaplin,Sonski and Onak,WI,0,0.00%
Presidential Electors for,Chaplin,West and Abdullah,WI,0,0.00%
United States Senator,Chaplin,Christopher S. Murphy,D,531,43.63%
United States Senator,Chaplin,Matthew M. Corey,R,628,51.60%
United States Senator,Chaplin,Christopher S. Murphy,WF,37,3.04%
United States Senator,Chaplin,Justin C. Paglino,G,9,0.74%
United States Senator,Chaplin,Robert Finley Hyde,CGG,12,0.99%
United States Senator,Chaplin,John Flynn,WI,0,0.00%
Representative in Congress 2,Chaplin,Joe Courtney,D,619,50.90%
Representative in Congress 2,Chaplin,Mike France,R,597,49.10%
Representative in Congress 2,Chaplin,"Kenneth Kusmierski, Jr.",WI,0,0.00%
Representative in Congress 2,Chaplin,Jeffery Russell,WI,0,0.00%
State Senator 35,Chaplin,Merry C. Garrett,D,486,40.47%
State Senator 35,Chaplin,Jeff Gordon,R,678,56.45%
State Senator 35,Chaplin,Merry C. Garrett,WF,22,1.83%
State Senator 35,Chaplin,Merry C. Garrett,IND,15,1.25%
State Representative 47,Chaplin,Aaron Spruance,D,477,39.68%
State Representative 47,Chaplin,Doug Dubitsky,R,725,60.32%
Registrar of Voters,Chaplin,Christopher Komuves,D,469,39.41%
Registrar of Voters,Chaplin,Eugene V. Boomer Jr.,R,721,60.59%
Judge of Probate 28 To Fill Vacancy,Chaplin,George A. Baker,D,481,40.83%
Judge of Probate 28 To Fill Vacancy,Chaplin,Douglas T. Stearns,R,697,59.17%
Presidential Electors for,Cheshire,Harris and Walz,D,9390,54.49%
Presidential Electors for,Cheshire,Trump and Vance,R,7498,43.51%
Presidential Electors for,Cheshire,Stein and Ware,G,159,0.92%
Presidential Electors for,Cheshire,Oliver and ter Maat,LI,83,0.48%
Presidential Electors for,Cheshire,"Kennedy, Jr. and Shanahan",PC,98,0.57%
Presidential Electors for,Cheshire,De la Cruz and Garcia,WI,4,0.02%
Presidential Electors for,Cheshire,Fox and McVay,WI,0,0.00%
Presidential Electors for,Cheshire,McNeil and McNeil,WI,0,0.00%
Presidential Electors for,Cheshire,Potus and Kennedy,WI,0,0.00%
Presidential Electors for,Cheshire,Ayyadurai and Ellis,WI,0,0.00%
Presidential Electors for,Cheshire,Sonski and Onak,WI,1,0.01%
Presidential Electors for,Cheshire,West and Abdullah,WI,0,0.00%
United States Senator,Cheshire,Christopher S. Murphy,D,9164,53.80%
United States Senator,Cheshire,Matthew M. Corey,R,7255,42.59%
United States Senator,Cheshire,Christopher S. Murphy,WF,386,2.27%
United States Senator,Cheshire,Justin C. Paglino,G,120,0.70%
United States Senator,Cheshire,Robert Finley Hyde,CGG,108,0.63%
United States Senator,Cheshire,John Flynn,WI,0,0.00%
Representative in Congress 5,Cheshire,Jahana Hayes,D,8722,51.91%
Representative in Congress 5,Cheshire,George Logan,R,7722,45.96%
Representative in Congress 5,Cheshire,Jahana Hayes,WF,358,2.13%
Representative in Congress 5,Cheshire,Ahmad AJ Darwish,WI,0,0.00%
Representative in Congress 5,Cheshire,Bertram Ferguson,WI,0,0.00%
State Senator 13,Cheshire,Jan Hochadel,D,6011,49.45%
State Senator 13,Cheshire,Elain Cariati,R,5745,47.26%
State Senator 13,Cheshire,Jan Hochadel,WF,215,1.77%
State Senator 13,Cheshire,Gwen Samuel,IND,184,1.51%
State Senator 13,Cheshire,Gwen Samuel,WI,0,0.00%
State Senator 16,Cheshire,Christopher Robertson,D,2150,47.49%
State Senator 16,Cheshire,Rob Sampson,R,2284,50.45%
State Senator 16,Cheshire,Christopher Robertson,IND,93,2.05%
State Representative 83,Cheshire,Jack Fazzino,D,1169,50.43%
State Representative 83,Cheshire,Joseph Vollano,R,1067,46.03%
State Representative 83,Cheshire,Jack Fazzino,WF,37,1.60%
State Representative 83,Cheshire,Jack Fazzino,IND,45,1.94%
State Representative 89,Cheshire,Lezlye Zupkus,R,2653,100.00%
State Representative 89,Cheshire,Stuart R. Korchin,WI,0,0.00%
State Representative 103,Cheshire,Liz Linehan,D,7076,100.00%
Registrar of Voters,Cheshire,Willy Hyde,D,7917,48.22%
Registrar of Voters,Cheshire,Sylvia Nichols,R,8503,51.78%
Presidential Electors for,Chester,Harris and Walz,D,1666,64.60%
Presidential Electors for,Chester,Trump and Vance,R,866,33.58%
Presidential Electors for,Chester,Stein and Ware,G,15,0.58%
Presidential Electors for,Chester,Oliver and ter Maat,LI,9,0.35%
Presidential Electors for,Chester,"Kennedy, Jr. and Shanahan",PC,20,0.78%
Presidential Electors for,Chester,De la Cruz and Garcia,WI,1,0.04%
Presidential Electors for,Chester,Fox and McVay,WI,0,0.00%
Presidential Electors for,Chester,McNeil and McNeil,WI,0,0.00%
Presidential Electors for,Chester,Potus and Kennedy,WI,0,0.00%
Presidential Electors for,Chester,Ayyadurai and Ellis,WI,0,0.00%
Presidential Electors for,Chester,Sonski and Onak,WI,2,0.08%
Presidential Electors for,Chester,West and Abdullah,WI,0,0.00%
United States Senator,Chester,Christopher S. Murphy,D,1583,64.17%
United States Senator,Chester,Matthew M. Corey,R,785,31.82%
United States Senator,Chester,Christopher S. Murphy,WF,71,2.88%
United States Senator,Chester,Justin C. Paglino,G,14,0.57%
United States Senator,Chester,Robert Finley Hyde,CGG,14,0.57%
United States Senator,Chester,John Flynn,WI,0,0.00%
Representative in Congress 2,Chester,Joe Courtney,D,1710,67.99%
Representative in Congress 2,Chester,Mike France,R,804,31.97%
Representative in Congress 2,Chester,"Kenneth Kusmierski, Jr.",WI,1,0.04%
Representative in Congress 2,Chester,Jeffery Russell,WI,0,0.00%
State Senator 33,Chester,Norm Needleman,D,1634,65.44%
State Senator 33,Chester,Jeffery Duigou,R,793,31.76%
State Senator 33,Chester,Norm Needleman,IND,70,2.80%
State Representative 36,Chester,Renee LaMark Muir,D,1543,61.92%
State Representative 36,Chester,Kathryn Russell,R,949,38.08%
Presidential Electors for,Clinton,Harris and Walz,D,4308,53.96%
Presidential Electors for,Clinton,Trump and Vance,R,3550,44.46%
Presidential Electors for,Clinton,Stein and Ware,G,49,0.61%
Presidential Electors for,Clinton,Oliver and ter Maat,LI,37,0.46%
Presidential Electors for,Clinton,"Kennedy, Jr. and Shanahan",PC,40,0.50%
Presidential Electors for,Clinton,De la Cruz and Garcia,WI,0,0.00%
Presidential Electors for,Clinton,Fox and McVay,WI,0,0.00%
Presidential Electors for,Clinton,McNeil and McNeil,WI,0,0.00%
Presidential Electors for,Clinton,Potus and Kennedy,WI,0,0.00%
Presidential Electors for,Clinton,Ayyadurai and Ellis,WI,0,0.00%
Presidential Electors for,Clinton,Sonski and Onak,WI,0,0.00%
Presidential Electors for,Clinton,West and Abdullah,WI,0,0.00%
United States Senator,Clinton,Christopher S. Murphy,D,4025,53.20%
United States Senator,Clinton,Matthew M. Corey,R,3257,43.05%
United States Senator,Clinton,Christopher S. Murphy,WF,173,2.29%
United States Senator,Clinton,Justin C. Paglino,G,68,0.90%
United States Senator,Clinton,Robert Finley Hyde,CGG,43,0.57%
United States Senator,Clinton,John Flynn,WI,0,0.00%
Representative in Congress 2,Clinton,Joe Courtney,D,4466,57.88%
Representative in Congress 2,Clinton,Mike France,R,3250,42.12%
Representative in Congress 2,Clinton,"Kenneth Kusmierski, Jr.",WI,0,0.00%
Representative in Congress 2,Clinton,Jeffery Russell,WI,0,0.00%
State Senator 33,Clinton,Norm Needleman,D,4009,53.43%
State Senator 33,Clinton,Jeffery Duigou,R,3324,44.30%
State Senator 33,Clinton,Norm Needleman,IND,170,2.27%
State Representative 35,Clinton,Cinzia Lettieri,D,3532,47.84%
State Representative 35,Clinton,Chris Aniskovich,R,3605,48.83%
State Representative 35,Clinton,Cinzia Lettieri,WF,113,1.53%
State Representative 35,Clinton,Chris Aniskovich,IND,133,1.80%
Registrar of Voters,Clinton,Mark Vasil,D,3975,52.80%
Registrar of Voters,Clinton,Lawrence P. Edwards,R,3553,47.20%
Presidential Electors for,Colchester,Harris and Walz,D,5002,52.61%
Presidential Electors for,Colchester,Trump and Vance,R,4332,45.57%
Presidential Electors for,Colchester,Stein and Ware,G,47,0.49%
Presidential Electors for,Colchester,Oliver and ter Maat,LI,57,0.60%
Presidential Electors for,Colchester,"Kennedy, Jr. and Shanahan",PC,69,0.73%
Presidential Electors for,Colchester,De la Cruz and Garcia,WI,0,0.00%
Presidential Electors for,Colchester,Fox and McVay,WI,0,0.00%
Presidential Electors for,Colchester,McNeil and McNeil,WI,0,0.00%
Presidential Electors for,Colchester,Potus and Kennedy,WI,0,0.00%
Presidential Electors for,Colchester,Ayyadurai and Ellis,WI,0,0.00%
Presidential Electors for,Colchester,Sonski and Onak,WI,0,0.00%
Presidential Electors for,Colchester,West and Abdullah,WI,0,0.00%
United States Senator,Colchester,Christopher S. Murphy,D,4869,52.40%
United States Senator,Colchester,Matthew M. Corey,R,4019,43.25%
United States Senator,Colchester,Christopher S. Murphy,WF,275,2.96%
United States Senator,Colchester,Justin C. Paglino,G,54,0.58%
United States Senator,Colchester,Robert Finley Hyde,CGG,75,0.81%
United States Senator,Colchester,John Flynn,WI,0,0.00%
Representative in Congress 2,Colchester,Joe Courtney,D,5465,58.93%
Representative in Congress 2,Colchester,Mike France,R,3809,41.07%
Representative in Congress 2,Colchester,"Kenneth Kusmierski, Jr.",WI,0,0.00%
Representative in Congress 2,Colchester,Jeffery Russell,WI,0,0.00%
State Senator 33,Colchester,Norm Needleman,D,4806,51.99%
State Senator 33,Colchester,Jeffery Duigou,R,4197,45.40%
State Senator 33,Colchester,Norm Needleman,IND,241,2.61%
State Representative 48,Colchester,Christopher Rivers,D,4519,49.18%
State Representative 48,Colchester,Mark DeCaprio,R,4348,47.32%
State Representative 48,Colchester,Christopher Rivers,WF,207,2.25%
State Representative 48,Colchester,Lance Lusignan,IND,114,1.24%
Registrar of Voters,Colchester,Sara Mussen,D,4559,50.10%
Registrar of Voters,Colchester,Julianne Shilosky,R,4541,49.90%
Judge of Probate 28 To Fill Vacancy,Colchester,George A. Baker,D,4950,54.50%
Judge of Probate 28 To Fill Vacancy,Colchester,Douglas T. Stearns,R,4132,45.50%
Presidential Electors for,Colebrook,Harris and Walz,D,403,41.80%
Presidential Electors for,Colebrook,Trump and Vance,R,548,56.85%
Presidential Electors for,Colebrook,Stein and Ware,G,7,0.73%
Presidential Electors for,Colebrook,Oliver and ter Maat,LI,3,0.31%
Presidential Electors for,Colebrook,"Kennedy, Jr. and Shanahan",PC,3,0.31%
Presidential Electors for,Colebrook,De la Cruz and Garcia,WI,0,0.00%
Presidential Electors for,Colebrook,Fox and McVay,WI,0,0.00%
Presidential Electors for,Colebrook,McNeil and McNeil,WI,0,0.00%
Presidential Electors for,Colebrook,Potus and Kennedy,WI,0,0.00%
Presidential Electors for,Colebrook,Ayyadurai and Ellis,WI,0,0.00%
Presidential Electors for,Colebrook,Sonski and Onak,WI,0,0.00%
Presidential Electors for,Colebrook,West and Abdullah,WI,0,0.00%
United States Senator,Colebrook,Christopher S. Murphy,D,395,41.93%
United States Senator,Colebrook,Matthew M. Corey,R,513,54.46%
United States Senator,Colebrook,Christopher S. Murphy,WF,24,2.55%
United States Senator,Colebrook,Justin C. Paglino,G,4,0.42%
United States Senator,Colebrook,Robert Finley Hyde,CGG,6,0.64%
United States Senator,Colebrook,John Flynn,WI,0,0.00%
Representative in Congress 1,Colebrook,John B. Larson,D,395,42.16%
Representative in Congress 1,Colebrook,Jim Griffin,R,502,53.58%
Representative in Congress 1,Colebrook,John B. Larson,WF,29,3.09%
Representative in Congress 1,Colebrook,Mary L. Sanders,G,11,1.17%
State Senator 8,Colebrook,Paul Honig,D,352,37.21%
State Senator 8,Colebrook,Lisa Seminara,R,565,59.73%
State Senator 8,Colebrook,Paul Honig,WF,18,1.90%
State Senator 8,Colebrook,Lisa Seminara,IND,11,1.16%
State Representative 63,Colebrook,Jay M. Case,R,693,100.00%
Registrar of Voters,Colebrook,Karen Odell,D,473,50.21%
Registrar of Voters,Colebrook,Sherri Gray,R,469,49.79%
Presidential Electors for,Columbia,Harris and Walz,D,1787,50.67%
Presidential Electors for,Columbia,Trump and Vance,R,1678,47.58%
Presidential Electors for,Columbia,Stein and Ware,G,17,0.48%
Presidential Electors for,Columbia,Oliver and ter Maat,LI,30,0.85%
Presidential Electors for,Columbia,"Kennedy, Jr. and Shanahan",PC,14,0.40%
Presidential Electors for,Columbia,De la Cruz and Garcia,WI,0,0.00%
Presidential Electors for,Columbia,Fox and McVay,WI,0,0.00%
Presidential Electors for,Columbia,McNeil and McNeil,WI,0,0.00%
Presidential Electors for,Columbia,Potus and Kennedy,WI,0,0.00%
Presidential Electors for,Columbia,Ayyadurai and Ellis,WI,0,0.00%
Presidential Electors for,Columbia,Sonski and Onak,WI,0,0.00%
Presidential Electors for,Columbia,West and Abdullah,WI,1,0.03%
United States Senator,Columbia,Christopher S. Murphy,D,1706,49.91%
United States Senator,Columbia,Matthew M. Corey,R,1584,46.34%
United States Senator,Columbia,Christopher S. Murphy,WF,79,2.31%
United States Senator,Columbia,Justin C. Paglino,G,23,0.67%
United States Senator,Columbia,Robert Finley Hyde,CGG,26,0.76%
United States Senator,Columbia,John Flynn,WI,0,0.00%
Representative in Congress 2,Columbia,Joe Courtney,D,1893,54.89%
Representative in Congress 2,Columbia,Mike France,R,1556,45.11%
Representative in Congress 2,Columbia,"Kenneth Kusmierski, Jr.",WI,0,0.00%
Representative in Congress 2,Columbia,Jeffery Russell,WI,0,0.00%
State Senator 19,Columbia,Catherine A. Osten,D,1673,48.46%
State Senator 19,Columbia,Jason Guidone,R,1661,48.12%
State Senator 19,Columbia,Catherine A. Osten,WF,68,1.97%
State Senator 19,Columbia,Catherine A. Osten,IND,50,1.45%
State Representative 8,Columbia,Nancy Hammarstrom,D,1386,40.31%
State Representative 8,Columbia,Timothy Ackert,R,1999,58.14%
State Representative 8,Columbia,Nancy Hammarstrom,WF,53,1.54%
Registrar of Voters,Columbia,Nelisa Reagan,D,1730,50.97%
Registrar of Voters,Columbia,Gayle J. Mulligan,R,1664,49.03%
Presidential Electors for,Cornwall,Harris and Walz,D,732,70.79%
Presidential Electors for,Cornwall,Trump and Vance,R,280,27.08%
Presidential Electors for,Cornwall,Stein and Ware,G,14,1.35%
Presidential Electors for,Cornwall,Oliver and ter Maat,LI,3,0.29%
Presidential Electors for,Cornwall,"Kennedy, Jr. and Shanahan",PC,4,0.39%
Presidential Electors for,Cornwall,De la Cruz and Garcia,WI,1,0.10%
Presidential Electors for,Cornwall,Fox and McVay,WI,0,0.00%
Presidential Electors for,Cornwall,McNeil and McNeil,WI,0,0.00%
Presidential Electors for,Cornwall,Potus and Kennedy,WI,0,0.00%
Presidential Electors for,Cornwall,Ayyadurai and Ellis,WI,0,0.00%
Presidential Electors for,Cornwall,Sonski and Onak,WI,0,0.00%
Presidential Electors for,Cornwall,West and Abdullah,WI,0,0.00%
United States Senator,Cornwall,Christopher S. Murphy,D,705,69.32%
United States Senator,Cornwall,Matthew M. Corey,R,272,26.75%
United States Senator,Cornwall,Christopher S. Murphy,WF,24,2.36%
United States Senator,Cornwall,Justin C. Paglino,G,15,1.47%
United States Senator,Cornwall,Robert Finley Hyde,CGG,1,0.10%
United States Senator,Cornwall,John Flynn,WI,0,0.00%
Representative in Congress 5,Cornwall,Jahana Hayes,D,690,67.91%
Representative in Congress 5,Cornwall,George Logan,R,296,29.13%
Representative in Congress 5,Cornwall,Jahana Hayes,WF,30,2.95%
Representative in Congress 5,Cornwall,Ahmad AJ Darwish,WI,0,0.00%
Representative in Congress 5,Cornwall,Bertram Ferguson,WI,0,0.00%
State Senator 30,Cornwall,Justin Potter,D,697,70.26%
State Senator 30,Cornwall,Stephen G. Harding,R,284,28.63%
State Senator 30,Cornwall,Stephen G. Harding,IND,11,1.11%
State Representative 64,Cornwall,Maria Horn,D,702,68.89%
State Representative 64,Cornwall,Barbara L. Breor,R,275,26.99%
State Representative 64,Cornwall,Maria Horn,WF,26,2.55%
State Representative 64,Cornwall,Maria Horn,IND,16,1.57%
Registrar of Voters,Cornwall,Jayne Ridgway,D,731,73.54%
Registrar of Voters,Cornwall,Brittany Mosimann,R,263,26.46%
Presidential Electors for,Coventry,Harris and Walz,D,3808,50.21%
Presidential Electors for,Coventry,Trump and Vance,R,3645,48.06%
Presidential Electors for,Coventry,Stein and Ware,G,43,0.57%
Presidential Electors for,Coventry,Oliver and ter Maat,LI,50,0.66%
Presidential Electors for,Coventry,"Kennedy, Jr. and Shanahan",PC,38,0.50%
Presidential Electors for,Coventry,De la Cruz and Garcia,WI,0,0.00%
Presidential Electors for,Coventry,Fox and McVay,WI,0,0.00%
Presidential Electors for,Coventry,McNeil and McNeil,WI,0,0.00%
Presidential Electors for,Coventry,Potus and Kennedy,WI,0,0.00%
Presidential Electors for,Coventry,Ayyadurai and Ellis,WI,0,0.00%
Presidential Electors for,Coventry,Sonski and Onak,WI,0,0.00%
Presidential Electors for,Coventry,West and Abdullah,WI,0,0.00%
United States Senator,Coventry,Christopher S. Murphy,D,3649,48.99%
United States Senator,Coventry,Matthew M. Corey,R,3480,46.72%
United States Senator,Coventry,Christopher S. Murphy,WF,189,2.54%
United States Senator,Coventry,Justin C. Paglino,G,76,1.02%
United States Senator,Coventry,Robert Finley Hyde,CGG,54,0.73%
United States Senator,Coventry,John Flynn,WI,0,0.00%
Representative in Congress 2,Coventry,Joe Courtney,D,4181,55.36%
Representative in Congress 2,Coventry,Mike France,R,3372,44.64%
Representative in Congress 2,Coventry,"Kenneth Kusmierski, Jr.",WI,0,0.00%
Representative in Congress 2,Coventry,Jeffery Russell,WI,0,0.00%
State Senator 35,Coventry,Merry C. Garrett,D,3244,44.23%
State Senator 35,Coventry,Jeff Gordon,R,3886,52.98%
State Senator 35,Coventry,Merry C. Garrett,WF,123,1.68%
State Senator 35,Coventry,Merry C. Garrett,IND,82,1.12%
State Representative 8,Coventry,Nancy Hammarstrom,D,2713,36.43%
State Representative 8,Coventry,Timothy Ackert,R,4605,61.83%
State Representative 8,Coventry,Nancy Hammarstrom,WF,130,1.75%
Registrar of Voters,Coventry,Sandye Simon,D,3477,48.45%
Registrar of Voters,Coventry,Marilyn K. Powers,R,3700,51.55%
Judge of Probate 25 To Fill Vacancy,Coventry,Sophia H. Shaikh,D,13038,100.00%
Presidential Electors for,Cromwell,Harris and Walz,D,0,0.00%
Presidential Electors for,Cromwell,Trump and Vance,R,0,0.00%
Presidential Electors for,Cromwell,Stein and Ware,G,0,0.00%
Presidential Electors for,Cromwell,Oliver and ter Maat,LI,0,0.00%
Presidential Electors for,Cromwell,"Kennedy, Jr. and Shanahan",PC,0,0.00%
Presidential Electors for,Cromwell,De la Cruz and Garcia,WI,0,0.00%
Presidential Electors for,Cromwell,Fox and McVay,WI,0,0.00%
Presidential Electors for,Cromwell,McNeil and McNeil,WI,0,0.00%
Presidential Electors for,Cromwell,Potus and Kennedy,WI,0,0.00%
Presidential Electors for,Cromwell,Ayyadurai and Ellis,WI,0,0.00%
Presidential Electors for,Cromwell,Sonski and Onak,WI,0,0.00%
Presidential Electors for,Cromwell,West and Abdullah,WI,0,0.00%
United States Senator,Cromwell,Christopher S. Murphy,D,0,0.00%
United States Senator,Cromwell,Matthew M. Corey,R,0,0.00%
United States Senator,Cromwell,Christopher S. Murphy,WF,0,0.00%
United States Senator,Cromwell,Justin C. Paglino,G,0,0.00%
United States Senator,Cromwell,Robert Finley Hyde,CGG,0,0.00%
United States Senator,Cromwell,John Flynn,WI,0,0.00%
Representative in Congress 1,Cromwell,John B. Larson,D,0,0.00%
Representative in Congress 1,Cromwell,Jim Griffin,R,0,0.00%
Representative in Congress 1,Cromwell,John B. Larson,WF,0,0.00%
Representative in Congress 1,Cromwell,Mary L. Sanders,G,0,0.00%
State Senator 9,Cromwell,Matthew Lesser,D,0,0.00%
State Senator 9,Cromwell,Matthew Lesser,WF,0,0.00%
State Senator 9,Cromwell,Matthew Lesser,IND,0,0.00%
State Representative 32,Cromwell,Christie M. Carpino,R,0,0.00%
Registrar of Voters,Cromwell,Alice Kelly,D,0,0.00%
Registrar of Voters,Cromwell,Bonnie Anderson,R,0,0.00%
Judge of Probate 15 To Fill Vacancy,Cromwell,Phrances Leverton Szewczyk,D,0,0.00%
Presidential Electors for,Danbury,Harris and Walz,D,15871,52.85%
Presidential Electors for,Danbury,Trump and Vance,R,13746,45.77%
Presidential Electors for,Danbury,Stein and Ware,G,189,0.63%
Presidential Electors for,Danbury,Oliver and ter Maat,LI,88,0.29%
Presidential Electors for,Danbury,"Kennedy, Jr. and Shanahan",PC,137,0.46%
Presidential Electors for,Danbury,De la Cruz and Garcia,WI,0,0.00%
Presidential Electors for,Danbury,Fox and McVay,WI,0,0.00%
Presidential Electors for,Danbury,McNeil and McNeil,WI,0,0.00%
Presidential Electors for,Danbury,Potus and Kennedy,WI,0,0.00%
Presidential Electors for,Danbury,Ayyadurai and Ellis,WI,0,0.00%
Presidential Electors for,Danbury,Sonski and Onak,WI,0,0.00%
Presidential Electors for,Danbury,West and Abdullah,WI,0,0.00%
United States Senator,Danbury,Christopher S. Murphy,D,15604,53.98%
United States Senator,Danbury,Matthew M. Corey,R,12000,41.51%
United States Senator,Danbury,Christopher S. Murphy,WF,839,2.90%
United States Senator,Danbury,Justin C. Paglino,G,210,0.73%
United States Senator,Danbury,Robert Finley Hyde,CGG,256,0.89%
United States Senator,Danbury,John Flynn,WI,0,0.00%
Representative in Congress 5,Danbury,Jahana Hayes,D,15367,53.18%
Representative in Congress 5,Danbury,George Logan,R,12666,43.83%
Representative in Congress 5,Danbury,Jahana Hayes,WF,864,2.99%
Representative in Congress 5,Danbury,Ahmad AJ Darwish,WI,0,0.00%
Representative in Congress 5,Danbury,Bertram Ferguson,WI,0,0.00%
State Senator 24,Danbury,Julie Kushner,D,14976,51.28%
State Senator 24,Danbury,Michelle Coelho,R,12956,44.37%
State Senator 24,Danbury,Julie Kushner,WF,766,2.62%
State Senator 24,Danbury,Michelle Coelho,IND,504,1.73%
State Representative 2,Danbury,Raghib Allie-Brennan,D,2430,53.76%
State Representative 2,Danbury,Bradley M. Koltz,R,2008,44.42%
State Representative 2,Danbury,Raghib Allie-Brennan,IND,82,1.81%
State Representative 108,Danbury,Anne Weisberg,D,1027,49.95%
State Representative 108,Danbury,Patrick Callahan,R,988,48.05%
State Representative 108,Danbury,Anne Weisberg,WF,41,1.99%
State Representative 109,Danbury,Farley A. Santos,D,4161,51.60%
State Representative 109,Danbury,Brenda Santopolo Hefferon,R,3554,44.07%
State Representative 109,Danbury,Farley A. Santos,WF,253,3.14%
State Representative 109,Danbury,Farley A. Santos,IND,96,1.19%
State Representative 110,Danbury,Bob Godfrey,D,2970,56.79%
State Representative 110,Danbury,Austin Monteiro,R,2071,39.60%
State Representative 110,Danbury,Bob Godfrey,WF,189,3.61%
State Representative 138,Danbury,Kenneth M. Gucker,D,4245,47.99%
State Representative 138,Danbury,Rachel Chaleski,R,4216,47.67%
State Representative 138,Danbury,Kenneth M. Gucker,WF,221,2.50%
State Representative 138,Danbury,Rachel Chaleski,IND,163,1.84%
Registrar of Voters,Danbury,Joan G. Bielizna,D,14741,52.52%
Registrar of Voters,Danbury,Mary Ann Doran,R,13326,47.48%
Presidential Electors for,Darien,Harris and Walz,D,0,0.00%
Presidential Electors for,Darien,Trump and Vance,R,0,0.00%
Presidential Electors for,Darien,Stein and Ware,G,0,0.00%
Presidential Electors for,Darien,Oliver and ter Maat,LI,0,0.00%
Presidential Electors for,Darien,"Kennedy, Jr. and Shanahan",PC,0,0.00%
Presidential Electors for,Darien,De la Cruz and Garcia,WI,0,0.00%
Presidential Electors for,Darien,Fox and McVay,WI,0,0.00%
Presidential Electors for,Darien,McNeil and McNeil,WI,0,0.00%
Presidential Electors for,Darien,Potus and Kennedy,WI,0,0.00%
Presidential Electors for,Darien,Ayyadurai and Ellis,WI,0,0.00%
Presidential Electors for,Darien,Sonski and Onak,WI,0,0.00%
Presidential Electors for,Darien,West and Abdullah,WI,0,0.00%
United States Senator,Darien,Christopher S. Murphy,D,0,0.00%
United States Senator,Darien,Matthew M. Corey,R,0,0.00%
United States Senator,Darien,Christopher S. Murphy,WF,0,0.00%
United States Senator,Darien,Justin C. Paglino,G,0,0.00%
United States Senator,Darien,Robert Finley Hyde,CGG,0,0.00%
United States Senator,Darien,John Flynn,WI,0,0.00%
Representative in Congress 4,Darien,Jim Himes,D,0,0.00%
Representative in Congress 4,Darien,Michael Goldstein,R,0,0.00%
Representative in Congress 4,Darien,Benjamin Wesley,IND,0,0.00%
State Senator 25,Darien,Bob Duff,D,0,0.00%
State Senator 25,Darien,Martin Tagliaferro,R,0,0.00%
State Senator 25,Darien,Bob Duff,WF,0,0.00%
State Senator 26,Darien,Ceci Maher,D,0,0.00%
State Senator 26,Darien,Kami Evans,R,0,0.00%
State Senator 26,Darien,Kami Evans,IND,0,0.00%
State Senator 27,Darien,Pat Billie Miller,D,0,0.00%
State Senator 27,Darien,Nicola Tarzia,R,0,0.00%
State Representative 125,Darien,Jason Bennett,D,0,0.00%
State Representative 125,Darien,Tom O'Dea,R,0,0.00%
State Representative 141,Darien,Sheila Quinn,D,0,0.00%
State Representative 141,Darien,Tracy Marra,R,0,0.00%
State Representative 141,Darien,Tracy Marra,IND,0,0.00%
Registrar of Voters,Darien,Susan K. Gray,D,0,0.00%
Registrar of Voters,Darien,Cara Kate Gately,R,0,0.00%
Board of Education,Darien,Joanna Walsh,D,0,0.00%
Board of Education,Darien,Michael Balzano,D,0,0.00%
Board of Education,Darien,David Brown,R,0,0.00%
Board of Education,Darien,Robin Nelson,R,0,0.00%
Representative Town Meeting District 1,Darien,Priscilla Wong,PC,0,0.00%
Representative Town Meeting District 1,Darien,Linda Tavlarios,PC,0,0.00%
Representative Town Meeting District 1,Darien,John Sartorius,PC,0,0.00%
Representative Town Meeting District 1,Darien,William Clarkson,PC,0,0.00%
Representative Town Meeting District 1,Darien,Charles Powis,PC,0,0.00%
Representative Town Meeting District 1,Darien,Patrick Parr,PC,0,0.00%
Representative Town Meeting District 1,Darien,Diane Conologue,PC,0,0.00%
Representative Town Meeting District 1-01,Darien,Priscilla Wong,PC,0,0.00%
Representative Town Meeting District 1-01,Darien,Linda Tavlarios,PC,0,0.00%
Representative Town Meeting District 1-01,Darien,John Sartorius,PC,0,0.00%
Representative Town Meeting District 1-01,Darien,William Clarkson,PC,0,0.00%
Representative Town Meeting District 1-01,Darien,Charles Powis,PC,0,0.00%
Representative Town Meeting District 1-01,Darien,Patrick Parr,PC,0,0.00%
Representative Town Meeting District 1-01,Darien,Diane Conologue,PC,0,0.00%
Representative Town Meeting District 1-02,Darien,Priscilla Wong,PC,0,0.00%
Representative Town Meeting District 1-02,Darien,Linda Tavlarios,PC,0,0.00%
Representative Town Meeting District 1-02,Darien,John Sartorius,PC,0,0.00%
Representative Town Meeting District 1-02,Darien,William Clarkson,PC,0,0.00%
Representative Town Meeting District 1-02,Darien,Charles Powis,PC,0,0.00%
Representative Town Meeting District 1-02,Darien,Patrick Parr,PC,0,0.00%
Representative Town Meeting District 1-02,Darien,Diane Conologue,PC,0,0.00%
Representative Town Meeting District 2,Darien,Emily Salmore,PC,0,0.00%
Representative Town Meeting District 2,Darien,Richard Aponte,PC,0,0.00%
Representative Town Meeting District 2,Darien,Michael Casolo,PC,0,0.00%
Representative Town Meeting District 2,Darien,Penelope Wilson,PC,0,0.00%
Representative Town Meeting District 2,Darien,Michael Wheeler,PC,0,0.00%
Representative Town Meeting District 2,Darien,Cheryl Russell,PC,0,0.00%
Representative Town Meeting District 2,Darien,Charles Teschner,PC,0,0.00%
Representative Town Meeting District 2,Darien,Liz Bacon,PC,0,0.00%
Representative Town Meeting District 3,Darien,Jack Davis,PC,0,0.00%
Representative Town Meeting District 3,Darien,Jeff Crouse,PC,0,0.00%
Representative Town Meeting District 4,Darien,Jean Hsu,PC,0,0.00%
Representative Town Meeting District 4,Darien,Jan Raymond,PC,0,0.00%
Representative Town Meeting District 4,Darien,Brian Rayhill,PC,0,0.00%
Representative Town Meeting District 5,Darien,Ian Laird,PC,0,0.00%
Representative Town Meeting District 5,Darien,Mark Adiletta,PC,0,0.00%
Representative Town Meeting District 5,Darien,Ashley Guadano,PC,0,0.00%
Representative Town Meeting District 5,Darien,Doug Allen Bernacchi,PC,0,0.00%
Representative Town Meeting District 5,Darien,Beth Pope,PC,0,0.00%
Representative Town Meeting District 5,Darien,Curtis Butler,PC,0,0.00%
Representative Town Meeting District 5,Darien,David Bayne,PC,0,0.00%
Representative Town Meeting District 6,Darien,Rachel Taylor,PC,0,0.00%
Representative Town Meeting District 6,Darien,Frank Adelman,PC,0,0.00%
Representative Town Meeting District 6,Darien,John Visi,PC,0,0.00%
Representative Town Meeting District 6,Darien,Susan Lauritzen,PC,0,0.00%
Presidential Electors for,Deep River,Harris and Walz,D,1735,60.31%
Presidential Electors for,Deep River,Trump and Vance,R,1097,38.13%
Presidential Electors for,Deep River,Stein and Ware,G,12,0.42%
Presidential Electors for,Deep River,Oliver and ter Maat,LI,14,0.49%
Presidential Electors for,Deep River,"Kennedy, Jr. and Shanahan",PC,19,0.66%
Presidential Electors for,Deep River,De la Cruz and Garcia,WI,0,0.00%
Presidential Electors for,Deep River,Fox and McVay,WI,0,0.00%
Presidential Electors for,Deep River,McNeil and McNeil,WI,0,0.00%
Presidential Electors for,Deep River,Potus and Kennedy,WI,0,0.00%
Presidential Electors for,Deep River,Ayyadurai and Ellis,WI,0,0.00%
Presidential Electors for,Deep River,Sonski and Onak,WI,0,0.00%
Presidential Electors for,Deep River,West and Abdullah,WI,0,0.00%
United States Senator,Deep River,Christopher S. Murphy,D,1673,58.87%
United States Senator,Deep River,Matthew M. Corey,R,1028,36.17%
United States Senator,Deep River,Christopher S. Murphy,WF,90,3.17%
United States Senator,Deep River,Justin C. Paglino,G,27,0.95%
United States Senator,Deep River,Robert Finley Hyde,CGG,24,0.84%
United States Senator,Deep River,John Flynn,WI,0,0.00%
Representative in Congress 2,Deep River,Joe Courtney,D,1775,63.12%
Representative in Congress 2,Deep River,Mike France,R,1037,36.88%
Representative in Congress 2,Deep River,"Kenneth Kusmierski, Jr.",WI,0,0.00%
Representative in Congress 2,Deep River,Jeffery Russell,WI,0,0.00%
State Senator 33,Deep River,Norm Needleman,D,1698,60.02%
State Senator 33,Deep River,Jeffery Duigou,R,1028,36.34%
State Senator 33,Deep River,Norm Needleman,IND,103,3.64%
State Representative 36,Deep River,Renee LaMark Muir,D,1485,52.53%
State Representative 36,Deep River,Kathryn Russell,R,1342,47.47%
Registrar of Voters,Deep River,Elizabeth Gregan,D,1541,55.75%
Registrar of Voters,Deep River,Claudia H. Hardy,R,1223,44.25%
Presidential Electors for,Derby,Harris and Walz,D,2581,48.04%
Presidential Electors for,Derby,Trump and Vance,R,2732,50.85%
Presidential Electors for,Derby,Stein and Ware,G,30,0.56%
Presidential Electors for,Derby,Oliver and ter Maat,LI,16,0.30%
Presidential Electors for,Derby,"Kennedy, Jr. and Shanahan",PC,13,0.24%
Presidential Electors for,Derby,De la Cruz and Garcia,WI,0,0.00%
Presidential Electors for,Derby,Fox and McVay,WI,0,0.00%
Presidential Electors for,Derby,McNeil and McNeil,WI,0,0.00%
Presidential Electors for,Derby,Potus and Kennedy,WI,0,0.00%
Presidential Electors for,Derby,Ayyadurai and Ellis,WI,0,0.00%
Presidential Electors for,Derby,Sonski and Onak,WI,0,0.00%
Presidential Electors for,Derby,West and Abdullah,WI,1,0.02%
United States Senator,Derby,Christopher S. Murphy,D,2511,49.05%
United States Senator,Derby,Matthew M. Corey,R,2310,45.13%
United States Senator,Derby,Christopher S. Murphy,WF,181,3.54%
United States Senator,Derby,Justin C. Paglino,G,43,0.84%
United States Senator,Derby,Robert Finley Hyde,CGG,74,1.45%
United States Senator,Derby,John Flynn,WI,0,0.00%
Representative in Congress 3,Derby,Rosa L. DeLauro,D,2724,53.47%
Representative in Congress 3,Derby,Michael Massey,R,2276,44.68%
Representative in Congress 3,Derby,Michael Massey,IND,93,1.83%
Representative in Congress 3,Derby,Leo Almoney,WI,0,0.00%
Representative in Congress 3,Derby,Omar Scott Antar,WI,0,0.00%
Representative in Congress 3,Derby,Shahd Omar,WI,1,0.02%
State Senator 17,Derby,Jorge Cabrera,D,2724,76.41%
State Senator 17,Derby,Jorge Cabrera,WF,504,14.14%
State Senator 17,Derby,Jorge Cabrera,IND,337,9.45%
State Representative 104,Derby,Kara Rochelle,D,895,53.72%
State Representative 104,Derby,David S Cassetti,R,670,40.22%
State Representative 104,Derby,Kara Rochelle,WF,74,4.44%
State Representative 104,Derby,Thomas G. Egan,IND,27,1.62%
State Representative 105,Derby,Nicole Klarides-Ditria,R,223,100.00%
State Representative 114,Derby,Mary Welander,D,1654,80.45%
State Representative 114,Derby,Mary Welander,IND,402,19.55%
Registrar of Voters,Derby,Louise A. Pitney,D,2517,51.30%
Registrar of Voters,Derby,Thomas Lionetti,R,2389,48.70%
Presidential Electors for,Durham,Harris and Walz,D,2217,47.13%
Presidential Electors for,Durham,Trump and Vance,R,2382,50.64%
Presidential Electors for,Durham,Stein and Ware,G,43,0.91%
Presidential Electors for,Durham,Oliver and ter Maat,LI,35,0.74%
Presidential Electors for,Durham,"Kennedy, Jr. and Shanahan",PC,27,0.57%
Presidential Electors for,Durham,De la Cruz and Garcia,WI,0,0.00%
Presidential Electors for,Durham,Fox and McVay,WI,0,0.00%
Presidential Electors for,Durham,McNeil and McNeil,WI,0,0.00%
Presidential Electors for,Durham,Potus and Kennedy,WI,0,0.00%
Presidential Electors for,Durham,Ayyadurai and Ellis,WI,0,0.00%
Presidential Electors for,Durham,Sonski and Onak,WI,0,0.00%
Presidential Electors for,Durham,West and Abdullah,WI,0,0.00%
United States Senator,Durham,Christopher S. Murphy,D,2114,45.97%
United States Senator,Durham,Matthew M. Corey,R,2304,50.10%
United States Senator,Durham,Christopher S. Murphy,WF,114,2.48%
United States Senator,Durham,Justin C. Paglino,G,34,0.74%
United States Senator,Durham,Robert Finley Hyde,CGG,33,0.72%
United States Senator,Durham,John Flynn,WI,0,0.00%
Representative in Congress 3,Durham,Rosa L. DeLauro,D,2178,49.02%
Representative in Congress 3,Durham,Michael Massey,R,2193,49.36%
Representative in Congress 3,Durham,Michael Massey,IND,72,1.62%
Representative in Congress 3,Durham,Leo Almoney,WI,0,0.00%
Representative in Congress 3,Durham,Omar Scott Antar,WI,0,0.00%
Representative in Congress 3,Durham,Shahd Omar,WI,0,0.00%
State Senator 12,Durham,Christine Cohen,D,1397,47.50%
State Senator 12,Durham,Paul Crisci,R,1448,49.23%
State Senator 12,Durham,Christine Cohen,WF,48,1.63%
State Senator 12,Durham,Christine Cohen,IND,48,1.63%
State Senator 34,Durham,Brandi Mandato,D,578,36.40%
State Senator 34,Durham,Paul Cicarella,R,943,59.38%
State Senator 34,Durham,Brandi Mandato,WF,26,1.64%
State Senator 34,Durham,Paul Cicarella,IND,26,1.64%
State Senator 34,Durham,David A. Bedell,G,15,0.94%
State Representative 86,Durham,Vincent J. Candelora,R,863,100.00%
State Representative 101,Durham,John-Michael Parker,D,1589,47.38%
State Representative 101,Durham,Lisa Deane,R,1653,49.28%
State Representative 101,Durham,John-Michael Parker,WF,57,1.70%
State Representative 101,Durham,John-Michael Parker,IND,55,1.64%
Registrar of Voters,Durham,Heather A. Petit,D,2115,47.34%
Registrar of Voters,Durham,Jon Scagnelli,R,2353,52.66%
Judge of Probate 15 To Fill Vacancy,Durham,Phrances Leverton Szewczyk,D,0,0.00%
Presidential Electors for,Eastford,Harris and Walz,D,0,0.00%
Presidential Electors for,Eastford,Trump and Vance,R,0,0.00%
Presidential Electors for,Eastford,Stein and Ware,G,0,0.00%
Presidential Electors for,Eastford,Oliver and ter Maat,LI,0,0.00%
Presidential Electors for,Eastford,"Kennedy, Jr. and Shanahan",PC,0,0.00%
Presidential Electors for,Eastford,De la Cruz and Garcia,WI,0,0.00%
Presidential Electors for,Eastford,Fox and McVay,WI,0,0.00%
Presidential Electors for,Eastford,McNeil and McNeil,WI,0,0.00%
Presidential Electors for,Eastford,Potus and Kennedy,WI,0,0.00%
Presidential Electors for,Eastford,Ayyadurai and Ellis,WI,0,0.00%
Presidential Electors for,Eastford,Sonski and Onak,WI,0,0.00%
Presidential Electors for,Eastford,West and Abdullah,WI,0,0.00%
United States Senator,Eastford,Christopher S. Murphy,D,0,0.00%
United States Senator,Eastford,Matthew M. Corey,R,0,0.00%
United States Senator,Eastford,Christopher S. Murphy,WF,0,0.00%
United States Senator,Eastford,Justin C. Paglino,G,0,0.00%
United States Senator,Eastford,Robert Finley Hyde,CGG,0,0.00%
United States Senator,Eastford,John Flynn,WI,0,0.00%
Representative in Congress 2,Eastford,Joe Courtney,D,0,0.00%
Representative in Congress 2,Eastford,Mike France,R,0,0.00%
Representative in Congress 2,Eastford,"Kenneth Kusmierski, Jr.",WI,0,0.00%
Representative in Congress 2,Eastford,Jeffery Russell,WI,0,0.00%
State Senator 35,Eastford,Merry C. Garrett,D,0,0.00%
State Senator 35,Eastford,Jeff Gordon,R,0,0.00%
State Senator 35,Eastford,Merry C. Garrett,WF,0,0.00%
State Senator 35,Eastford,Merry C. Garrett,IND,0,0.00%
State Representative 50,Eastford,Pat Boyd,D,0,0.00%
Presidential Electors for,East Granby,Harris and Walz,D,1678,52.34%
Presidential Electors for,East Granby,Trump and Vance,R,1462,45.60%
Presidential Electors for,East Granby,Stein and Ware,G,25,0.78%
Presidential Electors for,East Granby,Oliver and ter Maat,LI,22,0.69%
Presidential Electors for,East Granby,"Kennedy, Jr. and Shanahan",PC,19,0.59%
Presidential Electors for,East Granby,De la Cruz and Garcia,WI,0,0.00%
Presidential Electors for,East Granby,Fox and McVay,WI,0,0.00%
Presidential Electors for,East Granby,McNeil and McNeil,WI,0,0.00%
Presidential Electors for,East Granby,Potus and Kennedy,WI,0,0.00%
Presidential Electors for,East Granby,Ayyadurai and Ellis,WI,0,0.00%
Presidential Electors for,East Granby,Sonski and Onak,WI,0,0.00%
Presidential Electors for,East Granby,West and Abdullah,WI,0,0.00%
United States Senator,East Granby,Christopher S. Murphy,D,1604,51.30%
United States Senator,East Granby,Matthew M. Corey,R,1388,44.39%
United States Senator,East Granby,Christopher S. Murphy,WF,70,2.24%
United States Senator,East Granby,Justin C. Paglino,G,35,1.12%
United States Senator,East Granby,Robert Finley Hyde,CGG,30,0.96%
United States Senator,East Granby,John Flynn,WI,0,0.00%
Representative in Congress 1,East Granby,John B. Larson,D,1593,51.32%
Representative in Congress 1,East Granby,Jim Griffin,R,1376,44.33%
Representative in Congress 1,East Granby,John B. Larson,WF,79,2.55%
Representative in Congress 1,East Granby,Mary L. Sanders,G,56,1.80%
State Senator 7,East Granby,Cynthia Mangini,D,1375,44.23%
State Senator 7,East Granby,John A. Kissel,R,1597,51.37%
State Senator 7,East Granby,Cynthia Mangini,WF,68,2.19%
State Senator 7,East Granby,John A. Kissel,IND,69,2.22%
State Representative 61,East Granby,Michael Malloy,D,1356,43.49%
State Representative 61,East Granby,Tami Zawistowski,R,1762,56.51%
Registrar of Voters,East Granby,Wayne Hayes,D,1437,46.99%
Registrar of Voters,East Granby,Michele Marin,R,1621,53.01%
Presidential Electors for,East Haddam,Harris and Walz,D,2902,50.17%
Presidential Electors for,East Haddam,Trump and Vance,R,2781,48.08%
Presidential Electors for,East Haddam,Stein and Ware,G,39,0.67%
Presidential Electors for,East Haddam,Oliver and ter Maat,LI,23,0.40%
Presidential Electors for,East Haddam,"Kennedy, Jr. and Shanahan",PC,37,0.64%
Presidential Electors for,East Haddam,De la Cruz and Garcia,WI,1,0.02%
Presidential Electors for,East Haddam,Fox and McVay,WI,0,0.00%
Presidential Electors for,East Haddam,McNeil and McNeil,WI,0,0.00%
Presidential Electors for,East Haddam,Potus and Kennedy,WI,0,0.00%
Presidential Electors for,East Haddam,Ayyadurai and Ellis,WI,1,0.02%
Presidential Electors for,East Haddam,Sonski and Onak,WI,0,0.00%
Presidential Electors for,East Haddam,West and Abdullah,WI,0,0.00%
United States Senator,East Haddam,Christopher S. Murphy,D,2794,49.73%
United States Senator,East Haddam,Matthew M. Corey,R,2634,46.89%
United States Senator,East Haddam,Christopher S. Murphy,WF,111,1.98%
United States Senator,East Haddam,Justin C. Paglino,G,42,0.75%
United States Senator,East Haddam,Robert Finley Hyde,CGG,37,0.66%
United States Senator,East Haddam,John Flynn,WI,0,0.00%
Representative in Congress 2,East Haddam,Joe Courtney,D,3031,53.74%
Representative in Congress 2,East Haddam,Mike France,R,2609,46.26%
Representative in Congress 2,East Haddam,"Kenneth Kusmierski, Jr.",WI,0,0.00%
Representative in Congress 2,East Haddam,Jeffery Russell,WI,0,0.00%
State Senator 33,East Haddam,Norm Needleman,D,2823,50.16%
State Senator 33,East Haddam,Jeffery Duigou,R,2653,47.14%
State Senator 33,East Haddam,Norm Needleman,IND,152,2.70%
State Representative 34,East Haddam,Richard E. Knotek,D,2566,45.57%
State Representative 34,East Haddam,Irene Haines,R,2948,52.35%
State Representative 34,East Haddam,David Brice Cassenti,IND,117,2.08%
Registrar of Voters,East Haddam,Martha Hansen,D,2690,48.81%
Registrar of Voters,East Haddam,Rebecca J. Wonneberger,R,2821,51.19%
Presidential Electors for,East Hampton,Harris and Walz,D,4061,49.52%
Presidential Electors for,East Hampton,Trump and Vance,R,4006,48.85%
Presidential Electors for,East Hampton,Stein and Ware,G,32,0.39%
Presidential Electors for,East Hampton,Oliver and ter Maat,LI,37,0.45%
Presidential Electors for,East Hampton,"Kennedy, Jr. and Shanahan",PC,62,0.76%
Presidential Electors for,East Hampton,De la Cruz and Garcia,WI,1,0.01%
Presidential Electors for,East Hampton,Fox and McVay,WI,0,0.00%
Presidential Electors for,East Hampton,McNeil and McNeil,WI,0,0.00%
Presidential Electors for,East Hampton,Potus and Kennedy,WI,0,0.00%
Presidential Electors for,East Hampton,Ayyadurai and Ellis,WI,0,0.00%
Presidential Electors for,East Hampton,Sonski and Onak,WI,0,0.00%
Presidential Electors for,East Hampton,West and Abdullah,WI,1,0.01%
United States Senator,East Hampton,Christopher S. Murphy,D,3965,49.31%
United States Senator,East Hampton,Matthew M. Corey,R,3726,46.34%
United States Senator,East Hampton,Christopher S. Murphy,WF,221,2.75%
United States Senator,East Hampton,Justin C. Paglino,G,54,0.67%
United States Senator,East Hampton,Robert Finley Hyde,CGG,75,0.93%
United States Senator,East Hampton,John Flynn,WI,0,0.00%
Representative in Congress 2,East Hampton,Joe Courtney,D,4341,54.17%
Representative in Congress 2,East Hampton,Mike France,R,3673,45.83%
Representative in Congress 2,East Hampton,"Kenneth Kusmierski, Jr.",WI,0,0.00%
Representative in Congress 2,East Hampton,Jeffery Russell,WI,0,0.00%
State Senator 33,East Hampton,Norm Needleman,D,3945,49.49%
State Senator 33,East Hampton,Jeffery Duigou,R,3781,47.43%
State Senator 33,East Hampton,Norm Needleman,IND,245,3.07%
State Representative 34,East Hampton,Richard E. Knotek,D,3573,44.79%
State Representative 34,East Hampton,Irene Haines,R,4258,53.37%
State Representative 34,East Hampton,David Brice Cassenti,IND,147,1.84%
Registrar of Voters,East Hampton,Theresa M. Latimer,D,3802,48.30%
Registrar of Voters,East Hampton,Rosemarie Hecht,R,4070,51.70%
Presidential Electors for,East Hartford,Harris and Walz,D,12504,68.40%
Presidential Electors for,East Hartford,Trump and Vance,R,5550,30.36%
Presidential Electors for,East Hartford,Stein and Ware,G,129,0.71%
Presidential Electors for,East Hartford,Oliver and ter Maat,LI,35,0.19%
Presidential Electors for,East Hartford,"Kennedy, Jr. and Shanahan",PC,62,0.34%
Presidential Electors for,East Hartford,De la Cruz and Garcia,WI,0,0.00%
Presidential Electors for,East Hartford,Fox and McVay,WI,0,0.00%
Presidential Electors for,East Hartford,McNeil and McNeil,WI,0,0.00%
Presidential Electors for,East Hartford,Potus and Kennedy,WI,0,0.00%
Presidential Electors for,East Hartford,Ayyadurai and Ellis,WI,0,0.00%
Presidential Electors for,East Hartford,Sonski and Onak,WI,0,0.00%
Presidential Electors for,East Hartford,West and Abdullah,WI,0,0.00%
United States Senator,East Hartford,Christopher S. Murphy,D,11898,67.46%
United States Senator,East Hartford,Matthew M. Corey,R,4731,26.82%
United States Senator,East Hartford,Christopher S. Murphy,WF,634,3.59%
United States Senator,East Hartford,Justin C. Paglino,G,146,0.83%
United States Senator,East Hartford,Robert Finley Hyde,CGG,229,1.30%
United States Senator,East Hartford,John Flynn,WI,0,0.00%
Representative in Congress 1,East Hartford,John B. Larson,D,11964,68.73%
Representative in Congress 1,East Hartford,Jim Griffin,R,4335,24.90%
Representative in Congress 1,East Hartford,John B. Larson,WF,738,4.24%
Representative in Congress 1,East Hartford,Mary L. Sanders,G,370,2.13%
State Senator 3,East Hartford,Saud Anwar,D,11663,68.27%
State Senator 3,East Hartford,Matt Siracusa,R,4775,27.95%
State Senator 3,East Hartford,Saud Anwar,WF,646,3.78%
State Representative 9,East Hartford,Jason Rojas,D,3639,100.00%
State Representative 10,East Hartford,Henry J. Genga,D,5470,68.51%
State Representative 10,East Hartford,Chris Tierinni,R,2514,31.49%
State Representative 11,East Hartford,Patrick Biggins,D,3195,70.81%
State Representative 11,East Hartford,Salema Davis,R,1317,29.19%
Registrar of Voters,East Hartford,Veronica Rosario,D,11810,70.08%
Registrar of Voters,East Hartford,Mary J. Mourey,R,5042,29.92%
Presidential Electors for,East Haven,Harris and Walz,D,6104,43.71%
Presidential Electors for,East Haven,Trump and Vance,R,7720,55.28%
Presidential Electors for,East Haven,Stein and Ware,G,61,0.44%
Presidential Electors for,East Haven,Oliver and ter Maat,LI,33,0.24%
Presidential Electors for,East Haven,"Kennedy, Jr. and Shanahan",PC,47,0.34%
Presidential Electors for,East Haven,De la Cruz and Garcia,WI,0,0.00%
Presidential Electors for,East Haven,Fox and McVay,WI,0,0.00%
Presidential Electors for,East Haven,McNeil and McNeil,WI,0,0.00%
Presidential Electors for,East Haven,Potus and Kennedy,WI,0,0.00%
Presidential Electors for,East Haven,Ayyadurai and Ellis,WI,0,0.00%
Presidential Electors for,East Haven,Sonski and Onak,WI,0,0.00%
Presidential Electors for,East Haven,West and Abdullah,WI,1,0.01%
United States Senator,East Haven,Christopher S. Murphy,D,5968,45.02%
United States Senator,East Haven,Matthew M. Corey,R,6640,50.09%
United States Senator,East Haven,Christopher S. Murphy,WF,461,3.48%
United States Senator,East Haven,Justin C. Paglino,G,77,0.58%
United States Senator,East Haven,Robert Finley Hyde,CGG,110,0.83%
United States Senator,East Haven,John Flynn,WI,0,0.00%
Representative in Congress 3,East Haven,Rosa L. DeLauro,D,6343,48.01%
Representative in Congress 3,East Haven,Michael Massey,R,6708,50.77%
Representative in Congress 3,East Haven,Michael Massey,IND,161,1.22%
Representative in Congress 3,East Haven,Leo Almoney,WI,0,0.00%
Representative in Congress 3,East Haven,Omar Scott Antar,WI,0,0.00%
Representative in Congress 3,East Haven,Shahd Omar,WI,0,0.00%
State Senator 12,East Haven,Christine Cohen,D,1264,45.08%
State Senator 12,East Haven,Paul Crisci,R,1456,51.93%
State Senator 12,East Haven,Christine Cohen,WF,57,2.03%
State Senator 12,East Haven,Christine Cohen,IND,27,0.96%
State Senator 34,East Haven,Brandi Mandato,D,4010,39.02%
State Senator 34,East Haven,Paul Cicarella,R,5785,56.29%
State Senator 34,East Haven,Brandi Mandato,WF,186,1.81%
State Senator 34,East Haven,Paul Cicarella,IND,205,1.99%
State Senator 34,East Haven,David A. Bedell,G,92,0.90%
State Representative 86,East Haven,Vincent J. Candelora,R,1564,100.00%
State Representative 99,East Haven,Joe Zullo,R,7834,100.00%
Registrar of Voters,East Haven,Richard A. DePalma,D,5971,46.82%
Registrar of Voters,East Haven,Alberta Vitale,R,6782,53.18%
Presidential Electors for,East Lyme,Harris and Walz,D,7173,61.35%
Presidential Electors for,East Lyme,Trump and Vance,R,4326,37.00%
Presidential Electors for,East Lyme,Stein and Ware,G,71,0.61%
Presidential Electors for,East Lyme,Oliver and ter Maat,LI,57,0.49%
Presidential Electors for,East Lyme,"Kennedy, Jr. and Shanahan",PC,65,0.56%
Presidential Electors for,East Lyme,De la Cruz and Garcia,WI,0,0.00%
Presidential Electors for,East Lyme,Fox and McVay,WI,0,0.00%
Presidential Electors for,East Lyme,McNeil and McNeil,WI,0,0.00%
Presidential Electors for,East Lyme,Potus and Kennedy,WI,0,0.00%
Presidential Electors for,East Lyme,Ayyadurai and Ellis,WI,0,0.00%
Presidential Electors for,East Lyme,Sonski and Onak,WI,0,0.00%
Presidential Electors for,East Lyme,West and Abdullah,WI,0,0.00%
United States Senator,East Lyme,Christopher S. Murphy,D,7031,60.96%
United States Senator,East Lyme,Matthew M. Corey,R,4051,35.13%
United States Senator,East Lyme,Christopher S. Murphy,WF,298,2.58%
United States Senator,East Lyme,Justin C. Paglino,G,69,0.60%
United States Senator,East Lyme,Robert Finley Hyde,CGG,84,0.73%
United States Senator,East Lyme,John Flynn,WI,0,0.00%
Representative in Congress 2,East Lyme,Joe Courtney,D,7705,66.91%
Representative in Congress 2,East Lyme,Mike France,R,3811,33.09%
Representative in Congress 2,East Lyme,"Kenneth Kusmierski, Jr.",WI,0,0.00%
Representative in Congress 2,East Lyme,Jeffery Russell,WI,0,0.00%
State Senator 20,East Lyme,Martha Marx,D,6384,55.89%
State Senator 20,East Lyme,Shaun Mastroianni,R,4614,40.40%
State Senator 20,East Lyme,Martha Marx,WF,229,2.00%
State Senator 20,East Lyme,Shaun Mastroianni,IND,195,1.71%
State Representative 37,East Lyme,Nick Menapace,D,5754,50.01%
State Representative 37,East Lyme,Holly H. Cheeseman,R,5265,45.76%
State Representative 37,East Lyme,Nick Menapace,WF,232,2.02%
State Representative 37,East Lyme,Holly H. Cheeseman,IND,255,2.22%
Presidential Electors for,Easton,Harris and Walz,D,2627,53.92%
Presidential Electors for,Easton,Trump and Vance,R,2141,43.94%
Presidential Electors for,Easton,Stein and Ware,G,45,0.92%
Presidential Electors for,Easton,Oliver and ter Maat,LI,25,0.51%
Presidential Electors for,Easton,"Kennedy, Jr. and Shanahan",PC,31,0.64%
Presidential Electors for,Easton,De la Cruz and Garcia,WI,3,0.06%
Presidential Electors for,Easton,Fox and McVay,WI,0,0.00%
Presidential Electors for,Easton,McNeil and McNeil,WI,0,0.00%
Presidential Electors for,Easton,Potus and Kennedy,WI,0,0.00%
Presidential Electors for,Easton,Ayyadurai and Ellis,WI,0,0.00%
Presidential Electors for,Easton,Sonski and Onak,WI,0,0.00%
Presidential Electors for,Easton,West and Abdullah,WI,0,0.00%
United States Senator,Easton,Christopher S. Murphy,D,2585,53.88%
United States Senator,Easton,Matthew M. Corey,R,2125,44.29%
United States Senator,Easton,Christopher S. Murphy,WF,26,0.54%
United States Senator,Easton,Justin C. Paglino,G,42,0.88%
United States Senator,Easton,Robert Finley Hyde,CGG,20,0.42%
United States Senator,Easton,John Flynn,WI,0,0.00%
Representative in Congress 4,Easton,Jim Himes,D,2563,53.52%
Representative in Congress 4,Easton,Michael Goldstein,R,2134,44.56%
Representative in Congress 4,Easton,Benjamin Wesley,IND,92,1.92%
State Senator 28,Easton,Rob Blanchard,D,2058,42.88%
State Senator 28,Easton,Tony Hwang,R,2695,56.15%
State Senator 28,Easton,Tony Hwang,IND,47,0.98%
State Representative 112,Easton,Beth Cliff,D,1120,48.63%
State Representative 112,Easton,Tony Scott,R,1133,49.20%
State Representative 112,Easton,Beth Cliff,WF,21,0.91%
State Representative 112,Easton,Beth Cliff,IND,29,1.26%
State Representative 135,Easton,Anne Hughes,D,1265,51.03%
State Representative 135,Easton,Christopher Peritore,R,1212,48.89%
State Representative 135,Easton,Anne Hughes,WF,2,0.08%
State Representative 135,Easton,Christopher Peritore,IND,0,0.00%
Registrar of Voters,Easton,David Smith,D,2508,52.81%
Registrar of Voters,Easton,Dori Wollen,R,2241,47.19%
Presidential Electors for,East Windsor,Harris and Walz,D,2979,50.97%
Presidential Electors for,East Windsor,Trump and Vance,R,2795,47.82%
Presidential Electors for,East Windsor,Stein and Ware,G,32,0.55%
Presidential Electors for,East Windsor,Oliver and ter Maat,LI,12,0.21%
Presidential Electors for,East Windsor,"Kennedy, Jr. and Shanahan",PC,27,0.46%
Presidential Electors for,East Windsor,De la Cruz and Garcia,WI,0,0.00%
Presidential Electors for,East Windsor,Fox and McVay,WI,0,0.00%
Presidential Electors for,East Windsor,McNeil and McNeil,WI,0,0.00%
Presidential Electors for,East Windsor,Potus and Kennedy,WI,0,0.00%
Presidential Electors for,East Windsor,Ayyadurai and Ellis,WI,0,0.00%
Presidential Electors for,East Windsor,Sonski and Onak,WI,0,0.00%
Presidential Electors for,East Windsor,West and Abdullah,WI,0,0.00%
United States Senator,East Windsor,Christopher S. Murphy,D,2805,48.03%
United States Senator,East Windsor,Matthew M. Corey,R,2719,46.56%
United States Senator,East Windsor,Christopher S. Murphy,WF,200,3.42%
United States Senator,East Windsor,Justin C. Paglino,G,48,0.82%
United States Senator,East Windsor,Robert Finley Hyde,CGG,68,1.16%
United States Senator,East Windsor,John Flynn,WI,0,0.00%
Representative in Congress 1,East Windsor,John B. Larson,D,2864,51.59%
Representative in Congress 1,East Windsor,Jim Griffin,R,2375,42.78%
Representative in Congress 1,East Windsor,John B. Larson,WF,211,3.80%
Representative in Congress 1,East Windsor,Mary L. Sanders,G,102,1.84%
State Senator 3,East Windsor,Saud Anwar,D,2822,51.03%
State Senator 3,East Windsor,Matt Siracusa,R,2498,45.17%
State Senator 3,East Windsor,Saud Anwar,WF,210,3.80%
State Representative 57,East Windsor,Jaime S. Foster,D,1232,50.49%
State Representative 57,East Windsor,Jennifer Dzen,R,1128,46.23%
State Representative 57,East Windsor,Jaime S. Foster,IND,80,3.28%
State Representative 59,East Windsor,Rick LeBorious,D,1571,51.51%
State Representative 59,East Windsor,Carol Hall,R,1479,48.49%
Presidential Electors for,Ellington,Harris and Walz,D,4733,49.58%
Presidential Electors for,Ellington,Trump and Vance,R,4666,48.88%
Presidential Electors for,Ellington,Stein and Ware,G,59,0.62%
Presidential Electors for,Ellington,Oliver and ter Maat,LI,26,0.27%
Presidential Electors for,Ellington,"Kennedy, Jr. and Shanahan",PC,60,0.63%
Presidential Electors for,Ellington,De la Cruz and Garcia,WI,1,0.01%
Presidential Electors for,Ellington,Fox and McVay,WI,0,0.00%
Presidential Electors for,Ellington,McNeil and McNeil,WI,0,0.00%
Presidential Electors for,Ellington,Potus and Kennedy,WI,0,0.00%
Presidential Electors for,Ellington,Ayyadurai and Ellis,WI,0,0.00%
Presidential Electors for,Ellington,Sonski and Onak,WI,1,0.01%
Presidential Electors for,Ellington,West and Abdullah,WI,0,0.00%
United States Senator,Ellington,Christopher S. Murphy,D,4575,49.05%
United States Senator,Ellington,Matthew M. Corey,R,4393,47.09%
United States Senator,Ellington,Christopher S. Murphy,WF,231,2.48%
United States Senator,Ellington,Justin C. Paglino,G,51,0.55%
United States Senator,Ellington,Robert Finley Hyde,CGG,78,0.84%
United States Senator,Ellington,John Flynn,WI,0,0.00%
Representative in Congress 2,Ellington,Joe Courtney,D,4950,53.38%
Representative in Congress 2,Ellington,Mike France,R,4323,46.61%
Representative in Congress 2,Ellington,"Kenneth Kusmierski, Jr.",WI,0,0.00%
Representative in Congress 2,Ellington,Jeffery Russell,WI,1,0.01%
State Senator 3,Ellington,Saud Anwar,D,3086,52.07%
State Senator 3,Ellington,Matt Siracusa,R,2661,44.90%
State Senator 3,Ellington,Saud Anwar,WF,180,3.04%
State Senator 7,Ellington,Cynthia Mangini,D,478,39.47%
State Senator 7,Ellington,John A. Kissel,R,682,56.32%
State Senator 7,Ellington,Cynthia Mangini,WF,32,2.64%
State Senator 7,Ellington,John A. Kissel,IND,19,1.57%
State Senator 35,Ellington,Merry C. Garrett,D,846,40.69%
State Senator 35,Ellington,Jeff Gordon,R,1183,56.90%
State Senator 35,Ellington,Merry C. Garrett,WF,31,1.49%
State Senator 35,Ellington,Merry C. Garrett,IND,19,0.91%
State Representative 57,Ellington,Jaime S. Foster,D,4671,50.08%
State Representative 57,Ellington,Jennifer Dzen,R,4418,47.36%
State Representative 57,Ellington,Jaime S. Foster,IND,239,2.56%
Presidential Electors for,Enfield,Harris and Walz,D,9977,50.77%
Presidential Electors for,Enfield,Trump and Vance,R,9372,47.69%
Presidential Electors for,Enfield,Stein and Ware,G,127,0.65%
Presidential Electors for,Enfield,Oliver and ter Maat,LI,80,0.41%
Presidential Electors for,Enfield,"Kennedy, Jr. and Shanahan",PC,95,0.48%
Presidential Electors for,Enfield,De la Cruz and Garcia,WI,2,0.01%
Presidential Electors for,Enfield,Fox and McVay,WI,0,0.00%
Presidential Electors for,Enfield,McNeil and McNeil,WI,0,0.00%
Presidential Electors for,Enfield,Potus and Kennedy,WI,0,0.00%
Presidential Electors for,Enfield,Ayyadurai and Ellis,WI,0,0.00%
Presidential Electors for,Enfield,Sonski and Onak,WI,0,0.00%
Presidential Electors for,Enfield,West and Abdullah,WI,0,0.00%
United States Senator,Enfield,Christopher S. Murphy,D,9612,50.56%
United States Senator,Enfield,Matthew M. Corey,R,8388,44.12%
United States Senator,Enfield,Christopher S. Murphy,WF,623,3.28%
United States Senator,Enfield,Justin C. Paglino,G,165,0.87%
United States Senator,Enfield,Robert Finley Hyde,CGG,222,1.17%
United States Senator,Enfield,John Flynn,WI,0,0.00%
Representative in Congress 2,Enfield,Joe Courtney,D,10428,55.83%
Representative in Congress 2,Enfield,Mike France,R,8249,44.17%
Representative in Congress 2,Enfield,"Kenneth Kusmierski, Jr.",WI,0,0.00%
Representative in Congress 2,Enfield,Jeffery Russell,WI,0,0.00%
State Senator 7,Enfield,Cynthia Mangini,D,8626,45.64%
State Senator 7,Enfield,John A. Kissel,R,9294,49.18%
State Senator 7,Enfield,Cynthia Mangini,WF,533,2.82%
State Senator 7,Enfield,John A. Kissel,IND,446,2.36%
State Representative 58,Enfield,John Santanella,D,5194,55.13%
State Representative 58,Enfield,Robert Hendrickson,R,3916,41.56%
State Representative 58,Enfield,John Santanella,IND,312,3.31%
State Representative 59,Enfield,Rick LeBorious,D,4356,48.83%
State Representative 59,Enfield,Carol Hall,R,4564,51.17%
Registrar of Voters,Enfield,Christina Tetreault,D,9365,50.58%
Registrar of Voters,Enfield,Thomas E. Kienzler,R,9149,49.41%
Registrar of Voters,Enfield,James R. Hoyne,WI,2,0.01%
Presidential Electors for,Essex,Harris and Walz,D,2892,63.91%
Presidential Electors for,Essex,Trump and Vance,R,1554,34.34%
Presidential Electors for,Essex,Stein and Ware,G,26,0.57%
Presidential Electors for,Essex,Oliver and ter Maat,LI,27,0.60%
Presidential Electors for,Essex,"Kennedy, Jr. and Shanahan",PC,26,0.57%
Presidential Electors for,Essex,De la Cruz and Garcia,WI,0,0.00%
Presidential Electors for,Essex,Fox and McVay,WI,0,0.00%
Presidential Electors for,Essex,McNeil and McNeil,WI,0,0.00%
Presidential Electors for,Essex,Potus and Kennedy,WI,0,0.00%
Presidential Electors for,Essex,Ayyadurai and Ellis,WI,0,0.00%
Presidential Electors for,Essex,Sonski and Onak,WI,0,0.00%
Presidential Electors for,Essex,West and Abdullah,WI,0,0.00%
United States Senator,Essex,Christopher S. Murphy,D,2826,63.09%
United States Senator,Essex,Matthew M. Corey,R,1539,34.36%
United States Senator,Essex,Christopher S. Murphy,WF,74,1.65%
United States Senator,Essex,Justin C. Paglino,G,17,0.38%
United States Senator,Essex,Robert Finley Hyde,CGG,23,0.51%
United States Senator,Essex,John Flynn,WI,0,0.00%
Representative in Congress 2,Essex,Joe Courtney,D,2966,66.47%
Representative in Congress 2,Essex,Mike France,R,1496,33.53%
Representative in Congress 2,Essex,"Kenneth Kusmierski, Jr.",WI,0,0.00%
Representative in Congress 2,Essex,Jeffery Russell,WI,0,0.00%
State Senator 33,Essex,Norm Needleman,D,2957,66.29%
State Senator 33,Essex,Jeffery Duigou,R,1356,30.40%
State Senator 33,Essex,Norm Needleman,IND,148,3.32%
State Representative 36,Essex,Renee LaMark Muir,D,2601,59.22%
State Representative 36,Essex,Kathryn Russell,R,1791,40.78%
Registrar of Voters,Essex,Melissa Ozols,D,2543,58.59%
Registrar of Voters,Essex,Barbara Ryan,R,1797,41.41%
Presidential Electors for,Fairfield,Harris and Walz,D,21154,61.70%
Presidential Electors for,Fairfield,Trump and Vance,R,12523,36.53%
Presidential Electors for,Fairfield,Stein and Ware,G,264,0.77%
Presidential Electors for,Fairfield,Oliver and ter Maat,LI,156,0.46%
Presidential Electors for,Fairfield,"Kennedy, Jr. and Shanahan",PC,187,0.55%
Presidential Electors for,Fairfield,De la Cruz and Garcia,WI,0,0.00%
Presidential Electors for,Fairfield,Fox and McVay,WI,0,0.00%
Presidential Electors for,Fairfield,McNeil and McNeil,WI,0,0.00%
Presidential Electors for,Fairfield,Potus and Kennedy,WI,0,0.00%
Presidential Electors for,Fairfield,Ayyadurai and Ellis,WI,0,0.00%
Presidential Electors for,Fairfield,Sonski and Onak,WI,0,0.00%
Presidential Electors for,Fairfield,West and Abdullah,WI,0,0.00%
United States Senator,Fairfield,Christopher S. Murphy,D,20313,60.67%
United States Senator,Fairfield,Matthew M. Corey,R,12176,36.37%
United States Senator,Fairfield,Christopher S. Murphy,WF,573,1.71%
United States Senator,Fairfield,Justin C. Paglino,G,236,0.70%
United States Senator,Fairfield,Robert Finley Hyde,CGG,181,0.54%
United States Senator,Fairfield,John Flynn,WI,0,0.00%
Representative in Congress 4,Fairfield,Jim Himes,D,20429,61.25%
Representative in Congress 4,Fairfield,Michael Goldstein,R,12444,37.31%
Representative in Congress 4,Fairfield,Benjamin Wesley,IND,478,1.43%
State Senator 28,Fairfield,Rob Blanchard,D,15591,46.17%
State Senator 28,Fairfield,Tony Hwang,R,17319,51.29%
State Senator 28,Fairfield,Tony Hwang,IND,859,2.54%
State Representative 132,Fairfield,Jennifer Leeper,D,7615,57.72%
State Representative 132,Fairfield,Alexis Harrison,R,5391,40.87%
State Representative 132,Fairfield,Alexis Harrison,IND,186,1.41%
State Representative 133,Fairfield,Cristin McCarthy Vahey,D,6535,61.69%
State Representative 133,Fairfield,Chris Verras,R,3717,35.09%
State Representative 133,Fairfield,Cristin McCarthy Vahey,WF,342,3.23%
State Representative 134,Fairfield,Sarah Keitt,D,4799,49.86%
State Representative 134,Fairfield,Melissa Longo,R,4605,47.84%
State Representative 134,Fairfield,Sarah Keitt,WF,102,1.06%
State Representative 134,Fairfield,Sarah Keitt,IND,119,1.24%
Registrar of Voters,Fairfield,Matt Waggner,D,18452,56.30%
Registrar of Voters,Fairfield,Cathy Politi,R,14324,43.70%
Judge of Probate 49 To Fill Vacancy,Fairfield,Kathy Caulfield,D,18643,56.30%
Judge of Probate 49 To Fill Vacancy,Fairfield,Daniel Ford,R,14471,43.70%
Presidential Electors for,Farmington,Harris and Walz,D,8956,58.51%
Presidential Electors for,Farmington,Trump and Vance,R,6033,39.42%
Presidential Electors for,Farmington,Stein and Ware,G,152,0.99%
Presidential Electors for,Farmington,Oliver and ter Maat,LI,69,0.45%
Presidential Electors for,Farmington,"Kennedy, Jr. and Shanahan",PC,83,0.54%
Presidential Electors for,Farmington,De la Cruz and Garcia,WI,7,0.05%
Presidential Electors for,Farmington,Fox and McVay,WI,0,0.00%
Presidential Electors for,Farmington,McNeil and McNeil,WI,0,0.00%
Presidential Electors for,Farmington,Potus and Kennedy,WI,0,0.00%
Presidential Electors for,Farmington,Ayyadurai and Ellis,WI,0,0.00%
Presidential Electors for,Farmington,Sonski and Onak,WI,6,0.04%
Presidential Electors for,Farmington,West and Abdullah,WI,0,0.00%
United States Senator,Farmington,Christopher S. Murphy,D,8768,58.20%
United States Senator,Farmington,Matthew M. Corey,R,5764,38.26%
United States Senator,Farmington,Christopher S. Murphy,WF,320,2.12%
United States Senator,Farmington,Justin C. Paglino,G,116,0.77%
United States Senator,Farmington,Robert Finley Hyde,CGG,96,0.64%
United States Senator,Farmington,John Flynn,WI,0,0.00%
Representative in Congress 5,Farmington,Jahana Hayes,D,8478,56.21%
Representative in Congress 5,Farmington,George Logan,R,6293,41.73%
Representative in Congress 5,Farmington,Jahana Hayes,WF,305,2.02%
Representative in Congress 5,Farmington,Ahmad AJ Darwish,WI,6,0.04%
Representative in Congress 5,Farmington,Bertram Ferguson,WI,0,0.00%
State Senator 5,Farmington,Derek Slap,D,7425,58.62%
State Senator 5,Farmington,Kyla Zimmermann,R,5241,41.38%
State Senator 6,Farmington,Rick Lopes,D,1142,55.82%
State Senator 6,Farmington,Tremell Collins,R,858,41.94%
State Senator 6,Farmington,Rick Lopes,WF,46,2.25%
State Representative 21,Farmington,Mike Demicco,D,8331,61.02%
State Representative 21,Farmington,Johnny Carrier,R,4820,35.30%
State Representative 21,Farmington,Mike Demicco,WF,310,2.27%
State Representative 21,Farmington,Mike Demicco,IND,192,1.41%
State Representative 22,Farmington,Rebecca Martinez,D,708,51.94%
State Representative 22,Farmington,Francis Rexford Cooley,R,619,45.41%
State Representative 22,Farmington,Rebecca Martinez,WF,20,1.47%
State Representative 22,Farmington,Rebecca Martinez,IND,16,1.17%
Registrar of Voters,Farmington,Beth Kintner,D,8487,57.62%
Registrar of Voters,Farmington,Ann Newbury,R,6241,42.38%
Presidential Electors for,Franklin,Harris and Walz,D,545,44.60%
Presidential Electors for,Franklin,Trump and Vance,R,663,54.26%
Presidential Electors for,Franklin,Stein and Ware,G,5,0.41%
Presidential Electors for,Franklin,Oliver and ter Maat,LI,5,0.41%
Presidential Electors for,Franklin,"Kennedy, Jr. and Shanahan",PC,4,0.33%
Presidential Electors for,Franklin,De la Cruz and Garcia,WI,0,0.00%
Presidential Electors for,Franklin,Fox and McVay,WI,0,0.00%
Presidential Electors for,Franklin,McNeil and McNeil,WI,0,0.00%
Presidential Electors for,Franklin,Potus and Kennedy,WI,0,0.00%
Presidential Electors for,Franklin,Ayyadurai and Ellis,WI,0,0.00%
Presidential Electors for,Franklin,Sonski and Onak,WI,0,0.00%
Presidential Electors for,Franklin,West and Abdullah,WI,0,0.00%
United States Senator,Franklin,Christopher S. Murphy,D,542,46.01%
United States Senator,Franklin,Matthew M. Corey,R,593,50.34%
United States Senator,Franklin,Christopher S. Murphy,WF,22,1.87%
United States Senator,Franklin,Justin C. Paglino,G,4,0.34%
United States Senator,Franklin,Robert Finley Hyde,CGG,17,1.44%
United States Senator,Franklin,John Flynn,WI,0,0.00%
Representative in Congress 2,Franklin,Joe Courtney,D,625,52.92%
Representative in Congress 2,Franklin,Mike France,R,556,47.08%
Representative in Congress 2,Franklin,"Kenneth Kusmierski, Jr.",WI,0,0.00%
Representative in Congress 2,Franklin,Jeffery Russell,WI,0,0.00%
State Senator 19,Franklin,Catherine A. Osten,D,550,46.69%
State Senator 19,Franklin,Jason Guidone,R,580,49.24%
State Senator 19,Franklin,Catherine A. Osten,WF,33,2.80%
State Senator 19,Franklin,Catherine A. Osten,IND,15,1.27%
State Representative 48,Franklin,Christopher Rivers,D,476,40.72%
State Representative 48,Franklin,Mark DeCaprio,R,664,56.80%
State Representative 48,Franklin,Christopher Rivers,WF,15,1.28%
State Representative 48,Franklin,Lance Lusignan,IND,14,1.20%
Presidential Electors for,Glastonbury,Harris and Walz,D,13185,61.34%
Presidential Electors for,Glastonbury,Trump and Vance,R,7902,36.76%
Presidential Electors for,Glastonbury,Stein and Ware,G,188,0.87%
Presidential Electors for,Glastonbury,Oliver and ter Maat,LI,112,0.52%
Presidential Electors for,Glastonbury,"Kennedy, Jr. and Shanahan",PC,102,0.47%
Presidential Electors for,Glastonbury,De la Cruz and Garcia,WI,4,0.02%
Presidential Electors for,Glastonbury,Fox and McVay,WI,0,0.00%
Presidential Electors for,Glastonbury,McNeil and McNeil,WI,0,0.00%
Presidential Electors for,Glastonbury,Potus and Kennedy,WI,0,0.00%
Presidential Electors for,Glastonbury,Ayyadurai and Ellis,WI,0,0.00%
Presidential Electors for,Glastonbury,Sonski and Onak,WI,1,0.00%
Presidential Electors for,Glastonbury,West and Abdullah,WI,0,0.00%
United States Senator,Glastonbury,Christopher S. Murphy,D,12652,59.71%
United States Senator,Glastonbury,Matthew M. Corey,R,7823,36.92%
United States Senator,Glastonbury,Christopher S. Murphy,WF,424,2.00%
United States Senator,Glastonbury,Justin C. Paglino,G,171,0.81%
United States Senator,Glastonbury,Robert Finley Hyde,CGG,119,0.56%
United States Senator,Glastonbury,John Flynn,WI,0,0.00%
Representative in Congress 1,Glastonbury,John B. Larson,D,4370,62.22%
Representative in Congress 1,Glastonbury,Jim Griffin,R,2399,34.16%
Representative in Congress 1,Glastonbury,John B. Larson,WF,150,2.14%
Representative in Congress 1,Glastonbury,Mary L. Sanders,G,104,1.48%
Representative in Congress 2,Glastonbury,Joe Courtney,D,8685,61.81%
Representative in Congress 2,Glastonbury,Mike France,R,5364,38.18%
Representative in Congress 2,Glastonbury,"Kenneth Kusmierski, Jr.",WI,0,0.00%
Representative in Congress 2,Glastonbury,Jeffery Russell,WI,1,0.01%
State Senator 4,Glastonbury,MD Rahman,D,12443,59.42%
State Senator 4,Glastonbury,Stephen King,R,7944,37.94%
State Senator 4,Glastonbury,MD Rahman,WF,554,2.65%
State Representative 13,Glastonbury,Jason Doucette,D,2682,61.14%
State Representative 13,Glastonbury,Donna C Meier,R,1595,36.36%
State Representative 13,Glastonbury,Jason Doucette,IND,110,2.51%
State Representative 31,Glastonbury,Jill Barry,D,9367,88.57%
State Representative 31,Glastonbury,Jill Barry,IND,1209,11.43%
State Representative 55,Glastonbury,Amanda Veneziano,D,1047,44.48%
State Representative 55,Glastonbury,Steve Weir,R,1255,53.31%
State Representative 55,Glastonbury,Amanda Veneziano,WF,24,1.02%
State Representative 55,Glastonbury,Amanda Veneziano,IND,28,1.19%
Registrar of Voters,Glastonbury,Charles Murray,D,11779,57.20%
Registrar of Voters,Glastonbury,Lisbeth Becker,R,8815,42.80%
Presidential Electors for,Goshen,Harris and Walz,D,910,43.35%
Presidential Electors for,Goshen,Trump and Vance,R,1154,54.98%
Presidential Electors for,Goshen,Stein and Ware,G,18,0.86%
Presidential Electors for,Goshen,Oliver and ter Maat,LI,13,0.62%
Presidential Electors for,Goshen,"Kennedy, Jr. and Shanahan",PC,4,0.19%
Presidential Electors for,Goshen,De la Cruz and Garcia,WI,0,0.00%
Presidential Electors for,Goshen,Fox and McVay,WI,0,0.00%
Presidential Electors for,Goshen,McNeil and McNeil,WI,0,0.00%
Presidential Electors for,Goshen,Potus and Kennedy,WI,0,0.00%
Presidential Electors for,Goshen,Ayyadurai and Ellis,WI,0,0.00%
Presidential Electors for,Goshen,Sonski and Onak,WI,0,0.00%
Presidential Electors for,Goshen,West and Abdullah,WI,0,0.00%
United States Senator,Goshen,Christopher S. Murphy,D,882,42.63%
United States Senator,Goshen,Matthew M. Corey,R,1125,54.37%
United States Senator,Goshen,Christopher S. Murphy,WF,37,1.79%
United States Senator,Goshen,Justin C. Paglino,G,10,0.48%
United States Senator,Goshen,Robert Finley Hyde,CGG,15,0.72%
United States Senator,Goshen,John Flynn,WI,0,0.00%
Representative in Congress 5,Goshen,Jahana Hayes,D,871,41.79%
Representative in Congress 5,Goshen,George Logan,R,1179,56.57%
Representative in Congress 5,Goshen,Jahana Hayes,WF,34,1.63%
Representative in Congress 5,Goshen,Ahmad AJ Darwish,WI,0,0.00%
Representative in Congress 5,Goshen,Bertram Ferguson,WI,0,0.00%
State Senator 30,Goshen,Justin Potter,D,809,39.23%
State Senator 30,Goshen,Stephen G. Harding,R,1224,59.36%
State Senator 30,Goshen,Stephen G. Harding,IND,29,1.41%
State Representative 64,Goshen,Maria Horn,D,821,39.53%
State Representative 64,Goshen,Barbara L. Breor,R,1212,58.35%
State Representative 64,Goshen,Maria Horn,WF,24,1.16%
State Representative 64,Goshen,Maria Horn,IND,20,0.96%
Presidential Electors for,Granby,Harris and Walz,D,4110,55.84%
Presidential Electors for,Granby,Trump and Vance,R,3119,42.38%
Presidential Electors for,Granby,Stein and Ware,G,32,0.43%
Presidential Electors for,Granby,Oliver and ter Maat,LI,52,0.71%
Presidential Electors for,Granby,"Kennedy, Jr. and Shanahan",PC,46,0.63%
Presidential Electors for,Granby,De la Cruz and Garcia,WI,1,0.01%
Presidential Electors for,Granby,Fox and McVay,WI,0,0.00%
Presidential Electors for,Granby,McNeil and McNeil,WI,0,0.00%
Presidential Electors for,Granby,Potus and Kennedy,WI,0,0.00%
Presidential Electors for,Granby,Ayyadurai and Ellis,WI,0,0.00%
Presidential Electors for,Granby,Sonski and Onak,WI,0,0.00%
Presidential Electors for,Granby,West and Abdullah,WI,0,0.00%
United States Senator,Granby,Christopher S. Murphy,D,3884,53.67%
United States Senator,Granby,Matthew M. Corey,R,3070,42.42%
United States Senator,Granby,Christopher S. Murphy,WF,165,2.28%
United States Senator,Granby,Justin C. Paglino,G,40,0.55%
United States Senator,Granby,Robert Finley Hyde,CGG,78,1.08%
United States Senator,Granby,John Flynn,WI,0,0.00%
Representative in Congress 1,Granby,John B. Larson,D,3862,53.83%
Representative in Congress 1,Granby,Jim Griffin,R,3035,42.30%
Representative in Congress 1,Granby,John B. Larson,WF,168,2.34%
Representative in Congress 1,Granby,Mary L. Sanders,G,110,1.53%
State Senator 7,Granby,Cynthia Mangini,D,2604,42.81%
State Senator 7,Granby,John A. Kissel,R,3251,53.45%
State Senator 7,Granby,Cynthia Mangini,WF,123,2.02%
State Senator 7,Granby,John A. Kissel,IND,104,1.71%
State Senator 8,Granby,Paul Honig,D,207,44.14%
State Senator 8,Granby,Lisa Seminara,R,249,53.09%
State Senator 8,Granby,Paul Honig,WF,8,1.71%
State Senator 8,Granby,Lisa Seminara,IND,5,1.07%
State Representative 62,Granby,Kim Becker,D,3621,50.13%
State Representative 62,Granby,Mark W. Anderson,R,3362,46.55%
State Representative 62,Granby,Kim Becker,WF,140,1.94%
State Representative 62,Granby,Mark W. Anderson,IND,100,1.38%
Registrar of Voters,Granby,Laura Wolfe,D,3647,51.55%
Registrar of Voters,Granby,Karen Antonucci,R,3428,48.45%
Presidential Electors for,Greenwich,Harris and Walz,D,19603,57.34%
Presidential Electors for,Greenwich,Trump and Vance,R,14122,41.31%
Presidential Electors for,Greenwich,Stein and Ware,G,162,0.47%
Presidential Electors for,Greenwich,Oliver and ter Maat,LI,168,0.49%
Presidential Electors for,Greenwich,"Kennedy, Jr. and Shanahan",PC,129,0.38%
Presidential Electors for,Greenwich,De la Cruz and Garcia,WI,2,0.01%
Presidential Electors for,Greenwich,Fox and McVay,WI,1,0.00%
Presidential Electors for,Greenwich,McNeil and McNeil,WI,0,0.00%
Presidential Electors for,Greenwich,Potus and Kennedy,WI,0,0.00%
Presidential Electors for,Greenwich,Ayyadurai and Ellis,WI,0,0.00%
Presidential Electors for,Greenwich,Sonski and Onak,WI,1,0.00%
Presidential Electors for,Greenwich,West and Abdullah,WI,1,0.00%
United States Senator,Greenwich,Christopher S. Murphy,D,18425,54.62%
United States Senator,Greenwich,Matthew M. Corey,R,14650,43.43%
United States Senator,Greenwich,Christopher S. Murphy,WF,392,1.16%
United States Senator,Greenwich,Justin C. Paglino,G,144,0.43%
United States Senator,Greenwich,Robert Finley Hyde,CGG,122,0.36%
United States Senator,Greenwich,John Flynn,WI,0,0.00%
Representative in Congress 4,Greenwich,Jim Himes,D,18964,56.16%
Representative in Congress 4,Greenwich,Michael Goldstein,R,14466,42.84%
Representative in Congress 4,Greenwich,Benjamin Wesley,IND,335,0.99%
State Senator 36,Greenwich,Nick Simmons,D,15409,45.88%
State Senator 36,Greenwich,Ryan Fazio,R,17731,52.80%
State Senator 36,Greenwich,Nick Simmons,IND,443,1.32%
State Representative 149,Greenwich,Rachel Khanna,D,3703,42.89%
State Representative 149,Greenwich,Tina Courpas,R,4838,56.03%
State Representative 149,Greenwich,Rachel Khanna,IND,93,1.08%
State Representative 150,Greenwich,Steve Meskers,D,6378,56.28%
State Representative 150,Greenwich,Paul Cappiali,R,4954,43.72%
State Representative 151,Greenwich,Hector Arzeno,D,6826,51.54%
State Representative 151,Greenwich,Tod Laudonia,R,6418,48.46%
Registrar of Voters,Greenwich,Mary Hegarty,D,16289,49.68%
Registrar of Voters,Greenwich,Fred DeCaro III,R,16102,49.11%
Registrar of Voters,Greenwich,Fred DeCaro III,IND,396,1.21%
Presidential Electors for,Griswold,Harris and Walz,D,2443,39.91%
Presidential Electors for,Griswold,Trump and Vance,R,3591,58.66%
Presidential Electors for,Griswold,Stein and Ware,G,24,0.39%
Presidential Electors for,Griswold,Oliver and ter Maat,LI,27,0.44%
Presidential Electors for,Griswold,"Kennedy, Jr. and Shanahan",PC,35,0.57%
Presidential Electors for,Griswold,De la Cruz and Garcia,WI,0,0.00%
Presidential Electors for,Griswold,Fox and McVay,WI,0,0.00%
Presidential Electors for,Griswold,McNeil and McNeil,WI,0,0.00%
Presidential Electors for,Griswold,Potus and Kennedy,WI,0,0.00%
Presidential Electors for,Griswold,Ayyadurai and Ellis,WI,0,0.00%
Presidential Electors for,Griswold,Sonski and Onak,WI,2,0.03%
Presidential Electors for,Griswold,West and Abdullah,WI,0,0.00%
United States Senator,Griswold,Christopher S. Murphy,D,2351,40.03%
United States Senator,Griswold,Matthew M. Corey,R,3169,53.96%
United States Senator,Griswold,Christopher S. Murphy,WF,234,3.98%
United States Senator,Griswold,Justin C. Paglino,G,34,0.58%
United States Senator,Griswold,Robert Finley Hyde,CGG,85,1.45%
United States Senator,Griswold,John Flynn,WI,0,0.00%
Representative in Congress 2,Griswold,Joe Courtney,D,2847,48.34%
Representative in Congress 2,Griswold,Mike France,R,3042,51.66%
Representative in Congress 2,Griswold,"Kenneth Kusmierski, Jr.",WI,0,0.00%
Representative in Congress 2,Griswold,Jeffery Russell,WI,0,0.00%
State Senator 18,Griswold,Andrew M. Parrella,D,1773,30.24%
State Senator 18,Griswold,Heather Somers,R,3863,65.89%
State Senator 18,Griswold,Heather Somers,IND,227,3.87%
State Representative 45,Griswold,Kayla Thompson,D,2028,34.70%
State Representative 45,Griswold,Brian L. Lanoue,R,3817,65.30%
Registrar of Voters,Griswold,Jennifer L. Gauthier,D,2242,39.37%
Registrar of Voters,Griswold,Cynthia Martin,R,3453,60.63%
Presidential Electors for,Groton,Harris and Walz,D,10284,60.81%
Presidential Electors for,Groton,Trump and Vance,R,6296,37.23%
Presidential Electors for,Groton,Stein and Ware,G,135,0.80%
Presidential Electors for,Groton,Oliver and ter Maat,LI,91,0.54%
Presidential Electors for,Groton,"Kennedy, Jr. and Shanahan",PC,102,0.60%
Presidential Electors for,Groton,De la Cruz and Garcia,WI,2,0.01%
Presidential Electors for,Groton,Fox and McVay,WI,0,0.00%
Presidential Electors for,Groton,McNeil and McNeil,WI,0,0.00%
Presidential Electors for,Groton,Potus and Kennedy,WI,0,0.00%
Presidential Electors for,Groton,Ayyadurai and Ellis,WI,0,0.00%
Presidential Electors for,Groton,Sonski and Onak,WI,1,0.01%
Presidential Electors for,Groton,West and Abdullah,WI,2,0.01%
United States Senator,Groton,Christopher S. Murphy,D,9832,60.57%
United States Senator,Groton,Matthew M. Corey,R,5532,34.08%
United States Senator,Groton,Christopher S. Murphy,WF,530,3.26%
United States Senator,Groton,Justin C. Paglino,G,158,0.97%
United States Senator,Groton,Robert Finley Hyde,CGG,181,1.12%
United States Senator,Groton,John Flynn,WI,0,0.00%
Representative in Congress 2,Groton,Joe Courtney,D,10976,67.51%
Representative in Congress 2,Groton,Mike France,R,5282,32.49%
Representative in Congress 2,Groton,"Kenneth Kusmierski, Jr.",WI,0,0.00%
Representative in Congress 2,Groton,Jeffery Russell,WI,0,0.00%
State Senator 18,Groton,Andrew M. Parrella,D,7940,49.23%
State Senator 18,Groton,Heather Somers,R,7569,46.93%
State Senator 18,Groton,Heather Somers,IND,618,3.83%
State Representative 40,Groton,Christine Conley,D,4448,58.59%
State Representative 40,Groton,Susan Deane-Shinbrot,R,2712,35.72%
State Representative 40,Groton,Christine Conley,WF,239,3.15%
State Representative 40,Groton,Christine Conley,IND,193,2.54%
State Representative 41,Groton,Aundre Bumgardner,D,5540,76.25%
State Representative 41,Groton,Aundre Bumgardner,WF,1229,16.91%
State Representative 41,Groton,Aundre Bumgardner,IND,497,6.84%
Registrar of Voters,Groton,Jeanne Rogers,D,9121,58.59%
Registrar of Voters,Groton,Kristen D. Venditti,R,6446,41.41%
Presidential Electors for,Guilford,Harris and Walz,D,9334,64.40%
Presidential Electors for,Guilford,Trump and Vance,R,4943,34.10%
Presidential Electors for,Guilford,Stein and Ware,G,95,0.66%
Presidential Electors for,Guilford,Oliver and ter Maat,LI,61,0.42%
Presidential Electors for,Guilford,"Kennedy, Jr. and Shanahan",PC,61,0.42%
Presidential Electors for,Guilford,De la Cruz and Garcia,WI,0,0.00%
Presidential Electors for,Guilford,Fox and McVay,WI,0,0.00%
Presidential Electors for,Guilford,McNeil and McNeil,WI,0,0.00%
Presidential Electors for,Guilford,Potus and Kennedy,WI,0,0.00%
Presidential Electors for,Guilford,Ayyadurai and Ellis,WI,0,0.00%
Presidential Electors for,Guilford,Sonski and Onak,WI,0,0.00%
Presidential Electors for,Guilford,West and Abdullah,WI,0,0.00%
United States Senator,Guilford,Christopher S. Murphy,D,8999,63.28%
United States Senator,Guilford,Matthew M. Corey,R,4647,32.67%
United States Senator,Guilford,Christopher S. Murphy,WF,370,2.60%
United States Senator,Guilford,Justin C. Paglino,G,150,1.05%
United States Senator,Guilford,Robert Finley Hyde,CGG,56,0.39%
United States Senator,Guilford,John Flynn,WI,0,0.00%
Representative in Congress 3,Guilford,Rosa L. DeLauro,D,9083,64.26%
Representative in Congress 3,Guilford,Michael Massey,R,4847,34.29%
Representative in Congress 3,Guilford,Michael Massey,IND,204,1.44%
Representative in Congress 3,Guilford,Leo Almoney,WI,0,0.00%
Representative in Congress 3,Guilford,Omar Scott Antar,WI,0,0.00%
Representative in Congress 3,Guilford,Shahd Omar,WI,0,0.00%
State Senator 12,Guilford,Christine Cohen,D,8743,61.73%
State Senator 12,Guilford,Paul Crisci,R,4962,35.03%
State Senator 12,Guilford,Christine Cohen,WF,249,1.76%
State Senator 12,Guilford,Christine Cohen,IND,210,1.48%
State Representative 86,Guilford,Vincent J. Candelora,R,1289,100.00%
State Representative 98,Guilford,Moira Rader,D,7553,63.47%
State Representative 98,Guilford,Richard S. DiNardo,R,4059,34.11%
State Representative 98,Guilford,Moira Rader,WF,289,2.43%
Presidential Electors for,Haddam,Harris and Walz,D,2621,46.89%
Presidential Electors for,Haddam,Trump and Vance,R,2885,51.61%
Presidential Electors for,Haddam,Stein and Ware,G,21,0.38%
Presidential Electors for,Haddam,Oliver and ter Maat,LI,27,0.48%
Presidential Electors for,Haddam,"Kennedy, Jr. and Shanahan",PC,35,0.63%
Presidential Electors for,Haddam,De la Cruz and Garcia,WI,0,0.00%
Presidential Electors for,Haddam,Fox and McVay,WI,0,0.00%
Presidential Electors for,Haddam,McNeil and McNeil,WI,0,0.00%
Presidential Electors for,Haddam,Potus and Kennedy,WI,0,0.00%
Presidential Electors for,Haddam,Ayyadurai and Ellis,WI,0,0.00%
Presidential Electors for,Haddam,Sonski and Onak,WI,0,0.00%
Presidential Electors for,Haddam,West and Abdullah,WI,1,0.02%
United States Senator,Haddam,Christopher S. Murphy,D,2516,45.92%
United States Senator,Haddam,Matthew M. Corey,R,2744,50.08%
United States Senator,Haddam,Christopher S. Murphy,WF,146,2.66%
United States Senator,Haddam,Justin C. Paglino,G,34,0.62%
United States Senator,Haddam,Robert Finley Hyde,CGG,39,0.71%
United States Senator,Haddam,John Flynn,WI,0,0.00%
Representative in Congress 2,Haddam,Joe Courtney,D,2736,50.19%
Representative in Congress 2,Haddam,Mike France,R,2715,49.81%
Representative in Congress 2,Haddam,"Kenneth Kusmierski, Jr.",WI,0,0.00%
Representative in Congress 2,Haddam,Jeffery Russell,WI,0,0.00%
State Senator 33,Haddam,Norm Needleman,D,2565,47.18%
State Senator 33,Haddam,Jeffery Duigou,R,2721,50.05%
State Senator 33,Haddam,Norm Needleman,IND,151,2.78%
State Representative 36,Haddam,Renee LaMark Muir,D,2383,44.07%
State Representative 36,Haddam,Kathryn Russell,R,3024,55.93%
Registrar of Voters,Haddam,Kathleen Wessling,D,2491,46.28%
Registrar of Voters,Haddam,Diana Cottrell,R,2891,53.72%
Presidential Electors for,Hamden,Harris and Walz,D,0,0.00%
Presidential Electors for,Hamden,Trump and Vance,R,0,0.00%
Presidential Electors for,Hamden,Stein and Ware,G,0,0.00%
Presidential Electors for,Hamden,Oliver and ter Maat,LI,0,0.00%
Presidential Electors for,Hamden,"Kennedy, Jr. and Shanahan",PC,0,0.00%
Presidential Electors for,Hamden,De la Cruz and Garcia,WI,0,0.00%
Presidential Electors for,Hamden,Fox and McVay,WI,0,0.00%
Presidential Electors for,Hamden,McNeil and McNeil,WI,0,0.00%
Presidential Electors for,Hamden,Potus and Kennedy,WI,0,0.00%
Presidential Electors for,Hamden,Ayyadurai and Ellis,WI,0,0.00%
Presidential Electors for,Hamden,Sonski and Onak,WI,0,0.00%
Presidential Electors for,Hamden,West and Abdullah,WI,0,0.00%
United States Senator,Hamden,Christopher S. Murphy,D,0,0.00%
United States Senator,Hamden,Matthew M. Corey,R,0,0.00%
United States Senator,Hamden,Christopher S. Murphy,WF,0,0.00%
United States Senator,Hamden,Justin C. Paglino,G,0,0.00%
United States Senator,Hamden,Robert Finley Hyde,CGG,0,0.00%
United States Senator,Hamden,John Flynn,WI,0,0.00%
Representative in Congress 3,Hamden,Rosa L. DeLauro,D,0,0.00%
Representative in Congress 3,Hamden,Michael Massey,R,0,0.00%
Representative in Congress 3,Hamden,Michael Massey,IND,0,0.00%
Representative in Congress 3,Hamden,Leo Almoney,WI,0,0.00%
Representative in Congress 3,Hamden,Omar Scott Antar,WI,0,0.00%
Representative in Congress 3,Hamden,Shahd Omar,WI,0,0.00%
State Senator 11,Hamden,Martin M. Looney,D,0,0.00%
State Senator 11,Hamden,Steven Orosco,R,0,0.00%
State Senator 17,Hamden,Jorge Cabrera,D,0,0.00%
State Senator 17,Hamden,Jorge Cabrera,WF,0,0.00%
State Senator 17,Hamden,Jorge Cabrera,IND,0,0.00%
State Representative 88,Hamden,Joshua Elliott,D,0,0.00%
State Representative 88,Hamden,Joshua Elliott,WF,0,0.00%
State Representative 91,Hamden,Laurie Sweet,D,0,0.00%
State Representative 91,Hamden,Laurie Sweet,WF,0,0.00%
State Representative 94,Hamden,Steven B. Winter,D,0,0.00%
State Representative 103,Hamden,Liz Linehan,D,0,0.00%
State Representative 114,Hamden,Mary Welander,D,0,0.00%
State Representative 114,Hamden,Mary Welander,IND,0,0.00%
Judge of Probate 37 To Fill Vacancy,Hamden,Michael Dolan,D,0,0.00%
Presidential Electors for,Hampton,Harris and Walz,D,541,48.43%
Presidential Electors for,Hampton,Trump and Vance,R,564,50.49%
Presidential Electors for,Hampton,Stein and Ware,G,3,0.27%
Presidential Electors for,Hampton,Oliver and ter Maat,LI,3,0.27%
Presidential Electors for,Hampton,"Kennedy, Jr. and Shanahan",PC,6,0.54%
Presidential Electors for,Hampton,De la Cruz and Garcia,WI,0,0.00%
Presidential Electors for,Hampton,Fox and McVay,WI,0,0.00%
Presidential Electors for,Hampton,McNeil and McNeil,WI,0,0.00%
Presidential Electors for,Hampton,Potus and Kennedy,WI,0,0.00%
Presidential Electors for,Hampton,Ayyadurai and Ellis,WI,0,0.00%
Presidential Electors for,Hampton,Sonski and Onak,WI,0,0.00%
Presidential Electors for,Hampton,West and Abdullah,WI,0,0.00%
United States Senator,Hampton,Christopher S. Murphy,D,525,48.48%
United States Senator,Hampton,Matthew M. Corey,R,521,48.11%
United States Senator,Hampton,Christopher S. Murphy,WF,25,2.31%
United States Senator,Hampton,Justin C. Paglino,G,6,0.55%
United States Senator,Hampton,Robert Finley Hyde,CGG,6,0.55%
United States Senator,Hampton,John Flynn,WI,0,0.00%
Representative in Congress 2,Hampton,Joe Courtney,D,575,52.61%
Representative in Congress 2,Hampton,Mike France,R,518,47.39%
Representative in Congress 2,Hampton,"Kenneth Kusmierski, Jr.",WI,0,0.00%
Representative in Congress 2,Hampton,Jeffery Russell,WI,0,0.00%
State Senator 35,Hampton,Merry C. Garrett,D,440,40.67%
State Senator 35,Hampton,Jeff Gordon,R,606,56.01%
State Senator 35,Hampton,Merry C. Garrett,WF,20,1.85%
State Senator 35,Hampton,Merry C. Garrett,IND,16,1.48%
State Representative 50,Hampton,Pat Boyd,D,616,100.00%
Registrar of Voters,Hampton,Sulema Perez-Pagan,D,603,99.50%
Registrar of Voters,Hampton,Dayna McDermott Arriola,WI,3,0.50%
Judge of Probate 28 To Fill Vacancy,Hampton,George A. Baker,D,475,45.32%
Judge of Probate 28 To Fill Vacancy,Hampton,Douglas T. Stearns,R,573,54.68%
Presidential Electors for,Hartford,Harris and Walz,D,0,0.00%
Presidential Electors for,Hartford,Trump and Vance,R,0,0.00%
Presidential Electors for,Hartford,Stein and Ware,G,0,0.00%
Presidential Electors for,Hartford,Oliver and ter Maat,LI,0,0.00%
Presidential Electors for,Hartford,"Kennedy, Jr. and Shanahan",PC,0,0.00%
Presidential Electors for,Hartford,De la Cruz and Garcia,WI,0,0.00%
Presidential Electors for,Hartford,Fox and McVay,WI,0,0.00%
Presidential Electors for,Hartford,McNeil and McNeil,WI,0,0.00%
Presidential Electors for,Hartford,Potus and Kennedy,WI,0,0.00%
Presidential Electors for,Hartford,Ayyadurai and Ellis,WI,0,0.00%
Presidential Electors for,Hartford,Sonski and Onak,WI,0,0.00%
Presidential Electors for,Hartford,West and Abdullah,WI,0,0.00%
United States Senator,Hartford,Christopher S. Murphy,D,0,0.00%
United States Senator,Hartford,Matthew M. Corey,R,0,0.00%
United States Senator,Hartford,Christopher S. Murphy,WF,0,0.00%
United States Senator,Hartford,Justin C. Paglino,G,0,0.00%
United States Senator,Hartford,Robert Finley Hyde,CGG,0,0.00%
United States Senator,Hartford,John Flynn,WI,0,0.00%
Representative in Congress 1,Hartford,John B. Larson,D,0,0.00%
Representative in Congress 1,Hartford,Jim Griffin,R,0,0.00%
Representative in Congress 1,Hartford,John B. Larson,WF,0,0.00%
Representative in Congress 1,Hartford,Mary L. Sanders,G,0,0.00%
State Senator 1,Hartford,John W. Fonfara,D,0,0.00%
State Senator 1,Hartford,Luis R. Delgado,G,0,0.00%
State Senator 2,Hartford,Douglas McCrory,D,0,0.00%
State Senator 2,Hartford,Kristin Hoffman,R,0,0.00%
State Representative 1,Hartford,Matthew Ritter,D,0,0.00%
State Representative 3,Hartford,Minnie Gonzalez,D,0,0.00%
State Representative 4,Hartford,Julio A. Concepcion,D,0,0.00%
State Representative 5,Hartford,Maryam Khan,D,0,0.00%
State Representative 5,Hartford,Tracy L. Funnye,WI,0,0.00%
State Representative 6,Hartford,"James ""Jimmy"" Sanchez",D,0,0.00%
State Representative 6,Hartford,Alyssa Peterson,PC,0,0.00%
State Representative 7,Hartford,Joshua M. Hall,D,0,0.00%
Registrar of Voters,Hartford,"Giselle ""Gigi"" Feliciano",D,0,0.00%
Registrar of Voters,Hartford,Michael T. McGarry,R,0,0.00%
Registrar of Voters,Hartford,Samuel Martin Pudlin,WF,0,0.00%
Presidential Electors for,Hartland,Harris and Walz,D,430,32.92%
Presidential Electors for,Hartland,Trump and Vance,R,855,65.47%
Presidential Electors for,Hartland,Stein and Ware,G,4,0.31%
Presidential Electors for,Hartland,Oliver and ter Maat,LI,2,0.15%
Presidential Electors for,Hartland,"Kennedy, Jr. and Shanahan",PC,12,0.92%
Presidential Electors for,Hartland,De la Cruz and Garcia,WI,0,0.00%
Presidential Electors for,Hartland,Fox and McVay,WI,0,0.00%
Presidential Electors for,Hartland,McNeil and McNeil,WI,0,0.00%
Presidential Electors for,Hartland,Potus and Kennedy,WI,0,0.00%
Presidential Electors for,Hartland,Ayyadurai and Ellis,WI,0,0.00%
Presidential Electors for,Hartland,Sonski and Onak,WI,3,0.23%
Presidential Electors for,Hartland,West and Abdullah,WI,0,0.00%
United States Senator,Hartland,Christopher S. Murphy,D,396,31.03%
United States Senator,Hartland,Matthew M. Corey,R,831,65.13%
United States Senator,Hartland,Christopher S. Murphy,WF,23,1.80%
United States Senator,Hartland,Justin C. Paglino,G,11,0.86%
United States Senator,Hartland,Robert Finley Hyde,CGG,15,1.18%
United States Senator,Hartland,John Flynn,WI,0,0.00%
Representative in Congress 1,Hartland,John B. Larson,D,395,31.30%
Representative in Congress 1,Hartland,Jim Griffin,R,801,63.47%
Representative in Congress 1,Hartland,John B. Larson,WF,44,3.49%
Representative in Congress 1,Hartland,Mary L. Sanders,G,22,1.74%
State Senator 8,Hartland,Paul Honig,D,370,29.04%
State Senator 8,Hartland,Lisa Seminara,R,848,66.56%
State Senator 8,Hartland,Paul Honig,WF,24,1.88%
State Senator 8,Hartland,Lisa Seminara,IND,32,2.51%
State Representative 62,Hartland,Kim Becker,D,356,27.70%
State Representative 62,Hartland,Mark W. Anderson,R,861,67.00%
State Representative 62,Hartland,Kim Becker,WF,27,2.10%
State Representative 62,Hartland,Mark W. Anderson,IND,41,3.19%
Registrar of Voters,Hartland,Matthew Sweet,D,560,98.59%
Registrar of Voters,Hartland,Patricia Raskauskas,WI,8,1.41%
Presidential Electors for,Harwinton,Harris and Walz,D,1415,37.52%
Presidential Electors for,Harwinton,Trump and Vance,R,2309,61.23%
Presidential Electors for,Harwinton,Stein and Ware,G,16,0.42%
Presidential Electors for,Harwinton,Oliver and ter Maat,LI,11,0.29%
Presidential Electors for,Harwinton,"Kennedy, Jr. and Shanahan",PC,20,0.53%
Presidential Electors for,Harwinton,De la Cruz and Garcia,WI,0,0.00%
Presidential Electors for,Harwinton,Fox and McVay,WI,0,0.00%
Presidential Electors for,Harwinton,McNeil and McNeil,WI,0,0.00%
Presidential Electors for,Harwinton,Potus and Kennedy,WI,0,0.00%
Presidential Electors for,Harwinton,Ayyadurai and Ellis,WI,0,0.00%
Presidential Electors for,Harwinton,Sonski and Onak,WI,0,0.00%
Presidential Electors for,Harwinton,West and Abdullah,WI,0,0.00%
United States Senator,Harwinton,Christopher S. Murphy,D,1352,37.58%
United States Senator,Harwinton,Matthew M. Corey,R,2120,58.92%
United States Senator,Harwinton,Christopher S. Murphy,WF,78,2.17%
United States Senator,Harwinton,Justin C. Paglino,G,20,0.56%
United States Senator,Harwinton,Robert Finley Hyde,CGG,28,0.78%
United States Senator,Harwinton,John Flynn,WI,0,0.00%
Representative in Congress 5,Harwinton,Jahana Hayes,D,1339,36.10%
Representative in Congress 5,Harwinton,George Logan,R,2288,61.69%
Representative in Congress 5,Harwinton,Jahana Hayes,WF,82,2.21%
Representative in Congress 5,Harwinton,Ahmad AJ Darwish,WI,0,0.00%
Representative in Congress 5,Harwinton,Bertram Ferguson,WI,0,0.00%
State Senator 8,Harwinton,Paul Honig,D,768,35.57%
State Senator 8,Harwinton,Lisa Seminara,R,1301,60.26%
State Senator 8,Harwinton,Paul Honig,WF,60,2.78%
State Senator 8,Harwinton,Lisa Seminara,IND,30,1.39%
State Senator 31,Harwinton,Henri Martin,R,1130,100.00%
State Representative 76,Harwinton,Stephen Simonin,D,1139,31.05%
State Representative 76,Harwinton,John Piscopo,R,2529,68.95%
Registrar of Voters,Harwinton,Candace Crawford,D,1297,35.91%
Registrar of Voters,Harwinton,Deborah Shea,R,2315,64.09%
Presidential Electors for,Hebron,Harris and Walz,D,3253,52.94%
Presidential Electors for,Hebron,Trump and Vance,R,2795,45.48%
Presidential Electors for,Hebron,Stein and Ware,G,36,0.59%
Presidential Electors for,Hebron,Oliver and ter Maat,LI,23,0.37%
Presidential Electors for,Hebron,"Kennedy, Jr. and Shanahan",PC,37,0.60%
Presidential Electors for,Hebron,De la Cruz and Garcia,WI,1,0.02%
Presidential Electors for,Hebron,Fox and McVay,WI,0,0.00%
Presidential Electors for,Hebron,McNeil and McNeil,WI,0,0.00%
Presidential Electors for,Hebron,Potus and Kennedy,WI,0,0.00%
Presidential Electors for,Hebron,Ayyadurai and Ellis,WI,0,0.00%
Presidential Electors for,Hebron,Sonski and Onak,WI,0,0.00%
Presidential Electors for,Hebron,West and Abdullah,WI,0,0.00%
United States Senator,Hebron,Christopher S. Murphy,D,3093,51.05%
United States Senator,Hebron,Matthew M. Corey,R,2740,45.22%
United States Senator,Hebron,Christopher S. Murphy,WF,157,2.59%
United States Senator,Hebron,Justin C. Paglino,G,44,0.73%
United States Senator,Hebron,Robert Finley Hyde,CGG,25,0.41%
United States Senator,Hebron,John Flynn,WI,0,0.00%
Representative in Congress 2,Hebron,Joe Courtney,D,3400,56.23%
Representative in Congress 2,Hebron,Mike France,R,2647,43.77%
Representative in Congress 2,Hebron,"Kenneth Kusmierski, Jr.",WI,0,0.00%
Representative in Congress 2,Hebron,Jeffery Russell,WI,0,0.00%
State Senator 19,Hebron,Catherine A. Osten,D,3048,51.20%
State Senator 19,Hebron,Jason Guidone,R,2691,45.20%
State Senator 19,Hebron,Catherine A. Osten,WF,115,1.93%
State Senator 19,Hebron,Catherine A. Osten,IND,99,1.66%
State Representative 55,Hebron,Amanda Veneziano,D,2496,41.28%
State Representative 55,Hebron,Steve Weir,R,3386,56.00%
State Representative 55,Hebron,Amanda Veneziano,WF,90,1.49%
State Representative 55,Hebron,Amanda Veneziano,IND,74,1.22%
Registrar of Voters,Hebron,Elizabeth Fitzgerald,D,3124,52.91%
Registrar of Voters,Hebron,Michele May,R,2780,47.09%
Presidential Electors for,Kent,Harris and Walz,D,1252,66.52%
Presidential Electors for,Kent,Trump and Vance,R,592,31.46%
Presidential Electors for,Kent,Stein and Ware,G,17,0.90%
Presidential Electors for,Kent,Oliver and ter Maat,LI,6,0.32%
Presidential Electors for,Kent,"Kennedy, Jr. and Shanahan",PC,14,0.74%
Presidential Electors for,Kent,De la Cruz and Garcia,WI,0,0.00%
Presidential Electors for,Kent,Fox and McVay,WI,0,0.00%
Presidential Electors for,Kent,McNeil and McNeil,WI,0,0.00%
Presidential Electors for,Kent,Potus and Kennedy,WI,0,0.00%
Presidential Electors for,Kent,Ayyadurai and Ellis,WI,0,0.00%
Presidential Electors for,Kent,Sonski and Onak,WI,0,0.00%
Presidential Electors for,Kent,West and Abdullah,WI,1,0.05%
United States Senator,Kent,Christopher S. Murphy,D,1221,66.07%
United States Senator,Kent,Matthew M. Corey,R,557,30.14%
United States Senator,Kent,Christopher S. Murphy,WF,50,2.71%
United States Senator,Kent,Justin C. Paglino,G,14,0.76%
United States Senator,Kent,Robert Finley Hyde,CGG,6,0.32%
United States Senator,Kent,John Flynn,WI,0,0.00%
Representative in Congress 5,Kent,Jahana Hayes,D,1186,64.39%
Representative in Congress 5,Kent,George Logan,R,616,33.44%
Representative in Congress 5,Kent,Jahana Hayes,WF,40,2.17%
Representative in Congress 5,Kent,Ahmad AJ Darwish,WI,0,0.00%
Representative in Congress 5,Kent,Bertram Ferguson,WI,0,0.00%
State Senator 30,Kent,Justin Potter,D,1229,67.42%
State Senator 30,Kent,Stephen G. Harding,R,571,31.32%
State Senator 30,Kent,Stephen G. Harding,IND,23,1.26%
State Representative 64,Kent,Maria Horn,D,1187,65.44%
State Representative 64,Kent,Barbara L. Breor,R,570,31.42%
State Representative 64,Kent,Maria Horn,WF,31,1.71%
State Representative 64,Kent,Maria Horn,IND,26,1.43%
Registrar of Voters,Kent,Therese Duncan,D,1197,67.06%
Registrar of Voters,Kent,Sal Lilienthal,R,588,32.94%
Presidential Electors for,Killingly,Harris and Walz,D,3282,39.45%
Presidential Electors for,Killingly,Trump and Vance,R,4915,59.07%
Presidential Electors for,Killingly,Stein and Ware,G,46,0.55%
Presidential Electors for,Killingly,Oliver and ter Maat,LI,39,0.47%
Presidential Electors for,Killingly,"Kennedy, Jr. and Shanahan",PC,37,0.44%
Presidential Electors for,Killingly,De la Cruz and Garcia,WI,0,0.00%
Presidential Electors for,Killingly,Fox and McVay,WI,0,0.00%
Presidential Electors for,Killingly,McNeil and McNeil,WI,0,0.00%
Presidential Electors for,Killingly,Potus and Kennedy,WI,0,0.00%
Presidential Electors for,Killingly,Ayyadurai and Ellis,WI,0,0.00%
Presidential Electors for,Killingly,Sonski and Onak,WI,1,0.01%
Presidential Electors for,Killingly,West and Abdullah,WI,0,0.00%
United States Senator,Killingly,Christopher S. Murphy,D,3183,39.99%
United States Senator,Killingly,Matthew M. Corey,R,4277,53.73%
United States Senator,Killingly,Christopher S. Murphy,WF,309,3.88%
United States Senator,Killingly,Justin C. Paglino,G,58,0.73%
United States Senator,Killingly,Robert Finley Hyde,CGG,133,1.67%
United States Senator,Killingly,John Flynn,WI,0,0.00%
Representative in Congress 2,Killingly,Joe Courtney,D,3662,46.14%
Representative in Congress 2,Killingly,Mike France,R,4274,53.86%
Representative in Congress 2,Killingly,"Kenneth Kusmierski, Jr.",WI,0,0.00%
Representative in Congress 2,Killingly,Jeffery Russell,WI,0,0.00%
State Senator 29,Killingly,Mae Flexer,D,2915,36.47%
State Senator 29,Killingly,Chris Reddy,R,4724,59.10%
State Senator 29,Killingly,Mae Flexer,WF,153,1.91%
State Senator 29,Killingly,Mae Flexer,IND,95,1.19%
State Senator 29,Killingly,Alice Leibowitz,G,106,1.33%
State Representative 44,Killingly,Samantha Derenthal,D,1845,36.93%
State Representative 44,Killingly,Anne Dubay Dauphinais,R,3010,60.25%
State Representative 44,Killingly,Samantha Derenthal,IND,141,2.82%
State Representative 51,Killingly,Renee LaPalme Waldron,D,1035,35.30%
State Representative 51,Killingly,Chris Stewart,R,1794,61.19%
State Representative 51,Killingly,Renee LaPalme Waldron,WF,59,2.01%
State Representative 51,Killingly,Renee LaPalme Waldron,IND,44,1.50%
Registrar of Voters,Killingly,Janice Thurlow,D,3241,41.80%
Registrar of Voters,Killingly,Pamela Greenhalgh,R,4513,58.20%
Presidential Electors for,Killingworth,Harris and Walz,D,2270,51.52%
Presidential Electors for,Killingworth,Trump and Vance,R,2061,46.78%
Presidential Electors for,Killingworth,Stein and Ware,G,30,0.68%
Presidential Electors for,Killingworth,Oliver and ter Maat,LI,20,0.45%
Presidential Electors for,Killingworth,"Kennedy, Jr. and Shanahan",PC,23,0.52%
Presidential Electors for,Killingworth,De la Cruz and Garcia,WI,1,0.02%
Presidential Electors for,Killingworth,Fox and McVay,WI,0,0.00%
Presidential Electors for,Killingworth,McNeil and McNeil,WI,0,0.00%
Presidential Electors for,Killingworth,Potus and Kennedy,WI,0,0.00%
Presidential Electors for,Killingworth,Ayyadurai and Ellis,WI,0,0.00%
Presidential Electors for,Killingworth,Sonski and Onak,WI,1,0.02%
Presidential Electors for,Killingworth,West and Abdullah,WI,0,0.00%
United States Senator,Killingworth,Christopher S. Murphy,D,2181,50.70%
United States Senator,Killingworth,Matthew M. Corey,R,1977,45.96%
United States Senator,Killingworth,Christopher S. Murphy,WF,90,2.09%
United States Senator,Killingworth,Justin C. Paglino,G,32,0.74%
United States Senator,Killingworth,Robert Finley Hyde,CGG,22,0.51%
United States Senator,Killingworth,John Flynn,WI,0,0.00%
Representative in Congress 2,Killingworth,Joe Courtney,D,2324,54.26%
Representative in Congress 2,Killingworth,Mike France,R,1959,45.74%
Representative in Congress 2,Killingworth,"Kenneth Kusmierski, Jr.",WI,0,0.00%
Representative in Congress 2,Killingworth,Jeffery Russell,WI,0,0.00%
State Senator 12,Killingworth,Christine Cohen,D,2099,48.89%
State Senator 12,Killingworth,Paul Crisci,R,2084,48.54%
State Senator 12,Killingworth,Christine Cohen,WF,58,1.35%
State Senator 12,Killingworth,Christine Cohen,IND,52,1.21%
State Representative 35,Killingworth,Cinzia Lettieri,D,2068,48.28%
State Representative 35,Killingworth,Chris Aniskovich,R,2085,48.68%
State Representative 35,Killingworth,Cinzia Lettieri,WF,74,1.73%
State Representative 35,Killingworth,Chris Aniskovich,IND,56,1.31%
Registrar of Voters,Killingworth,Nancy J. McCormick,D,2629,99.32%
Registrar of Voters,Killingworth,Amy Roberts-Perry,WI,18,0.68%
Presidential Electors for,Lebanon,Harris and Walz,D,2009,45.49%
Presidential Electors for,Lebanon,Trump and Vance,R,2381,53.92%
Presidential Electors for,Lebanon,Stein and Ware,G,8,0.18%
Presidential Electors for,Lebanon,Oliver and ter Maat,LI,10,0.23%
Presidential Electors for,Lebanon,"Kennedy, Jr. and Shanahan",PC,8,0.18%
Presidential Electors for,Lebanon,De la Cruz and Garcia,WI,0,0.00%
Presidential Electors for,Lebanon,Fox and McVay,WI,0,0.00%
Presidential Electors for,Lebanon,McNeil and McNeil,WI,0,0.00%
Presidential Electors for,Lebanon,Potus and Kennedy,WI,0,0.00%
Presidential Electors for,Lebanon,Ayyadurai and Ellis,WI,0,0.00%
Presidential Electors for,Lebanon,Sonski and Onak,WI,0,0.00%
Presidential Electors for,Lebanon,West and Abdullah,WI,0,0.00%
United States Senator,Lebanon,Christopher S. Murphy,D,1936,44.24%
United States Senator,Lebanon,Matthew M. Corey,R,2227,50.89%
United States Senator,Lebanon,Christopher S. Murphy,WF,133,3.04%
United States Senator,Lebanon,Justin C. Paglino,G,33,0.75%
United States Senator,Lebanon,Robert Finley Hyde,CGG,47,1.07%
United States Senator,Lebanon,John Flynn,WI,0,0.00%
Representative in Congress 2,Lebanon,Joe Courtney,D,2246,51.20%
Representative in Congress 2,Lebanon,Mike France,R,2141,48.80%
Representative in Congress 2,Lebanon,"Kenneth Kusmierski, Jr.",WI,0,0.00%
Representative in Congress 2,Lebanon,Jeffery Russell,WI,0,0.00%
State Senator 19,Lebanon,Catherine A. Osten,D,1960,44.79%
State Senator 19,Lebanon,Jason Guidone,R,2243,51.26%
State Senator 19,Lebanon,Catherine A. Osten,WF,111,2.54%
State Senator 19,Lebanon,Catherine A. Osten,IND,62,1.42%
State Representative 8,Lebanon,Nancy Hammarstrom,D,606,39.15%
State Representative 8,Lebanon,Timothy Ackert,R,905,58.46%
State Representative 8,Lebanon,Nancy Hammarstrom,WF,37,2.39%
State Representative 48,Lebanon,Christopher Rivers,D,1095,39.07%
State Representative 48,Lebanon,Mark DeCaprio,R,1633,58.26%
State Representative 48,Lebanon,Christopher Rivers,WF,48,1.71%
State Representative 48,Lebanon,Lance Lusignan,IND,27,0.96%
Judge of Probate 28 To Fill Vacancy,Lebanon,George A. Baker,D,1849,43.13%
Judge of Probate 28 To Fill Vacancy,Lebanon,Douglas T. Stearns,R,2438,56.87%
Presidential Electors for,Ledyard,Harris and Walz,D,3564,55.73%
Presidential Electors for,Ledyard,Trump and Vance,R,2715,42.46%
Presidential Electors for,Ledyard,Stein and Ware,G,42,0.66%
Presidential Electors for,Ledyard,Oliver and ter Maat,LI,36,0.56%
Presidential Electors for,Ledyard,"Kennedy, Jr. and Shanahan",PC,33,0.52%
Presidential Electors for,Ledyard,De la Cruz and Garcia,WI,1,0.02%
Presidential Electors for,Ledyard,Fox and McVay,WI,0,0.00%
Presidential Electors for,Ledyard,McNeil and McNeil,WI,0,0.00%
Presidential Electors for,Ledyard,Potus and Kennedy,WI,0,0.00%
Presidential Electors for,Ledyard,Ayyadurai and Ellis,WI,0,0.00%
Presidential Electors for,Ledyard,Sonski and Onak,WI,3,0.05%
Presidential Electors for,Ledyard,West and Abdullah,WI,1,0.02%
United States Senator,Ledyard,Christopher S. Murphy,D,3386,54.66%
United States Senator,Ledyard,Matthew M. Corey,R,2477,39.98%
United States Senator,Ledyard,Christopher S. Murphy,WF,210,3.39%
United States Senator,Ledyard,Justin C. Paglino,G,55,0.89%
United States Senator,Ledyard,Robert Finley Hyde,CGG,67,1.08%
United States Senator,Ledyard,John Flynn,WI,0,0.00%
Representative in Congress 2,Ledyard,Joe Courtney,D,3708,59.42%
Representative in Congress 2,Ledyard,Mike France,R,2532,40.58%
Representative in Congress 2,Ledyard,"Kenneth Kusmierski, Jr.",WI,0,0.00%
Representative in Congress 2,Ledyard,Jeffery Russell,WI,0,0.00%
State Senator 19,Ledyard,Catherine A. Osten,D,3377,54.81%
State Senator 19,Ledyard,Jason Guidone,R,2498,40.55%
State Senator 19,Ledyard,Catherine A. Osten,WF,167,2.71%
State Senator 19,Ledyard,Catherine A. Osten,IND,119,1.93%
State Representative 43,Ledyard,Ty Lamb,D,1101,54.67%
State Representative 43,Ledyard,Greg Howard,R,913,45.33%
State Representative 45,Ledyard,Kayla Thompson,D,1027,48.67%
State Representative 45,Ledyard,Brian L. Lanoue,R,1083,51.33%
State Representative 139,Ledyard,Kevin Ryan,D,985,49.97%
State Representative 139,Ledyard,Mark Adams,R,911,46.22%
State Representative 139,Ledyard,Kevin Ryan,WF,42,2.13%
State Representative 139,Ledyard,Kevin Ryan,IND,33,1.67%
Registrar of Voters,Ledyard,Diana Mann,D,4091,99.18%
Registrar of Voters,Ledyard,Judy Johnson,WI,34,0.82%
Presidential Electors for,Lisbon,Harris and Walz,D,1031,43.26%
Presidential Electors for,Lisbon,Trump and Vance,R,1301,54.60%
Presidential Electors for,Lisbon,Stein and Ware,G,21,0.88%
Presidential Electors for,Lisbon,Oliver and ter Maat,LI,15,0.63%
Presidential Electors for,Lisbon,"Kennedy, Jr. and Shanahan",PC,15,0.63%
Presidential Electors for,Lisbon,De la Cruz and Garcia,WI,0,0.00%
Presidential Electors for,Lisbon,Fox and McVay,WI,0,0.00%
Presidential Electors for,Lisbon,McNeil and McNeil,WI,0,0.00%
Presidential Electors for,Lisbon,Potus and Kennedy,WI,0,0.00%
Presidential Electors for,Lisbon,Ayyadurai and Ellis,WI,0,0.00%
Presidential Electors for,Lisbon,Sonski and Onak,WI,0,0.00%
Presidential Electors for,Lisbon,West and Abdullah,WI,0,0.00%
United States Senator,Lisbon,Christopher S. Murphy,D,1037,44.26%
United States Senator,Lisbon,Matthew M. Corey,R,1153,49.21%
United States Senator,Lisbon,Christopher S. Murphy,WF,105,4.48%
United States Senator,Lisbon,Justin C. Paglino,G,15,0.64%
United States Senator,Lisbon,Robert Finley Hyde,CGG,33,1.41%
United States Senator,Lisbon,John Flynn,WI,0,0.00%
Representative in Congress 2,Lisbon,Joe Courtney,D,1196,50.92%
Representative in Congress 2,Lisbon,Mike France,R,1153,49.08%
Representative in Congress 2,Lisbon,"Kenneth Kusmierski, Jr.",WI,0,0.00%
Representative in Congress 2,Lisbon,Jeffery Russell,WI,0,0.00%
State Senator 19,Lisbon,Catherine A. Osten,D,1037,44.41%
State Senator 19,Lisbon,Jason Guidone,R,1162,49.76%
State Senator 19,Lisbon,Catherine A. Osten,WF,72,3.08%
State Senator 19,Lisbon,Catherine A. Osten,IND,64,2.74%
State Representative 45,Lisbon,Kayla Thompson,D,418,40.23%
State Representative 45,Lisbon,Brian L. Lanoue,R,621,59.77%
State Representative 47,Lisbon,Aaron Spruance,D,463,36.31%
State Representative 47,Lisbon,Doug Dubitsky,R,812,63.69%
Registrar of Voters,Lisbon,Stephen Barrett,D,889,38.67%
Registrar of Voters,Lisbon,Betsy M. Barrett,R,1410,61.33%
Presidential Electors for,Litchfield,Harris and Walz,D,2660,50.41%
Presidential Electors for,Litchfield,Trump and Vance,R,2545,48.23%
Presidential Electors for,Litchfield,Stein and Ware,G,21,0.40%
Presidential Electors for,Litchfield,Oliver and ter Maat,LI,26,0.49%
Presidential Electors for,Litchfield,"Kennedy, Jr. and Shanahan",PC,21,0.40%
Presidential Electors for,Litchfield,De la Cruz and Garcia,WI,0,0.00%
Presidential Electors for,Litchfield,Fox and McVay,WI,0,0.00%
Presidential Electors for,Litchfield,McNeil and McNeil,WI,0,0.00%
Presidential Electors for,Litchfield,Potus and Kennedy,WI,0,0.00%
Presidential Electors for,Litchfield,Ayyadurai and Ellis,WI,0,0.00%
Presidential Electors for,Litchfield,Sonski and Onak,WI,2,0.04%
Presidential Electors for,Litchfield,West and Abdullah,WI,2,0.04%
United States Senator,Litchfield,Christopher S. Murphy,D,2592,49.59%
United States Senator,Litchfield,Matthew M. Corey,R,2477,47.39%
United States Senator,Litchfield,Christopher S. Murphy,WF,102,1.95%
United States Senator,Litchfield,Justin C. Paglino,G,30,0.57%
United States Senator,Litchfield,Robert Finley Hyde,CGG,26,0.50%
United States Senator,Litchfield,John Flynn,WI,0,0.00%
Representative in Congress 5,Litchfield,Jahana Hayes,D,2510,48.14%
Representative in Congress 5,Litchfield,George Logan,R,2608,50.02%
Representative in Congress 5,Litchfield,Jahana Hayes,WF,96,1.84%
Representative in Congress 5,Litchfield,Ahmad AJ Darwish,WI,0,0.00%
Representative in Congress 5,Litchfield,Bertram Ferguson,WI,0,0.00%
State Senator 30,Litchfield,Justin Potter,D,2398,46.28%
State Senator 30,Litchfield,Stephen G. Harding,R,2699,52.09%
State Senator 30,Litchfield,Stephen G. Harding,IND,84,1.62%
State Representative 66,Litchfield,Sharon Sherman,D,2110,49.20%
State Representative 66,Litchfield,Karen Reddington-Hughes,R,2179,50.80%
State Representative 76,Litchfield,Stephen Simonin,D,236,27.90%
State Representative 76,Litchfield,John Piscopo,R,610,72.10%
Registrar of Voters,Litchfield,James Duncan,D,2388,46.93%
Registrar of Voters,Litchfield,Lynette Kyasky,R,2700,53.07%
Presidential Electors for,Lyme,Harris and Walz,D,1080,65.30%
Presidential Electors for,Lyme,Trump and Vance,R,537,32.47%
Presidential Electors for,Lyme,Stein and Ware,G,13,0.79%
Presidential Electors for,Lyme,Oliver and ter Maat,LI,13,0.79%
Presidential Electors for,Lyme,"Kennedy, Jr. and Shanahan",PC,11,0.67%
Presidential Electors for,Lyme,De la Cruz and Garcia,WI,0,0.00%
Presidential Electors for,Lyme,Fox and McVay,WI,0,0.00%
Presidential Electors for,Lyme,McNeil and McNeil,WI,0,0.00%
Presidential Electors for,Lyme,Potus and Kennedy,WI,0,0.00%
Presidential Electors for,Lyme,Ayyadurai and Ellis,WI,0,0.00%
Presidential Electors for,Lyme,Sonski and Onak,WI,0,0.00%
Presidential Electors for,Lyme,West and Abdullah,WI,0,0.00%
United States Senator,Lyme,Christopher S. Murphy,D,1023,63.11%
United States Senator,Lyme,Matthew M. Corey,R,553,34.11%
United States Senator,Lyme,Christopher S. Murphy,WF,31,1.91%
United States Senator,Lyme,Justin C. Paglino,G,6,0.37%
United States Senator,Lyme,Robert Finley Hyde,CGG,8,0.49%
United States Senator,Lyme,John Flynn,WI,0,0.00%
Representative in Congress 2,Lyme,Joe Courtney,D,1097,67.30%
Representative in Congress 2,Lyme,Mike France,R,533,32.70%
Representative in Congress 2,Lyme,"Kenneth Kusmierski, Jr.",WI,0,0.00%
Representative in Congress 2,Lyme,Jeffery Russell,WI,0,0.00%
State Senator 33,Lyme,Norm Needleman,D,1012,62.55%
State Senator 33,Lyme,Jeffery Duigou,R,569,35.17%
State Senator 33,Lyme,Norm Needleman,IND,37,2.29%
State Representative 23,Lyme,Jane Wisialowski,D,871,53.70%
State Representative 23,Lyme,Devin R Carney,R,690,42.54%
State Representative 23,Lyme,Jane Wisialowski,WF,23,1.42%
State Representative 23,Lyme,Devin R Carney,IND,38,2.34%
Registrar of Voters,Lyme,Dottie Wells,D,953,59.90%
Registrar of Voters,Lyme,Judith Davies,R,638,40.10%
Presidential Electors for,Madison,Harris and Walz,D,7373,61.38%
Presidential Electors for,Madison,Trump and Vance,R,4454,37.08%
Presidential Electors for,Madison,Stein and Ware,G,58,0.48%
Presidential Electors for,Madison,Oliver and ter Maat,LI,58,0.48%
Presidential Electors for,Madison,"Kennedy, Jr. and Shanahan",PC,66,0.55%
Presidential Electors for,Madison,De la Cruz and Garcia,WI,1,0.01%
Presidential Electors for,Madison,Fox and McVay,WI,0,0.00%
Presidential Electors for,Madison,McNeil and McNeil,WI,0,0.00%
Presidential Electors for,Madison,Potus and Kennedy,WI,0,0.00%
Presidential Electors for,Madison,Ayyadurai and Ellis,WI,0,0.00%
Presidential Electors for,Madison,Sonski and Onak,WI,3,0.02%
Presidential Electors for,Madison,West and Abdullah,WI,0,0.00%
United States Senator,Madison,Christopher S. Murphy,D,7119,59.86%
United States Senator,Madison,Matthew M. Corey,R,4479,37.66%
United States Senator,Madison,Christopher S. Murphy,WF,198,1.66%
United States Senator,Madison,Justin C. Paglino,G,57,0.48%
United States Senator,Madison,Robert Finley Hyde,CGG,39,0.33%
United States Senator,Madison,John Flynn,WI,0,0.00%
Representative in Congress 2,Madison,Joe Courtney,D,7321,61.95%
Representative in Congress 2,Madison,Mike France,R,4497,38.05%
Representative in Congress 2,Madison,"Kenneth Kusmierski, Jr.",WI,0,0.00%
Representative in Congress 2,Madison,Jeffery Russell,WI,0,0.00%
State Senator 12,Madison,Christine Cohen,D,6736,56.88%
State Senator 12,Madison,Paul Crisci,R,4818,40.68%
State Senator 12,Madison,Christine Cohen,WF,145,1.22%
State Senator 12,Madison,Christine Cohen,IND,144,1.22%
State Representative 101,Madison,John-Michael Parker,D,6833,56.18%
State Representative 101,Madison,Lisa Deane,R,4709,38.72%
State Representative 101,Madison,John-Michael Parker,WF,167,1.37%
State Representative 101,Madison,John-Michael Parker,IND,454,3.73%
Registrar of Voters,Madison,Jim Newton,D,6815,58.89%
Registrar of Voters,Madison,Gregory Scalzo III,R,4757,41.11%
Presidential Electors for,Manchester,Harris and Walz,D,15983,65.35%
Presidential Electors for,Manchester,Trump and Vance,R,7952,32.51%
Presidential Electors for,Manchester,Stein and Ware,G,309,1.26%
Presidential Electors for,Manchester,Oliver and ter Maat,LI,90,0.37%
Presidential Electors for,Manchester,"Kennedy, Jr. and Shanahan",PC,111,0.45%
Presidential Electors for,Manchester,De la Cruz and Garcia,WI,3,0.01%
Presidential Electors for,Manchester,Fox and McVay,WI,0,0.00%
Presidential Electors for,Manchester,McNeil and McNeil,WI,0,0.00%
Presidential Electors for,Manchester,Potus and Kennedy,WI,0,0.00%
Presidential Electors for,Manchester,Ayyadurai and Ellis,WI,0,0.00%
Presidential Electors for,Manchester,Sonski and Onak,WI,3,0.01%
Presidential Electors for,Manchester,West and Abdullah,WI,8,0.03%
United States Senator,Manchester,Christopher S. Murphy,D,14836,62.88%
United States Senator,Manchester,Matthew M. Corey,R,7310,30.98%
United States Senator,Manchester,Christopher S. Murphy,WF,890,3.77%
United States Senator,Manchester,Justin C. Paglino,G,284,1.20%
United States Senator,Manchester,Robert Finley Hyde,CGG,273,1.16%
United States Senator,Manchester,John Flynn,WI,0,0.00%
Representative in Congress 1,Manchester,John B. Larson,D,15096,64.28%
Representative in Congress 1,Manchester,Jim Griffin,R,6876,29.28%
Representative in Congress 1,Manchester,John B. Larson,WF,958,4.08%
Representative in Congress 1,Manchester,Mary L. Sanders,G,554,2.36%
State Senator 4,Manchester,MD Rahman,D,14564,63.86%
State Senator 4,Manchester,Stephen King,R,7226,31.68%
State Senator 4,Manchester,MD Rahman,WF,1017,4.46%
State Representative 9,Manchester,Jason Rojas,D,3780,100.00%
State Representative 11,Manchester,Patrick Biggins,D,1780,66.99%
State Representative 11,Manchester,Salema Davis,R,877,33.01%
State Representative 12,Manchester,Geoffrey Luxenberg,D,6371,62.58%
State Representative 12,Manchester,Robert Cormier,R,3398,33.38%
State Representative 12,Manchester,Geoffrey Luxenberg,WF,359,3.53%
State Representative 12,Manchester,Joseph Arthur Young,PC,52,0.51%
State Representative 13,Manchester,Jason Doucette,D,3542,67.53%
State Representative 13,Manchester,Donna C Meier,R,1527,29.11%
State Representative 13,Manchester,Jason Doucette,IND,176,3.36%
Registrar of Voters,Manchester,James R. Stevenson,D,14885,64.80%
Registrar of Voters,Manchester,Timothy H. Becker,R,8086,35.20%
Presidential Electors for,Mansfield,Harris and Walz,D,4515,72.52%
Presidential Electors for,Mansfield,Trump and Vance,R,1584,25.44%
Presidential Electors for,Mansfield,Stein and Ware,G,60,0.96%
Presidential Electors for,Mansfield,Oliver and ter Maat,LI,34,0.55%
Presidential Electors for,Mansfield,"Kennedy, Jr. and Shanahan",PC,27,0.43%
Presidential Electors for,Mansfield,De la Cruz and Garcia,WI,1,0.02%
Presidential Electors for,Mansfield,Fox and McVay,WI,0,0.00%
Presidential Electors for,Mansfield,McNeil and McNeil,WI,0,0.00%
Presidential Electors for,Mansfield,Potus and Kennedy,WI,0,0.00%
Presidential Electors for,Mansfield,Ayyadurai and Ellis,WI,0,0.00%
Presidential Electors for,Mansfield,Sonski and Onak,WI,0,0.00%
Presidential Electors for,Mansfield,West and Abdullah,WI,5,0.08%
United States Senator,Mansfield,Christopher S. Murphy,D,4299,70.27%
United States Senator,Mansfield,Matthew M. Corey,R,1475,24.11%
United States Senator,Mansfield,Christopher S. Murphy,WF,219,3.58%
United States Senator,Mansfield,Justin C. Paglino,G,74,1.21%
United States Senator,Mansfield,Robert Finley Hyde,CGG,51,0.83%
United States Senator,Mansfield,John Flynn,WI,0,0.00%
Representative in Congress 2,Mansfield,Joe Courtney,D,4665,76.40%
Representative in Congress 2,Mansfield,Mike France,R,1441,23.60%
Representative in Congress 2,Mansfield,"Kenneth Kusmierski, Jr.",WI,0,0.00%
Representative in Congress 2,Mansfield,Jeffery Russell,WI,0,0.00%
State Senator 29,Mansfield,Mae Flexer,D,4041,66.56%
State Senator 29,Mansfield,Chris Reddy,R,1665,27.43%
State Senator 29,Mansfield,Mae Flexer,WF,172,2.83%
State Senator 29,Mansfield,Mae Flexer,IND,65,1.07%
State Senator 29,Mansfield,Alice Leibowitz,G,128,2.11%
State Representative 50,Mansfield,Pat Boyd,D,895,100.00%
State Representative 54,Mansfield,Gregg Haddad,D,3430,68.99%
State Representative 54,Mansfield,Aaron Bowman,R,1370,27.55%
State Representative 54,Mansfield,Gregg Haddad,WF,172,3.46%
Registrar of Voters,Mansfield,Ron Manizza,D,4326,72.54%
Registrar of Voters,Mansfield,Alfred E. Fratoni,R,1638,27.46%
Judge of Probate 25 To Fill Vacancy,Mansfield,Sophia H. Shaikh,D,4841,100.00%
Presidential Electors for,Marlborough,Harris and Walz,D,2115,52.88%
Presidential Electors for,Marlborough,Trump and Vance,R,1819,45.48%
Presidential Electors for,Marlborough,Stein and Ware,G,20,0.50%
Presidential Electors for,Marlborough,Oliver and ter Maat,LI,20,0.50%
Presidential Electors for,Marlborough,"Kennedy, Jr. and Shanahan",PC,23,0.57%
Presidential Electors for,Marlborough,De la Cruz and Garcia,WI,2,0.05%
Presidential Electors for,Marlborough,Fox and McVay,WI,0,0.00%
Presidential Electors for,Marlborough,McNeil and McNeil,WI,0,0.00%
Presidential Electors for,Marlborough,Potus and Kennedy,WI,0,0.00%
Presidential Electors for,Marlborough,Ayyadurai and Ellis,WI,0,0.00%
Presidential Electors for,Marlborough,Sonski and Onak,WI,1,0.03%
Presidential Electors for,Marlborough,West and Abdullah,WI,0,0.00%
United States Senator,Marlborough,Christopher S. Murphy,D,2051,52.06%
United States Senator,Marlborough,Matthew M. Corey,R,1735,44.04%
United States Senator,Marlborough,Christopher S. Murphy,WF,82,2.08%
United States Senator,Marlborough,Justin C. Paglino,G,27,0.69%
United States Senator,Marlborough,Robert Finley Hyde,CGG,44,1.12%
United States Senator,Marlborough,John Flynn,WI,1,0.03%
Representative in Congress 2,Marlborough,Joe Courtney,D,2207,56.32%
Representative in Congress 2,Marlborough,Mike France,R,1712,43.68%
Representative in Congress 2,Marlborough,"Kenneth Kusmierski, Jr.",WI,0,0.00%
Representative in Congress 2,Marlborough,Jeffery Russell,WI,0,0.00%
State Senator 19,Marlborough,Catherine A. Osten,D,2009,51.59%
State Senator 19,Marlborough,Jason Guidone,R,1744,44.79%
State Senator 19,Marlborough,Catherine A. Osten,WF,81,2.08%
State Senator 19,Marlborough,Catherine A. Osten,IND,60,1.54%
State Representative 55,Marlborough,Amanda Veneziano,D,1661,42.44%
State Representative 55,Marlborough,Steve Weir,R,2164,55.29%
State Representative 55,Marlborough,Amanda Veneziano,WF,45,1.15%
State Representative 55,Marlborough,Amanda Veneziano,IND,44,1.12%
Presidential Electors for,Meriden,Harris and Walz,D,12425,56.72%
Presidential Electors for,Meriden,Trump and Vance,R,9175,41.88%
Presidential Electors for,Meriden,Stein and Ware,G,149,0.68%
Presidential Electors for,Meriden,Oliver and ter Maat,LI,53,0.24%
Presidential Electors for,Meriden,"Kennedy, Jr. and Shanahan",PC,102,0.47%
Presidential Electors for,Meriden,De la Cruz and Garcia,WI,1,0.00%
Presidential Electors for,Meriden,Fox and McVay,WI,0,0.00%
Presidential Electors for,Meriden,McNeil and McNeil,WI,0,0.00%
Presidential Electors for,Meriden,Potus and Kennedy,WI,0,0.00%
Presidential Electors for,Meriden,Ayyadurai and Ellis,WI,0,0.00%
Presidential Electors for,Meriden,Sonski and Onak,WI,2,0.01%
Presidential Electors for,Meriden,West and Abdullah,WI,0,0.00%
United States Senator,Meriden,Christopher S. Murphy,D,11821,56.34%
United States Senator,Meriden,Matthew M. Corey,R,7926,37.77%
United States Senator,Meriden,Christopher S. Murphy,WF,716,3.41%
United States Senator,Meriden,Justin C. Paglino,G,270,1.29%
United States Senator,Meriden,Robert Finley Hyde,CGG,250,1.19%
United States Senator,Meriden,John Flynn,WI,0,0.00%
Representative in Congress 5,Meriden,Jahana Hayes,D,12143,51.19%
Representative in Congress 5,Meriden,George Logan,R,10777,45.43%
Representative in Congress 5,Meriden,Jahana Hayes,WF,803,3.38%
Representative in Congress 5,Meriden,Ahmad AJ Darwish,WI,0,0.00%
Representative in Congress 5,Meriden,Bertram Ferguson,WI,0,0.00%
State Senator 13,Meriden,Jan Hochadel,D,10517,51.22%
State Senator 13,Meriden,Elain Cariati,R,8960,43.63%
State Senator 13,Meriden,Jan Hochadel,WF,509,2.48%
State Senator 13,Meriden,Gwen Samuel,IND,548,2.67%
State Senator 13,Meriden,Gwen Samuel,WI,0,0.00%
State Representative 82,Meriden,Michael D. Quinn,D,5120,57.59%
State Representative 82,Meriden,Lamar Terrell,R,3412,38.38%
State Representative 82,Meriden,Michael D. Quinn,WF,359,4.04%
State Representative 83,Meriden,Jack Fazzino,D,3339,52.68%
State Representative 83,Meriden,Joseph Vollano,R,2701,42.62%
State Representative 83,Meriden,Jack Fazzino,WF,190,3.00%
State Representative 83,Meriden,Jack Fazzino,IND,108,1.70%
State Representative 84,Meriden,Hilda E. Santiago,D,3719,100.00%
Registrar of Voters,Meriden,Staci M. Roy,D,11357,56.53%
Registrar of Voters,Meriden,Suzanne S. Flynn,R,8734,43.47%
Presidential Electors for,Middlebury,Harris and Walz,D,2209,43.21%
Presidential Electors for,Middlebury,Trump and Vance,R,2820,55.16%
Presidential Electors for,Middlebury,Stein and Ware,G,38,0.74%
Presidential Electors for,Middlebury,Oliver and ter Maat,LI,20,0.39%
Presidential Electors for,Middlebury,"Kennedy, Jr. and Shanahan",PC,25,0.49%
Presidential Electors for,Middlebury,De la Cruz and Garcia,WI,0,0.00%
Presidential Electors for,Middlebury,Fox and McVay,WI,0,0.00%
Presidential Electors for,Middlebury,McNeil and McNeil,WI,0,0.00%
Presidential Electors for,Middlebury,Potus and Kennedy,WI,0,0.00%
Presidential Electors for,Middlebury,Ayyadurai and Ellis,WI,0,0.00%
Presidential Electors for,Middlebury,Sonski and Onak,WI,0,0.00%
Presidential Electors for,Middlebury,West and Abdullah,WI,0,0.00%
United States Senator,Middlebury,Christopher S. Murphy,D,2127,42.47%
United States Senator,Middlebury,Matthew M. Corey,R,2695,53.81%
United States Senator,Middlebury,Christopher S. Murphy,WF,125,2.50%
United States Senator,Middlebury,Justin C. Paglino,G,33,0.66%
United States Senator,Middlebury,Robert Finley Hyde,CGG,28,0.56%
United States Senator,Middlebury,John Flynn,WI,0,0.00%
Representative in Congress 5,Middlebury,Jahana Hayes,D,2263,45.03%
Representative in Congress 5,Middlebury,George Logan,R,2671,53.15%
Representative in Congress 5,Middlebury,Jahana Hayes,WF,91,1.81%
Representative in Congress 5,Middlebury,Ahmad AJ Darwish,WI,0,0.00%
Representative in Congress 5,Middlebury,Bertram Ferguson,WI,0,0.00%
State Senator 15,Middlebury,Joan V. Hartley,D,596,75.16%
State Senator 15,Middlebury,Joan V. Hartley,IND,197,24.84%
State Senator 32,Middlebury,Jeff Desmarais,D,1576,43.13%
State Senator 32,Middlebury,Eric C. Berthel,R,2078,56.87%
State Representative 71,Middlebury,William J. Pizzuto,R,3507,100.00%
Presidential Electors for,Middlefield,Harris and Walz,D,0,0.00%
Presidential Electors for,Middlefield,Trump and Vance,R,0,0.00%
Presidential Electors for,Middlefield,Stein and Ware,G,0,0.00%
Presidential Electors for,Middlefield,Oliver and ter Maat,LI,0,0.00%
Presidential Electors for,Middlefield,"Kennedy, Jr. and Shanahan",PC,0,0.00%
Presidential Electors for,Middlefield,De la Cruz and Garcia,WI,0,0.00%
Presidential Electors for,Middlefield,Fox and McVay,WI,0,0.00%
Presidential Electors for,Middlefield,McNeil and McNeil,WI,0,0.00%
Presidential Electors for,Middlefield,Potus and Kennedy,WI,0,0.00%
Presidential Electors for,Middlefield,Ayyadurai and Ellis,WI,0,0.00%
Presidential Electors for,Middlefield,Sonski and Onak,WI,0,0.00%
Presidential Electors for,Middlefield,West and Abdullah,WI,0,0.00%
United States Senator,Middlefield,Christopher S. Murphy,D,0,0.00%
United States Senator,Middlefield,Matthew M. Corey,R,0,0.00%
United States Senator,Middlefield,Christopher S. Murphy,WF,0,0.00%
United States Senator,Middlefield,Justin C. Paglino,G,0,0.00%
United States Senator,Middlefield,Robert Finley Hyde,CGG,0,0.00%
United States Senator,Middlefield,John Flynn,WI,0,0.00%
Representative in Congress 3,Middlefield,Rosa L. DeLauro,D,0,0.00%
Representative in Congress 3,Middlefield,Michael Massey,R,0,0.00%
Representative in Congress 3,Middlefield,Michael Massey,IND,0,0.00%
Representative in Congress 3,Middlefield,Leo Almoney,WI,0,0.00%
Representative in Congress 3,Middlefield,Omar Scott Antar,WI,0,0.00%
Representative in Congress 3,Middlefield,Shahd Omar,WI,0,0.00%
State Senator 12,Middlefield,Christine Cohen,D,0,0.00%
State Senator 12,Middlefield,Paul Crisci,R,0,0.00%
State Senator 12,Middlefield,Christine Cohen,WF,0,0.00%
State Senator 12,Middlefield,Christine Cohen,IND,0,0.00%
State Senator 13,Middlefield,Jan Hochadel,D,0,0.00%
State Senator 13,Middlefield,Elain Cariati,R,0,0.00%
State Senator 13,Middlefield,Jan Hochadel,WF,0,0.00%
State Senator 13,Middlefield,Gwen Samuel,IND,0,0.00%
State Senator 13,Middlefield,Gwen Samuel,WI,0,0.00%
State Representative 90,Middlefield,Rebecca Hyland,D,0,0.00%
State Representative 90,Middlefield,Craig Fishbein,R,0,0.00%
State Representative 90,Middlefield,Rebecca Hyland,WF,0,0.00%
State Representative 90,Middlefield,Craig Fishbein,IND,0,0.00%
Judge of Probate 15 To Fill Vacancy,Middlefield,Phrances Leverton Szewczyk,D,0,0.00%
Presidential Electors for,Middletown,Harris and Walz,D,13986,63.53%
Presidential Electors for,Middletown,Trump and Vance,R,7611,34.57%
Presidential Electors for,Middletown,Stein and Ware,G,243,1.10%
Presidential Electors for,Middletown,Oliver and ter Maat,LI,86,0.39%
Presidential Electors for,Middletown,"Kennedy, Jr. and Shanahan",PC,88,0.40%
Presidential Electors for,Middletown,De la Cruz and Garcia,WI,0,0.00%
Presidential Electors for,Middletown,Fox and McVay,WI,0,0.00%
Presidential Electors for,Middletown,McNeil and McNeil,WI,0,0.00%
Presidential Electors for,Middletown,Potus and Kennedy,WI,0,0.00%
Presidential Electors for,Middletown,Ayyadurai and Ellis,WI,0,0.00%
Presidential Electors for,Middletown,Sonski and Onak,WI,0,0.00%
Presidential Electors for,Middletown,West and Abdullah,WI,0,0.00%
United States Senator,Middletown,Christopher S. Murphy,D,12912,60.38%
United States Senator,Middletown,Matthew M. Corey,R,6974,32.61%
United States Senator,Middletown,Christopher S. Murphy,WF,951,4.45%
United States Senator,Middletown,Justin C. Paglino,G,310,1.45%
United States Senator,Middletown,Robert Finley Hyde,CGG,238,1.11%
United States Senator,Middletown,John Flynn,WI,0,0.00%
Representative in Congress 1,Middletown,John B. Larson,D,6630,61.95%
Representative in Congress 1,Middletown,Jim Griffin,R,3333,31.14%
Representative in Congress 1,Middletown,John B. Larson,WF,427,3.99%
Representative in Congress 1,Middletown,Mary L. Sanders,G,312,2.92%
Representative in Congress 3,Middletown,Rosa L. DeLauro,D,6538,62.78%
Representative in Congress 3,Middletown,Michael Massey,R,3648,35.03%
Representative in Congress 3,Middletown,Michael Massey,IND,228,2.19%
Representative in Congress 3,Middletown,Leo Almoney,WI,0,0.00%
Representative in Congress 3,Middletown,Omar Scott Antar,WI,0,0.00%
Representative in Congress 3,Middletown,Shahd Omar,WI,0,0.00%
State Senator 9,Middletown,Matthew Lesser,D,8073,82.98%
State Senator 9,Middletown,Matthew Lesser,WF,951,9.77%
State Senator 9,Middletown,Matthew Lesser,IND,705,7.25%
State Senator 13,Middletown,Jan Hochadel,D,4811,55.01%
State Senator 13,Middletown,Elain Cariati,R,3354,38.35%
State Senator 13,Middletown,Jan Hochadel,WF,321,3.67%
State Senator 13,Middletown,Gwen Samuel,IND,259,2.96%
State Senator 13,Middletown,Gwen Samuel,WI,0,0.00%
State Representative 33,Middletown,Brandon Chafee,D,6510,75.87%
State Representative 33,Middletown,Brandon Chafee,IND,1080,12.59%
State Representative 33,Middletown,Robert Kyle Hoggard,WE,698,8.14%
State Representative 33,Middletown,Christine Leigh Rebstock,PC,292,3.40%
State Representative 100,Middletown,Kai Juanna Belton,D,6353,58.64%
State Representative 100,Middletown,Nigel Macon-Wilson,R,3949,36.45%
State Representative 100,Middletown,Kai Juanna Belton,WF,532,4.91%
Judge of Probate 15 To Fill Vacancy,Middletown,Phrances Leverton Szewczyk,D,15052,100.00%
Presidential Electors for,Milford,Harris and Walz,D,14420,47.14%
Presidential Electors for,Milford,Trump and Vance,R,14346,46.90%
Presidential Electors for,Milford,Stein and Ware,G,1505,4.92%
Presidential Electors for,Milford,Oliver and ter Maat,LI,104,0.34%
Presidential Electors for,Milford,"Kennedy, Jr. and Shanahan",PC,214,0.70%
Presidential Electors for,Milford,De la Cruz and Garcia,WI,1,0.00%
Presidential Electors for,Milford,Fox and McVay,WI,0,0.00%
Presidential Electors for,Milford,McNeil and McNeil,WI,0,0.00%
Presidential Electors for,Milford,Potus and Kennedy,WI,0,0.00%
Presidential Electors for,Milford,Ayyadurai and Ellis,WI,0,0.00%
Presidential Electors for,Milford,Sonski and Onak,WI,1,0.00%
Presidential Electors for,Milford,West and Abdullah,WI,0,0.00%
United States Senator,Milford,Christopher S. Murphy,D,15613,52.63%
United States Senator,Milford,Matthew M. Corey,R,12787,43.10%
United States Senator,Milford,Christopher S. Murphy,WF,822,2.77%
United States Senator,Milford,Justin C. Paglino,G,230,0.78%
United States Senator,Milford,Robert Finley Hyde,CGG,214,0.72%
United States Senator,Milford,John Flynn,WI,0,0.00%
Representative in Congress 3,Milford,Rosa L. DeLauro,D,15843,54.01%
Representative in Congress 3,Milford,Michael Massey,R,13020,44.39%
Representative in Congress 3,Milford,Michael Massey,IND,466,1.59%
Representative in Congress 3,Milford,Leo Almoney,WI,0,0.00%
Representative in Congress 3,Milford,Omar Scott Antar,WI,0,0.00%
Representative in Congress 3,Milford,Shahd Omar,WI,5,0.02%
State Senator 14,Milford,James Maroney,D,15657,53.73%
State Senator 14,Milford,Steven Johnstone,R,12664,43.46%
State Senator 14,Milford,James Maroney,IND,820,2.81%
State Representative 117,Milford,MJ Shannon,D,2924,52.03%
State Representative 117,Milford,Raymond V. Collins III,R,2499,44.47%
State Representative 117,Milford,MJ Shannon,WF,102,1.81%
State Representative 117,Milford,MJ Shannon,IND,95,1.69%
State Representative 118,Milford,Frank Smith,D,6800,53.15%
State Representative 118,Milford,Mark Macchio,R,5604,43.81%
State Representative 118,Milford,Frank Smith,WF,389,3.04%
State Representative 119,Milford,Etan Hirsch,D,4591,42.73%
State Representative 119,Milford,Kathy Kennedy,R,5909,55.00%
State Representative 119,Milford,Kathy Kennedy,IND,243,2.26%
Registrar of Voters,Milford,Kerri Rowland,D,15656,54.10%
Registrar of Voters,Milford,Debra Fellenbaum,R,13284,45.90%
Presidential Electors for,Monroe,Harris and Walz,D,5346,46.53%
Presidential Electors for,Monroe,Trump and Vance,R,5961,51.88%
Presidential Electors for,Monroe,Stein and Ware,G,61,0.53%
Presidential Electors for,Monroe,Oliver and ter Maat,LI,53,0.46%
Presidential Electors for,Monroe,"Kennedy, Jr. and Shanahan",PC,61,0.53%
Presidential Electors for,Monroe,De la Cruz and Garcia,WI,2,0.02%
Presidential Electors for,Monroe,Fox and McVay,WI,0,0.00%
Presidential Electors for,Monroe,McNeil and McNeil,WI,0,0.00%
Presidential Electors for,Monroe,Potus and Kennedy,WI,0,0.00%
Presidential Electors for,Monroe,Ayyadurai and Ellis,WI,0,0.00%
Presidential Electors for,Monroe,Sonski and Onak,WI,2,0.02%
Presidential Electors for,Monroe,West and Abdullah,WI,4,0.03%
United States Senator,Monroe,Christopher S. Murphy,D,5197,46.59%
United States Senator,Monroe,Matthew M. Corey,R,5546,49.72%
United States Senator,Monroe,Christopher S. Murphy,WF,252,2.26%
United States Senator,Monroe,Justin C. Paglino,G,64,0.57%
United States Senator,Monroe,Robert Finley Hyde,CGG,96,0.86%
United States Senator,Monroe,John Flynn,WI,0,0.00%
Representative in Congress 4,Monroe,Jim Himes,D,5314,47.74%
Representative in Congress 4,Monroe,Michael Goldstein,R,5586,50.19%
Representative in Congress 4,Monroe,Benjamin Wesley,IND,230,2.07%
State Senator 21,Monroe,Kevin C. Kelly,R,5104,100.00%
State Senator 22,Monroe,Sujata Gadkar-Wilcox,D,1554,43.05%
State Senator 22,Monroe,Chris Carrena,R,1982,54.90%
State Senator 22,Monroe,Robert Edward Halstead,IND,74,2.05%
State Senator 22,Monroe,Louis Anthony Bevilacqua,WI,0,0.00%
State Representative 112,Monroe,Beth Cliff,D,4360,39.29%
State Representative 112,Monroe,Tony Scott,R,6485,58.44%
State Representative 112,Monroe,Beth Cliff,WF,115,1.04%
State Representative 112,Monroe,Beth Cliff,IND,136,1.23%
Registrar of Voters,Monroe,Kate Briggs,D,4879,44.68%
Registrar of Voters,Monroe,Debra Dutches,R,6042,55.32%
Presidential Electors for,Montville,Harris and Walz,D,4316,48.74%
Presidential Electors for,Montville,Trump and Vance,R,4397,49.66%
Presidential Electors for,Montville,Stein and Ware,G,51,0.58%
Presidential Electors for,Montville,Oliver and ter Maat,LI,46,0.52%
Presidential Electors for,Montville,"Kennedy, Jr. and Shanahan",PC,45,0.51%
Presidential Electors for,Montville,De la Cruz and Garcia,WI,0,0.00%
Presidential Electors for,Montville,Fox and McVay,WI,0,0.00%
Presidential Electors for,Montville,McNeil and McNeil,WI,0,0.00%
Presidential Electors for,Montville,Potus and Kennedy,WI,0,0.00%
Presidential Electors for,Montville,Ayyadurai and Ellis,WI,0,0.00%
Presidential Electors for,Montville,Sonski and Onak,WI,0,0.00%
Presidential Electors for,Montville,West and Abdullah,WI,0,0.00%
United States Senator,Montville,Christopher S. Murphy,D,4131,48.69%
United States Senator,Montville,Matthew M. Corey,R,3928,46.29%
United States Senator,Montville,Christopher S. Murphy,WF,239,2.82%
United States Senator,Montville,Justin C. Paglino,G,71,0.84%
United States Senator,Montville,Robert Finley Hyde,CGG,116,1.37%
United States Senator,Montville,John Flynn,WI,0,0.00%
Representative in Congress 2,Montville,Joe Courtney,D,4714,55.31%
Representative in Congress 2,Montville,Mike France,R,3809,44.69%
Representative in Congress 2,Montville,"Kenneth Kusmierski, Jr.",WI,0,0.00%
Representative in Congress 2,Montville,Jeffery Russell,WI,0,0.00%
State Senator 19,Montville,Catherine A. Osten,D,1115,48.54%
State Senator 19,Montville,Jason Guidone,R,1075,46.80%
State Senator 19,Montville,Catherine A. Osten,WF,64,2.79%
State Senator 19,Montville,Catherine A. Osten,IND,43,1.87%
State Senator 20,Montville,Martha Marx,D,2800,45.85%
State Senator 20,Montville,Shaun Mastroianni,R,3051,49.96%
State Senator 20,Montville,Martha Marx,WF,133,2.18%
State Senator 20,Montville,Shaun Mastroianni,IND,123,2.01%
State Representative 37,Montville,Nick Menapace,D,974,43.93%
State Representative 37,Montville,Holly H. Cheeseman,R,1141,51.47%
State Representative 37,Montville,Nick Menapace,WF,58,2.62%
State Representative 37,Montville,Holly H. Cheeseman,IND,44,1.98%
State Representative 38,Montville,Nick Gauthier,D,1282,47.60%
State Representative 38,Montville,Kathleen M. McCarty,R,1296,48.12%
State Representative 38,Montville,Nick Gauthier,WF,71,2.64%
State Representative 38,Montville,Nick Gauthier,IND,44,1.63%
State Representative 139,Montville,Kevin Ryan,D,1675,47.65%
State Representative 139,Montville,Mark Adams,R,1711,48.68%
State Representative 139,Montville,Kevin Ryan,WF,82,2.33%
State Representative 139,Montville,Kevin Ryan,IND,47,1.34%
Registrar of Voters,Montville,Mary Hillman,D,4173,50.38%
Registrar of Voters,Montville,Jeff Rogers,R,4110,49.62%
Presidential Electors for,Morris,Harris and Walz,D,604,40.48%
Presidential Electors for,Morris,Trump and Vance,R,858,57.51%
Presidential Electors for,Morris,Stein and Ware,G,11,0.74%
Presidential Electors for,Morris,Oliver and ter Maat,LI,9,0.60%
Presidential Electors for,Morris,"Kennedy, Jr. and Shanahan",PC,10,0.67%
Presidential Electors for,Morris,De la Cruz and Garcia,WI,0,0.00%
Presidential Electors for,Morris,Fox and McVay,WI,0,0.00%
Presidential Electors for,Morris,McNeil and McNeil,WI,0,0.00%
Presidential Electors for,Morris,Potus and Kennedy,WI,0,0.00%
Presidential Electors for,Morris,Ayyadurai and Ellis,WI,0,0.00%
Presidential Electors for,Morris,Sonski and Onak,WI,0,0.00%
Presidential Electors for,Morris,West and Abdullah,WI,0,0.00%
United States Senator,Morris,Christopher S. Murphy,D,584,40.25%
United States Senator,Morris,Matthew M. Corey,R,813,56.03%
United States Senator,Morris,Christopher S. Murphy,WF,39,2.69%
United States Senator,Morris,Justin C. Paglino,G,9,0.62%
United States Senator,Morris,Robert Finley Hyde,CGG,6,0.41%
United States Senator,Morris,John Flynn,WI,0,0.00%
Representative in Congress 5,Morris,Jahana Hayes,D,576,39.16%
Representative in Congress 5,Morris,George Logan,R,855,58.12%
Representative in Congress 5,Morris,Jahana Hayes,WF,40,2.72%
Representative in Congress 5,Morris,Ahmad AJ Darwish,WI,0,0.00%
Representative in Congress 5,Morris,Bertram Ferguson,WI,0,0.00%
State Senator 30,Morris,Justin Potter,D,558,38.35%
State Senator 30,Morris,Stephen G. Harding,R,872,59.93%
State Senator 30,Morris,Stephen G. Harding,IND,25,1.72%
State Representative 66,Morris,Sharon Sherman,D,537,37.27%
State Representative 66,Morris,Karen Reddington-Hughes,R,904,62.73%
Registrar of Voters,Morris,Lawrence M. Sweeney,D,574,40.25%
Registrar of Voters,Morris,Maryann Petzold,R,852,59.75%
Presidential Electors for,Naugatuck,Harris and Walz,D,6252,44.35%
Presidential Electors for,Naugatuck,Trump and Vance,R,7647,54.25%
Presidential Electors for,Naugatuck,Stein and Ware,G,78,0.55%
Presidential Electors for,Naugatuck,Oliver and ter Maat,LI,51,0.36%
Presidential Electors for,Naugatuck,"Kennedy, Jr. and Shanahan",PC,57,0.40%
Presidential Electors for,Naugatuck,De la Cruz and Garcia,WI,3,0.02%
Presidential Electors for,Naugatuck,Fox and McVay,WI,0,0.00%
Presidential Electors for,Naugatuck,McNeil and McNeil,WI,0,0.00%
Presidential Electors for,Naugatuck,Potus and Kennedy,WI,0,0.00%
Presidential Electors for,Naugatuck,Ayyadurai and Ellis,WI,0,0.00%
Presidential Electors for,Naugatuck,Sonski and Onak,WI,6,0.04%
Presidential Electors for,Naugatuck,West and Abdullah,WI,2,0.01%
United States Senator,Naugatuck,Christopher S. Murphy,D,6024,44.52%
United States Senator,Naugatuck,Matthew M. Corey,R,6658,49.21%
United States Senator,Naugatuck,Christopher S. Murphy,WF,551,4.07%
United States Senator,Naugatuck,Justin C. Paglino,G,123,0.91%
United States Senator,Naugatuck,Robert Finley Hyde,CGG,175,1.29%
United States Senator,Naugatuck,John Flynn,WI,0,0.00%
Representative in Congress 3,Naugatuck,Rosa L. DeLauro,D,6506,48.57%
Representative in Congress 3,Naugatuck,Michael Massey,R,6617,49.40%
Representative in Congress 3,Naugatuck,Michael Massey,IND,272,2.03%
Representative in Congress 3,Naugatuck,Leo Almoney,WI,0,0.00%
Representative in Congress 3,Naugatuck,Omar Scott Antar,WI,0,0.00%
Representative in Congress 3,Naugatuck,Shahd Omar,WI,0,0.00%
State Senator 15,Naugatuck,Joan V. Hartley,D,2659,80.53%
State Senator 15,Naugatuck,Joan V. Hartley,IND,643,19.47%
State Senator 17,Naugatuck,Jorge Cabrera,D,4038,74.31%
State Senator 17,Naugatuck,Jorge Cabrera,WF,842,15.50%
State Senator 17,Naugatuck,Jorge Cabrera,IND,554,10.20%
State Representative 70,Naugatuck,Jeff Litke,D,4257,41.72%
State Representative 70,Naugatuck,Seth Bronko,R,5618,55.06%
State Representative 70,Naugatuck,Jeff Litke,IND,328,3.21%
State Representative 131,Naugatuck,Ellen S. Fox,D,1418,44.87%
State Representative 131,Naugatuck,Arnold Jensen,R,1649,52.18%
State Representative 131,Naugatuck,Ellen S. Fox,IND,93,2.94%
Registrar of Voters,Naugatuck,Louise Sheedy,D,6312,48.36%
Registrar of Voters,Naugatuck,Matthew R. Katra,R,6740,51.64%
Presidential Electors for,New Britain,Harris and Walz,D,13503,60.86%
Presidential Electors for,New Britain,Trump and Vance,R,8282,37.33%
Presidential Electors for,New Britain,Stein and Ware,G,247,1.11%
Presidential Electors for,New Britain,Oliver and ter Maat,LI,52,0.23%
Presidential Electors for,New Britain,"Kennedy, Jr. and Shanahan",PC,101,0.46%
Presidential Electors for,New Britain,De la Cruz and Garcia,WI,0,0.00%
Presidential Electors for,New Britain,Fox and McVay,WI,0,0.00%
Presidential Electors for,New Britain,McNeil and McNeil,WI,0,0.00%
Presidential Electors for,New Britain,Potus and Kennedy,WI,0,0.00%
Presidential Electors for,New Britain,Ayyadurai and Ellis,WI,0,0.00%
Presidential Electors for,New Britain,Sonski and Onak,WI,0,0.00%
Presidential Electors for,New Britain,West and Abdullah,WI,1,0.00%
United States Senator,New Britain,Christopher S. Murphy,D,12986,61.27%
United States Senator,New Britain,Matthew M. Corey,R,6842,32.28%
United States Senator,New Britain,Christopher S. Murphy,WF,812,3.83%
United States Senator,New Britain,Justin C. Paglino,G,264,1.25%
United States Senator,New Britain,Robert Finley Hyde,CGG,289,1.36%
United States Senator,New Britain,John Flynn,WI,0,0.00%
Representative in Congress 5,New Britain,Jahana Hayes,D,13001,60.64%
Representative in Congress 5,New Britain,George Logan,R,7558,35.25%
Representative in Congress 5,New Britain,Jahana Hayes,WF,880,4.10%
Representative in Congress 5,New Britain,Ahmad AJ Darwish,WI,0,0.00%
Representative in Congress 5,New Britain,Bertram Ferguson,WI,0,0.00%
State Senator 6,New Britain,Rick Lopes,D,12635,60.79%
State Senator 6,New Britain,Tremell Collins,R,7196,34.62%
State Senator 6,New Britain,Rick Lopes,WF,954,4.59%
State Representative 24,New Britain,"Emmanuel ""Manny"" Sanchez",D,4700,60.98%
State Representative 24,New Britain,Alden Russell,R,2631,34.13%
State Representative 24,New Britain,"Emmanuel ""Manny"" Sanchez",WF,362,4.70%
State Representative 24,New Britain,Alfred P. Mayo,PC,15,0.19%
State Representative 25,New Britain,"Robert ""Bobby"" Sanchez",D,3614,70.08%
State Representative 25,New Britain,Jamie Vaughan,R,1543,29.92%
State Representative 26,New Britain,David DeFronzo,D,4042,55.78%
State Representative 26,New Britain,Barbara Marino,R,2910,40.16%
State Representative 26,New Britain,David DeFronzo,WF,294,4.06%
State Representative 27,New Britain,Gary Turco,D,498,77.57%
State Representative 27,New Britain,Gary Turco,WF,39,6.07%
State Representative 27,New Britain,Stephen P. Ellis,PC,105,16.36%
Registrar of Voters,New Britain,Lucian J. Pawlak,D,13213,64.52%
Registrar of Voters,New Britain,Peter J. Gostin,R,7265,35.48%
Presidential Electors for,New Canaan,Harris and Walz,D,6014,55.47%
Presidential Electors for,New Canaan,Trump and Vance,R,4600,42.43%
Presidential Electors for,New Canaan,Stein and Ware,G,57,0.53%
Presidential Electors for,New Canaan,Oliver and ter Maat,LI,96,0.89%
Presidential Electors for,New Canaan,"Kennedy, Jr. and Shanahan",PC,71,0.65%
Presidential Electors for,New Canaan,De la Cruz and Garcia,WI,0,0.00%
Presidential Electors for,New Canaan,Fox and McVay,WI,0,0.00%
Presidential Electors for,New Canaan,McNeil and McNeil,WI,0,0.00%
Presidential Electors for,New Canaan,Potus and Kennedy,WI,0,0.00%
Presidential Electors for,New Canaan,Ayyadurai and Ellis,WI,2,0.02%
Presidential Electors for,New Canaan,Sonski and Onak,WI,0,0.00%
Presidential Electors for,New Canaan,West and Abdullah,WI,1,0.01%
United States Senator,New Canaan,Christopher S. Murphy,D,5498,50.74%
United States Senator,New Canaan,Matthew M. Corey,R,5149,47.52%
United States Senator,New Canaan,Christopher S. Murphy,WF,107,0.99%
United States Senator,New Canaan,Justin C. Paglino,G,42,0.39%
United States Senator,New Canaan,Robert Finley Hyde,CGG,40,0.37%
United States Senator,New Canaan,John Flynn,WI,0,0.00%
Representative in Congress 4,New Canaan,Jim Himes,D,5661,52.14%
Representative in Congress 4,New Canaan,Michael Goldstein,R,5093,46.91%
Representative in Congress 4,New Canaan,Benjamin Wesley,IND,104,0.96%
State Senator 26,New Canaan,Ceci Maher,D,890,47.90%
State Senator 26,New Canaan,Kami Evans,R,947,50.97%
State Senator 26,New Canaan,Kami Evans,IND,21,1.13%
State Senator 36,New Canaan,Nick Simmons,D,3648,40.61%
State Senator 36,New Canaan,Ryan Fazio,R,5227,58.19%
State Senator 36,New Canaan,Nick Simmons,IND,108,1.20%
State Representative 42,New Canaan,Savet Constantine,D,399,41.09%
State Representative 42,New Canaan,Kim Healy,R,556,57.26%
State Representative 42,New Canaan,Kim Healy,IND,16,1.65%
State Representative 125,New Canaan,Jason Bennett,D,2753,37.43%
State Representative 125,New Canaan,Tom O'Dea,R,4603,62.57%
State Representative 142,New Canaan,Lucy Dathan,D,599,89.27%
State Representative 142,New Canaan,Lucy Dathan,WF,72,10.73%
Registrar of Voters,New Canaan,Elizabeth Orteig,D,4859,45.56%
Registrar of Voters,New Canaan,Joan McLaughlin,R,5805,54.44%
Presidential Electors for,New Fairfield,Harris and Walz,D,3653,44.31%
Presidential Electors for,New Fairfield,Trump and Vance,R,4485,54.40%
Presidential Electors for,New Fairfield,Stein and Ware,G,37,0.45%
Presidential Electors for,New Fairfield,Oliver and ter Maat,LI,30,0.36%
Presidential Electors for,New Fairfield,"Kennedy, Jr. and Shanahan",PC,40,0.49%
Presidential Electors for,New Fairfield,De la Cruz and Garcia,WI,0,0.00%
Presidential Electors for,New Fairfield,Fox and McVay,WI,0,0.00%
Presidential Electors for,New Fairfield,McNeil and McNeil,WI,0,0.00%
Presidential Electors for,New Fairfield,Potus and Kennedy,WI,0,0.00%
Presidential Electors for,New Fairfield,Ayyadurai and Ellis,WI,0,0.00%
Presidential Electors for,New Fairfield,Sonski and Onak,WI,0,0.00%
Presidential Electors for,New Fairfield,West and Abdullah,WI,0,0.00%
United States Senator,New Fairfield,Christopher S. Murphy,D,3512,43.77%
United States Senator,New Fairfield,Matthew M. Corey,R,4235,52.79%
United States Senator,New Fairfield,Christopher S. Murphy,WF,191,2.38%
United States Senator,New Fairfield,Justin C. Paglino,G,34,0.42%
United States Senator,New Fairfield,Robert Finley Hyde,CGG,51,0.64%
United States Senator,New Fairfield,John Flynn,WI,0,0.00%
Representative in Congress 5,New Fairfield,Jahana Hayes,D,3430,42.67%
Representative in Congress 5,New Fairfield,George Logan,R,4422,55.01%
Representative in Congress 5,New Fairfield,Jahana Hayes,WF,186,2.31%
Representative in Congress 5,New Fairfield,Ahmad AJ Darwish,WI,0,0.00%
Representative in Congress 5,New Fairfield,Bertram Ferguson,WI,0,0.00%
State Senator 24,New Fairfield,Julie Kushner,D,1991,41.89%
State Senator 24,New Fairfield,Michelle Coelho,R,2587,54.43%
State Senator 24,New Fairfield,Julie Kushner,WF,108,2.27%
State Senator 24,New Fairfield,Michelle Coelho,IND,67,1.41%
State Senator 30,New Fairfield,Justin Potter,D,1374,42.33%
State Senator 30,New Fairfield,Stephen G. Harding,R,1829,56.35%
State Senator 30,New Fairfield,Stephen G. Harding,IND,43,1.32%
State Representative 108,New Fairfield,Anne Weisberg,D,2881,36.08%
State Representative 108,New Fairfield,Patrick Callahan,R,4963,62.16%
State Representative 108,New Fairfield,Anne Weisberg,WF,140,1.75%
Registrar of Voters,New Fairfield,Elisa Beckett-Flores,D,3352,42.38%
Registrar of Voters,New Fairfield,Daniel McDermott,R,4557,57.62%
Presidential Electors for,New Hartford,Harris and Walz,D,2043,46.01%
Presidential Electors for,New Hartford,Trump and Vance,R,2323,52.32%
Presidential Electors for,New Hartford,Stein and Ware,G,21,0.47%
Presidential Electors for,New Hartford,Oliver and ter Maat,LI,21,0.47%
Presidential Electors for,New Hartford,"Kennedy, Jr. and Shanahan",PC,32,0.72%
Presidential Electors for,New Hartford,De la Cruz and Garcia,WI,0,0.00%
Presidential Electors for,New Hartford,Fox and McVay,WI,0,0.00%
Presidential Electors for,New Hartford,McNeil and McNeil,WI,0,0.00%
Presidential Electors for,New Hartford,Potus and Kennedy,WI,0,0.00%
Presidential Electors for,New Hartford,Ayyadurai and Ellis,WI,0,0.00%
Presidential Electors for,New Hartford,Sonski and Onak,WI,0,0.00%
Presidential Electors for,New Hartford,West and Abdullah,WI,0,0.00%
United States Senator,New Hartford,Christopher S. Murphy,D,1965,44.67%
United States Senator,New Hartford,Matthew M. Corey,R,2267,51.53%
United States Senator,New Hartford,Christopher S. Murphy,WF,97,2.21%
United States Senator,New Hartford,Justin C. Paglino,G,32,0.73%
United States Senator,New Hartford,Robert Finley Hyde,CGG,38,0.86%
United States Senator,New Hartford,John Flynn,WI,0,0.00%
Representative in Congress 1,New Hartford,John B. Larson,D,1958,44.94%
Representative in Congress 1,New Hartford,Jim Griffin,R,2241,51.43%
Representative in Congress 1,New Hartford,John B. Larson,WF,103,2.36%
Representative in Congress 1,New Hartford,Mary L. Sanders,G,55,1.26%
State Senator 8,New Hartford,Paul Honig,D,1838,42.02%
State Senator 8,New Hartford,Lisa Seminara,R,2388,54.60%
State Senator 8,New Hartford,Paul Honig,WF,86,1.97%
State Senator 8,New Hartford,Lisa Seminara,IND,62,1.42%
State Representative 62,New Hartford,Kim Becker,D,1814,41.60%
State Representative 62,New Hartford,Mark W. Anderson,R,2415,55.38%
State Representative 62,New Hartford,Kim Becker,WF,68,1.56%
State Representative 62,New Hartford,Mark W. Anderson,IND,64,1.47%
Registrar of Voters,New Hartford,Saquana Seltzer,D,1853,43.23%
Registrar of Voters,New Hartford,Catherine Farmer-McCann,R,2433,56.77%
Presidential Electors for,New Haven,Harris and Walz,D,0,0.00%
Presidential Electors for,New Haven,Trump and Vance,R,0,0.00%
Presidential Electors for,New Haven,Stein and Ware,G,0,0.00%
Presidential Electors for,New Haven,Oliver and ter Maat,LI,0,0.00%
Presidential Electors for,New Haven,"Kennedy, Jr. and Shanahan",PC,0,0.00%
Presidential Electors for,New Haven,De la Cruz and Garcia,WI,0,0.00%
Presidential Electors for,New Haven,Fox and McVay,WI,0,0.00%
Presidential Electors for,New Haven,McNeil and McNeil,WI,0,0.00%
Presidential Electors for,New Haven,Potus and Kennedy,WI,0,0.00%
Presidential Electors for,New Haven,Ayyadurai and Ellis,WI,0,0.00%
Presidential Electors for,New Haven,Sonski and Onak,WI,0,0.00%
Presidential Electors for,New Haven,West and Abdullah,WI,0,0.00%
United States Senator,New Haven,Christopher S. Murphy,D,0,0.00%
United States Senator,New Haven,Matthew M. Corey,R,0,0.00%
United States Senator,New Haven,Christopher S. Murphy,WF,0,0.00%
United States Senator,New Haven,Justin C. Paglino,G,0,0.00%
United States Senator,New Haven,Robert Finley Hyde,CGG,0,0.00%
United States Senator,New Haven,John Flynn,WI,0,0.00%
Representative in Congress 3,New Haven,Rosa L. DeLauro,D,0,0.00%
Representative in Congress 3,New Haven,Michael Massey,R,0,0.00%
Representative in Congress 3,New Haven,Michael Massey,IND,0,0.00%
Representative in Congress 3,New Haven,Leo Almoney,WI,0,0.00%
Representative in Congress 3,New Haven,Omar Scott Antar,WI,0,0.00%
Representative in Congress 3,New Haven,Shahd Omar,WI,0,0.00%
State Senator 10,New Haven,Gary Winfield,D,0,0.00%
State Senator 10,New Haven,Nyrell Moore,R,0,0.00%
State Senator 10,New Haven,Gary Winfield,WF,0,0.00%
State Senator 10,New Haven,Nyrell Moore,IND,0,0.00%
State Senator 11,New Haven,Martin M. Looney,D,0,0.00%
State Senator 11,New Haven,Steven Orosco,R,0,0.00%
State Representative 92,New Haven,Patricia A. Dillon,D,0,0.00%
State Representative 92,New Haven,Morris Sumpter,R,0,0.00%
State Representative 93,New Haven,Toni E. Walker,D,0,0.00%
State Representative 94,New Haven,Steven B. Winter,D,0,0.00%
State Representative 95,New Haven,Juan Candelaria,D,0,0.00%
State Representative 96,New Haven,Roland J. Lemar,D,0,0.00%
State Representative 96,New Haven,Andrea DiLieto Zola,R,0,0.00%
State Representative 96,New Haven,Andrea DiLieto Zola,IND,0,0.00%
State Representative 97,New Haven,Alphonse Paolillo Jr.,D,0,0.00%
State Representative 97,New Haven,Anthony Acri,R,0,0.00%
Registrar of Voters,New Haven,Shannel Evans,D,0,0.00%
Registrar of Voters,New Haven,Lisa Milone,R,0,0.00%
Registrar of Voters,New Haven,Paul A. Garlinghouse,G,0,0.00%
Presidential Electors for,Newington,Harris and Walz,D,9125,54.88%
Presidential Electors for,Newington,Trump and Vance,R,7196,43.28%
Presidential Electors for,Newington,Stein and Ware,G,171,1.03%
Presidential Electors for,Newington,Oliver and ter Maat,LI,56,0.34%
Presidential Electors for,Newington,"Kennedy, Jr. and Shanahan",PC,78,0.47%
Presidential Electors for,Newington,De la Cruz and Garcia,WI,0,0.00%
Presidential Electors for,Newington,Fox and McVay,WI,0,0.00%
Presidential Electors for,Newington,McNeil and McNeil,WI,0,0.00%
Presidential Electors for,Newington,Potus and Kennedy,WI,0,0.00%
Presidential Electors for,Newington,Ayyadurai and Ellis,WI,0,0.00%
Presidential Electors for,Newington,Sonski and Onak,WI,0,0.00%
Presidential Electors for,Newington,West and Abdullah,WI,0,0.00%
United States Senator,Newington,Christopher S. Murphy,D,8871,55.09%
United States Senator,Newington,Matthew M. Corey,R,6464,40.14%
United States Senator,Newington,Christopher S. Murphy,WF,480,2.98%
United States Senator,Newington,Justin C. Paglino,G,143,0.89%
United States Senator,Newington,Robert Finley Hyde,CGG,145,0.90%
United States Senator,Newington,John Flynn,WI,0,0.00%
Representative in Congress 1,Newington,John B. Larson,D,8834,56.00%
Representative in Congress 1,Newington,Jim Griffin,R,6078,38.53%
Representative in Congress 1,Newington,John B. Larson,WF,517,3.28%
Representative in Congress 1,Newington,Mary L. Sanders,G,345,2.19%
State Senator 9,Newington,Matthew Lesser,D,9481,81.33%
State Senator 9,Newington,Matthew Lesser,WF,1365,11.71%
State Senator 9,Newington,Matthew Lesser,IND,811,6.96%
State Representative 20,Newington,Kate Farrar,D,2748,82.62%
State Representative 20,Newington,Kate Farrar,WF,578,17.38%
State Representative 27,Newington,Gary Turco,D,6807,76.87%
State Representative 27,Newington,Gary Turco,WF,1052,11.88%
State Representative 27,Newington,Stephen P. Ellis,PC,996,11.25%
Presidential Electors for,New London,Harris and Walz,D,6262,70.68%
Presidential Electors for,New London,Trump and Vance,R,2420,27.31%
Presidential Electors for,New London,Stein and Ware,G,105,1.19%
Presidential Electors for,New London,Oliver and ter Maat,LI,24,0.27%
Presidential Electors for,New London,"Kennedy, Jr. and Shanahan",PC,49,0.55%
Presidential Electors for,New London,De la Cruz and Garcia,WI,0,0.00%
Presidential Electors for,New London,Fox and McVay,WI,0,0.00%
Presidential Electors for,New London,McNeil and McNeil,WI,0,0.00%
Presidential Electors for,New London,Potus and Kennedy,WI,0,0.00%
Presidential Electors for,New London,Ayyadurai and Ellis,WI,0,0.00%
Presidential Electors for,New London,Sonski and Onak,WI,0,0.00%
Presidential Electors for,New London,West and Abdullah,WI,0,0.00%
United States Senator,New London,Christopher S. Murphy,D,5799,69.52%
United States Senator,New London,Matthew M. Corey,R,1896,22.73%
United States Senator,New London,Christopher S. Murphy,WF,381,4.57%
United States Senator,New London,Justin C. Paglino,G,154,1.85%
United States Senator,New London,Robert Finley Hyde,CGG,112,1.34%
United States Senator,New London,John Flynn,WI,0,0.00%
Representative in Congress 2,New London,Joe Courtney,D,6357,77.03%
Representative in Congress 2,New London,Mike France,R,1896,22.97%
Representative in Congress 2,New London,"Kenneth Kusmierski, Jr.",WI,0,0.00%
Representative in Congress 2,New London,Jeffery Russell,WI,0,0.00%
State Senator 20,New London,Martha Marx,D,5437,65.90%
State Senator 20,New London,Shaun Mastroianni,R,2231,27.04%
State Senator 20,New London,Martha Marx,WF,384,4.65%
State Senator 20,New London,Shaun Mastroianni,IND,199,2.41%
State Representative 39,New London,Anthony Nolan,D,4819,73.02%
State Representative 39,New London,Beloved Grace Carter,R,1277,19.35%
State Representative 39,New London,Anthony Nolan,WF,504,7.64%
State Representative 40,New London,Christine Conley,D,1233,69.86%
State Representative 40,New London,Susan Deane-Shinbrot,R,451,25.55%
State Representative 40,New London,Christine Conley,WF,45,2.55%
State Representative 40,New London,Christine Conley,IND,36,2.04%
Presidential Electors for,New Milford,Harris and Walz,D,0,0.00%
Presidential Electors for,New Milford,Trump and Vance,R,0,0.00%
Presidential Electors for,New Milford,Stein and Ware,G,0,0.00%
Presidential Electors for,New Milford,Oliver and ter Maat,LI,0,0.00%
Presidential Electors for,New Milford,"Kennedy, Jr. and Shanahan",PC,0,0.00%
Presidential Electors for,New Milford,De la Cruz and Garcia,WI,0,0.00%
Presidential Electors for,New Milford,Fox and McVay,WI,0,0.00%
Presidential Electors for,New Milford,McNeil and McNeil,WI,0,0.00%
Presidential Electors for,New Milford,Potus and Kennedy,WI,0,0.00%
Presidential Electors for,New Milford,Ayyadurai and Ellis,WI,0,0.00%
Presidential Electors for,New Milford,Sonski and Onak,WI,0,0.00%
Presidential Electors for,New Milford,West and Abdullah,WI,0,0.00%
United States Senator,New Milford,Christopher S. Murphy,D,0,0.00%
United States Senator,New Milford,Matthew M. Corey,R,0,0.00%
United States Senator,New Milford,Christopher S. Murphy,WF,0,0.00%
United States Senator,New Milford,Justin C. Paglino,G,0,0.00%
United States Senator,New Milford,Robert Finley Hyde,CGG,0,0.00%
United States Senator,New Milford,John Flynn,WI,0,0.00%
Representative in Congress 5,New Milford,Jahana Hayes,D,0,0.00%
Representative in Congress 5,New Milford,George Logan,R,0,0.00%
Representative in Congress 5,New Milford,Jahana Hayes,WF,0,0.00%
Representative in Congress 5,New Milford,Ahmad AJ Darwish,WI,0,0.00%
Representative in Congress 5,New Milford,Bertram Ferguson,WI,0,0.00%
State Senator 30,New Milford,Justin Potter,D,0,0.00%
State Senator 30,New Milford,Stephen G. Harding,R,0,0.00%
State Senator 30,New Milford,Stephen G. Harding,IND,0,0.00%
State Representative 67,New Milford,Alexandra Thomas,D,0,0.00%
State Representative 67,New Milford,William Buckbee,R,0,0.00%
State Representative 67,New Milford,William Buckbee,IND,0,0.00%
State Representative 69,New Milford,Ed Edelson,D,0,0.00%
State Representative 69,New Milford,Jason Buchsbaum,R,0,0.00%
State Representative 108,New Milford,Anne Weisberg,D,0,0.00%
State Representative 108,New Milford,Patrick Callahan,R,0,0.00%
State Representative 108,New Milford,Anne Weisberg,WF,0,0.00%
Presidential Electors for,Newtown,Harris and Walz,D,9305,53.94%
Presidential Electors for,Newtown,Trump and Vance,R,7620,44.17%
Presidential Electors for,Newtown,Stein and Ware,G,141,0.82%
Presidential Electors for,Newtown,Oliver and ter Maat,LI,83,0.48%
Presidential Electors for,Newtown,"Kennedy, Jr. and Shanahan",PC,101,0.59%
Presidential Electors for,Newtown,De la Cruz and Garcia,WI,2,0.01%
Presidential Electors for,Newtown,Fox and McVay,WI,0,0.00%
Presidential Electors for,Newtown,McNeil and McNeil,WI,0,0.00%
Presidential Electors for,Newtown,Potus and Kennedy,WI,0,0.00%
Presidential Electors for,Newtown,Ayyadurai and Ellis,WI,0,0.00%
Presidential Electors for,Newtown,Sonski and Onak,WI,0,0.00%
Presidential Electors for,Newtown,West and Abdullah,WI,0,0.00%
United States Senator,Newtown,Christopher S. Murphy,D,9083,53.46%
United States Senator,Newtown,Matthew M. Corey,R,7327,43.13%
United States Senator,Newtown,Christopher S. Murphy,WF,374,2.20%
United States Senator,Newtown,Justin C. Paglino,G,106,0.62%
United States Senator,Newtown,Robert Finley Hyde,CGG,100,0.59%
United States Senator,Newtown,John Flynn,WI,0,0.00%
Representative in Congress 5,Newtown,Jahana Hayes,D,8727,51.34%
Representative in Congress 5,Newtown,George Logan,R,7904,46.50%
Representative in Congress 5,Newtown,Jahana Hayes,WF,366,2.15%
Representative in Congress 5,Newtown,Ahmad AJ Darwish,WI,0,0.00%
Representative in Congress 5,Newtown,Bertram Ferguson,WI,0,0.00%
State Senator 28,Newtown,Rob Blanchard,D,7470,44.18%
State Senator 28,Newtown,Tony Hwang,R,9026,53.39%
State Senator 28,Newtown,Tony Hwang,IND,411,2.43%
State Representative 106,Newtown,Michelle Embree Ku,D,7248,46.32%
State Representative 106,Newtown,Mitch Bolinsky,R,8106,51.81%
State Representative 106,Newtown,Michelle Embree Ku,IND,293,1.87%
State Representative 107,Newtown,Aaron Zimmer,D,586,47.45%
State Representative 107,Newtown,Martin J. Foncello,R,611,49.47%
State Representative 107,Newtown,Aaron Zimmer,WF,19,1.54%
State Representative 107,Newtown,Aaron Zimmer,IND,19,1.54%
Registrar of Voters,Newtown,LeReine Frampton,D,8176,50.34%
Registrar of Voters,Newtown,Erica Canfield,R,8066,49.66%
Presidential Electors for,Norfolk,Harris and Walz,D,0,0.00%
Presidential Electors for,Norfolk,Trump and Vance,R,0,0.00%
Presidential Electors for,Norfolk,Stein and Ware,G,0,0.00%
Presidential Electors for,Norfolk,Oliver and ter Maat,LI,0,0.00%
Presidential Electors for,Norfolk,"Kennedy, Jr. and Shanahan",PC,0,0.00%
Presidential Electors for,Norfolk,De la Cruz and Garcia,WI,0,0.00%
Presidential Electors for,Norfolk,Fox and McVay,WI,0,0.00%
Presidential Electors for,Norfolk,McNeil and McNeil,WI,0,0.00%
Presidential Electors for,Norfolk,Potus and Kennedy,WI,0,0.00%
Presidential Electors for,Norfolk,Ayyadurai and Ellis,WI,0,0.00%
Presidential Electors for,Norfolk,Sonski and Onak,WI,0,0.00%
Presidential Electors for,Norfolk,West and Abdullah,WI,0,0.00%
United States Senator,Norfolk,Christopher S. Murphy,D,0,0.00%
United States Senator,Norfolk,Matthew M. Corey,R,0,0.00%
United States Senator,Norfolk,Christopher S. Murphy,WF,0,0.00%
United States Senator,Norfolk,Justin C. Paglino,G,0,0.00%
United States Senator,Norfolk,Robert Finley Hyde,CGG,0,0.00%
United States Senator,Norfolk,John Flynn,WI,0,0.00%
Representative in Congress 5,Norfolk,Jahana Hayes,D,0,0.00%
Representative in Congress 5,Norfolk,George Logan,R,0,0.00%
Representative in Congress 5,Norfolk,Jahana Hayes,WF,0,0.00%
Representative in Congress 5,Norfolk,Ahmad AJ Darwish,WI,0,0.00%
Representative in Congress 5,Norfolk,Bertram Ferguson,WI,0,0.00%
State Senator 8,Norfolk,Paul Honig,D,0,0.00%
State Senator 8,Norfolk,Lisa Seminara,R,0,0.00%
State Senator 8,Norfolk,Paul Honig,WF,0,0.00%
State Senator 8,Norfolk,Lisa Seminara,IND,0,0.00%
State Representative 64,Norfolk,Maria Horn,D,0,0.00%
State Representative 64,Norfolk,Barbara L. Breor,R,0,0.00%
State Representative 64,Norfolk,Maria Horn,WF,0,0.00%
State Representative 64,Norfolk,Maria Horn,IND,0,0.00%
Registrar of Voters,Norfolk,Danese Perron,D,0,0.00%
Presidential Electors for,North Branford,Harris and Walz,D,3042,39.89%
Presidential Electors for,North Branford,Trump and Vance,R,4486,58.83%
Presidential Electors for,North Branford,Stein and Ware,G,32,0.42%
Presidential Electors for,North Branford,Oliver and ter Maat,LI,29,0.38%
Presidential Electors for,North Branford,"Kennedy, Jr. and Shanahan",PC,37,0.49%
Presidential Electors for,North Branford,De la Cruz and Garcia,WI,0,0.00%
Presidential Electors for,North Branford,Fox and McVay,WI,0,0.00%
Presidential Electors for,North Branford,McNeil and McNeil,WI,0,0.00%
Presidential Electors for,North Branford,Potus and Kennedy,WI,0,0.00%
Presidential Electors for,North Branford,Ayyadurai and Ellis,WI,0,0.00%
Presidential Electors for,North Branford,Sonski and Onak,WI,0,0.00%
Presidential Electors for,North Branford,West and Abdullah,WI,0,0.00%
United States Senator,North Branford,Christopher S. Murphy,D,2924,39.72%
United States Senator,North Branford,Matthew M. Corey,R,4120,55.96%
United States Senator,North Branford,Christopher S. Murphy,WF,220,2.99%
United States Senator,North Branford,Justin C. Paglino,G,35,0.48%
United States Senator,North Branford,Robert Finley Hyde,CGG,63,0.86%
United States Senator,North Branford,John Flynn,WI,0,0.00%
Representative in Congress 3,North Branford,Rosa L. DeLauro,D,3061,41.57%
Representative in Congress 3,North Branford,Michael Massey,R,4200,57.04%
Representative in Congress 3,North Branford,Michael Massey,IND,102,1.39%
Representative in Congress 3,North Branford,Leo Almoney,WI,0,0.00%
Representative in Congress 3,North Branford,Omar Scott Antar,WI,0,0.00%
Representative in Congress 3,North Branford,Shahd Omar,WI,0,0.00%
State Senator 12,North Branford,Christine Cohen,D,2514,38.60%
State Senator 12,North Branford,Paul Crisci,R,3797,58.30%
State Senator 12,North Branford,Christine Cohen,WF,113,1.73%
State Senator 12,North Branford,Christine Cohen,IND,89,1.37%
State Senator 34,North Branford,Brandi Mandato,D,216,26.54%
State Senator 34,North Branford,Paul Cicarella,R,565,69.41%
State Senator 34,North Branford,Brandi Mandato,WF,15,1.84%
State Senator 34,North Branford,Paul Cicarella,IND,13,1.60%
State Senator 34,North Branford,David A. Bedell,G,5,0.61%
State Representative 86,North Branford,Vincent J. Candelora,R,5713,100.00%
Registrar of Voters,North Branford,Marlene K. Esposito,D,2797,39.25%
Registrar of Voters,North Branford,Lisa Dostie Fitch,R,4330,60.75%
Presidential Electors for,North Canaan,Harris and Walz,D,667,47.47%
Presidential Electors for,North Canaan,Trump and Vance,R,725,51.60%
Presidential Electors for,North Canaan,Stein and Ware,G,4,0.28%
Presidential Electors for,North Canaan,Oliver and ter Maat,LI,0,0.00%
Presidential Electors for,North Canaan,"Kennedy, Jr. and Shanahan",PC,9,0.64%
Presidential Electors for,North Canaan,De la Cruz and Garcia,WI,0,0.00%
Presidential Electors for,North Canaan,Fox and McVay,WI,0,0.00%
Presidential Electors for,North Canaan,McNeil and McNeil,WI,0,0.00%
Presidential Electors for,North Canaan,Potus and Kennedy,WI,0,0.00%
Presidential Electors for,North Canaan,Ayyadurai and Ellis,WI,0,0.00%
Presidential Electors for,North Canaan,Sonski and Onak,WI,0,0.00%
Presidential Electors for,North Canaan,West and Abdullah,WI,0,0.00%
United States Senator,North Canaan,Christopher S. Murphy,D,706,50.25%
United States Senator,North Canaan,Matthew M. Corey,R,642,45.69%
United States Senator,North Canaan,Christopher S. Murphy,WF,42,2.99%
United States Senator,North Canaan,Justin C. Paglino,G,6,0.43%
United States Senator,North Canaan,Robert Finley Hyde,CGG,9,0.64%
United States Senator,North Canaan,John Flynn,WI,0,0.00%
Representative in Congress 5,North Canaan,Jahana Hayes,D,686,49.18%
Representative in Congress 5,North Canaan,George Logan,R,675,48.39%
Representative in Congress 5,North Canaan,Jahana Hayes,WF,34,2.44%
Representative in Congress 5,North Canaan,Ahmad AJ Darwish,WI,0,0.00%
Representative in Congress 5,North Canaan,Bertram Ferguson,WI,0,0.00%
State Senator 30,North Canaan,Justin Potter,D,624,46.39%
State Senator 30,North Canaan,Stephen G. Harding,R,700,52.04%
State Senator 30,North Canaan,Stephen G. Harding,IND,21,1.56%
State Representative 64,North Canaan,Maria Horn,D,679,50.33%
State Representative 64,North Canaan,Barbara L. Breor,R,664,49.22%
State Representative 64,North Canaan,Maria Horn,WF,3,0.22%
State Representative 64,North Canaan,Maria Horn,IND,3,0.22%
Registrar of Voters,North Canaan,Patricia Keilty,D,568,43.00%
Registrar of Voters,North Canaan,Rosemary Keilty,R,753,57.00%
Presidential Electors for,North Haven,Harris and Walz,D,3345,38.25%
Presidential Electors for,North Haven,Trump and Vance,R,5253,60.08%
Presidential Electors for,North Haven,Stein and Ware,G,79,0.90%
Presidential Electors for,North Haven,Oliver and ter Maat,LI,19,0.22%
Presidential Electors for,North Haven,"Kennedy, Jr. and Shanahan",PC,44,0.50%
Presidential Electors for,North Haven,De la Cruz and Garcia,WI,2,0.02%
Presidential Electors for,North Haven,Fox and McVay,WI,0,0.00%
Presidential Electors for,North Haven,McNeil and McNeil,WI,0,0.00%
Presidential Electors for,North Haven,Potus and Kennedy,WI,0,0.00%
Presidential Electors for,North Haven,Ayyadurai and Ellis,WI,0,0.00%
Presidential Electors for,North Haven,Sonski and Onak,WI,2,0.02%
Presidential Electors for,North Haven,West and Abdullah,WI,0,0.00%
United States Senator,North Haven,Christopher S. Murphy,D,3402,40.37%
United States Senator,North Haven,Matthew M. Corey,R,4620,54.82%
United States Senator,North Haven,Christopher S. Murphy,WF,260,3.09%
United States Senator,North Haven,Justin C. Paglino,G,73,0.87%
United States Senator,North Haven,Robert Finley Hyde,CGG,72,0.85%
United States Senator,North Haven,John Flynn,WI,0,0.00%
Representative in Congress 3,North Haven,Rosa L. DeLauro,D,3499,41.79%
Representative in Congress 3,North Haven,Michael Massey,R,4755,56.80%
Representative in Congress 3,North Haven,Michael Massey,IND,118,1.41%
Representative in Congress 3,North Haven,Leo Almoney,WI,0,0.00%
Representative in Congress 3,North Haven,Omar Scott Antar,WI,0,0.00%
Representative in Congress 3,North Haven,Shahd Omar,WI,0,0.00%
State Senator 34,North Haven,Brandi Mandato,D,2744,32.61%
State Senator 34,North Haven,Paul Cicarella,R,5248,62.37%
State Senator 34,North Haven,Brandi Mandato,WF,161,1.91%
State Senator 34,North Haven,Paul Cicarella,IND,175,2.08%
State Senator 34,North Haven,David A. Bedell,G,86,1.02%
State Representative 87,North Haven,Kieran Ahern,D,1917,22.76%
State Representative 87,North Haven,David W. Yaccarino,R,6385,75.81%
State Representative 87,North Haven,Kieran Ahern,WF,120,1.42%
Registrar of Voters,North Haven,James Carew,D,2800,29.23%
Registrar of Voters,North Haven,Jennifer Massini Vanacore,R,6779,70.77%
Presidential Electors for,North Stonington,Harris and Walz,D,1501,47.71%
Presidential Electors for,North Stonington,Trump and Vance,R,1586,50.41%
Presidential Electors for,North Stonington,Stein and Ware,G,19,0.60%
Presidential Electors for,North Stonington,Oliver and ter Maat,LI,19,0.60%
Presidential Electors for,North Stonington,"Kennedy, Jr. and Shanahan",PC,21,0.67%
Presidential Electors for,North Stonington,De la Cruz and Garcia,WI,0,0.00%
Presidential Electors for,North Stonington,Fox and McVay,WI,0,0.00%
Presidential Electors for,North Stonington,McNeil and McNeil,WI,0,0.00%
Presidential Electors for,North Stonington,Potus and Kennedy,WI,0,0.00%
Presidential Electors for,North Stonington,Ayyadurai and Ellis,WI,0,0.00%
Presidential Electors for,North Stonington,Sonski and Onak,WI,0,0.00%
Presidential Electors for,North Stonington,West and Abdullah,WI,0,0.00%
United States Senator,North Stonington,Christopher S. Murphy,D,1470,47.95%
United States Senator,North Stonington,Matthew M. Corey,R,1461,47.65%
United States Senator,North Stonington,Christopher S. Murphy,WF,91,2.97%
United States Senator,North Stonington,Justin C. Paglino,G,23,0.75%
United States Senator,North Stonington,Robert Finley Hyde,CGG,21,0.68%
United States Senator,North Stonington,John Flynn,WI,0,0.00%
Representative in Congress 2,North Stonington,Joe Courtney,D,1625,53.14%
Representative in Congress 2,North Stonington,Mike France,R,1433,46.86%
Representative in Congress 2,North Stonington,"Kenneth Kusmierski, Jr.",WI,0,0.00%
Representative in Congress 2,North Stonington,Jeffery Russell,WI,0,0.00%
State Senator 18,North Stonington,Andrew M. Parrella,D,1064,35.12%
State Senator 18,North Stonington,Heather Somers,R,1885,62.21%
State Senator 18,North Stonington,Heather Somers,IND,81,2.67%
State Representative 43,North Stonington,Ty Lamb,D,1068,35.19%
State Representative 43,North Stonington,Greg Howard,R,1967,64.81%
Registrar of Voters,North Stonington,Connie Berardi,D,1263,42.16%
Registrar of Voters,North Stonington,Emily Lewis,R,1733,57.84%
Presidential Electors for,Norwalk,Harris and Walz,D,0,0.00%
Presidential Electors for,Norwalk,Trump and Vance,R,0,0.00%
Presidential Electors for,Norwalk,Stein and Ware,G,0,0.00%
Presidential Electors for,Norwalk,Oliver and ter Maat,LI,0,0.00%
Presidential Electors for,Norwalk,"Kennedy, Jr. and Shanahan",PC,0,0.00%
Presidential Electors for,Norwalk,De la Cruz and Garcia,WI,0,0.00%
Presidential Electors for,Norwalk,Fox and McVay,WI,0,0.00%
Presidential Electors for,Norwalk,McNeil and McNeil,WI,0,0.00%
Presidential Electors for,Norwalk,Potus and Kennedy,WI,0,0.00%
Presidential Electors for,Norwalk,Ayyadurai and Ellis,WI,0,0.00%
Presidential Electors for,Norwalk,Sonski and Onak,WI,0,0.00%
Presidential Electors for,Norwalk,West and Abdullah,WI,0,0.00%
United States Senator,Norwalk,Christopher S. Murphy,D,0,0.00%
United States Senator,Norwalk,Matthew M. Corey,R,0,0.00%
United States Senator,Norwalk,Christopher S. Murphy,WF,0,0.00%
United States Senator,Norwalk,Justin C. Paglino,G,0,0.00%
United States Senator,Norwalk,Robert Finley Hyde,CGG,0,0.00%
United States Senator,Norwalk,John Flynn,WI,0,0.00%
Representative in Congress 4,Norwalk,Jim Himes,D,0,0.00%
Representative in Congress 4,Norwalk,Michael Goldstein,R,0,0.00%
Representative in Congress 4,Norwalk,Benjamin Wesley,IND,0,0.00%
State Senator 25,Norwalk,Bob Duff,D,0,0.00%
State Senator 25,Norwalk,Martin Tagliaferro,R,0,0.00%
State Senator 25,Norwalk,Bob Duff,WF,0,0.00%
State Representative 137,Norwalk,Kadeem Roberts,D,0,0.00%
State Representative 137,Norwalk,Pietro Rotondo,R,0,0.00%
State Representative 137,Norwalk,Kadeem Roberts,WF,0,0.00%
State Representative 140,Norwalk,Travis Simms,D,0,0.00%
State Representative 140,Norwalk,Enrique Santiago,R,0,0.00%
State Representative 140,Norwalk,Travis Simms,WF,0,0.00%
State Representative 141,Norwalk,Sheila Quinn,D,0,0.00%
State Representative 141,Norwalk,Tracy Marra,R,0,0.00%
State Representative 141,Norwalk,Tracy Marra,IND,0,0.00%
State Representative 142,Norwalk,Lucy Dathan,D,0,0.00%
State Representative 142,Norwalk,Lucy Dathan,WF,0,0.00%
State Representative 143,Norwalk,Dominique Johnson,D,0,0.00%
State Representative 143,Norwalk,Peter Bang,R,0,0.00%
State Representative 143,Norwalk,Dominique Johnson,WF,0,0.00%
State Representative 143,Norwalk,Dominique Johnson,IND,0,0.00%
Registrar of Voters,Norwalk,Stuart W. Wells III,D,0,0.00%
Registrar of Voters,Norwalk,Diana Paladino Christopher,R,0,0.00%
Registrar of Voters,Norwalk,Katherine Price Snedaker,IND,0,0.00%
Presidential Electors for,Norwich,Harris and Walz,D,8617,57.75%
Presidential Electors for,Norwich,Trump and Vance,R,6051,40.56%
Presidential Electors for,Norwich,Stein and Ware,G,107,0.72%
Presidential Electors for,Norwich,Oliver and ter Maat,LI,58,0.39%
Presidential Electors for,Norwich,"Kennedy, Jr. and Shanahan",PC,87,0.58%
Presidential Electors for,Norwich,De la Cruz and Garcia,WI,0,0.00%
Presidential Electors for,Norwich,Fox and McVay,WI,0,0.00%
Presidential Electors for,Norwich,McNeil and McNeil,WI,0,0.00%
Presidential Electors for,Norwich,Potus and Kennedy,WI,0,0.00%
Presidential Electors for,Norwich,Ayyadurai and Ellis,WI,0,0.00%
Presidential Electors for,Norwich,Sonski and Onak,WI,0,0.00%
Presidential Electors for,Norwich,West and Abdullah,WI,0,0.00%
United States Senator,Norwich,Christopher S. Murphy,D,8229,57.47%
United States Senator,Norwich,Matthew M. Corey,R,5112,35.70%
United States Senator,Norwich,Christopher S. Murphy,WF,558,3.90%
United States Senator,Norwich,Justin C. Paglino,G,180,1.26%
United States Senator,Norwich,Robert Finley Hyde,CGG,240,1.68%
United States Senator,Norwich,John Flynn,WI,0,0.00%
Representative in Congress 2,Norwich,Joe Courtney,D,9320,65.40%
Representative in Congress 2,Norwich,Mike France,R,4930,34.60%
Representative in Congress 2,Norwich,"Kenneth Kusmierski, Jr.",WI,0,0.00%
Representative in Congress 2,Norwich,Jeffery Russell,WI,0,0.00%
State Senator 19,Norwich,Catherine A. Osten,D,8073,57.82%
State Senator 19,Norwich,Jason Guidone,R,5053,36.19%
State Senator 19,Norwich,Catherine A. Osten,WF,546,3.91%
State Senator 19,Norwich,Catherine A. Osten,IND,290,2.08%
State Representative 46,Norwich,Derell Wilson,D,4468,60.86%
State Representative 46,Norwich,Nicholas Casiano,R,2509,34.17%
State Representative 46,Norwich,Derell Wilson,WF,365,4.97%
State Representative 47,Norwich,Aaron Spruance,D,695,45.94%
State Representative 47,Norwich,Doug Dubitsky,R,818,54.06%
State Representative 139,Norwich,Kevin Ryan,D,2819,54.67%
State Representative 139,Norwich,Mark Adams,R,2116,41.04%
State Representative 139,Norwich,Kevin Ryan,WF,156,3.03%
State Representative 139,Norwich,Kevin Ryan,IND,65,1.26%
Registrar of Voters,Norwich,JoAnn Merolla-Martin,D,7966,57.43%
Registrar of Voters,Norwich,Dianne M. Slopak,R,5904,42.57%
Presidential Electors for,Old Lyme,Harris and Walz,D,3107,58.28%
Presidential Electors for,Old Lyme,Trump and Vance,R,2127,39.90%
Presidential Electors for,Old Lyme,Stein and Ware,G,42,0.79%
Presidential Electors for,Old Lyme,Oliver and ter Maat,LI,26,0.49%
Presidential Electors for,Old Lyme,"Kennedy, Jr. and Shanahan",PC,29,0.54%
Presidential Electors for,Old Lyme,De la Cruz and Garcia,WI,0,0.00%
Presidential Electors for,Old Lyme,Fox and McVay,WI,0,0.00%
Presidential Electors for,Old Lyme,McNeil and McNeil,WI,0,0.00%
Presidential Electors for,Old Lyme,Potus and Kennedy,WI,0,0.00%
Presidential Electors for,Old Lyme,Ayyadurai and Ellis,WI,0,0.00%
Presidential Electors for,Old Lyme,Sonski and Onak,WI,0,0.00%
Presidential Electors for,Old Lyme,West and Abdullah,WI,0,0.00%
United States Senator,Old Lyme,Christopher S. Murphy,D,3029,58.14%
United States Senator,Old Lyme,Matthew M. Corey,R,2027,38.91%
United States Senator,Old Lyme,Christopher S. Murphy,WF,97,1.86%
United States Senator,Old Lyme,Justin C. Paglino,G,25,0.48%
United States Senator,Old Lyme,Robert Finley Hyde,CGG,32,0.61%
United States Senator,Old Lyme,John Flynn,WI,0,0.00%
Representative in Congress 2,Old Lyme,Joe Courtney,D,3269,62.04%
Representative in Congress 2,Old Lyme,Mike France,R,2000,37.96%
Representative in Congress 2,Old Lyme,"Kenneth Kusmierski, Jr.",WI,0,0.00%
Representative in Congress 2,Old Lyme,Jeffery Russell,WI,0,0.00%
State Senator 20,Old Lyme,Martha Marx,D,2786,53.49%
State Senator 20,Old Lyme,Shaun Mastroianni,R,2267,43.53%
State Senator 20,Old Lyme,Martha Marx,WF,86,1.65%
State Senator 20,Old Lyme,Shaun Mastroianni,IND,69,1.32%
State Representative 23,Old Lyme,Jane Wisialowski,D,2464,46.96%
State Representative 23,Old Lyme,Devin R Carney,R,2615,49.84%
State Representative 23,Old Lyme,Jane Wisialowski,WF,76,1.45%
State Representative 23,Old Lyme,Devin R Carney,IND,92,1.75%
Registrar of Voters,Old Lyme,Jennifer Datum,D,2882,56.08%
Registrar of Voters,Old Lyme,Catherine Carter,R,2257,43.92%
Presidential Electors for,Old Saybrook,Harris and Walz,D,4150,58.07%
Presidential Electors for,Old Saybrook,Trump and Vance,R,2921,40.87%
Presidential Electors for,Old Saybrook,Stein and Ware,G,17,0.24%
Presidential Electors for,Old Saybrook,Oliver and ter Maat,LI,30,0.42%
Presidential Electors for,Old Saybrook,"Kennedy, Jr. and Shanahan",PC,28,0.39%
Presidential Electors for,Old Saybrook,De la Cruz and Garcia,WI,0,0.00%
Presidential Electors for,Old Saybrook,Fox and McVay,WI,0,0.00%
Presidential Electors for,Old Saybrook,McNeil and McNeil,WI,0,0.00%
Presidential Electors for,Old Saybrook,Potus and Kennedy,WI,0,0.00%
Presidential Electors for,Old Saybrook,Ayyadurai and Ellis,WI,0,0.00%
Presidential Electors for,Old Saybrook,Sonski and Onak,WI,0,0.00%
Presidential Electors for,Old Saybrook,West and Abdullah,WI,1,0.01%
United States Senator,Old Saybrook,Christopher S. Murphy,D,4023,57.20%
United States Senator,Old Saybrook,Matthew M. Corey,R,2837,40.34%
United States Senator,Old Saybrook,Christopher S. Murphy,WF,105,1.49%
United States Senator,Old Saybrook,Justin C. Paglino,G,31,0.44%
United States Senator,Old Saybrook,Robert Finley Hyde,CGG,37,0.53%
United States Senator,Old Saybrook,John Flynn,WI,0,0.00%
Representative in Congress 2,Old Saybrook,Joe Courtney,D,4288,61.19%
Representative in Congress 2,Old Saybrook,Mike France,R,2720,38.81%
Representative in Congress 2,Old Saybrook,"Kenneth Kusmierski, Jr.",WI,0,0.00%
Representative in Congress 2,Old Saybrook,Jeffery Russell,WI,0,0.00%
State Senator 20,Old Saybrook,Martha Marx,D,1550,52.03%
State Senator 20,Old Saybrook,Shaun Mastroianni,R,1359,45.62%
State Senator 20,Old Saybrook,Martha Marx,WF,33,1.11%
State Senator 20,Old Saybrook,Shaun Mastroianni,IND,37,1.24%
State Senator 33,Old Saybrook,Norm Needleman,D,2318,58.33%
State Senator 33,Old Saybrook,Jeffery Duigou,R,1566,39.41%
State Senator 33,Old Saybrook,Norm Needleman,IND,90,2.26%
State Representative 23,Old Saybrook,Jane Wisialowski,D,3227,46.40%
State Representative 23,Old Saybrook,Devin R Carney,R,3514,50.53%
State Representative 23,Old Saybrook,Jane Wisialowski,WF,94,1.35%
State Representative 23,Old Saybrook,Devin R Carney,IND,119,1.71%
Registrar of Voters,Old Saybrook,Patricia Prendergast,D,4460,100.00%
Presidential Electors for,Orange,Harris and Walz,D,4393,49.37%
Presidential Electors for,Orange,Trump and Vance,R,4336,48.72%
Presidential Electors for,Orange,Stein and Ware,G,98,1.10%
Presidential Electors for,Orange,Oliver and ter Maat,LI,28,0.31%
Presidential Electors for,Orange,"Kennedy, Jr. and Shanahan",PC,43,0.48%
Presidential Electors for,Orange,De la Cruz and Garcia,WI,0,0.00%
Presidential Electors for,Orange,Fox and McVay,WI,0,0.00%
Presidential Electors for,Orange,McNeil and McNeil,WI,0,0.00%
Presidential Electors for,Orange,Potus and Kennedy,WI,0,0.00%
Presidential Electors for,Orange,Ayyadurai and Ellis,WI,0,0.00%
Presidential Electors for,Orange,Sonski and Onak,WI,0,0.00%
Presidential Electors for,Orange,West and Abdullah,WI,1,0.01%
United States Senator,Orange,Christopher S. Murphy,D,4413,50.21%
United States Senator,Orange,Matthew M. Corey,R,4073,46.34%
United States Senator,Orange,Christopher S. Murphy,WF,172,1.96%
United States Senator,Orange,Justin C. Paglino,G,90,1.02%
United States Senator,Orange,Robert Finley Hyde,CGG,41,0.47%
United States Senator,Orange,John Flynn,WI,0,0.00%
Representative in Congress 3,Orange,Rosa L. DeLauro,D,4409,50.45%
Representative in Congress 3,Orange,Michael Massey,R,4212,48.20%
Representative in Congress 3,Orange,Michael Massey,IND,118,1.35%
Representative in Congress 3,Orange,Leo Almoney,WI,0,0.00%
Representative in Congress 3,Orange,Omar Scott Antar,WI,0,0.00%
Representative in Congress 3,Orange,Shahd Omar,WI,0,0.00%
State Senator 14,Orange,James Maroney,D,4533,51.01%
State Senator 14,Orange,Steven Johnstone,R,4182,47.06%
State Senator 14,Orange,James Maroney,IND,172,1.94%
State Representative 114,Orange,Mary Welander,D,2055,85.55%
State Representative 114,Orange,Mary Welander,IND,347,14.45%
State Representative 117,Orange,MJ Shannon,D,1326,46.94%
State Representative 117,Orange,Raymond V. Collins III,R,1440,50.97%
State Representative 117,Orange,MJ Shannon,WF,22,0.78%
State Representative 117,Orange,MJ Shannon,IND,37,1.31%
State Representative 119,Orange,Etan Hirsch,D,922,42.08%
State Representative 119,Orange,Kathy Kennedy,R,1234,56.32%
State Representative 119,Orange,Kathy Kennedy,IND,35,1.60%
Registrar of Voters,Orange,Janice Casey,D,4132,48.37%
Registrar of Voters,Orange,Valerie Spinaci,R,4411,51.63%
Presidential Electors for,Oxford,Harris and Walz,D,3327,38.74%
Presidential Electors for,Oxford,Trump and Vance,R,5160,60.08%
Presidential Electors for,Oxford,Stein and Ware,G,32,0.37%
Presidential Electors for,Oxford,Oliver and ter Maat,LI,29,0.34%
Presidential Electors for,Oxford,"Kennedy, Jr. and Shanahan",PC,40,0.47%
Presidential Electors for,Oxford,De la Cruz and Garcia,WI,0,0.00%
Presidential Electors for,Oxford,Fox and McVay,WI,0,0.00%
Presidential Electors for,Oxford,McNeil and McNeil,WI,0,0.00%
Presidential Electors for,Oxford,Potus and Kennedy,WI,0,0.00%
Presidential Electors for,Oxford,Ayyadurai and Ellis,WI,0,0.00%
Presidential Electors for,Oxford,Sonski and Onak,WI,0,0.00%
Presidential Electors for,Oxford,West and Abdullah,WI,0,0.00%
United States Senator,Oxford,Christopher S. Murphy,D,3192,38.31%
United States Senator,Oxford,Matthew M. Corey,R,4882,58.59%
United States Senator,Oxford,Christopher S. Murphy,WF,179,2.15%
United States Senator,Oxford,Justin C. Paglino,G,24,0.29%
United States Senator,Oxford,Robert Finley Hyde,CGG,56,0.67%
United States Senator,Oxford,John Flynn,WI,0,0.00%
Representative in Congress 4,Oxford,Jim Himes,D,3244,39.24%
Representative in Congress 4,Oxford,Michael Goldstein,R,4906,59.34%
Representative in Congress 4,Oxford,Benjamin Wesley,IND,117,1.42%
State Senator 32,Oxford,Jeff Desmarais,D,2922,35.64%
State Senator 32,Oxford,Eric C. Berthel,R,5276,64.36%
State Representative 131,Oxford,Ellen S. Fox,D,3171,38.20%
State Representative 131,Oxford,Arnold Jensen,R,4910,59.15%
State Representative 131,Oxford,Ellen S. Fox,IND,220,2.65%
Judge of Probate 22 To Fill Vacancy,Oxford,David Labriola,R,6159,100.00%
Presidential Electors for,Plainfield,Harris and Walz,D,2716,37.98%
Presidential Electors for,Plainfield,Trump and Vance,R,4343,60.72%
Presidential Electors for,Plainfield,Stein and Ware,G,30,0.42%
Presidential Electors for,Plainfield,Oliver and ter Maat,LI,33,0.46%
Presidential Electors for,Plainfield,"Kennedy, Jr. and Shanahan",PC,29,0.41%
Presidential Electors for,Plainfield,De la Cruz and Garcia,WI,1,0.01%
Presidential Electors for,Plainfield,Fox and McVay,WI,0,0.00%
Presidential Electors for,Plainfield,McNeil and McNeil,WI,0,0.00%
Presidential Electors for,Plainfield,Potus and Kennedy,WI,0,0.00%
Presidential Electors for,Plainfield,Ayyadurai and Ellis,WI,0,0.00%
Presidential Electors for,Plainfield,Sonski and Onak,WI,0,0.00%
Presidential Electors for,Plainfield,West and Abdullah,WI,0,0.00%
United States Senator,Plainfield,Christopher S. Murphy,D,2706,39.64%
United States Senator,Plainfield,Matthew M. Corey,R,3758,55.05%
United States Senator,Plainfield,Christopher S. Murphy,WF,227,3.33%
United States Senator,Plainfield,Justin C. Paglino,G,42,0.62%
United States Senator,Plainfield,Robert Finley Hyde,CGG,93,1.36%
United States Senator,Plainfield,John Flynn,WI,0,0.00%
Representative in Congress 2,Plainfield,Joe Courtney,D,3166,46.18%
Representative in Congress 2,Plainfield,Mike France,R,3689,53.81%
Representative in Congress 2,Plainfield,"Kenneth Kusmierski, Jr.",WI,0,0.00%
Representative in Congress 2,Plainfield,Jeffery Russell,WI,1,0.01%
State Senator 18,Plainfield,Andrew M. Parrella,D,2197,32.36%
State Senator 18,Plainfield,Heather Somers,R,4381,64.52%
State Senator 18,Plainfield,Heather Somers,IND,212,3.12%
State Representative 44,Plainfield,Samantha Derenthal,D,1387,33.73%
State Representative 44,Plainfield,Anne Dubay Dauphinais,R,2628,63.91%
State Representative 44,Plainfield,Samantha Derenthal,IND,97,2.36%
State Representative 47,Plainfield,Aaron Spruance,D,1020,37.97%
State Representative 47,Plainfield,Doug Dubitsky,R,1666,62.03%
Registrar of Voters,Plainfield,Roz Chviek,D,2475,36.82%
Registrar of Voters,Plainfield,Sonia S. Chapman,R,4246,63.18%
Presidential Electors for,Plainville,Harris and Walz,D,0,0.00%
Presidential Electors for,Plainville,Trump and Vance,R,0,0.00%
Presidential Electors for,Plainville,Stein and Ware,G,0,0.00%
Presidential Electors for,Plainville,Oliver and ter Maat,LI,0,0.00%
Presidential Electors for,Plainville,"Kennedy, Jr. and Shanahan",PC,0,0.00%
Presidential Electors for,Plainville,De la Cruz and Garcia,WI,0,0.00%
Presidential Electors for,Plainville,Fox and McVay,WI,0,0.00%
Presidential Electors for,Plainville,McNeil and McNeil,WI,0,0.00%
Presidential Electors for,Plainville,Potus and Kennedy,WI,0,0.00%
Presidential Electors for,Plainville,Ayyadurai and Ellis,WI,0,0.00%
Presidential Electors for,Plainville,Sonski and Onak,WI,0,0.00%
Presidential Electors for,Plainville,West and Abdullah,WI,0,0.00%
United States Senator,Plainville,Christopher S. Murphy,D,0,0.00%
United States Senator,Plainville,Matthew M. Corey,R,0,0.00%
United States Senator,Plainville,Christopher S. Murphy,WF,0,0.00%
United States Senator,Plainville,Justin C. Paglino,G,0,0.00%
United States Senator,Plainville,Robert Finley Hyde,CGG,0,0.00%
United States Senator,Plainville,John Flynn,WI,0,0.00%
Representative in Congress 5,Plainville,Jahana Hayes,D,0,0.00%
Representative in Congress 5,Plainville,George Logan,R,0,0.00%
Representative in Congress 5,Plainville,Jahana Hayes,WF,0,0.00%
Representative in Congress 5,Plainville,Ahmad AJ Darwish,WI,0,0.00%
Representative in Congress 5,Plainville,Bertram Ferguson,WI,0,0.00%
State Senator 31,Plainville,Henri Martin,R,0,0.00%
State Representative 22,Plainville,Rebecca Martinez,D,0,0.00%
State Representative 22,Plainville,Francis Rexford Cooley,R,0,0.00%
State Representative 22,Plainville,Rebecca Martinez,WF,0,0.00%
State Representative 22,Plainville,Rebecca Martinez,IND,0,0.00%
Registrar of Voters,Plainville,Susan Abram,D,0,0.00%
Registrar of Voters,Plainville,Beth Gasparini,R,0,0.00%
Presidential Electors for,Plymouth,Harris and Walz,D,2349,36.39%
Presidential Electors for,Plymouth,Trump and Vance,R,3999,61.95%
Presidential Electors for,Plymouth,Stein and Ware,G,36,0.56%
Presidential Electors for,Plymouth,Oliver and ter Maat,LI,30,0.46%
Presidential Electors for,Plymouth,"Kennedy, Jr. and Shanahan",PC,40,0.62%
Presidential Electors for,Plymouth,De la Cruz and Garcia,WI,1,0.02%
Presidential Electors for,Plymouth,Fox and McVay,WI,0,0.00%
Presidential Electors for,Plymouth,McNeil and McNeil,WI,0,0.00%
Presidential Electors for,Plymouth,Potus and Kennedy,WI,0,0.00%
Presidential Electors for,Plymouth,Ayyadurai and Ellis,WI,0,0.00%
Presidential Electors for,Plymouth,Sonski and Onak,WI,0,0.00%
Presidential Electors for,Plymouth,West and Abdullah,WI,0,0.00%
United States Senator,Plymouth,Christopher S. Murphy,D,2225,35.76%
United States Senator,Plymouth,Matthew M. Corey,R,3668,58.95%
United States Senator,Plymouth,Christopher S. Murphy,WF,192,3.09%
United States Senator,Plymouth,Justin C. Paglino,G,49,0.79%
United States Senator,Plymouth,Robert Finley Hyde,CGG,88,1.41%
United States Senator,Plymouth,John Flynn,WI,0,0.00%
Representative in Congress 5,Plymouth,Jahana Hayes,D,2232,35.26%
Representative in Congress 5,Plymouth,George Logan,R,3927,62.03%
Representative in Congress 5,Plymouth,Jahana Hayes,WF,172,2.72%
Representative in Congress 5,Plymouth,Ahmad AJ Darwish,WI,0,0.00%
Representative in Congress 5,Plymouth,Bertram Ferguson,WI,0,0.00%
State Senator 31,Plymouth,Henri Martin,R,4763,100.00%
State Representative 78,Plymouth,Joe Hoxha,R,4633,100.00%
Town Council To Fill a Vacancy,Plymouth,Susan G. Boilard,D,2020,33.18%
Town Council To Fill a Vacancy,Plymouth,Thomas J. Zagurski,R,4068,66.82%
Presidential Electors for,Pomfret,Harris and Walz,D,1327,53.51%
Presidential Electors for,Pomfret,Trump and Vance,R,1120,45.16%
Presidential Electors for,Pomfret,Stein and Ware,G,6,0.24%
Presidential Electors for,Pomfret,Oliver and ter Maat,LI,11,0.44%
Presidential Electors for,Pomfret,"Kennedy, Jr. and Shanahan",PC,16,0.65%
Presidential Electors for,Pomfret,De la Cruz and Garcia,WI,0,0.00%
Presidential Electors for,Pomfret,Fox and McVay,WI,0,0.00%
Presidential Electors for,Pomfret,McNeil and McNeil,WI,0,0.00%
Presidential Electors for,Pomfret,Potus and Kennedy,WI,0,0.00%
Presidential Electors for,Pomfret,Ayyadurai and Ellis,WI,0,0.00%
Presidential Electors for,Pomfret,Sonski and Onak,WI,0,0.00%
Presidential Electors for,Pomfret,West and Abdullah,WI,0,0.00%
United States Senator,Pomfret,Christopher S. Murphy,D,1286,52.77%
United States Senator,Pomfret,Matthew M. Corey,R,1035,42.47%
United States Senator,Pomfret,Christopher S. Murphy,WF,77,3.16%
United States Senator,Pomfret,Justin C. Paglino,G,18,0.74%
United States Senator,Pomfret,Robert Finley Hyde,CGG,21,0.86%
United States Senator,Pomfret,John Flynn,WI,0,0.00%
Representative in Congress 2,Pomfret,Joe Courtney,D,1408,57.89%
Representative in Congress 2,Pomfret,Mike France,R,1024,42.11%
Representative in Congress 2,Pomfret,"Kenneth Kusmierski, Jr.",WI,0,0.00%
Representative in Congress 2,Pomfret,Jeffery Russell,WI,0,0.00%
State Senator 29,Pomfret,Mae Flexer,D,1193,49.30%
State Senator 29,Pomfret,Chris Reddy,R,1145,47.31%
State Senator 29,Pomfret,Mae Flexer,WF,34,1.40%
State Senator 29,Pomfret,Mae Flexer,IND,21,0.87%
State Senator 29,Pomfret,Alice Leibowitz,G,27,1.12%
State Representative 50,Pomfret,Pat Boyd,D,1715,100.00%
Registrar of Voters,Pomfret,William T. Anderson,D,1264,53.86%
Registrar of Voters,Pomfret,John A. Charest,R,1083,46.14%
Presidential Electors for,Portland,Harris and Walz,D,5024,55.28%
Presidential Electors for,Portland,Trump and Vance,R,3917,43.10%
Presidential Electors for,Portland,Stein and Ware,G,65,0.72%
Presidential Electors for,Portland,Oliver and ter Maat,LI,35,0.39%
Presidential Electors for,Portland,"Kennedy, Jr. and Shanahan",PC,47,0.52%
Presidential Electors for,Portland,De la Cruz and Garcia,WI,0,0.00%
Presidential Electors for,Portland,Fox and McVay,WI,0,0.00%
Presidential Electors for,Portland,McNeil and McNeil,WI,0,0.00%
Presidential Electors for,Portland,Potus and Kennedy,WI,0,0.00%
Presidential Electors for,Portland,Ayyadurai and Ellis,WI,0,0.00%
Presidential Electors for,Portland,Sonski and Onak,WI,0,0.00%
Presidential Electors for,Portland,West and Abdullah,WI,0,0.00%
United States Senator,Portland,Christopher S. Murphy,D,4870,54.53%
United States Senator,Portland,Matthew M. Corey,R,3684,41.25%
United States Senator,Portland,Christopher S. Murphy,WF,266,2.98%
United States Senator,Portland,Justin C. Paglino,G,43,0.48%
United States Senator,Portland,Robert Finley Hyde,CGG,68,0.76%
United States Senator,Portland,John Flynn,WI,0,0.00%
Representative in Congress 1,Portland,John B. Larson,D,4849,55.56%
Representative in Congress 1,Portland,Jim Griffin,R,3543,40.60%
Representative in Congress 1,Portland,John B. Larson,WF,214,2.45%
Representative in Congress 1,Portland,Mary L. Sanders,G,121,1.39%
State Senator 33,Portland,Norm Needleman,D,4843,55.22%
State Senator 33,Portland,Jeffery Duigou,R,3665,41.79%
State Senator 33,Portland,Norm Needleman,IND,263,3.00%
State Representative 32,Portland,Christie M. Carpino,R,6129,100.00%
Presidential Electors for,Preston,Harris and Walz,D,1908,45.12%
Presidential Electors for,Preston,Trump and Vance,R,2241,52.99%
Presidential Electors for,Preston,Stein and Ware,G,35,0.83%
Presidential Electors for,Preston,Oliver and ter Maat,LI,9,0.21%
Presidential Electors for,Preston,"Kennedy, Jr. and Shanahan",PC,33,0.78%
Presidential Electors for,Preston,De la Cruz and Garcia,WI,1,0.02%
Presidential Electors for,Preston,Fox and McVay,WI,0,0.00%
Presidential Electors for,Preston,McNeil and McNeil,WI,0,0.00%
Presidential Electors for,Preston,Potus and Kennedy,WI,0,0.00%
Presidential Electors for,Preston,Ayyadurai and Ellis,WI,0,0.00%
Presidential Electors for,Preston,Sonski and Onak,WI,2,0.05%
Presidential Electors for,Preston,West and Abdullah,WI,0,0.00%
United States Senator,Preston,Christopher S. Murphy,D,1965,47.94%
United States Senator,Preston,Matthew M. Corey,R,1995,48.67%
United States Senator,Preston,Christopher S. Murphy,WF,50,1.22%
United States Senator,Preston,Justin C. Paglino,G,40,0.98%
United States Senator,Preston,Robert Finley Hyde,CGG,49,1.20%
United States Senator,Preston,John Flynn,WI,0,0.00%
Representative in Congress 2,Preston,Joe Courtney,D,2094,50.68%
Representative in Congress 2,Preston,Mike France,R,2038,49.32%
Representative in Congress 2,Preston,"Kenneth Kusmierski, Jr.",WI,0,0.00%
Representative in Congress 2,Preston,Jeffery Russell,WI,0,0.00%
State Senator 18,Preston,Andrew M. Parrella,D,1440,34.69%
State Senator 18,Preston,Heather Somers,R,2620,63.12%
State Senator 18,Preston,Heather Somers,IND,91,2.19%
State Representative 45,Preston,Kayla Thompson,D,1593,39.13%
State Representative 45,Preston,Brian L. Lanoue,R,2478,60.87%
Registrar of Voters,Preston,Laurie Castronova,D,1727,42.91%
Registrar of Voters,Preston,Charles Raymond,R,2298,57.09%
Presidential Electors for,Prospect,Harris and Walz,D,857,26.92%
Presidential Electors for,Prospect,Trump and Vance,R,2282,71.69%
Presidential Electors for,Prospect,Stein and Ware,G,16,0.50%
Presidential Electors for,Prospect,Oliver and ter Maat,LI,10,0.31%
Presidential Electors for,Prospect,"Kennedy, Jr. and Shanahan",PC,17,0.53%
Presidential Electors for,Prospect,De la Cruz and Garcia,WI,0,0.00%
Presidential Electors for,Prospect,Fox and McVay,WI,0,0.00%
Presidential Electors for,Prospect,McNeil and McNeil,WI,0,0.00%
Presidential Electors for,Prospect,Potus and Kennedy,WI,0,0.00%
Presidential Electors for,Prospect,Ayyadurai and Ellis,WI,0,0.00%
Presidential Electors for,Prospect,Sonski and Onak,WI,1,0.03%
Presidential Electors for,Prospect,West and Abdullah,WI,0,0.00%
United States Senator,Prospect,Christopher S. Murphy,D,831,26.87%
United States Senator,Prospect,Matthew M. Corey,R,2113,68.32%
United States Senator,Prospect,Christopher S. Murphy,WF,103,3.33%
United States Senator,Prospect,Justin C. Paglino,G,21,0.68%
United States Senator,Prospect,Robert Finley Hyde,CGG,25,0.81%
United States Senator,Prospect,John Flynn,WI,0,0.00%
Representative in Congress 3,Prospect,Rosa L. DeLauro,D,893,29.18%
Representative in Congress 3,Prospect,Michael Massey,R,2114,69.08%
Representative in Congress 3,Prospect,Michael Massey,IND,53,1.73%
Representative in Congress 3,Prospect,Leo Almoney,WI,0,0.00%
Representative in Congress 3,Prospect,Omar Scott Antar,WI,0,0.00%
Representative in Congress 3,Prospect,Shahd Omar,WI,0,0.00%
State Senator 16,Prospect,Christopher Robertson,D,737,24.15%
State Senator 16,Prospect,Rob Sampson,R,2254,73.85%
State Senator 16,Prospect,Christopher Robertson,IND,61,2.00%
State Representative 89,Prospect,Lezlye Zupkus,R,2651,100.00%
State Representative 89,Prospect,Stuart R. Korchin,WI,0,0.00%
Registrar of Voters,Prospect,Katherine S. Blinstrubas,D,853,28.52%
Registrar of Voters,Prospect,Marianne Byrne,R,2138,71.48%
Presidential Electors for,Putnam,Harris and Walz,D,1975,44.89%
Presidential Electors for,Putnam,Trump and Vance,R,2359,53.61%
Presidential Electors for,Putnam,Stein and Ware,G,20,0.45%
Presidential Electors for,Putnam,Oliver and ter Maat,LI,18,0.41%
Presidential Electors for,Putnam,"Kennedy, Jr. and Shanahan",PC,28,0.64%
Presidential Electors for,Putnam,De la Cruz and Garcia,WI,0,0.00%
Presidential Electors for,Putnam,Fox and McVay,WI,0,0.00%
Presidential Electors for,Putnam,McNeil and McNeil,WI,0,0.00%
Presidential Electors for,Putnam,Potus and Kennedy,WI,0,0.00%
Presidential Electors for,Putnam,Ayyadurai and Ellis,WI,0,0.00%
Presidential Electors for,Putnam,Sonski and Onak,WI,0,0.00%
Presidential Electors for,Putnam,West and Abdullah,WI,0,0.00%
United States Senator,Putnam,Christopher S. Murphy,D,1918,45.32%
United States Senator,Putnam,Matthew M. Corey,R,2032,48.02%
United States Senator,Putnam,Christopher S. Murphy,WF,163,3.85%
United States Senator,Putnam,Justin C. Paglino,G,39,0.92%
United States Senator,Putnam,Robert Finley Hyde,CGG,80,1.89%
United States Senator,Putnam,John Flynn,WI,0,0.00%
Representative in Congress 2,Putnam,Joe Courtney,D,2166,51.33%
Representative in Congress 2,Putnam,Mike France,R,2054,48.67%
Representative in Congress 2,Putnam,"Kenneth Kusmierski, Jr.",WI,0,0.00%
Representative in Congress 2,Putnam,Jeffery Russell,WI,0,0.00%
State Senator 29,Putnam,Mae Flexer,D,1713,40.43%
State Senator 29,Putnam,Chris Reddy,R,2315,54.64%
State Senator 29,Putnam,Mae Flexer,WF,93,2.19%
State Senator 29,Putnam,Mae Flexer,IND,57,1.35%
State Senator 29,Putnam,Alice Leibowitz,G,59,1.39%
State Representative 51,Putnam,Renee LaPalme Waldron,D,1827,42.82%
State Representative 51,Putnam,Chris Stewart,R,2238,52.45%
State Representative 51,Putnam,Renee LaPalme Waldron,WF,111,2.60%
State Representative 51,Putnam,Renee LaPalme Waldron,IND,91,2.13%
Registrar of Voters,Putnam,Patricia J. Fondelheit,D,1817,44.14%
Registrar of Voters,Putnam,Kimberley J D Simmons,R,2299,55.86%
Presidential Electors for,Redding,Harris and Walz,D,3619,63.66%
Presidential Electors for,Redding,Trump and Vance,R,1948,34.27%
Presidential Electors for,Redding,Stein and Ware,G,46,0.81%
Presidential Electors for,Redding,Oliver and ter Maat,LI,41,0.72%
Presidential Electors for,Redding,"Kennedy, Jr. and Shanahan",PC,30,0.53%
Presidential Electors for,Redding,De la Cruz and Garcia,WI,0,0.00%
Presidential Electors for,Redding,Fox and McVay,WI,0,0.00%
Presidential Electors for,Redding,McNeil and McNeil,WI,0,0.00%
Presidential Electors for,Redding,Potus and Kennedy,WI,0,0.00%
Presidential Electors for,Redding,Ayyadurai and Ellis,WI,0,0.00%
Presidential Electors for,Redding,Sonski and Onak,WI,0,0.00%
Presidential Electors for,Redding,West and Abdullah,WI,1,0.02%
United States Senator,Redding,Christopher S. Murphy,D,3449,61.57%
United States Senator,Redding,Matthew M. Corey,R,1959,34.97%
United States Senator,Redding,Christopher S. Murphy,WF,104,1.86%
United States Senator,Redding,Justin C. Paglino,G,55,0.98%
United States Senator,Redding,Robert Finley Hyde,CGG,35,0.62%
United States Senator,Redding,John Flynn,WI,0,0.00%
Representative in Congress 4,Redding,Jim Himes,D,3526,63.02%
Representative in Congress 4,Redding,Michael Goldstein,R,1978,35.35%
Representative in Congress 4,Redding,Benjamin Wesley,IND,91,1.63%
State Senator 26,Redding,Ceci Maher,D,3372,60.86%
State Senator 26,Redding,Kami Evans,R,2077,37.48%
State Senator 26,Redding,Kami Evans,IND,92,1.66%
State Representative 135,Redding,Anne Hughes,D,3327,59.85%
State Representative 135,Redding,Christopher Peritore,R,2029,36.50%
State Representative 135,Redding,Anne Hughes,WF,104,1.87%
State Representative 135,Redding,Christopher Peritore,IND,99,1.78%
Registrar of Voters,Redding,Lisa Bartro,D,3402,61.96%
Registrar of Voters,Redding,Michele L. Meschi,R,2089,38.04%
Presidential Electors for,Ridgefield,Harris and Walz,D,9697,62.69%
Presidential Electors for,Ridgefield,Trump and Vance,R,5520,35.68%
Presidential Electors for,Ridgefield,Stein and Ware,G,99,0.64%
Presidential Electors for,Ridgefield,Oliver and ter Maat,LI,68,0.44%
Presidential Electors for,Ridgefield,"Kennedy, Jr. and Shanahan",PC,83,0.54%
Presidential Electors for,Ridgefield,De la Cruz and Garcia,WI,1,0.01%
Presidential Electors for,Ridgefield,Fox and McVay,WI,0,0.00%
Presidential Electors for,Ridgefield,McNeil and McNeil,WI,0,0.00%
Presidential Electors for,Ridgefield,Potus and Kennedy,WI,0,0.00%
Presidential Electors for,Ridgefield,Ayyadurai and Ellis,WI,0,0.00%
Presidential Electors for,Ridgefield,Sonski and Onak,WI,1,0.01%
Presidential Electors for,Ridgefield,West and Abdullah,WI,0,0.00%
United States Senator,Ridgefield,Christopher S. Murphy,D,9217,60.29%
United States Senator,Ridgefield,Matthew M. Corey,R,5677,37.14%
United States Senator,Ridgefield,Christopher S. Murphy,WF,241,1.58%
United States Senator,Ridgefield,Justin C. Paglino,G,84,0.55%
United States Senator,Ridgefield,Robert Finley Hyde,CGG,68,0.44%
United States Senator,Ridgefield,John Flynn,WI,0,0.00%
Representative in Congress 4,Ridgefield,Jim Himes,D,9306,61.01%
Representative in Congress 4,Ridgefield,Michael Goldstein,R,5724,37.52%
Representative in Congress 4,Ridgefield,Benjamin Wesley,IND,224,1.47%
State Senator 24,Ridgefield,Julie Kushner,D,3118,56.49%
State Senator 24,Ridgefield,Michelle Coelho,R,2248,40.72%
State Senator 24,Ridgefield,Julie Kushner,WF,75,1.36%
State Senator 24,Ridgefield,Michelle Coelho,IND,79,1.43%
State Senator 26,Ridgefield,Ceci Maher,D,5666,58.86%
State Senator 26,Ridgefield,Kami Evans,R,3809,39.57%
State Senator 26,Ridgefield,Kami Evans,IND,152,1.58%
State Representative 42,Ridgefield,Savet Constantine,D,576,51.34%
State Representative 42,Ridgefield,Kim Healy,R,523,46.61%
State Representative 42,Ridgefield,Kim Healy,IND,23,2.05%
State Representative 111,Ridgefield,Aimee Berger-Girvalo,D,8128,57.88%
State Representative 111,Ridgefield,Colette Kabasakalian,R,5647,40.21%
State Representative 111,Ridgefield,Aimee Berger-Girvalo,IND,269,1.92%
Presidential Electors for,Rocky Hill,Harris and Walz,D,2324,44.36%
Presidential Electors for,Rocky Hill,Trump and Vance,R,2803,53.50%
Presidential Electors for,Rocky Hill,Stein and Ware,G,62,1.18%
Presidential Electors for,Rocky Hill,Oliver and ter Maat,LI,24,0.46%
Presidential Electors for,Rocky Hill,"Kennedy, Jr. and Shanahan",PC,26,0.50%
Presidential Electors for,Rocky Hill,De la Cruz and Garcia,WI,0,0.00%
Presidential Electors for,Rocky Hill,Fox and McVay,WI,0,0.00%
Presidential Electors for,Rocky Hill,McNeil and McNeil,WI,0,0.00%
Presidential Electors for,Rocky Hill,Potus and Kennedy,WI,0,0.00%
Presidential Electors for,Rocky Hill,Ayyadurai and Ellis,WI,0,0.00%
Presidential Electors for,Rocky Hill,Sonski and Onak,WI,0,0.00%
Presidential Electors for,Rocky Hill,West and Abdullah,WI,0,0.00%
United States Senator,Rocky Hill,Christopher S. Murphy,D,2272,44.03%
United States Senator,Rocky Hill,Matthew M. Corey,R,2657,51.49%
United States Senator,Rocky Hill,Christopher S. Murphy,WF,118,2.29%
United States Senator,Rocky Hill,Justin C. Paglino,G,64,1.24%
United States Senator,Rocky Hill,Robert Finley Hyde,CGG,49,0.95%
United States Senator,Rocky Hill,John Flynn,WI,0,0.00%
Representative in Congress 1,Rocky Hill,John B. Larson,D,2298,45.02%
Representative in Congress 1,Rocky Hill,Jim Griffin,R,2540,49.76%
Representative in Congress 1,Rocky Hill,John B. Larson,WF,158,3.10%
Representative in Congress 1,Rocky Hill,Mary L. Sanders,G,108,2.12%
State Senator 9,Rocky Hill,Matthew Lesser,D,2539,77.62%
State Senator 9,Rocky Hill,Matthew Lesser,WF,417,12.75%
State Senator 9,Rocky Hill,Matthew Lesser,IND,315,9.63%
State Representative 29,Rocky Hill,Kerry Szeps Wood,D,2560,49.92%
State Representative 29,Rocky Hill,Edward V. Charamut,R,2568,50.08%
Registrar of Voters,Rocky Hill,Phillip Theroux,D,2178,43.81%
Registrar of Voters,Rocky Hill,Thomas Pugliese,R,2793,56.19%
Presidential Electors for,Roxbury,Harris and Walz,D,857,56.23%
Presidential Electors for,Roxbury,Trump and Vance,R,643,42.19%
Presidential Electors for,Roxbury,Stein and Ware,G,5,0.33%
Presidential Electors for,Roxbury,Oliver and ter Maat,LI,10,0.66%
Presidential Electors for,Roxbury,"Kennedy, Jr. and Shanahan",PC,9,0.59%
Presidential Electors for,Roxbury,De la Cruz and Garcia,WI,0,0.00%
Presidential Electors for,Roxbury,Fox and McVay,WI,0,0.00%
Presidential Electors for,Roxbury,McNeil and McNeil,WI,0,0.00%
Presidential Electors for,Roxbury,Potus and Kennedy,WI,0,0.00%
Presidential Electors for,Roxbury,Ayyadurai and Ellis,WI,0,0.00%
Presidential Electors for,Roxbury,Sonski and Onak,WI,0,0.00%
Presidential Electors for,Roxbury,West and Abdullah,WI,0,0.00%
United States Senator,Roxbury,Christopher S. Murphy,D,832,55.21%
United States Senator,Roxbury,Matthew M. Corey,R,626,41.54%
United States Senator,Roxbury,Christopher S. Murphy,WF,28,1.86%
United States Senator,Roxbury,Justin C. Paglino,G,11,0.73%
United States Senator,Roxbury,Robert Finley Hyde,CGG,10,0.66%
United States Senator,Roxbury,John Flynn,WI,0,0.00%
Representative in Congress 5,Roxbury,Jahana Hayes,D,834,54.98%
Representative in Congress 5,Roxbury,George Logan,R,662,43.64%
Representative in Congress 5,Roxbury,Jahana Hayes,WF,21,1.38%
Representative in Congress 5,Roxbury,Ahmad AJ Darwish,WI,0,0.00%
Representative in Congress 5,Roxbury,Bertram Ferguson,WI,0,0.00%
State Senator 32,Roxbury,Jeff Desmarais,D,787,53.46%
State Senator 32,Roxbury,Eric C. Berthel,R,685,46.54%
State Representative 69,Roxbury,Ed Edelson,D,719,48.85%
State Representative 69,Roxbury,Jason Buchsbaum,R,753,51.15%
Registrar of Voters,Roxbury,Gregory G. Davis,D,716,49.04%
Registrar of Voters,Roxbury,Laura S. Miller,R,744,50.96%
Judge of Probate 22 To Fill Vacancy,Roxbury,David Labriola,R,901,100.00%
Presidential Electors for,Salem,Harris and Walz,D,1263,47.48%
Presidential Electors for,Salem,Trump and Vance,R,1345,50.56%
Presidential Electors for,Salem,Stein and Ware,G,22,0.83%
Presidential Electors for,Salem,Oliver and ter Maat,LI,17,0.64%
Presidential Electors for,Salem,"Kennedy, Jr. and Shanahan",PC,13,0.49%
Presidential Electors for,Salem,De la Cruz and Garcia,WI,0,0.00%
Presidential Electors for,Salem,Fox and McVay,WI,0,0.00%
Presidential Electors for,Salem,McNeil and McNeil,WI,0,0.00%
Presidential Electors for,Salem,Potus and Kennedy,WI,0,0.00%
Presidential Electors for,Salem,Ayyadurai and Ellis,WI,0,0.00%
Presidential Electors for,Salem,Sonski and Onak,WI,0,0.00%
Presidential Electors for,Salem,West and Abdullah,WI,0,0.00%
United States Senator,Salem,Christopher S. Murphy,D,1222,46.66%
United States Senator,Salem,Matthew M. Corey,R,1281,48.91%
United States Senator,Salem,Christopher S. Murphy,WF,69,2.63%
United States Senator,Salem,Justin C. Paglino,G,20,0.76%
United States Senator,Salem,Robert Finley Hyde,CGG,27,1.03%
United States Senator,Salem,John Flynn,WI,0,0.00%
Representative in Congress 2,Salem,Joe Courtney,D,1404,53.49%
Representative in Congress 2,Salem,Mike France,R,1221,46.51%
Representative in Congress 2,Salem,"Kenneth Kusmierski, Jr.",WI,0,0.00%
Representative in Congress 2,Salem,Jeffery Russell,WI,0,0.00%
State Senator 20,Salem,Martha Marx,D,1138,43.96%
State Senator 20,Salem,Shaun Mastroianni,R,1342,51.83%
State Senator 20,Salem,Martha Marx,WF,65,2.51%
State Senator 20,Salem,Shaun Mastroianni,IND,44,1.70%
State Representative 34,Salem,Richard E. Knotek,D,391,41.46%
State Representative 34,Salem,Irene Haines,R,520,55.14%
State Representative 34,Salem,David Brice Cassenti,IND,32,3.39%
State Representative 37,Salem,Nick Menapace,D,677,41.08%
State Representative 37,Salem,Holly H. Cheeseman,R,896,54.37%
State Representative 37,Salem,Nick Menapace,WF,40,2.43%
State Representative 37,Salem,Holly H. Cheeseman,IND,35,2.12%
Presidential Electors for,Salisbury,Harris and Walz,D,2190,76.98%
Presidential Electors for,Salisbury,Trump and Vance,R,603,21.20%
Presidential Electors for,Salisbury,Stein and Ware,G,27,0.95%
Presidential Electors for,Salisbury,Oliver and ter Maat,LI,2,0.07%
Presidential Electors for,Salisbury,"Kennedy, Jr. and Shanahan",PC,23,0.81%
Presidential Electors for,Salisbury,De la Cruz and Garcia,WI,0,0.00%
Presidential Electors for,Salisbury,Fox and McVay,WI,0,0.00%
Presidential Electors for,Salisbury,McNeil and McNeil,WI,0,0.00%
Presidential Electors for,Salisbury,Potus and Kennedy,WI,0,0.00%
Presidential Electors for,Salisbury,Ayyadurai and Ellis,WI,0,0.00%
Presidential Electors for,Salisbury,Sonski and Onak,WI,0,0.00%
Presidential Electors for,Salisbury,West and Abdullah,WI,0,0.00%
United States Senator,Salisbury,Christopher S. Murphy,D,2093,75.31%
United States Senator,Salisbury,Matthew M. Corey,R,580,20.87%
United States Senator,Salisbury,Christopher S. Murphy,WF,64,2.30%
United States Senator,Salisbury,Justin C. Paglino,G,26,0.94%
United States Senator,Salisbury,Robert Finley Hyde,CGG,16,0.58%
United States Senator,Salisbury,John Flynn,WI,0,0.00%
Representative in Congress 5,Salisbury,Jahana Hayes,D,2085,74.73%
Representative in Congress 5,Salisbury,George Logan,R,629,22.54%
Representative in Congress 5,Salisbury,Jahana Hayes,WF,76,2.72%
Representative in Congress 5,Salisbury,Ahmad AJ Darwish,WI,0,0.00%
Representative in Congress 5,Salisbury,Bertram Ferguson,WI,0,0.00%
State Senator 30,Salisbury,Justin Potter,D,2049,75.00%
State Senator 30,Salisbury,Stephen G. Harding,R,643,23.54%
State Senator 30,Salisbury,Stephen G. Harding,IND,40,1.46%
State Representative 64,Salisbury,Maria Horn,D,2106,75.81%
State Representative 64,Salisbury,Barbara L. Breor,R,582,20.95%
State Representative 64,Salisbury,Maria Horn,WF,65,2.34%
State Representative 64,Salisbury,Maria Horn,IND,25,0.90%
Presidential Electors for,Scotland,Harris and Walz,D,382,40.00%
Presidential Electors for,Scotland,Trump and Vance,R,558,58.43%
Presidential Electors for,Scotland,Stein and Ware,G,6,0.63%
Presidential Electors for,Scotland,Oliver and ter Maat,LI,5,0.52%
Presidential Electors for,Scotland,"Kennedy, Jr. and Shanahan",PC,4,0.42%
Presidential Electors for,Scotland,De la Cruz and Garcia,WI,0,0.00%
Presidential Electors for,Scotland,Fox and McVay,WI,0,0.00%
Presidential Electors for,Scotland,McNeil and McNeil,WI,0,0.00%
Presidential Electors for,Scotland,Potus and Kennedy,WI,0,0.00%
Presidential Electors for,Scotland,Ayyadurai and Ellis,WI,0,0.00%
Presidential Electors for,Scotland,Sonski and Onak,WI,0,0.00%
Presidential Electors for,Scotland,West and Abdullah,WI,0,0.00%
United States Senator,Scotland,Christopher S. Murphy,D,361,38.78%
United States Senator,Scotland,Matthew M. Corey,R,530,56.93%
United States Senator,Scotland,Christopher S. Murphy,WF,24,2.58%
United States Senator,Scotland,Justin C. Paglino,G,7,0.75%
United States Senator,Scotland,Robert Finley Hyde,CGG,9,0.97%
United States Senator,Scotland,John Flynn,WI,0,0.00%
Representative in Congress 2,Scotland,Joe Courtney,D,418,45.04%
Representative in Congress 2,Scotland,Mike France,R,510,54.96%
Representative in Congress 2,Scotland,"Kenneth Kusmierski, Jr.",WI,0,0.00%
Representative in Congress 2,Scotland,Jeffery Russell,WI,0,0.00%
State Senator 29,Scotland,Mae Flexer,D,292,31.36%
State Senator 29,Scotland,Chris Reddy,R,602,64.66%
State Senator 29,Scotland,Mae Flexer,WF,11,1.18%
State Senator 29,Scotland,Mae Flexer,IND,6,0.64%
State Senator 29,Scotland,Alice Leibowitz,G,20,2.15%
State Representative 47,Scotland,Aaron Spruance,D,294,32.06%
State Representative 47,Scotland,Doug Dubitsky,R,623,67.94%
Judge of Probate 28 To Fill Vacancy,Scotland,George A. Baker,D,283,31.24%
Judge of Probate 28 To Fill Vacancy,Scotland,Douglas T. Stearns,R,623,68.76%
Presidential Electors for,Seymour,Harris and Walz,D,3680,40.35%
Presidential Electors for,Seymour,Trump and Vance,R,5296,58.06%
Presidential Electors for,Seymour,Stein and Ware,G,69,0.76%
Presidential Electors for,Seymour,Oliver and ter Maat,LI,24,0.26%
Presidential Electors for,Seymour,"Kennedy, Jr. and Shanahan",PC,51,0.56%
Presidential Electors for,Seymour,De la Cruz and Garcia,WI,0,0.00%
Presidential Electors for,Seymour,Fox and McVay,WI,0,0.00%
Presidential Electors for,Seymour,McNeil and McNeil,WI,0,0.00%
Presidential Electors for,Seymour,Potus and Kennedy,WI,0,0.00%
Presidential Electors for,Seymour,Ayyadurai and Ellis,WI,1,0.01%
Presidential Electors for,Seymour,Sonski and Onak,WI,0,0.00%
Presidential Electors for,Seymour,West and Abdullah,WI,0,0.00%
United States Senator,Seymour,Christopher S. Murphy,D,3520,40.46%
United States Senator,Seymour,Matthew M. Corey,R,4699,54.02%
United States Senator,Seymour,Christopher S. Murphy,WF,291,3.35%
United States Senator,Seymour,Justin C. Paglino,G,73,0.84%
United States Senator,Seymour,Robert Finley Hyde,CGG,116,1.33%
United States Senator,Seymour,John Flynn,WI,0,0.00%
Representative in Congress 3,Seymour,Rosa L. DeLauro,D,3754,43.15%
Representative in Congress 3,Seymour,Michael Massey,R,4758,54.70%
Representative in Congress 3,Seymour,Michael Massey,IND,187,2.15%
Representative in Congress 3,Seymour,Leo Almoney,WI,0,0.00%
Representative in Congress 3,Seymour,Omar Scott Antar,WI,0,0.00%
Representative in Congress 3,Seymour,Shahd Omar,WI,0,0.00%
State Senator 21,Seymour,Kevin C. Kelly,R,2218,100.00%
State Senator 32,Seymour,Jeff Desmarais,D,2349,41.88%
State Senator 32,Seymour,Eric C. Berthel,R,3260,58.12%
State Representative 105,Seymour,Nicole Klarides-Ditria,R,6516,100.00%
Presidential Electors for,Sharon,Harris and Walz,D,1068,67.77%
Presidential Electors for,Sharon,Trump and Vance,R,488,30.96%
Presidential Electors for,Sharon,Stein and Ware,G,8,0.51%
Presidential Electors for,Sharon,Oliver and ter Maat,LI,7,0.44%
Presidential Electors for,Sharon,"Kennedy, Jr. and Shanahan",PC,5,0.32%
Presidential Electors for,Sharon,De la Cruz and Garcia,WI,0,0.00%
Presidential Electors for,Sharon,Fox and McVay,WI,0,0.00%
Presidential Electors for,Sharon,McNeil and McNeil,WI,0,0.00%
Presidential Electors for,Sharon,Potus and Kennedy,WI,0,0.00%
Presidential Electors for,Sharon,Ayyadurai and Ellis,WI,0,0.00%
Presidential Electors for,Sharon,Sonski and Onak,WI,0,0.00%
Presidential Electors for,Sharon,West and Abdullah,WI,0,0.00%
United States Senator,Sharon,Christopher S. Murphy,D,998,66.09%
United States Senator,Sharon,Matthew M. Corey,R,473,31.32%
United States Senator,Sharon,Christopher S. Murphy,WF,24,1.59%
United States Senator,Sharon,Justin C. Paglino,G,13,0.86%
United States Senator,Sharon,Robert Finley Hyde,CGG,2,0.13%
United States Senator,Sharon,John Flynn,WI,0,0.00%
Representative in Congress 5,Sharon,Jahana Hayes,D,977,64.66%
Representative in Congress 5,Sharon,George Logan,R,506,33.49%
Representative in Congress 5,Sharon,Jahana Hayes,WF,28,1.85%
Representative in Congress 5,Sharon,Ahmad AJ Darwish,WI,0,0.00%
Representative in Congress 5,Sharon,Bertram Ferguson,WI,0,0.00%
State Senator 30,Sharon,Justin Potter,D,962,64.74%
State Senator 30,Sharon,Stephen G. Harding,R,503,33.85%
State Senator 30,Sharon,Stephen G. Harding,IND,21,1.41%
State Representative 64,Sharon,Maria Horn,D,1001,65.90%
State Representative 64,Sharon,Barbara L. Breor,R,476,31.34%
State Representative 64,Sharon,Maria Horn,WF,20,1.32%
State Representative 64,Sharon,Maria Horn,IND,22,1.45%
Registrar of Voters,Sharon,Marel Rogers,D,947,63.47%
Registrar of Voters,Sharon,Patricia A. Chamberlain,R,545,36.53%
Presidential Electors for,Shelton,Harris and Walz,D,10282,43.58%
Presidential Electors for,Shelton,Trump and Vance,R,12985,55.04%
Presidential Electors for,Shelton,Stein and Ware,G,155,0.66%
Presidential Electors for,Shelton,Oliver and ter Maat,LI,70,0.30%
Presidential Electors for,Shelton,"Kennedy, Jr. and Shanahan",PC,96,0.41%
Presidential Electors for,Shelton,De la Cruz and Garcia,WI,0,0.00%
Presidential Electors for,Shelton,Fox and McVay,WI,0,0.00%
Presidential Electors for,Shelton,McNeil and McNeil,WI,0,0.00%
Presidential Electors for,Shelton,Potus and Kennedy,WI,0,0.00%
Presidential Electors for,Shelton,Ayyadurai and Ellis,WI,0,0.00%
Presidential Electors for,Shelton,Sonski and Onak,WI,2,0.01%
Presidential Electors for,Shelton,West and Abdullah,WI,1,0.00%
United States Senator,Shelton,Christopher S. Murphy,D,9970,44.00%
United States Senator,Shelton,Matthew M. Corey,R,11773,51.95%
United States Senator,Shelton,Christopher S. Murphy,WF,545,2.41%
United States Senator,Shelton,Justin C. Paglino,G,172,0.76%
United States Senator,Shelton,Robert Finley Hyde,CGG,201,0.89%
United States Senator,Shelton,John Flynn,WI,0,0.00%
Representative in Congress 3,Shelton,Rosa L. DeLauro,D,6918,47.39%
Representative in Congress 3,Shelton,Michael Massey,R,7441,50.97%
Representative in Congress 3,Shelton,Michael Massey,IND,240,1.64%
Representative in Congress 3,Shelton,Leo Almoney,WI,0,0.00%
Representative in Congress 3,Shelton,Omar Scott Antar,WI,0,0.00%
Representative in Congress 3,Shelton,Shahd Omar,WI,0,0.00%
Representative in Congress 4,Shelton,Jim Himes,D,3240,41.24%
Representative in Congress 4,Shelton,Michael Goldstein,R,4500,57.27%
Representative in Congress 4,Shelton,Benjamin Wesley,IND,117,1.49%
State Senator 21,Shelton,Kevin C. Kelly,R,15781,100.00%
State Representative 113,Shelton,Jason Perillo,R,9346,100.00%
State Representative 122,Shelton,"Dorothy ""Dottie"" Lerner",D,3608,38.05%
State Representative 122,Shelton,Ben McGorty,R,5875,61.95%
Registrar of Voters,Shelton,Janet Sabovik,D,8916,41.05%
Registrar of Voters,Shelton,Peter R. Pavone,R,12803,58.95%
Presidential Electors for,Sherman,Harris and Walz,D,1212,53.75%
Presidential Electors for,Sherman,Trump and Vance,R,1008,44.70%
Presidential Electors for,Sherman,Stein and Ware,G,12,0.53%
Presidential Electors for,Sherman,Oliver and ter Maat,LI,10,0.44%
Presidential Electors for,Sherman,"Kennedy, Jr. and Shanahan",PC,12,0.53%
Presidential Electors for,Sherman,De la Cruz and Garcia,WI,0,0.00%
Presidential Electors for,Sherman,Fox and McVay,WI,0,0.00%
Presidential Electors for,Sherman,McNeil and McNeil,WI,0,0.00%
Presidential Electors for,Sherman,Potus and Kennedy,WI,0,0.00%
Presidential Electors for,Sherman,Ayyadurai and Ellis,WI,0,0.00%
Presidential Electors for,Sherman,Sonski and Onak,WI,1,0.04%
Presidential Electors for,Sherman,West and Abdullah,WI,0,0.00%
United States Senator,Sherman,Christopher S. Murphy,D,1201,53.83%
United States Senator,Sherman,Matthew M. Corey,R,957,42.90%
United States Senator,Sherman,Christopher S. Murphy,WF,46,2.06%
United States Senator,Sherman,Justin C. Paglino,G,14,0.63%
United States Senator,Sherman,Robert Finley Hyde,CGG,13,0.58%
United States Senator,Sherman,John Flynn,WI,0,0.00%
Representative in Congress 5,Sherman,Jahana Hayes,D,1354,56.00%
Representative in Congress 5,Sherman,George Logan,R,1023,42.31%
Representative in Congress 5,Sherman,Jahana Hayes,WF,41,1.70%
Representative in Congress 5,Sherman,Ahmad AJ Darwish,WI,0,0.00%
Representative in Congress 5,Sherman,Bertram Ferguson,WI,0,0.00%
State Senator 30,Sherman,Justin Potter,D,1118,50.93%
State Senator 30,Sherman,Stephen G. Harding,R,1045,47.61%
State Senator 30,Sherman,Stephen G. Harding,IND,32,1.46%
State Representative 108,Sherman,Anne Weisberg,D,1084,49.09%
State Representative 108,Sherman,Patrick Callahan,R,1088,49.28%
State Representative 108,Sherman,Anne Weisberg,WF,36,1.63%
Registrar of Voters,Sherman,Sara Laughlin,D,1121,51.52%
Registrar of Voters,Sherman,Andrea Maloney,R,1055,48.48%
Presidential Electors for,Simsbury,Harris and Walz,D,10141,63.86%
Presidential Electors for,Simsbury,Trump and Vance,R,5433,34.21%
Presidential Electors for,Simsbury,Stein and Ware,G,106,0.67%
Presidential Electors for,Simsbury,Oliver and ter Maat,LI,94,0.59%
Presidential Electors for,Simsbury,"Kennedy, Jr. and Shanahan",PC,106,0.67%
Presidential Electors for,Simsbury,De la Cruz and Garcia,WI,0,0.00%
Presidential Electors for,Simsbury,Fox and McVay,WI,0,0.00%
Presidential Electors for,Simsbury,McNeil and McNeil,WI,0,0.00%
Presidential Electors for,Simsbury,Potus and Kennedy,WI,0,0.00%
Presidential Electors for,Simsbury,Ayyadurai and Ellis,WI,0,0.00%
Presidential Electors for,Simsbury,Sonski and Onak,WI,0,0.00%
Presidential Electors for,Simsbury,West and Abdullah,WI,0,0.00%
United States Senator,Simsbury,Christopher S. Murphy,D,9707,61.79%
United States Senator,Simsbury,Matthew M. Corey,R,5475,34.85%
United States Senator,Simsbury,Christopher S. Murphy,WF,298,1.90%
United States Senator,Simsbury,Justin C. Paglino,G,120,0.76%
United States Senator,Simsbury,Robert Finley Hyde,CGG,109,0.69%
United States Senator,Simsbury,John Flynn,WI,0,0.00%
Representative in Congress 5,Simsbury,Jahana Hayes,D,9373,59.76%
Representative in Congress 5,Simsbury,George Logan,R,5998,38.24%
Representative in Congress 5,Simsbury,Jahana Hayes,WF,314,2.00%
Representative in Congress 5,Simsbury,Ahmad AJ Darwish,WI,0,0.00%
Representative in Congress 5,Simsbury,Bertram Ferguson,WI,0,0.00%
State Senator 8,Simsbury,Paul Honig,D,8836,56.53%
State Senator 8,Simsbury,Lisa Seminara,R,6291,40.25%
State Senator 8,Simsbury,Paul Honig,WF,268,1.71%
State Senator 8,Simsbury,Lisa Seminara,IND,235,1.50%
State Representative 16,Simsbury,Melissa Osborne,D,9633,61.87%
State Representative 16,Simsbury,Michael Schulitz,R,5937,38.13%
Presidential Electors for,Somers,Harris and Walz,D,2349,40.46%
Presidential Electors for,Somers,Trump and Vance,R,3376,58.15%
Presidential Electors for,Somers,Stein and Ware,G,33,0.57%
Presidential Electors for,Somers,Oliver and ter Maat,LI,18,0.31%
Presidential Electors for,Somers,"Kennedy, Jr. and Shanahan",PC,27,0.47%
Presidential Electors for,Somers,De la Cruz and Garcia,WI,1,0.02%
Presidential Electors for,Somers,Fox and McVay,WI,0,0.00%
Presidential Electors for,Somers,McNeil and McNeil,WI,0,0.00%
Presidential Electors for,Somers,Potus and Kennedy,WI,0,0.00%
Presidential Electors for,Somers,Ayyadurai and Ellis,WI,0,0.00%
Presidential Electors for,Somers,Sonski and Onak,WI,2,0.03%
Presidential Electors for,Somers,West and Abdullah,WI,0,0.00%
United States Senator,Somers,Christopher S. Murphy,D,2275,40.65%
United States Senator,Somers,Matthew M. Corey,R,3115,55.65%
United States Senator,Somers,Christopher S. Murphy,WF,115,2.05%
United States Senator,Somers,Justin C. Paglino,G,34,0.61%
United States Senator,Somers,Robert Finley Hyde,CGG,58,1.04%
United States Senator,Somers,John Flynn,WI,0,0.00%
Representative in Congress 2,Somers,Joe Courtney,D,2503,44.85%
Representative in Congress 2,Somers,Mike France,R,3078,55.15%
Representative in Congress 2,Somers,"Kenneth Kusmierski, Jr.",WI,0,0.00%
Representative in Congress 2,Somers,Jeffery Russell,WI,0,0.00%
State Senator 7,Somers,Cynthia Mangini,D,1855,33.31%
State Senator 7,Somers,John A. Kissel,R,3502,62.88%
State Senator 7,Somers,Cynthia Mangini,WF,101,1.81%
State Senator 7,Somers,John A. Kissel,IND,111,1.99%
State Representative 52,Somers,Ethan R Werstler,D,2131,38.10%
State Representative 52,Somers,Kurt Vail,R,3462,61.90%
Registrar of Voters,Somers,Gloriajean E. Sheiber,D,1882,34.36%
Registrar of Voters,Somers,David P. McCaffrey,R,3595,65.64%
Presidential Electors for,Southbury,Harris and Walz,D,6315,49.65%
Presidential Electors for,Southbury,Trump and Vance,R,6207,48.80%
Presidential Electors for,Southbury,Stein and Ware,G,88,0.69%
Presidential Electors for,Southbury,Oliver and ter Maat,LI,51,0.40%
Presidential Electors for,Southbury,"Kennedy, Jr. and Shanahan",PC,59,0.46%
Presidential Electors for,Southbury,De la Cruz and Garcia,WI,0,0.00%
Presidential Electors for,Southbury,Fox and McVay,WI,0,0.00%
Presidential Electors for,Southbury,McNeil and McNeil,WI,0,0.00%
Presidential Electors for,Southbury,Potus and Kennedy,WI,0,0.00%
Presidential Electors for,Southbury,Ayyadurai and Ellis,WI,0,0.00%
Presidential Electors for,Southbury,Sonski and Onak,WI,0,0.00%
Presidential Electors for,Southbury,West and Abdullah,WI,0,0.00%
United States Senator,Southbury,Christopher S. Murphy,D,6183,49.42%
United States Senator,Southbury,Matthew M. Corey,R,5973,47.75%
United States Senator,Southbury,Christopher S. Murphy,WF,228,1.82%
United States Senator,Southbury,Justin C. Paglino,G,56,0.45%
United States Senator,Southbury,Robert Finley Hyde,CGG,70,0.56%
United States Senator,Southbury,John Flynn,WI,0,0.00%
Representative in Congress 5,Southbury,Jahana Hayes,D,5993,47.75%
Representative in Congress 5,Southbury,George Logan,R,6352,50.61%
Representative in Congress 5,Southbury,Jahana Hayes,WF,193,1.54%
Representative in Congress 5,Southbury,Ahmad AJ Darwish,WI,11,0.09%
Representative in Congress 5,Southbury,Bertram Ferguson,WI,1,0.01%
State Senator 32,Southbury,Jeff Desmarais,D,5763,46.83%
State Senator 32,Southbury,Eric C. Berthel,R,6544,53.17%
State Representative 69,Southbury,Ed Edelson,D,4855,45.56%
State Representative 69,Southbury,Jason Buchsbaum,R,5802,54.44%
State Representative 131,Southbury,Ellen S. Fox,D,744,43.01%
State Representative 131,Southbury,Arnold Jensen,R,961,55.55%
State Representative 131,Southbury,Ellen S. Fox,IND,25,1.45%
Registrar of Voters,Southbury,Mary McDonald,D,5761,47.40%
Registrar of Voters,Southbury,Marie Papaioannou,R,6393,52.60%
Judge of Probate 22 To Fill Vacancy,Southbury,David Labriola,R,8332,100.00%
Presidential Electors for,Southington,Harris and Walz,D,11365,45.45%
Presidential Electors for,Southington,Trump and Vance,R,13268,53.06%
Presidential Electors for,Southington,Stein and Ware,G,135,0.54%
Presidential Electors for,Southington,Oliver and ter Maat,LI,88,0.35%
Presidential Electors for,Southington,"Kennedy, Jr. and Shanahan",PC,147,0.59%
Presidential Electors for,Southington,De la Cruz and Garcia,WI,3,0.01%
Presidential Electors for,Southington,Fox and McVay,WI,0,0.00%
Presidential Electors for,Southington,McNeil and McNeil,WI,0,0.00%
Presidential Electors for,Southington,Potus and Kennedy,WI,0,0.00%
Presidential Electors for,Southington,Ayyadurai and Ellis,WI,0,0.00%
Presidential Electors for,Southington,Sonski and Onak,WI,2,0.01%
Presidential Electors for,Southington,West and Abdullah,WI,0,0.00%
United States Senator,Southington,Christopher S. Murphy,D,11138,45.32%
United States Senator,Southington,Matthew M. Corey,R,12424,50.55%
United States Senator,Southington,Christopher S. Murphy,WF,683,2.78%
United States Senator,Southington,Justin C. Paglino,G,151,0.61%
United States Senator,Southington,Robert Finley Hyde,CGG,182,0.74%
United States Senator,Southington,John Flynn,WI,0,0.00%
Representative in Congress 1,Southington,John B. Larson,D,11072,45.51%
Representative in Congress 1,Southington,Jim Griffin,R,12187,50.10%
Representative in Congress 1,Southington,John B. Larson,WF,745,3.06%
Representative in Congress 1,Southington,Mary L. Sanders,G,323,1.33%
State Senator 16,Southington,Christopher Robertson,D,10247,42.35%
State Senator 16,Southington,Rob Sampson,R,13413,55.43%
State Senator 16,Southington,Christopher Robertson,IND,536,2.22%
State Representative 22,Southington,Rebecca Martinez,D,890,43.33%
State Representative 22,Southington,Francis Rexford Cooley,R,1087,52.92%
State Representative 22,Southington,Rebecca Martinez,WF,37,1.80%
State Representative 22,Southington,Rebecca Martinez,IND,40,1.95%
State Representative 30,Southington,Donna M. Veach,R,3664,100.00%
State Representative 80,Southington,Gale L. Mastrofrancesco,R,2910,100.00%
State Representative 80,Southington,Ashley Kathleen Frazer,WI,0,0.00%
State Representative 81,Southington,Chris Poulos,D,6647,51.39%
State Representative 81,Southington,James E. Morelli Jr.,R,5802,44.86%
State Representative 81,Southington,Chris Poulos,IND,486,3.76%
Registrar of Voters,Southington,Elaine D. Bedard,D,10945,46.18%
Registrar of Voters,Southington,"August A. Palmer, III",R,12755,53.82%
Presidential Electors for,South Windsor,Harris and Walz,D,8554,58.45%
Presidential Electors for,South Windsor,Trump and Vance,R,5715,39.05%
Presidential Electors for,South Windsor,Stein and Ware,G,200,1.37%
Presidential Electors for,South Windsor,Oliver and ter Maat,LI,76,0.52%
Presidential Electors for,South Windsor,"Kennedy, Jr. and Shanahan",PC,74,0.51%
Presidential Electors for,South Windsor,De la Cruz and Garcia,WI,5,0.03%
Presidential Electors for,South Windsor,Fox and McVay,WI,0,0.00%
Presidential Electors for,South Windsor,McNeil and McNeil,WI,0,0.00%
Presidential Electors for,South Windsor,Potus and Kennedy,WI,0,0.00%
Presidential Electors for,South Windsor,Ayyadurai and Ellis,WI,0,0.00%
Presidential Electors for,South Windsor,Sonski and Onak,WI,5,0.03%
Presidential Electors for,South Windsor,West and Abdullah,WI,5,0.03%
United States Senator,South Windsor,Christopher S. Murphy,D,8351,58.78%
United States Senator,South Windsor,Matthew M. Corey,R,5230,36.81%
United States Senator,South Windsor,Christopher S. Murphy,WF,375,2.64%
United States Senator,South Windsor,Justin C. Paglino,G,153,1.08%
United States Senator,South Windsor,Robert Finley Hyde,CGG,99,0.70%
United States Senator,South Windsor,John Flynn,WI,0,0.00%
Representative in Congress 1,South Windsor,John B. Larson,D,8520,59.52%
Representative in Congress 1,South Windsor,Jim Griffin,R,5018,35.05%
Representative in Congress 1,South Windsor,John B. Larson,WF,471,3.29%
Representative in Congress 1,South Windsor,Mary L. Sanders,G,306,2.14%
State Senator 3,South Windsor,Saud Anwar,D,8247,57.37%
State Senator 3,South Windsor,Matt Siracusa,R,5629,39.16%
State Senator 3,South Windsor,Saud Anwar,WF,499,3.47%
State Representative 5,South Windsor,Maryam Khan,D,956,98.76%
State Representative 5,South Windsor,Tracy L. Funnye,WI,12,1.24%
State Representative 14,South Windsor,"Steven King, Jr",D,5536,42.68%
State Representative 14,South Windsor,Tom Delnicki,R,6773,52.22%
State Representative 14,South Windsor,Tom Delnicki,IND,304,2.34%
Registrar of Voters,South Windsor,Sue W. Larsen,D,8322,59.52%
Registrar of Voters,South Windsor,Christine Shaher,R,5660,40.48%
Presidential Electors for,Sprague,Harris and Walz,D,630,41.15%
Presidential Electors for,Sprague,Trump and Vance,R,863,56.37%
Presidential Electors for,Sprague,Stein and Ware,G,12,0.78%
Presidential Electors for,Sprague,Oliver and ter Maat,LI,5,0.33%
Presidential Electors for,Sprague,"Kennedy, Jr. and Shanahan",PC,8,0.52%
Presidential Electors for,Sprague,De la Cruz and Garcia,WI,9,0.59%
Presidential Electors for,Sprague,Fox and McVay,WI,0,0.00%
Presidential Electors for,Sprague,McNeil and McNeil,WI,0,0.00%
Presidential Electors for,Sprague,Potus and Kennedy,WI,0,0.00%
Presidential Electors for,Sprague,Ayyadurai and Ellis,WI,0,0.00%
Presidential Electors for,Sprague,Sonski and Onak,WI,4,0.26%
Presidential Electors for,Sprague,West and Abdullah,WI,0,0.00%
United States Senator,Sprague,Christopher S. Murphy,D,615,41.81%
United States Senator,Sprague,Matthew M. Corey,R,769,52.28%
United States Senator,Sprague,Christopher S. Murphy,WF,44,2.99%
United States Senator,Sprague,Justin C. Paglino,G,21,1.43%
United States Senator,Sprague,Robert Finley Hyde,CGG,21,1.43%
United States Senator,Sprague,John Flynn,WI,1,0.07%
Representative in Congress 2,Sprague,Joe Courtney,D,761,51.31%
Representative in Congress 2,Sprague,Mike France,R,722,48.69%
Representative in Congress 2,Sprague,"Kenneth Kusmierski, Jr.",WI,0,0.00%
Representative in Congress 2,Sprague,Jeffery Russell,WI,0,0.00%
State Senator 19,Sprague,Catherine A. Osten,D,675,45.12%
State Senator 19,Sprague,Jason Guidone,R,749,50.07%
State Senator 19,Sprague,Catherine A. Osten,WF,49,3.28%
State Senator 19,Sprague,Catherine A. Osten,IND,23,1.54%
State Representative 47,Sprague,Aaron Spruance,D,541,36.95%
State Representative 47,Sprague,Doug Dubitsky,R,923,63.05%
Registrar of Voters,Sprague,Jon Illinger,D,590,40.61%
Registrar of Voters,Sprague,Barbara Richardson Crouch,R,863,59.39%
Presidential Electors for,Stafford,Harris and Walz,D,2698,41.63%
Presidential Electors for,Stafford,Trump and Vance,R,3686,56.87%
Presidential Electors for,Stafford,Stein and Ware,G,30,0.46%
Presidential Electors for,Stafford,Oliver and ter Maat,LI,28,0.43%
Presidential Electors for,Stafford,"Kennedy, Jr. and Shanahan",PC,38,0.59%
Presidential Electors for,Stafford,De la Cruz and Garcia,WI,0,0.00%
Presidential Electors for,Stafford,Fox and McVay,WI,0,0.00%
Presidential Electors for,Stafford,McNeil and McNeil,WI,0,0.00%
Presidential Electors for,Stafford,Potus and Kennedy,WI,0,0.00%
Presidential Electors for,Stafford,Ayyadurai and Ellis,WI,0,0.00%
Presidential Electors for,Stafford,Sonski and Onak,WI,1,0.02%
Presidential Electors for,Stafford,West and Abdullah,WI,0,0.00%
United States Senator,Stafford,Christopher S. Murphy,D,2639,42.35%
United States Senator,Stafford,Matthew M. Corey,R,3257,52.26%
United States Senator,Stafford,Christopher S. Murphy,WF,210,3.37%
United States Senator,Stafford,Justin C. Paglino,G,45,0.72%
United States Senator,Stafford,Robert Finley Hyde,CGG,81,1.30%
United States Senator,Stafford,John Flynn,WI,0,0.00%
Representative in Congress 2,Stafford,Joe Courtney,D,3009,48.49%
Representative in Congress 2,Stafford,Mike France,R,3196,51.50%
Representative in Congress 2,Stafford,"Kenneth Kusmierski, Jr.",WI,0,0.00%
Representative in Congress 2,Stafford,Jeffery Russell,WI,1,0.02%
State Senator 35,Stafford,Merry C. Garrett,D,2210,35.96%
State Senator 35,Stafford,Jeff Gordon,R,3727,60.64%
State Senator 35,Stafford,Merry C. Garrett,WF,121,1.97%
State Senator 35,Stafford,Merry C. Garrett,IND,88,1.43%
State Representative 52,Stafford,Ethan R Werstler,D,2675,42.90%
State Representative 52,Stafford,Kurt Vail,R,3561,57.10%
Registrar of Voters,Stafford,Sue Armstrong,D,3050,76.61%
Registrar of Voters,Stafford,Eleanor Canestrari,PC,931,23.39%
Presidential Electors for,Stamford,Harris and Walz,D,35570,62.55%
Presidential Electors for,Stamford,Trump and Vance,R,20370,35.82%
Presidential Electors for,Stamford,Stein and Ware,G,493,0.87%
Presidential Electors for,Stamford,Oliver and ter Maat,LI,196,0.34%
Presidential Electors for,Stamford,"Kennedy, Jr. and Shanahan",PC,223,0.39%
Presidential Electors for,Stamford,De la Cruz and Garcia,WI,7,0.01%
Presidential Electors for,Stamford,Fox and McVay,WI,1,0.00%
Presidential Electors for,Stamford,McNeil and McNeil,WI,0,0.00%
Presidential Electors for,Stamford,Potus and Kennedy,WI,0,0.00%
Presidential Electors for,Stamford,Ayyadurai and Ellis,WI,1,0.00%
Presidential Electors for,Stamford,Sonski and Onak,WI,5,0.01%
Presidential Electors for,Stamford,West and Abdullah,WI,4,0.01%
United States Senator,Stamford,Christopher S. Murphy,D,34454,62.68%
United States Senator,Stamford,Matthew M. Corey,R,18462,33.59%
United States Senator,Stamford,Christopher S. Murphy,WF,1186,2.16%
United States Senator,Stamford,Justin C. Paglino,G,449,0.82%
United States Senator,Stamford,Robert Finley Hyde,CGG,419,0.76%
United States Senator,Stamford,John Flynn,WI,0,0.00%
Representative in Congress 4,Stamford,Jim Himes,D,35262,64.27%
Representative in Congress 4,Stamford,Michael Goldstein,R,18697,34.08%
Representative in Congress 4,Stamford,Benjamin Wesley,IND,905,1.65%
State Senator 26,Stamford,Ceci Maher,D,3728,59.33%
State Senator 26,Stamford,Kami Evans,R,2447,38.95%
State Senator 26,Stamford,Kami Evans,IND,108,1.72%
State Senator 27,Stamford,Pat Billie Miller,D,22303,64.25%
State Senator 27,Stamford,Nicola Tarzia,R,12409,35.75%
State Senator 36,Stamford,Nick Simmons,D,7080,54.06%
State Senator 36,Stamford,Ryan Fazio,R,5821,44.45%
State Senator 36,Stamford,Nick Simmons,IND,196,1.50%
State Representative 125,Stamford,Jason Bennett,D,2563,55.08%
State Representative 125,Stamford,Tom O'Dea,R,2090,44.92%
State Representative 144,Stamford,Hubert Delany,D,6345,64.47%
State Representative 144,Stamford,Layne Rodney,R,3497,35.53%
State Representative 145,Stamford,Corey P. Paris,D,4344,73.02%
State Representative 145,Stamford,Fritz Blau,R,1441,24.22%
State Representative 145,Stamford,Corey P. Paris,WF,164,2.76%
State Representative 146,Stamford,Eilish Collins Main,D,5648,62.23%
State Representative 146,Stamford,Jim Malerba,R,3259,35.91%
State Representative 146,Stamford,Eilish Collins Main,IND,169,1.86%
State Representative 147,Stamford,Matt Blumenthal,D,7246,60.95%
State Representative 147,Stamford,Rudy Settimi,R,4642,39.05%
State Representative 148,Stamford,Jonathan Jacobson,D,4910,64.55%
State Representative 148,Stamford,Olga Anastos,R,2697,35.45%
State Representative 149,Stamford,Rachel Khanna,D,2766,66.41%
State Representative 149,Stamford,Tina Courpas,R,1333,32.00%
State Representative 149,Stamford,Rachel Khanna,IND,66,1.58%
Registrar of Voters,Stamford,Monica Di Costanzo,D,32281,61.99%
Registrar of Voters,Stamford,Lucy Corelli,R,19790,38.01%
Board of Education,Stamford,Julienne Foy,D,32200,31.02%
Board of Education,Stamford,Rebecca Hamman,R,26001,25.05%
Board of Education,Stamford,Prasad Tunga,R,24382,23.49%
Board of Education,Stamford,Luisa Duran,R,21215,20.44%
Presidential Electors for,Sterling,Harris and Walz,D,588,29.09%
Presidential Electors for,Sterling,Trump and Vance,R,1403,69.42%
Presidential Electors for,Sterling,Stein and Ware,G,13,0.64%
Presidential Electors for,Sterling,Oliver and ter Maat,LI,8,0.40%
Presidential Electors for,Sterling,"Kennedy, Jr. and Shanahan",PC,9,0.45%
Presidential Electors for,Sterling,De la Cruz and Garcia,WI,0,0.00%
Presidential Electors for,Sterling,Fox and McVay,WI,0,0.00%
Presidential Electors for,Sterling,McNeil and McNeil,WI,0,0.00%
Presidential Electors for,Sterling,Potus and Kennedy,WI,0,0.00%
Presidential Electors for,Sterling,Ayyadurai and Ellis,WI,0,0.00%
Presidential Electors for,Sterling,Sonski and Onak,WI,0,0.00%
Presidential Electors for,Sterling,West and Abdullah,WI,0,0.00%
United States Senator,Sterling,Christopher S. Murphy,D,588,30.53%
United States Senator,Sterling,Matthew M. Corey,R,1251,64.95%
United States Senator,Sterling,Christopher S. Murphy,WF,49,2.54%
United States Senator,Sterling,Justin C. Paglino,G,12,0.62%
United States Senator,Sterling,Robert Finley Hyde,CGG,26,1.35%
United States Senator,Sterling,John Flynn,WI,0,0.00%
Representative in Congress 2,Sterling,Joe Courtney,D,691,35.88%
Representative in Congress 2,Sterling,Mike France,R,1235,64.12%
Representative in Congress 2,Sterling,"Kenneth Kusmierski, Jr.",WI,0,0.00%
Representative in Congress 2,Sterling,Jeffery Russell,WI,0,0.00%
State Senator 18,Sterling,Andrew M. Parrella,D,460,24.00%
State Senator 18,Sterling,Heather Somers,R,1401,73.08%
State Senator 18,Sterling,Heather Somers,IND,56,2.92%
State Representative 44,Sterling,Samantha Derenthal,D,514,26.84%
State Representative 44,Sterling,Anne Dubay Dauphinais,R,1344,70.18%
State Representative 44,Sterling,Samantha Derenthal,IND,57,2.98%
Registrar of Voters,Sterling,Cathy Levine,D,510,26.87%
Registrar of Voters,Sterling,Tammy Etheridge,R,1388,73.13%
Presidential Electors for,Stonington,Harris and Walz,D,7375,62.62%
Presidential Electors for,Stonington,Trump and Vance,R,4224,35.86%
Presidential Electors for,Stonington,Stein and Ware,G,72,0.61%
Presidential Electors for,Stonington,Oliver and ter Maat,LI,45,0.38%
Presidential Electors for,Stonington,"Kennedy, Jr. and Shanahan",PC,62,0.53%
Presidential Electors for,Stonington,De la Cruz and Garcia,WI,0,0.00%
Presidential Electors for,Stonington,Fox and McVay,WI,0,0.00%
Presidential Electors for,Stonington,McNeil and McNeil,WI,0,0.00%
Presidential Electors for,Stonington,Potus and Kennedy,WI,0,0.00%
Presidential Electors for,Stonington,Ayyadurai and Ellis,WI,0,0.00%
Presidential Electors for,Stonington,Sonski and Onak,WI,0,0.00%
Presidential Electors for,Stonington,West and Abdullah,WI,0,0.00%
United States Senator,Stonington,Christopher S. Murphy,D,7058,61.91%
United States Senator,Stonington,Matthew M. Corey,R,3908,34.28%
United States Senator,Stonington,Christopher S. Murphy,WF,287,2.52%
United States Senator,Stonington,Justin C. Paglino,G,82,0.72%
United States Senator,Stonington,Robert Finley Hyde,CGG,66,0.58%
United States Senator,Stonington,John Flynn,WI,0,0.00%
Representative in Congress 2,Stonington,Joe Courtney,D,7683,67.37%
Representative in Congress 2,Stonington,Mike France,R,3721,32.63%
Representative in Congress 2,Stonington,"Kenneth Kusmierski, Jr.",WI,0,0.00%
Representative in Congress 2,Stonington,Jeffery Russell,WI,0,0.00%
State Senator 18,Stonington,Andrew M. Parrella,D,5467,48.32%
State Senator 18,Stonington,Heather Somers,R,5518,48.77%
State Senator 18,Stonington,Heather Somers,IND,330,2.92%
State Representative 41,Stonington,Aundre Bumgardner,D,3313,89.13%
State Representative 41,Stonington,Aundre Bumgardner,WF,139,3.74%
State Representative 41,Stonington,Aundre Bumgardner,IND,265,7.13%
State Representative 43,Stonington,Ty Lamb,D,2724,41.65%
State Representative 43,Stonington,Greg Howard,R,3816,58.35%
Registrar of Voters,Stonington,Karen O'Keefe,D,6699,60.79%
Registrar of Voters,Stonington,Peggy Roberts,R,4320,39.21%
Presidential Electors for,Stratford,Harris and Walz,D,15708,57.57%
Presidential Electors for,Stratford,Trump and Vance,R,11261,41.27%
Presidential Electors for,Stratford,Stein and Ware,G,165,0.60%
Presidential Electors for,Stratford,Oliver and ter Maat,LI,48,0.18%
Presidential Electors for,Stratford,"Kennedy, Jr. and Shanahan",PC,99,0.36%
Presidential Electors for,Stratford,De la Cruz and Garcia,WI,0,0.00%
Presidential Electors for,Stratford,Fox and McVay,WI,0,0.00%
Presidential Electors for,Stratford,McNeil and McNeil,WI,0,0.00%
Presidential Electors for,Stratford,Potus and Kennedy,WI,0,0.00%
Presidential Electors for,Stratford,Ayyadurai and Ellis,WI,0,0.00%
Presidential Electors for,Stratford,Sonski and Onak,WI,2,0.01%
Presidential Electors for,Stratford,West and Abdullah,WI,0,0.00%
United States Senator,Stratford,Christopher S. Murphy,D,15342,59.45%
United States Senator,Stratford,Matthew M. Corey,R,9228,35.76%
United States Senator,Stratford,Christopher S. Murphy,WF,804,3.12%
United States Senator,Stratford,Justin C. Paglino,G,164,0.64%
United States Senator,Stratford,Robert Finley Hyde,CGG,270,1.05%
United States Senator,Stratford,John Flynn,WI,0,0.00%
Representative in Congress 3,Stratford,Rosa L. DeLauro,D,15689,60.97%
Representative in Congress 3,Stratford,Michael Massey,R,9635,37.44%
Representative in Congress 3,Stratford,Michael Massey,IND,410,1.59%
Representative in Congress 3,Stratford,Leo Almoney,WI,0,0.00%
Representative in Congress 3,Stratford,Omar Scott Antar,WI,0,0.00%
Representative in Congress 3,Stratford,Shahd Omar,WI,0,0.00%
State Senator 21,Stratford,Kevin C. Kelly,R,13133,100.00%
State Senator 23,Stratford,Herron Gaston,D,1948,70.20%
State Senator 23,Stratford,Brian Banacowski,R,624,22.49%
State Senator 23,Stratford,Herron Gaston,WF,109,3.93%
State Representative 120,Stratford,Kaitlyn Shake,D,6569,51.33%
State Representative 120,Stratford,Laura Dancho,R,5642,44.09%
State Representative 120,Stratford,Kaitlyn Shake,WF,357,2.79%
State Representative 120,Stratford,Laura Dancho,IND,229,1.79%
State Representative 121,Stratford,Joseph P. Gresko,D,6572,66.46%
State Representative 121,Stratford,Rafael Irizarry,R,3317,33.54%
State Representative 122,Stratford,"Dorothy ""Dottie"" Lerner",D,1651,53.00%
State Representative 122,Stratford,Ben McGorty,R,1464,47.00%
Registrar of Voters,Stratford,James Simon,D,14464,57.72%
Registrar of Voters,Stratford,Louis A. DeCilio,R,10593,42.28%
Presidential Electors for,Suffield,Harris and Walz,D,4164,48.24%
Presidential Electors for,Suffield,Trump and Vance,R,4331,50.17%
Presidential Electors for,Suffield,Stein and Ware,G,51,0.59%
Presidential Electors for,Suffield,Oliver and ter Maat,LI,39,0.45%
Presidential Electors for,Suffield,"Kennedy, Jr. and Shanahan",PC,47,0.54%
Presidential Electors for,Suffield,De la Cruz and Garcia,WI,0,0.00%
Presidential Electors for,Suffield,Fox and McVay,WI,0,0.00%
Presidential Electors for,Suffield,McNeil and McNeil,WI,0,0.00%
Presidential Electors for,Suffield,Potus and Kennedy,WI,0,0.00%
Presidential Electors for,Suffield,Ayyadurai and Ellis,WI,0,0.00%
Presidential Electors for,Suffield,Sonski and Onak,WI,0,0.00%
Presidential Electors for,Suffield,West and Abdullah,WI,0,0.00%
United States Senator,Suffield,Christopher S. Murphy,D,3923,46.98%
United States Senator,Suffield,Matthew M. Corey,R,4091,48.99%
United States Senator,Suffield,Christopher S. Murphy,WF,216,2.59%
United States Senator,Suffield,Justin C. Paglino,G,46,0.55%
United States Senator,Suffield,Robert Finley Hyde,CGG,75,0.90%
United States Senator,Suffield,John Flynn,WI,0,0.00%
Representative in Congress 2,Suffield,Joe Courtney,D,4255,51.50%
Representative in Congress 2,Suffield,Mike France,R,4005,48.47%
Representative in Congress 2,Suffield,"Kenneth Kusmierski, Jr.",WI,2,0.02%
Representative in Congress 2,Suffield,Jeffery Russell,WI,0,0.00%
State Senator 7,Suffield,Cynthia Mangini,D,3402,41.07%
State Senator 7,Suffield,John A. Kissel,R,4547,54.90%
State Senator 7,Suffield,Cynthia Mangini,WF,164,1.98%
State Senator 7,Suffield,John A. Kissel,IND,170,2.05%
State Representative 61,Suffield,Michael Malloy,D,3129,37.65%
State Representative 61,Suffield,Tami Zawistowski,R,5181,62.35%
Presidential Electors for,Thomaston,Harris and Walz,D,1436,32.55%
Presidential Electors for,Thomaston,Trump and Vance,R,2922,66.23%
Presidential Electors for,Thomaston,Stein and Ware,G,15,0.34%
Presidential Electors for,Thomaston,Oliver and ter Maat,LI,16,0.36%
Presidential Electors for,Thomaston,"Kennedy, Jr. and Shanahan",PC,23,0.52%
Presidential Electors for,Thomaston,De la Cruz and Garcia,WI,0,0.00%
Presidential Electors for,Thomaston,Fox and McVay,WI,0,0.00%
Presidential Electors for,Thomaston,McNeil and McNeil,WI,0,0.00%
Presidential Electors for,Thomaston,Potus and Kennedy,WI,0,0.00%
Presidential Electors for,Thomaston,Ayyadurai and Ellis,WI,0,0.00%
Presidential Electors for,Thomaston,Sonski and Onak,WI,0,0.00%
Presidential Electors for,Thomaston,West and Abdullah,WI,0,0.00%
United States Senator,Thomaston,Christopher S. Murphy,D,1420,32.98%
United States Senator,Thomaston,Matthew M. Corey,R,2688,62.42%
United States Senator,Thomaston,Christopher S. Murphy,WF,125,2.90%
United States Senator,Thomaston,Justin C. Paglino,G,24,0.56%
United States Senator,Thomaston,Robert Finley Hyde,CGG,49,1.14%
United States Senator,Thomaston,John Flynn,WI,0,0.00%
Representative in Congress 5,Thomaston,Jahana Hayes,D,1354,31.06%
Representative in Congress 5,Thomaston,George Logan,R,2907,66.69%
Representative in Congress 5,Thomaston,Jahana Hayes,WF,98,2.25%
Representative in Congress 5,Thomaston,Ahmad AJ Darwish,WI,0,0.00%
Representative in Congress 5,Thomaston,Bertram Ferguson,WI,0,0.00%
State Senator 31,Thomaston,Henri Martin,R,3461,100.00%
State Representative 76,Thomaston,Stephen Simonin,D,1023,23.89%
State Representative 76,Thomaston,John Piscopo,R,3259,76.11%
Presidential Electors for,Thompson,Harris and Walz,D,1800,36.46%
Presidential Electors for,Thompson,Trump and Vance,R,3077,62.33%
Presidential Electors for,Thompson,Stein and Ware,G,22,0.45%
Presidential Electors for,Thompson,Oliver and ter Maat,LI,11,0.22%
Presidential Electors for,Thompson,"Kennedy, Jr. and Shanahan",PC,27,0.55%
Presidential Electors for,Thompson,De la Cruz and Garcia,WI,0,0.00%
Presidential Electors for,Thompson,Fox and McVay,WI,0,0.00%
Presidential Electors for,Thompson,McNeil and McNeil,WI,0,0.00%
Presidential Electors for,Thompson,Potus and Kennedy,WI,0,0.00%
Presidential Electors for,Thompson,Ayyadurai and Ellis,WI,0,0.00%
Presidential Electors for,Thompson,Sonski and Onak,WI,0,0.00%
Presidential Electors for,Thompson,West and Abdullah,WI,0,0.00%
United States Senator,Thompson,Christopher S. Murphy,D,1787,38.02%
United States Senator,Thompson,Matthew M. Corey,R,2641,56.19%
United States Senator,Thompson,Christopher S. Murphy,WF,179,3.81%
United States Senator,Thompson,Justin C. Paglino,G,30,0.64%
United States Senator,Thompson,Robert Finley Hyde,CGG,63,1.34%
United States Senator,Thompson,John Flynn,WI,0,0.00%
Representative in Congress 2,Thompson,Joe Courtney,D,2025,43.48%
Representative in Congress 2,Thompson,Mike France,R,2632,56.52%
Representative in Congress 2,Thompson,"Kenneth Kusmierski, Jr.",WI,0,0.00%
Representative in Congress 2,Thompson,Jeffery Russell,WI,0,0.00%
State Senator 29,Thompson,Mae Flexer,D,1322,33.08%
State Senator 29,Thompson,Chris Reddy,R,2506,62.71%
State Senator 29,Thompson,Mae Flexer,WF,72,1.80%
State Senator 29,Thompson,Mae Flexer,IND,47,1.18%
State Senator 29,Thompson,Alice Leibowitz,G,49,1.23%
State Senator 35,Thompson,Merry C. Garrett,D,211,30.85%
State Senator 35,Thompson,Jeff Gordon,R,450,65.79%
State Senator 35,Thompson,Merry C. Garrett,WF,15,2.19%
State Senator 35,Thompson,Merry C. Garrett,IND,8,1.17%
State Representative 51,Thompson,Renee LaPalme Waldron,D,1972,41.48%
State Representative 51,Thompson,Chris Stewart,R,2487,52.31%
State Representative 51,Thompson,Renee LaPalme Waldron,WF,168,3.53%
State Representative 51,Thompson,Renee LaPalme Waldron,IND,127,2.67%
Registrar of Voters,Thompson,A. Aileen Witkowski,D,1895,41.21%
Registrar of Voters,Thompson,Francis J. McGarry,R,2703,58.79%
Presidential Electors for,Tolland,Harris and Walz,D,4865,52.66%
Presidential Electors for,Tolland,Trump and Vance,R,4193,45.38%
Presidential Electors for,Tolland,Stein and Ware,G,64,0.69%
Presidential Electors for,Tolland,Oliver and ter Maat,LI,42,0.45%
Presidential Electors for,Tolland,"Kennedy, Jr. and Shanahan",PC,74,0.80%
Presidential Electors for,Tolland,De la Cruz and Garcia,WI,1,0.01%
Presidential Electors for,Tolland,Fox and McVay,WI,0,0.00%
Presidential Electors for,Tolland,McNeil and McNeil,WI,0,0.00%
Presidential Electors for,Tolland,Potus and Kennedy,WI,0,0.00%
Presidential Electors for,Tolland,Ayyadurai and Ellis,WI,0,0.00%
Presidential Electors for,Tolland,Sonski and Onak,WI,0,0.00%
Presidential Electors for,Tolland,West and Abdullah,WI,0,0.00%
United States Senator,Tolland,Christopher S. Murphy,D,4626,50.93%
United States Senator,Tolland,Matthew M. Corey,R,4053,44.62%
United States Senator,Tolland,Christopher S. Murphy,WF,244,2.69%
United States Senator,Tolland,Justin C. Paglino,G,77,0.85%
United States Senator,Tolland,Robert Finley Hyde,CGG,83,0.91%
United States Senator,Tolland,John Flynn,WI,0,0.00%
Representative in Congress 2,Tolland,Joe Courtney,D,5172,57.17%
Representative in Congress 2,Tolland,Mike France,R,3875,42.83%
Representative in Congress 2,Tolland,"Kenneth Kusmierski, Jr.",WI,0,0.00%
Representative in Congress 2,Tolland,Jeffery Russell,WI,0,0.00%
State Senator 35,Tolland,Merry C. Garrett,D,4031,44.85%
State Senator 35,Tolland,Jeff Gordon,R,4688,52.16%
State Senator 35,Tolland,Merry C. Garrett,WF,133,1.48%
State Senator 35,Tolland,Merry C. Garrett,IND,136,1.51%
State Representative 8,Tolland,Nancy Hammarstrom,D,300,45.39%
State Representative 8,Tolland,Timothy Ackert,R,347,52.50%
State Representative 8,Tolland,Nancy Hammarstrom,WF,14,2.12%
State Representative 53,Tolland,Ann Bonney,D,3257,38.79%
State Representative 53,Tolland,Tammy Nuccio,R,4832,57.54%
State Representative 53,Tolland,Ann Bonney,WF,123,1.46%
State Representative 53,Tolland,Tammy Nuccio,IND,185,2.20%
Registrar of Voters,Tolland,R. Michael Wyman,D,4477,50.47%
Registrar of Voters,Tolland,Leonard A. Bach,R,4394,49.53%
Judge of Probate 25 To Fill Vacancy,Tolland,Sophia H. Shaikh,D,5822,100.00%
Presidential Electors for,Torrington,Harris and Walz,D,0,0.00%
Presidential Electors for,Torrington,Trump and Vance,R,0,0.00%
Presidential Electors for,Torrington,Stein and Ware,G,0,0.00%
Presidential Electors for,Torrington,Oliver and ter Maat,LI,0,0.00%
Presidential Electors for,Torrington,"Kennedy, Jr. and Shanahan",PC,0,0.00%
Presidential Electors for,Torrington,De la Cruz and Garcia,WI,0,0.00%
Presidential Electors for,Torrington,Fox and McVay,WI,0,0.00%
Presidential Electors for,Torrington,McNeil and McNeil,WI,0,0.00%
Presidential Electors for,Torrington,Potus and Kennedy,WI,0,0.00%
Presidential Electors for,Torrington,Ayyadurai and Ellis,WI,0,0.00%
Presidential Electors for,Torrington,Sonski and Onak,WI,0,0.00%
Presidential Electors for,Torrington,West and Abdullah,WI,0,0.00%
United States Senator,Torrington,Christopher S. Murphy,D,0,0.00%
United States Senator,Torrington,Matthew M. Corey,R,0,0.00%
United States Senator,Torrington,Christopher S. Murphy,WF,0,0.00%
United States Senator,Torrington,Justin C. Paglino,G,0,0.00%
United States Senator,Torrington,Robert Finley Hyde,CGG,0,0.00%
United States Senator,Torrington,John Flynn,WI,0,0.00%
Representative in Congress 1,Torrington,John B. Larson,D,0,0.00%
Representative in Congress 1,Torrington,Jim Griffin,R,0,0.00%
Representative in Congress 1,Torrington,John B. Larson,WF,0,0.00%
Representative in Congress 1,Torrington,Mary L. Sanders,G,0,0.00%
Representative in Congress 5,Torrington,Jahana Hayes,D,0,0.00%
Representative in Congress 5,Torrington,George Logan,R,0,0.00%
Representative in Congress 5,Torrington,Jahana Hayes,WF,0,0.00%
Representative in Congress 5,Torrington,Ahmad AJ Darwish,WI,0,0.00%
Representative in Congress 5,Torrington,Bertram Ferguson,WI,0,0.00%
State Senator 8,Torrington,Paul Honig,D,0,0.00%
State Senator 8,Torrington,Lisa Seminara,R,0,0.00%
State Senator 8,Torrington,Paul Honig,WF,0,0.00%
State Senator 8,Torrington,Lisa Seminara,IND,0,0.00%
State Senator 30,Torrington,Justin Potter,D,0,0.00%
State Senator 30,Torrington,Stephen G. Harding,R,0,0.00%
State Senator 30,Torrington,Stephen G. Harding,IND,0,0.00%
State Representative 63,Torrington,Jay M. Case,R,0,0.00%
State Representative 65,Torrington,Michelle L. Cook,D,0,0.00%
State Representative 65,Torrington,Joe Canino,R,0,0.00%
Registrar of Voters,Torrington,Jacque Williams,D,0,0.00%
Registrar of Voters,Torrington,Frederick E. Jury,R,0,0.00%
Presidential Electors for,Trumbull,Harris and Walz,D,6044,46.79%
Presidential Electors for,Trumbull,Trump and Vance,R,6585,50.98%
Presidential Electors for,Trumbull,Stein and Ware,G,144,1.11%
Presidential Electors for,Trumbull,Oliver and ter Maat,LI,60,0.46%
Presidential Electors for,Trumbull,"Kennedy, Jr. and Shanahan",PC,83,0.64%
Presidential Electors for,Trumbull,De la Cruz and Garcia,WI,0,0.00%
Presidential Electors for,Trumbull,Fox and McVay,WI,0,0.00%
Presidential Electors for,Trumbull,McNeil and McNeil,WI,0,0.00%
Presidential Electors for,Trumbull,Potus and Kennedy,WI,0,0.00%
Presidential Electors for,Trumbull,Ayyadurai and Ellis,WI,0,0.00%
Presidential Electors for,Trumbull,Sonski and Onak,WI,0,0.00%
Presidential Electors for,Trumbull,West and Abdullah,WI,0,0.00%
United States Senator,Trumbull,Christopher S. Murphy,D,5937,46.91%
United States Senator,Trumbull,Matthew M. Corey,R,6210,49.07%
United States Senator,Trumbull,Christopher S. Murphy,WF,298,2.35%
United States Senator,Trumbull,Justin C. Paglino,G,111,0.88%
United States Senator,Trumbull,Robert Finley Hyde,CGG,100,0.79%
United States Senator,Trumbull,John Flynn,WI,0,0.00%
Representative in Congress 4,Trumbull,Jim Himes,D,6070,48.23%
Representative in Congress 4,Trumbull,Michael Goldstein,R,6257,49.71%
Representative in Congress 4,Trumbull,Benjamin Wesley,IND,259,2.06%
State Senator 22,Trumbull,Sujata Gadkar-Wilcox,D,5680,45.50%
State Senator 22,Trumbull,Chris Carrena,R,6603,52.90%
State Senator 22,Trumbull,Robert Edward Halstead,IND,200,1.60%
State Senator 22,Trumbull,Louis Anthony Bevilacqua,WI,0,0.00%
State Representative 112,Trumbull,Beth Cliff,D,238,41.18%
State Representative 112,Trumbull,Tony Scott,R,331,57.27%
State Representative 112,Trumbull,Beth Cliff,WF,4,0.69%
State Representative 112,Trumbull,Beth Cliff,IND,5,0.87%
State Representative 122,Trumbull,"Dorothy ""Dottie"" Lerner",D,351,50.80%
State Representative 122,Trumbull,Ben McGorty,R,340,49.20%
State Representative 123,Trumbull,Thomas Tesoro,D,3465,40.08%
State Representative 123,Trumbull,David J. Rutigliano,R,4852,56.12%
State Representative 123,Trumbull,Thomas Tesoro,WF,136,1.57%
State Representative 123,Trumbull,David J. Rutigliano,IND,192,2.22%
State Representative 134,Trumbull,Sarah Keitt,D,706,41.21%
State Representative 134,Trumbull,Melissa Longo,R,940,54.87%
State Representative 134,Trumbull,Sarah Keitt,WF,34,1.98%
State Representative 134,Trumbull,Sarah Keitt,IND,33,1.93%
Registrar of Voters,Trumbull,Jean Rabinow,D,5547,44.84%
Registrar of Voters,Trumbull,Tracy S. Vonick,R,6824,55.16%
Presidential Electors for,Union,Harris and Walz,D,235,41.81%
Presidential Electors for,Union,Trump and Vance,R,315,56.05%
Presidential Electors for,Union,Stein and Ware,G,2,0.36%
Presidential Electors for,Union,Oliver and ter Maat,LI,7,1.25%
Presidential Electors for,Union,"Kennedy, Jr. and Shanahan",PC,3,0.53%
Presidential Electors for,Union,De la Cruz and Garcia,WI,0,0.00%
Presidential Electors for,Union,Fox and McVay,WI,0,0.00%
Presidential Electors for,Union,McNeil and McNeil,WI,0,0.00%
Presidential Electors for,Union,Potus and Kennedy,WI,0,0.00%
Presidential Electors for,Union,Ayyadurai and Ellis,WI,0,0.00%
Presidential Electors for,Union,Sonski and Onak,WI,0,0.00%
Presidential Electors for,Union,West and Abdullah,WI,0,0.00%
United States Senator,Union,Christopher S. Murphy,D,223,41.37%
United States Senator,Union,Matthew M. Corey,R,294,54.55%
United States Senator,Union,Christopher S. Murphy,WF,13,2.41%
United States Senator,Union,Justin C. Paglino,G,4,0.74%
United States Senator,Union,Robert Finley Hyde,CGG,5,0.93%
United States Senator,Union,John Flynn,WI,0,0.00%
Representative in Congress 2,Union,Joe Courtney,D,249,46.72%
Representative in Congress 2,Union,Mike France,R,284,53.28%
Representative in Congress 2,Union,"Kenneth Kusmierski, Jr.",WI,0,0.00%
Representative in Congress 2,Union,Jeffery Russell,WI,0,0.00%
State Senator 35,Union,Merry C. Garrett,D,176,33.33%
State Senator 35,Union,Jeff Gordon,R,334,63.26%
State Senator 35,Union,Merry C. Garrett,WF,12,2.27%
State Senator 35,Union,Merry C. Garrett,IND,6,1.14%
State Representative 52,Union,Ethan R Werstler,D,229,42.57%
State Representative 52,Union,Kurt Vail,R,309,57.43%
Presidential Electors for,Vernon,Harris and Walz,D,8710,58.08%
Presidential Electors for,Vernon,Trump and Vance,R,6008,40.06%
Presidential Electors for,Vernon,Stein and Ware,G,135,0.90%
Presidential Electors for,Vernon,Oliver and ter Maat,LI,69,0.46%
Presidential Electors for,Vernon,"Kennedy, Jr. and Shanahan",PC,69,0.46%
Presidential Electors for,Vernon,De la Cruz and Garcia,WI,6,0.04%
Presidential Electors for,Vernon,Fox and McVay,WI,0,0.00%
Presidential Electors for,Vernon,McNeil and McNeil,WI,0,0.00%
Presidential Electors for,Vernon,Potus and Kennedy,WI,0,0.00%
Presidential Electors for,Vernon,Ayyadurai and Ellis,WI,0,0.00%
Presidential Electors for,Vernon,Sonski and Onak,WI,0,0.00%
Presidential Electors for,Vernon,West and Abdullah,WI,0,0.00%
United States Senator,Vernon,Christopher S. Murphy,D,8371,56.84%
United States Senator,Vernon,Matthew M. Corey,R,5571,37.83%
United States Senator,Vernon,Christopher S. Murphy,WF,520,3.53%
United States Senator,Vernon,Justin C. Paglino,G,145,0.98%
United States Senator,Vernon,Robert Finley Hyde,CGG,121,0.82%
United States Senator,Vernon,John Flynn,WI,0,0.00%
Representative in Congress 2,Vernon,Joe Courtney,D,9079,62.34%
Representative in Congress 2,Vernon,Mike France,R,5485,37.66%
Representative in Congress 2,Vernon,"Kenneth Kusmierski, Jr.",WI,0,0.00%
Representative in Congress 2,Vernon,Jeffery Russell,WI,0,0.00%
State Senator 35,Vernon,Merry C. Garrett,D,7529,52.20%
State Senator 35,Vernon,Jeff Gordon,R,6427,44.56%
State Senator 35,Vernon,Merry C. Garrett,WF,282,1.96%
State Senator 35,Vernon,Merry C. Garrett,IND,184,1.28%
State Representative 53,Vernon,Ann Bonney,D,1393,51.27%
State Representative 53,Vernon,Tammy Nuccio,R,1231,45.31%
State Representative 53,Vernon,Ann Bonney,WF,60,2.21%
State Representative 53,Vernon,Tammy Nuccio,IND,33,1.21%
State Representative 56,Vernon,Kevin Brown,D,5869,56.65%
State Representative 56,Vernon,Brian Motola,R,4096,39.53%
State Representative 56,Vernon,Kevin Brown,WF,256,2.47%
State Representative 56,Vernon,Kevin Brown,IND,140,1.35%
State Representative 57,Vernon,Jaime S. Foster,D,815,57.03%
State Representative 57,Vernon,Jennifer Dzen,R,575,40.24%
State Representative 57,Vernon,Jaime S. Foster,IND,39,2.73%
Registrar of Voters,Vernon,Chris Prue,D,7930,55.61%
Registrar of Voters,Vernon,M. Lisa Moody,R,6330,44.39%
Presidential Electors for,Voluntown,Harris and Walz,D,575,37.31%
Presidential Electors for,Voluntown,Trump and Vance,R,929,60.29%
Presidential Electors for,Voluntown,Stein and Ware,G,16,1.04%
Presidential Electors for,Voluntown,Oliver and ter Maat,LI,8,0.52%
Presidential Electors for,Voluntown,"Kennedy, Jr. and Shanahan",PC,11,0.71%
Presidential Electors for,Voluntown,De la Cruz and Garcia,WI,1,0.06%
Presidential Electors for,Voluntown,Fox and McVay,WI,0,0.00%
Presidential Electors for,Voluntown,McNeil and McNeil,WI,0,0.00%
Presidential Electors for,Voluntown,Potus and Kennedy,WI,0,0.00%
Presidential Electors for,Voluntown,Ayyadurai and Ellis,WI,0,0.00%
Presidential Electors for,Voluntown,Sonski and Onak,WI,0,0.00%
Presidential Electors for,Voluntown,West and Abdullah,WI,1,0.06%
United States Senator,Voluntown,Christopher S. Murphy,D,559,38.29%
United States Senator,Voluntown,Matthew M. Corey,R,828,56.71%
United States Senator,Voluntown,Christopher S. Murphy,WF,38,2.60%
United States Senator,Voluntown,Justin C. Paglino,G,13,0.89%
United States Senator,Voluntown,Robert Finley Hyde,CGG,22,1.51%
United States Senator,Voluntown,John Flynn,WI,0,0.00%
Representative in Congress 2,Voluntown,Joe Courtney,D,649,44.45%
Representative in Congress 2,Voluntown,Mike France,R,811,55.55%
Representative in Congress 2,Voluntown,"Kenneth Kusmierski, Jr.",WI,0,0.00%
Representative in Congress 2,Voluntown,Jeffery Russell,WI,0,0.00%
State Senator 18,Voluntown,Andrew M. Parrella,D,372,25.58%
State Senator 18,Voluntown,Heather Somers,R,1038,71.39%
State Senator 18,Voluntown,Heather Somers,IND,44,3.03%
State Representative 45,Voluntown,Kayla Thompson,D,434,29.69%
State Representative 45,Voluntown,Brian L. Lanoue,R,1028,70.31%
Registrar of Voters,Voluntown,Tammy Daigneault,D,494,34.59%
Registrar of Voters,Voluntown,Belinda J. Wiese,R,934,65.41%
Presidential Electors for,Wallingford,Harris and Walz,D,0,0.00%
Presidential Electors for,Wallingford,Trump and Vance,R,0,0.00%
Presidential Electors for,Wallingford,Stein and Ware,G,0,0.00%
Presidential Electors for,Wallingford,Oliver and ter Maat,LI,0,0.00%
Presidential Electors for,Wallingford,"Kennedy, Jr. and Shanahan",PC,0,0.00%
Presidential Electors for,Wallingford,De la Cruz and Garcia,WI,0,0.00%
Presidential Electors for,Wallingford,Fox and McVay,WI,0,0.00%
Presidential Electors for,Wallingford,McNeil and McNeil,WI,0,0.00%
Presidential Electors for,Wallingford,Potus and Kennedy,WI,0,0.00%
Presidential Electors for,Wallingford,Ayyadurai and Ellis,WI,0,0.00%
Presidential Electors for,Wallingford,Sonski and Onak,WI,0,0.00%
Presidential Electors for,Wallingford,West and Abdullah,WI,0,0.00%
United States Senator,Wallingford,Christopher S. Murphy,D,0,0.00%
United States Senator,Wallingford,Matthew M. Corey,R,0,0.00%
United States Senator,Wallingford,Christopher S. Murphy,WF,0,0.00%
United States Senator,Wallingford,Justin C. Paglino,G,0,0.00%
United States Senator,Wallingford,Robert Finley Hyde,CGG,0,0.00%
United States Senator,Wallingford,John Flynn,WI,0,0.00%
Representative in Congress 3,Wallingford,Rosa L. DeLauro,D,0,0.00%
Representative in Congress 3,Wallingford,Michael Massey,R,0,0.00%
Representative in Congress 3,Wallingford,Michael Massey,IND,0,0.00%
Representative in Congress 3,Wallingford,Leo Almoney,WI,0,0.00%
Representative in Congress 3,Wallingford,Omar Scott Antar,WI,0,0.00%
Representative in Congress 3,Wallingford,Shahd Omar,WI,0,0.00%
State Senator 34,Wallingford,Brandi Mandato,D,0,0.00%
State Senator 34,Wallingford,Paul Cicarella,R,0,0.00%
State Senator 34,Wallingford,Brandi Mandato,WF,0,0.00%
State Senator 34,Wallingford,Paul Cicarella,IND,0,0.00%
State Senator 34,Wallingford,David A. Bedell,G,0,0.00%
State Representative 85,Wallingford,Mary M. Mushinsky,D,0,0.00%
State Representative 85,Wallingford,"Jerry Farrell, Jr.",R,0,0.00%
State Representative 85,Wallingford,Mary M. Mushinsky,WF,0,0.00%
State Representative 85,Wallingford,Mary M. Mushinsky,IND,0,0.00%
State Representative 90,Wallingford,Rebecca Hyland,D,0,0.00%
State Representative 90,Wallingford,Craig Fishbein,R,0,0.00%
State Representative 90,Wallingford,Rebecca Hyland,WF,0,0.00%
State Representative 90,Wallingford,Craig Fishbein,IND,0,0.00%
State Representative 103,Wallingford,Liz Linehan,D,0,0.00%
Registrar of Voters,Wallingford,Thomas Wolfer,D,0,0.00%
Registrar of Voters,Wallingford,Joan Ives-Parisi,R,0,0.00%
Presidential Electors for,Warren,Harris and Walz,D,487,50.73%
Presidential Electors for,Warren,Trump and Vance,R,464,48.33%
Presidential Electors for,Warren,Stein and Ware,G,2,0.21%
Presidential Electors for,Warren,Oliver and ter Maat,LI,7,0.73%
Presidential Electors for,Warren,"Kennedy, Jr. and Shanahan",PC,0,0.00%
Presidential Electors for,Warren,De la Cruz and Garcia,WI,0,0.00%
Presidential Electors for,Warren,Fox and McVay,WI,0,0.00%
Presidential Electors for,Warren,McNeil and McNeil,WI,0,0.00%
Presidential Electors for,Warren,Potus and Kennedy,WI,0,0.00%
Presidential Electors for,Warren,Ayyadurai and Ellis,WI,0,0.00%
Presidential Electors for,Warren,Sonski and Onak,WI,0,0.00%
Presidential Electors for,Warren,West and Abdullah,WI,0,0.00%
United States Senator,Warren,Christopher S. Murphy,D,777,62.46%
United States Senator,Warren,Matthew M. Corey,R,432,34.73%
United States Senator,Warren,Christopher S. Murphy,WF,23,1.85%
United States Senator,Warren,Justin C. Paglino,G,3,0.24%
United States Senator,Warren,Robert Finley Hyde,CGG,9,0.72%
United States Senator,Warren,John Flynn,WI,0,0.00%
Representative in Congress 5,Warren,Jahana Hayes,D,466,49.21%
Representative in Congress 5,Warren,George Logan,R,456,48.15%
Representative in Congress 5,Warren,Jahana Hayes,WF,25,2.64%
Representative in Congress 5,Warren,Ahmad AJ Darwish,WI,0,0.00%
Representative in Congress 5,Warren,Bertram Ferguson,WI,0,0.00%
State Senator 30,Warren,Justin Potter,D,470,50.59%
State Senator 30,Warren,Stephen G. Harding,R,447,48.12%
State Senator 30,Warren,Stephen G. Harding,IND,12,1.29%
State Representative 66,Warren,Sharon Sherman,D,448,48.28%
State Representative 66,Warren,Karen Reddington-Hughes,R,480,51.72%
Registrar of Voters,Warren,John F. Morton,D,435,47.39%
Registrar of Voters,Warren,Richard Valine,R,483,52.61%
Presidential Electors for,Washington,Harris and Walz,D,1643,63.78%
Presidential Electors for,Washington,Trump and Vance,R,898,34.86%
Presidential Electors for,Washington,Stein and Ware,G,14,0.54%
Presidential Electors for,Washington,Oliver and ter Maat,LI,14,0.54%
Presidential Electors for,Washington,"Kennedy, Jr. and Shanahan",PC,7,0.27%
Presidential Electors for,Washington,De la Cruz and Garcia,WI,0,0.00%
Presidential Electors for,Washington,Fox and McVay,WI,0,0.00%
Presidential Electors for,Washington,McNeil and McNeil,WI,0,0.00%
Presidential Electors for,Washington,Potus and Kennedy,WI,0,0.00%
Presidential Electors for,Washington,Ayyadurai and Ellis,WI,0,0.00%
Presidential Electors for,Washington,Sonski and Onak,WI,0,0.00%
Presidential Electors for,Washington,West and Abdullah,WI,0,0.00%
United States Senator,Washington,Christopher S. Murphy,D,1586,64.84%
United States Senator,Washington,Matthew M. Corey,R,780,31.89%
United States Senator,Washington,Christopher S. Murphy,WF,39,1.59%
United States Senator,Washington,Justin C. Paglino,G,25,1.02%
United States Senator,Washington,Robert Finley Hyde,CGG,16,0.65%
United States Senator,Washington,John Flynn,WI,0,0.00%
Representative in Congress 5,Washington,Jahana Hayes,D,1542,60.57%
Representative in Congress 5,Washington,George Logan,R,939,36.88%
Representative in Congress 5,Washington,Jahana Hayes,WF,65,2.55%
Representative in Congress 5,Washington,Ahmad AJ Darwish,WI,0,0.00%
Representative in Congress 5,Washington,Bertram Ferguson,WI,0,0.00%
State Senator 30,Washington,Justin Potter,D,448,62.14%
State Senator 30,Washington,Stephen G. Harding,R,263,36.48%
State Senator 30,Washington,Stephen G. Harding,IND,10,1.39%
State Senator 32,Washington,Jeff Desmarais,D,920,64.56%
State Senator 32,Washington,Eric C. Berthel,R,505,35.44%
State Representative 64,Washington,Maria Horn,D,1551,61.99%
State Representative 64,Washington,Barbara L. Breor,R,882,35.25%
State Representative 64,Washington,Maria Horn,WF,40,1.60%
State Representative 64,Washington,Maria Horn,IND,29,1.16%
Registrar of Voters,Washington,Lois Pinney,R,1369,99.56%
Registrar of Voters,Washington,Denise E.S. Arturi,WI,6,0.44%
Judge of Probate 22 To Fill Vacancy,Washington,David Labriola,R,1350,100.00%
Presidential Electors for,Waterbury,Harris and Walz,D,18327,54.81%
Presidential Electors for,Waterbury,Trump and Vance,R,14721,44.03%
Presidential Electors for,Waterbury,Stein and Ware,G,204,0.61%
Presidential Electors for,Waterbury,Oliver and ter Maat,LI,58,0.17%
Presidential Electors for,Waterbury,"Kennedy, Jr. and Shanahan",PC,120,0.36%
Presidential Electors for,Waterbury,De la Cruz and Garcia,WI,3,0.01%
Presidential Electors for,Waterbury,Fox and McVay,WI,0,0.00%
Presidential Electors for,Waterbury,McNeil and McNeil,WI,0,0.00%
Presidential Electors for,Waterbury,Potus and Kennedy,WI,0,0.00%
Presidential Electors for,Waterbury,Ayyadurai and Ellis,WI,0,0.00%
Presidential Electors for,Waterbury,Sonski and Onak,WI,1,0.00%
Presidential Electors for,Waterbury,West and Abdullah,WI,1,0.00%
United States Senator,Waterbury,Christopher S. Murphy,D,17304,55.55%
United States Senator,Waterbury,Matthew M. Corey,R,12076,38.76%
United States Senator,Waterbury,Christopher S. Murphy,WF,1093,3.51%
United States Senator,Waterbury,Justin C. Paglino,G,249,0.80%
United States Senator,Waterbury,Robert Finley Hyde,CGG,430,1.38%
United States Senator,Waterbury,John Flynn,WI,0,0.00%
Representative in Congress 3,Waterbury,Rosa L. DeLauro,D,3090,53.33%
Representative in Congress 3,Waterbury,Michael Massey,R,2585,44.62%
Representative in Congress 3,Waterbury,Michael Massey,IND,119,2.05%
Representative in Congress 3,Waterbury,Leo Almoney,WI,0,0.00%
Representative in Congress 3,Waterbury,Omar Scott Antar,WI,0,0.00%
Representative in Congress 3,Waterbury,Shahd Omar,WI,0,0.00%
Representative in Congress 5,Waterbury,Jahana Hayes,D,14905,56.71%
Representative in Congress 5,Waterbury,George Logan,R,10278,39.11%
Representative in Congress 5,Waterbury,Jahana Hayes,WF,1091,4.15%
Representative in Congress 5,Waterbury,Ahmad AJ Darwish,WI,6,0.02%
Representative in Congress 5,Waterbury,Bertram Ferguson,WI,1,0.00%
State Senator 15,Waterbury,Joan V. Hartley,D,14592,86.47%
State Senator 15,Waterbury,Joan V. Hartley,IND,2284,13.53%
State Senator 16,Waterbury,Christopher Robertson,D,3879,53.69%
State Senator 16,Waterbury,Rob Sampson,R,3099,42.89%
State Senator 16,Waterbury,Christopher Robertson,IND,247,3.42%
State Representative 68,Waterbury,Joe Polletta,R,365,100.00%
State Representative 71,Waterbury,William J. Pizzuto,R,3429,100.00%
State Representative 72,Waterbury,Larry B. Butler,D,3486,89.73%
State Representative 72,Waterbury,Larry B. Butler,IND,399,10.27%
State Representative 73,Waterbury,Ronald A Napoli Jr,D,4583,60.09%
State Representative 73,Waterbury,Abigail Pizarro,R,2560,33.56%
State Representative 73,Waterbury,Ronald A Napoli Jr,WF,265,3.47%
State Representative 73,Waterbury,Ronald A Napoli Jr,IND,219,2.87%
State Representative 74,Waterbury,Michael DiGiovancarlo,D,4817,100.00%
State Representative 75,Waterbury,Geraldo C. Reyes Jr.,D,2848,100.00%
State Representative 89,Waterbury,Lezlye Zupkus,R,524,100.00%
State Representative 89,Waterbury,Stuart R. Korchin,WI,0,0.00%
Registrar of Voters,Waterbury,Teresa Begnal,D,16717,56.58%
Registrar of Voters,Waterbury,Alexandra Desjardins,R,11624,39.34%
Registrar of Voters,Waterbury,Michael J. Telesca,IND,1207,4.08%
Presidential Electors for,Waterford,Harris and Walz,D,6507,54.38%
Presidential Electors for,Waterford,Trump and Vance,R,5258,43.94%
Presidential Electors for,Waterford,Stein and Ware,G,79,0.66%
Presidential Electors for,Waterford,Oliver and ter Maat,LI,57,0.48%
Presidential Electors for,Waterford,"Kennedy, Jr. and Shanahan",PC,61,0.51%
Presidential Electors for,Waterford,De la Cruz and Garcia,WI,2,0.02%
Presidential Electors for,Waterford,Fox and McVay,WI,0,0.00%
Presidential Electors for,Waterford,McNeil and McNeil,WI,0,0.00%
Presidential Electors for,Waterford,Potus and Kennedy,WI,0,0.00%
Presidential Electors for,Waterford,Ayyadurai and Ellis,WI,0,0.00%
Presidential Electors for,Waterford,Sonski and Onak,WI,2,0.02%
Presidential Electors for,Waterford,West and Abdullah,WI,0,0.00%
United States Senator,Waterford,Christopher S. Murphy,D,6364,54.48%
United States Senator,Waterford,Matthew M. Corey,R,4758,40.73%
United States Senator,Waterford,Christopher S. Murphy,WF,334,2.86%
United States Senator,Waterford,Justin C. Paglino,G,106,0.91%
United States Senator,Waterford,Robert Finley Hyde,CGG,120,1.03%
United States Senator,Waterford,John Flynn,WI,0,0.00%
Representative in Congress 2,Waterford,Joe Courtney,D,7229,61.92%
Representative in Congress 2,Waterford,Mike France,R,4445,38.08%
Representative in Congress 2,Waterford,"Kenneth Kusmierski, Jr.",WI,0,0.00%
Representative in Congress 2,Waterford,Jeffery Russell,WI,0,0.00%
State Senator 20,Waterford,Martha Marx,D,5868,50.82%
State Senator 20,Waterford,Shaun Mastroianni,R,5165,44.73%
State Senator 20,Waterford,Martha Marx,WF,302,2.62%
State Senator 20,Waterford,Shaun Mastroianni,IND,212,1.84%
State Representative 38,Waterford,Nick Gauthier,D,5463,46.77%
State Representative 38,Waterford,Kathleen M. McCarty,R,5804,49.69%
State Representative 38,Waterford,Nick Gauthier,WF,249,2.13%
State Representative 38,Waterford,Nick Gauthier,IND,165,1.41%
Registrar of Voters,Waterford,Bigi Ebbin,D,5771,51.19%
Registrar of Voters,Waterford,Patti Waters,R,5502,48.81%
Presidential Electors for,Watertown,Harris and Walz,D,4291,34.17%
Presidential Electors for,Watertown,Trump and Vance,R,8101,64.50%
Presidential Electors for,Watertown,Stein and Ware,G,64,0.51%
Presidential Electors for,Watertown,Oliver and ter Maat,LI,39,0.31%
Presidential Electors for,Watertown,"Kennedy, Jr. and Shanahan",PC,57,0.45%
Presidential Electors for,Watertown,De la Cruz and Garcia,WI,1,0.01%
Presidential Electors for,Watertown,Fox and McVay,WI,0,0.00%
Presidential Electors for,Watertown,McNeil and McNeil,WI,0,0.00%
Presidential Electors for,Watertown,Potus and Kennedy,WI,0,0.00%
Presidential Electors for,Watertown,Ayyadurai and Ellis,WI,0,0.00%
Presidential Electors for,Watertown,Sonski and Onak,WI,1,0.01%
Presidential Electors for,Watertown,West and Abdullah,WI,5,0.04%
United States Senator,Watertown,Christopher S. Murphy,D,4199,34.59%
United States Senator,Watertown,Matthew M. Corey,R,7455,61.41%
United States Senator,Watertown,Christopher S. Murphy,WF,296,2.44%
United States Senator,Watertown,Justin C. Paglino,G,75,0.62%
United States Senator,Watertown,Robert Finley Hyde,CGG,114,0.94%
United States Senator,Watertown,John Flynn,WI,0,0.00%
Representative in Congress 5,Watertown,Jahana Hayes,D,4122,33.64%
Representative in Congress 5,Watertown,George Logan,R,7890,64.39%
Representative in Congress 5,Watertown,Jahana Hayes,WF,239,1.95%
Representative in Congress 5,Watertown,Ahmad AJ Darwish,WI,3,0.02%
Representative in Congress 5,Watertown,Bertram Ferguson,WI,0,0.00%
State Senator 32,Watertown,Jeff Desmarais,D,3910,32.49%
State Senator 32,Watertown,Eric C. Berthel,R,8123,67.51%
State Representative 68,Watertown,Joe Polletta,R,9537,100.00%
Registrar of Voters,Watertown,Diane  Stengl,D,3870,32.87%
Registrar of Voters,Watertown,Christine Shields,R,7905,67.13%
Judge of Probate 22 To Fill Vacancy,Watertown,David Labriola,R,9363,100.00%
Presidential Electors for,Westbrook,Harris and Walz,D,2178,51.45%
Presidential Electors for,Westbrook,Trump and Vance,R,2006,47.39%
Presidential Electors for,Westbrook,Stein and Ware,G,13,0.31%
Presidential Electors for,Westbrook,Oliver and ter Maat,LI,13,0.31%
Presidential Electors for,Westbrook,"Kennedy, Jr. and Shanahan",PC,22,0.52%
Presidential Electors for,Westbrook,De la Cruz and Garcia,WI,1,0.02%
Presidential Electors for,Westbrook,Fox and McVay,WI,0,0.00%
Presidential Electors for,Westbrook,McNeil and McNeil,WI,0,0.00%
Presidential Electors for,Westbrook,Potus and Kennedy,WI,0,0.00%
Presidential Electors for,Westbrook,Ayyadurai and Ellis,WI,0,0.00%
Presidential Electors for,Westbrook,Sonski and Onak,WI,0,0.00%
Presidential Electors for,Westbrook,West and Abdullah,WI,0,0.00%
United States Senator,Westbrook,Christopher S. Murphy,D,2127,51.46%
United States Senator,Westbrook,Matthew M. Corey,R,1852,44.81%
United States Senator,Westbrook,Christopher S. Murphy,WF,93,2.25%
United States Senator,Westbrook,Justin C. Paglino,G,25,0.60%
United States Senator,Westbrook,Robert Finley Hyde,CGG,36,0.87%
United States Senator,Westbrook,John Flynn,WI,0,0.00%
Representative in Congress 2,Westbrook,Joe Courtney,D,2258,54.85%
Representative in Congress 2,Westbrook,Mike France,R,1859,45.15%
Representative in Congress 2,Westbrook,"Kenneth Kusmierski, Jr.",WI,0,0.00%
Representative in Congress 2,Westbrook,Jeffery Russell,WI,0,0.00%
State Senator 33,Westbrook,Norm Needleman,D,2160,52.66%
State Senator 33,Westbrook,Jeffery Duigou,R,1858,45.29%
State Senator 33,Westbrook,Norm Needleman,IND,84,2.05%
State Representative 23,Westbrook,Jane Wisialowski,D,807,44.73%
State Representative 23,Westbrook,Devin R Carney,R,940,52.11%
State Representative 23,Westbrook,Jane Wisialowski,WF,20,1.11%
State Representative 23,Westbrook,Devin R Carney,IND,37,2.05%
State Representative 35,Westbrook,Cinzia Lettieri,D,1082,47.29%
State Representative 35,Westbrook,Chris Aniskovich,R,1129,49.34%
State Representative 35,Westbrook,Cinzia Lettieri,WF,44,1.92%
State Representative 35,Westbrook,Chris Aniskovich,IND,33,1.44%
Registrar of Voters,Westbrook,James Crawford,D,2154,52.94%
Registrar of Voters,Westbrook,Megan E. Ruppenicker,R,1915,47.06%
Presidential Electors for,West Hartford,Harris and Walz,D,0,0.00%
Presidential Electors for,West Hartford,Trump and Vance,R,0,0.00%
Presidential Electors for,West Hartford,Stein and Ware,G,0,0.00%
Presidential Electors for,West Hartford,Oliver and ter Maat,LI,0,0.00%
Presidential Electors for,West Hartford,"Kennedy, Jr. and Shanahan",PC,0,0.00%
Presidential Electors for,West Hartford,De la Cruz and Garcia,WI,0,0.00%
Presidential Electors for,West Hartford,Fox and McVay,WI,0,0.00%
Presidential Electors for,West Hartford,McNeil and McNeil,WI,0,0.00%
Presidential Electors for,West Hartford,Potus and Kennedy,WI,0,0.00%
Presidential Electors for,West Hartford,Ayyadurai and Ellis,WI,0,0.00%
Presidential Electors for,West Hartford,Sonski and Onak,WI,0,0.00%
Presidential Electors for,West Hartford,West and Abdullah,WI,0,0.00%
United States Senator,West Hartford,Christopher S. Murphy,D,0,0.00%
United States Senator,West Hartford,Matthew M. Corey,R,0,0.00%
United States Senator,West Hartford,Christopher S. Murphy,WF,0,0.00%
United States Senator,West Hartford,Justin C. Paglino,G,0,0.00%
United States Senator,West Hartford,Robert Finley Hyde,CGG,0,0.00%
United States Senator,West Hartford,John Flynn,WI,0,0.00%
Representative in Congress 1,West Hartford,John B. Larson,D,0,0.00%
Representative in Congress 1,West Hartford,Jim Griffin,R,0,0.00%
Representative in Congress 1,West Hartford,John B. Larson,WF,0,0.00%
Representative in Congress 1,West Hartford,Mary L. Sanders,G,0,0.00%
State Senator 5,West Hartford,Derek Slap,D,0,0.00%
State Senator 5,West Hartford,Kyla Zimmermann,R,0,0.00%
State Representative 6,West Hartford,"James ""Jimmy"" Sanchez",D,0,0.00%
State Representative 6,West Hartford,Alyssa Peterson,PC,0,0.00%
State Representative 15,West Hartford,Bobby Gibson,D,0,0.00%
State Representative 15,West Hartford,Quentin Johnson,R,0,0.00%
State Representative 18,West Hartford,Jillian Gilchrest,D,0,0.00%
State Representative 19,West Hartford,Tammy Exum,D,0,0.00%
State Representative 20,West Hartford,Kate Farrar,D,0,0.00%
State Representative 20,West Hartford,Kate Farrar,WF,0,0.00%
Registrar of Voters,West Hartford,Elizabeth Rousseau,D,0,0.00%
Registrar of Voters,West Hartford,Beth Kyle,R,0,0.00%
Presidential Electors for,West Haven,Harris and Walz,D,12310,60.00%
Presidential Electors for,West Haven,Trump and Vance,R,7949,38.74%
Presidential Electors for,West Haven,Stein and Ware,G,157,0.77%
Presidential Electors for,West Haven,Oliver and ter Maat,LI,38,0.19%
Presidential Electors for,West Haven,"Kennedy, Jr. and Shanahan",PC,63,0.31%
Presidential Electors for,West Haven,De la Cruz and Garcia,WI,0,0.00%
Presidential Electors for,West Haven,Fox and McVay,WI,0,0.00%
Presidential Electors for,West Haven,McNeil and McNeil,WI,0,0.00%
Presidential Electors for,West Haven,Potus and Kennedy,WI,0,0.00%
Presidential Electors for,West Haven,Ayyadurai and Ellis,WI,0,0.00%
Presidential Electors for,West Haven,Sonski and Onak,WI,0,0.00%
Presidential Electors for,West Haven,West and Abdullah,WI,0,0.00%
United States Senator,West Haven,Christopher S. Murphy,D,11898,60.81%
United States Senator,West Haven,Matthew M. Corey,R,6789,34.70%
United States Senator,West Haven,Christopher S. Murphy,WF,563,2.88%
United States Senator,West Haven,Justin C. Paglino,G,163,0.83%
United States Senator,West Haven,Robert Finley Hyde,CGG,153,0.78%
United States Senator,West Haven,John Flynn,WI,0,0.00%
Representative in Congress 3,West Haven,Rosa L. DeLauro,D,12437,63.61%
Representative in Congress 3,West Haven,Michael Massey,R,6865,35.11%
Representative in Congress 3,West Haven,Michael Massey,IND,249,1.27%
Representative in Congress 3,West Haven,Leo Almoney,WI,0,0.00%
Representative in Congress 3,West Haven,Omar Scott Antar,WI,0,0.00%
Representative in Congress 3,West Haven,Shahd Omar,WI,0,0.00%
State Senator 10,West Haven,Gary Winfield,D,5118,68.86%
State Senator 10,West Haven,Nyrell Moore,R,1977,26.60%
State Senator 10,West Haven,Gary Winfield,WF,215,2.89%
State Senator 10,West Haven,Nyrell Moore,IND,123,1.65%
State Senator 14,West Haven,James Maroney,D,6453,54.44%
State Senator 14,West Haven,Steven Johnstone,R,5185,43.74%
State Senator 14,West Haven,James Maroney,IND,216,1.82%
State Representative 115,West Haven,William J. Heffernan III,D,5705,100.00%
State Representative 116,West Haven,Trenee McGee,D,4521,100.00%
State Representative 117,West Haven,MJ Shannon,D,2498,47.50%
State Representative 117,West Haven,Raymond V. Collins III,R,2645,50.29%
State Representative 117,West Haven,MJ Shannon,WF,63,1.20%
State Representative 117,West Haven,MJ Shannon,IND,53,1.01%
Registrar of Voters,West Haven,Sherri Lepper,D,11599,61.26%
Registrar of Voters,West Haven,Jo Ann Callegari,R,7334,38.74%
Presidential Electors for,Weston,Harris and Walz,D,4294,69.18%
Presidential Electors for,Weston,Trump and Vance,R,1797,28.95%
Presidential Electors for,Weston,Stein and Ware,G,55,0.89%
Presidential Electors for,Weston,Oliver and ter Maat,LI,29,0.47%
Presidential Electors for,Weston,"Kennedy, Jr. and Shanahan",PC,30,0.48%
Presidential Electors for,Weston,De la Cruz and Garcia,WI,1,0.02%
Presidential Electors for,Weston,Fox and McVay,WI,0,0.00%
Presidential Electors for,Weston,McNeil and McNeil,WI,0,0.00%
Presidential Electors for,Weston,Potus and Kennedy,WI,0,0.00%
Presidential Electors for,Weston,Ayyadurai and Ellis,WI,0,0.00%
Presidential Electors for,Weston,Sonski and Onak,WI,0,0.00%
Presidential Electors for,Weston,West and Abdullah,WI,1,0.02%
United States Senator,Weston,Christopher S. Murphy,D,4142,67.10%
United States Senator,Weston,Matthew M. Corey,R,1875,30.37%
United States Senator,Weston,Christopher S. Murphy,WF,72,1.17%
United States Senator,Weston,Justin C. Paglino,G,63,1.02%
United States Senator,Weston,Robert Finley Hyde,CGG,21,0.34%
United States Senator,Weston,John Flynn,WI,0,0.00%
Representative in Congress 4,Weston,Jim Himes,D,4173,67.60%
Representative in Congress 4,Weston,Michael Goldstein,R,1892,30.65%
Representative in Congress 4,Weston,Benjamin Wesley,IND,108,1.75%
State Senator 26,Weston,Ceci Maher,D,3934,64.59%
State Senator 26,Weston,Kami Evans,R,2053,33.71%
State Senator 26,Weston,Kami Evans,IND,104,1.71%
State Representative 135,Weston,Anne Hughes,D,3812,62.42%
State Representative 135,Weston,Christopher Peritore,R,2065,33.81%
State Representative 135,Weston,Anne Hughes,WF,63,1.03%
State Representative 135,Weston,Christopher Peritore,IND,167,2.73%
Registrar of Voters,Weston,Darcy Barrera-Hawes,D,3894,64.38%
Registrar of Voters,Weston,Tammy Herzog Roberts,R,2154,35.62%
Presidential Electors for,Westport,Harris and Walz,D,11744,71.40%
Presidential Electors for,Westport,Trump and Vance,R,4468,27.16%
Presidential Electors for,Westport,Stein and Ware,G,88,0.54%
Presidential Electors for,Westport,Oliver and ter Maat,LI,83,0.50%
Presidential Electors for,Westport,"Kennedy, Jr. and Shanahan",PC,63,0.38%
Presidential Electors for,Westport,De la Cruz and Garcia,WI,1,0.01%
Presidential Electors for,Westport,Fox and McVay,WI,0,0.00%
Presidential Electors for,Westport,McNeil and McNeil,WI,0,0.00%
Presidential Electors for,Westport,Potus and Kennedy,WI,0,0.00%
Presidential Electors for,Westport,Ayyadurai and Ellis,WI,0,0.00%
Presidential Electors for,Westport,Sonski and Onak,WI,0,0.00%
Presidential Electors for,Westport,West and Abdullah,WI,1,0.01%
United States Senator,Westport,Christopher S. Murphy,D,11258,69.35%
United States Senator,Westport,Matthew M. Corey,R,4650,28.65%
United States Senator,Westport,Christopher S. Murphy,WF,191,1.18%
United States Senator,Westport,Justin C. Paglino,G,85,0.52%
United States Senator,Westport,Robert Finley Hyde,CGG,49,0.30%
United States Senator,Westport,John Flynn,WI,0,0.00%
Representative in Congress 4,Westport,Jim Himes,D,11388,70.09%
Representative in Congress 4,Westport,Michael Goldstein,R,4696,28.90%
Representative in Congress 4,Westport,Benjamin Wesley,IND,163,1.00%
State Senator 26,Westport,Ceci Maher,D,10616,66.39%
State Senator 26,Westport,Kami Evans,R,5185,32.42%
State Senator 26,Westport,Kami Evans,IND,190,1.19%
State Representative 136,Westport,Jonathan Steinberg,D,9418,67.69%
State Representative 136,Westport,John Bolton,R,4496,32.31%
State Representative 143,Westport,Dominique Johnson,D,1350,66.60%
State Representative 143,Westport,Peter Bang,R,633,31.23%
State Representative 143,Westport,Dominique Johnson,WF,22,1.09%
State Representative 143,Westport,Dominique Johnson,IND,22,1.09%
Presidential Electors for,Wethersfield,Harris and Walz,D,8807,56.59%
Presidential Electors for,Wethersfield,Trump and Vance,R,6462,41.52%
Presidential Electors for,Wethersfield,Stein and Ware,G,142,0.91%
Presidential Electors for,Wethersfield,Oliver and ter Maat,LI,57,0.37%
Presidential Electors for,Wethersfield,"Kennedy, Jr. and Shanahan",PC,80,0.51%
Presidential Electors for,Wethersfield,De la Cruz and Garcia,WI,11,0.07%
Presidential Electors for,Wethersfield,Fox and McVay,WI,2,0.01%
Presidential Electors for,Wethersfield,McNeil and McNeil,WI,0,0.00%
Presidential Electors for,Wethersfield,Potus and Kennedy,WI,0,0.00%
Presidential Electors for,Wethersfield,Ayyadurai and Ellis,WI,0,0.00%
Presidential Electors for,Wethersfield,Sonski and Onak,WI,1,0.01%
Presidential Electors for,Wethersfield,West and Abdullah,WI,0,0.00%
United States Senator,Wethersfield,Christopher S. Murphy,D,8552,56.08%
United States Senator,Wethersfield,Matthew M. Corey,R,6057,39.72%
United States Senator,Wethersfield,Christopher S. Murphy,WF,366,2.40%
United States Senator,Wethersfield,Justin C. Paglino,G,160,1.05%
United States Senator,Wethersfield,Robert Finley Hyde,CGG,116,0.76%
United States Senator,Wethersfield,John Flynn,WI,0,0.00%
Representative in Congress 1,Wethersfield,John B. Larson,D,8523,56.27%
Representative in Congress 1,Wethersfield,Jim Griffin,R,5851,38.63%
Representative in Congress 1,Wethersfield,John B. Larson,WF,429,2.83%
Representative in Congress 1,Wethersfield,Mary L. Sanders,G,344,2.27%
State Senator 1,Wethersfield,John W. Fonfara,D,7929,84.82%
State Senator 1,Wethersfield,Luis R. Delgado,G,1419,15.18%
State Senator 9,Wethersfield,Matthew Lesser,D,1266,84.12%
State Senator 9,Wethersfield,Matthew Lesser,WF,125,8.31%
State Senator 9,Wethersfield,Matthew Lesser,IND,114,7.57%
State Representative 28,Wethersfield,Amy Morrin Bello,D,7557,55.94%
State Representative 28,Wethersfield,William Davidson,R,5480,40.56%
State Representative 28,Wethersfield,Amy Morrin Bello,WF,473,3.50%
State Representative 29,Wethersfield,Kerry Szeps Wood,D,1006,64.53%
State Representative 29,Wethersfield,Edward V. Charamut,R,553,35.47%
Registrar of Voters,Wethersfield,Maria Susanin,D,8259,55.66%
Registrar of Voters,Wethersfield,Carol Garvey-Hurley,R,6580,44.34%
Presidential Electors for,Willington,Harris and Walz,D,1477,46.78%
Presidential Electors for,Willington,Trump and Vance,R,1612,51.06%
Presidential Electors for,Willington,Stein and Ware,G,28,0.89%
Presidential Electors for,Willington,Oliver and ter Maat,LI,19,0.60%
Presidential Electors for,Willington,"Kennedy, Jr. and Shanahan",PC,20,0.63%
Presidential Electors for,Willington,De la Cruz and Garcia,WI,0,0.00%
Presidential Electors for,Willington,Fox and McVay,WI,0,0.00%
Presidential Electors for,Willington,McNeil and McNeil,WI,0,0.00%
Presidential Electors for,Willington,Potus and Kennedy,WI,0,0.00%
Presidential Electors for,Willington,Ayyadurai and Ellis,WI,0,0.00%
Presidential Electors for,Willington,Sonski and Onak,WI,0,0.00%
Presidential Electors for,Willington,West and Abdullah,WI,1,0.03%
United States Senator,Willington,Christopher S. Murphy,D,1432,46.81%
United States Senator,Willington,Matthew M. Corey,R,1488,48.64%
United States Senator,Willington,Christopher S. Murphy,WF,77,2.52%
United States Senator,Willington,Justin C. Paglino,G,27,0.88%
United States Senator,Willington,Robert Finley Hyde,CGG,35,1.14%
United States Senator,Willington,John Flynn,WI,0,0.00%
Representative in Congress 2,Willington,Joe Courtney,D,1654,53.56%
Representative in Congress 2,Willington,Mike France,R,1434,46.44%
Representative in Congress 2,Willington,"Kenneth Kusmierski, Jr.",WI,0,0.00%
Representative in Congress 2,Willington,Jeffery Russell,WI,0,0.00%
State Senator 35,Willington,Merry C. Garrett,D,1262,41.69%
State Senator 35,Willington,Jeff Gordon,R,1676,55.37%
State Senator 35,Willington,Merry C. Garrett,WF,53,1.75%
State Senator 35,Willington,Merry C. Garrett,IND,36,1.19%
State Representative 53,Willington,Ann Bonney,D,1203,40.13%
State Representative 53,Willington,Tammy Nuccio,R,1681,56.07%
State Representative 53,Willington,Ann Bonney,WF,58,1.93%
State Representative 53,Willington,Tammy Nuccio,IND,56,1.87%
Registrar of Voters,Willington,Christine Psathas,D,1311,43.92%
Registrar of Voters,Willington,Suzanne G. Chapman,R,1674,56.08%
Judge of Probate 25 To Fill Vacancy,Willington,Sophia H. Shaikh,D,1769,100.00%
Presidential Electors for,Wilton,Harris and Walz,D,6898,64.13%
Presidential Electors for,Wilton,Trump and Vance,R,3656,33.99%
Presidential Electors for,Wilton,Stein and Ware,G,95,0.88%
Presidential Electors for,Wilton,Oliver and ter Maat,LI,60,0.56%
Presidential Electors for,Wilton,"Kennedy, Jr. and Shanahan",PC,48,0.45%
Presidential Electors for,Wilton,De la Cruz and Garcia,WI,0,0.00%
Presidential Electors for,Wilton,Fox and McVay,WI,0,0.00%
Presidential Electors for,Wilton,McNeil and McNeil,WI,0,0.00%
Presidential Electors for,Wilton,Potus and Kennedy,WI,0,0.00%
Presidential Electors for,Wilton,Ayyadurai and Ellis,WI,0,0.00%
Presidential Electors for,Wilton,Sonski and Onak,WI,0,0.00%
Presidential Electors for,Wilton,West and Abdullah,WI,0,0.00%
United States Senator,Wilton,Christopher S. Murphy,D,6532,61.01%
United States Senator,Wilton,Matthew M. Corey,R,3878,36.22%
United States Senator,Wilton,Christopher S. Murphy,WF,156,1.46%
United States Senator,Wilton,Justin C. Paglino,G,96,0.90%
United States Senator,Wilton,Robert Finley Hyde,CGG,44,0.41%
United States Senator,Wilton,John Flynn,WI,0,0.00%
Representative in Congress 4,Wilton,Jim Himes,D,6623,61.94%
Representative in Congress 4,Wilton,Michael Goldstein,R,3889,36.37%
Representative in Congress 4,Wilton,Benjamin Wesley,IND,181,1.69%
State Senator 26,Wilton,Ceci Maher,D,6276,59.03%
State Senator 26,Wilton,Kami Evans,R,4189,39.40%
State Senator 26,Wilton,Kami Evans,IND,166,1.56%
State Representative 42,Wilton,Savet Constantine,D,5574,52.19%
State Representative 42,Wilton,Kim Healy,R,4863,45.53%
State Representative 42,Wilton,Kim Healy,IND,243,2.28%
Registrar of Voters,Wilton,Karen A. Birck,D,6195,59.26%
Registrar of Voters,Wilton,Annalisa Stravato-Favarolo,R,4259,40.74%
Presidential Electors for,Winchester,Harris and Walz,D,0,0.00%
Presidential Electors for,Winchester,Trump and Vance,R,0,0.00%
Presidential Electors for,Winchester,Stein and Ware,G,0,0.00%
Presidential Electors for,Winchester,Oliver and ter Maat,LI,0,0.00%
Presidential Electors for,Winchester,"Kennedy, Jr. and Shanahan",PC,0,0.00%
Presidential Electors for,Winchester,De la Cruz and Garcia,WI,0,0.00%
Presidential Electors for,Winchester,Fox and McVay,WI,0,0.00%
Presidential Electors for,Winchester,McNeil and McNeil,WI,0,0.00%
Presidential Electors for,Winchester,Potus and Kennedy,WI,0,0.00%
Presidential Electors for,Winchester,Ayyadurai and Ellis,WI,0,0.00%
Presidential Electors for,Winchester,Sonski and Onak,WI,0,0.00%
Presidential Electors for,Winchester,West and Abdullah,WI,0,0.00%
United States Senator,Winchester,Christopher S. Murphy,D,0,0.00%
United States Senator,Winchester,Matthew M. Corey,R,0,0.00%
United States Senator,Winchester,Christopher S. Murphy,WF,0,0.00%
United States Senator,Winchester,Justin C. Paglino,G,0,0.00%
United States Senator,Winchester,Robert Finley Hyde,CGG,0,0.00%
United States Senator,Winchester,John Flynn,WI,0,0.00%
Representative in Congress 1,Winchester,John B. Larson,D,0,0.00%
Representative in Congress 1,Winchester,Jim Griffin,R,0,0.00%
Representative in Congress 1,Winchester,John B. Larson,WF,0,0.00%
Representative in Congress 1,Winchester,Mary L. Sanders,G,0,0.00%
State Senator 30,Winchester,Justin Potter,D,0,0.00%
State Senator 30,Winchester,Stephen G. Harding,R,0,0.00%
State Senator 30,Winchester,Stephen G. Harding,IND,0,0.00%
State Representative 63,Winchester,Jay M. Case,R,0,0.00%
Registrar of Voters,Winchester,Barbara Braunstein,D,0,0.00%
Registrar of Voters,Winchester,Deborah Jones,R,0,0.00%
Presidential Electors for,Windham,Harris and Walz,D,4718,58.83%
Presidential Electors for,Windham,Trump and Vance,R,3127,38.99%
Presidential Electors for,Windham,Stein and Ware,G,81,1.01%
Presidential Electors for,Windham,Oliver and ter Maat,LI,33,0.41%
Presidential Electors for,Windham,"Kennedy, Jr. and Shanahan",PC,53,0.66%
Presidential Electors for,Windham,De la Cruz and Garcia,WI,2,0.02%
Presidential Electors for,Windham,Fox and McVay,WI,0,0.00%
Presidential Electors for,Windham,McNeil and McNeil,WI,0,0.00%
Presidential Electors for,Windham,Potus and Kennedy,WI,0,0.00%
Presidential Electors for,Windham,Ayyadurai and Ellis,WI,0,0.00%
Presidential Electors for,Windham,Sonski and Onak,WI,3,0.04%
Presidential Electors for,Windham,West and Abdullah,WI,3,0.04%
United States Senator,Windham,Christopher S. Murphy,D,4369,57.94%
United States Senator,Windham,Matthew M. Corey,R,2595,34.41%
United States Senator,Windham,Christopher S. Murphy,WF,361,4.79%
United States Senator,Windham,Justin C. Paglino,G,118,1.56%
United States Senator,Windham,Robert Finley Hyde,CGG,98,1.30%
United States Senator,Windham,John Flynn,WI,0,0.00%
Representative in Congress 2,Windham,Joe Courtney,D,4922,65.83%
Representative in Congress 2,Windham,Mike France,R,2555,34.17%
Representative in Congress 2,Windham,"Kenneth Kusmierski, Jr.",WI,0,0.00%
Representative in Congress 2,Windham,Jeffery Russell,WI,0,0.00%
State Senator 29,Windham,Mae Flexer,D,3988,53.20%
State Senator 29,Windham,Chris Reddy,R,2941,39.23%
State Senator 29,Windham,Mae Flexer,WF,270,3.60%
State Senator 29,Windham,Mae Flexer,IND,96,1.28%
State Senator 29,Windham,Alice Leibowitz,G,201,2.68%
State Representative 49,Windham,Susan Johnson,D,4628,84.59%
State Representative 49,Windham,Susan Johnson,WF,843,15.41%
Registrar of Voters,Windham,Luis Daniel Rodriguez,D,4165,56.66%
Registrar of Voters,Windham,Kimberly Desaulniers,R,2837,38.59%
Registrar of Voters,Windham,Jessica Watson,G,349,4.75%
Judge of Probate 28 To Fill Vacancy,Windham,George A. Baker,D,4234,58.23%
Judge of Probate 28 To Fill Vacancy,Windham,Douglas T. Stearns,R,3037,41.77%
Presidential Electors for,Windsor,Harris and Walz,D,12273,73.21%
Presidential Electors for,Windsor,Trump and Vance,R,4168,24.86%
Presidential Electors for,Windsor,Stein and Ware,G,191,1.14%
Presidential Electors for,Windsor,Oliver and ter Maat,LI,55,0.33%
Presidential Electors for,Windsor,"Kennedy, Jr. and Shanahan",PC,71,0.42%
Presidential Electors for,Windsor,De la Cruz and Garcia,WI,1,0.01%
Presidential Electors for,Windsor,Fox and McVay,WI,0,0.00%
Presidential Electors for,Windsor,McNeil and McNeil,WI,0,0.00%
Presidential Electors for,Windsor,Potus and Kennedy,WI,0,0.00%
Presidential Electors for,Windsor,Ayyadurai and Ellis,WI,0,0.00%
Presidential Electors for,Windsor,Sonski and Onak,WI,5,0.03%
Presidential Electors for,Windsor,West and Abdullah,WI,0,0.00%
United States Senator,Windsor,Christopher S. Murphy,D,11681,71.71%
United States Senator,Windsor,Matthew M. Corey,R,3808,23.38%
United States Senator,Windsor,Christopher S. Murphy,WF,450,2.76%
United States Senator,Windsor,Justin C. Paglino,G,187,1.15%
United States Senator,Windsor,Robert Finley Hyde,CGG,163,1.00%
United States Senator,Windsor,John Flynn,WI,0,0.00%
Representative in Congress 1,Windsor,John B. Larson,D,11609,71.37%
Representative in Congress 1,Windsor,Jim Griffin,R,3795,23.33%
Representative in Congress 1,Windsor,John B. Larson,WF,482,2.96%
Representative in Congress 1,Windsor,Mary L. Sanders,G,379,2.33%
State Senator 2,Windsor,Douglas McCrory,D,10547,74.36%
State Senator 2,Windsor,Kristin Hoffman,R,3636,25.64%
State Senator 7,Windsor,Cynthia Mangini,D,943,54.26%
State Senator 7,Windsor,John A. Kissel,R,716,41.20%
State Senator 7,Windsor,Cynthia Mangini,WF,48,2.76%
State Senator 7,Windsor,John A. Kissel,IND,31,1.78%
State Representative 5,Windsor,Maryam Khan,D,5584,100.00%
State Representative 5,Windsor,Tracy L. Funnye,WI,0,0.00%
State Representative 60,Windsor,Jane Garibay,D,5886,64.41%
State Representative 60,Windsor,Lenworth Walker,R,2908,31.82%
State Representative 60,Windsor,Jane Garibay,WF,230,2.52%
State Representative 60,Windsor,Jane Garibay,IND,115,1.26%
Registrar of Voters,Windsor,Anita M. Mips,D,11810,74.67%
Registrar of Voters,Windsor,Victoria Virgo-Christie,R,4007,25.33%
Presidential Electors for,Windsor Locks,Harris and Walz,D,2332,47.67%
Presidential Electors for,Windsor Locks,Trump and Vance,R,2468,50.45%
Presidential Electors for,Windsor Locks,Stein and Ware,G,52,1.06%
Presidential Electors for,Windsor Locks,Oliver and ter Maat,LI,16,0.33%
Presidential Electors for,Windsor Locks,"Kennedy, Jr. and Shanahan",PC,24,0.49%
Presidential Electors for,Windsor Locks,De la Cruz and Garcia,WI,0,0.00%
Presidential Electors for,Windsor Locks,Fox and McVay,WI,0,0.00%
Presidential Electors for,Windsor Locks,McNeil and McNeil,WI,0,0.00%
Presidential Electors for,Windsor Locks,Potus and Kennedy,WI,0,0.00%
Presidential Electors for,Windsor Locks,Ayyadurai and Ellis,WI,0,0.00%
Presidential Electors for,Windsor Locks,Sonski and Onak,WI,0,0.00%
Presidential Electors for,Windsor Locks,West and Abdullah,WI,0,0.00%
United States Senator,Windsor Locks,Christopher S. Murphy,D,2252,47.16%
United States Senator,Windsor Locks,Matthew M. Corey,R,2190,45.86%
United States Senator,Windsor Locks,Christopher S. Murphy,WF,193,4.04%
United States Senator,Windsor Locks,Justin C. Paglino,G,60,1.26%
United States Senator,Windsor Locks,Robert Finley Hyde,CGG,80,1.68%
United States Senator,Windsor Locks,John Flynn,WI,0,0.00%
Representative in Congress 1,Windsor Locks,John B. Larson,D,2274,48.05%
Representative in Congress 1,Windsor Locks,Jim Griffin,R,2126,44.92%
Representative in Congress 1,Windsor Locks,John B. Larson,WF,204,4.31%
Representative in Congress 1,Windsor Locks,Mary L. Sanders,G,129,2.73%
State Senator 7,Windsor Locks,Cynthia Mangini,D,1966,41.63%
State Senator 7,Windsor Locks,John A. Kissel,R,2488,52.68%
State Senator 7,Windsor Locks,Cynthia Mangini,WF,138,2.92%
State Senator 7,Windsor Locks,John A. Kissel,IND,131,2.77%
State Representative 60,Windsor Locks,Jane Garibay,D,890,42.48%
State Representative 60,Windsor Locks,Lenworth Walker,R,1077,51.41%
State Representative 60,Windsor Locks,Jane Garibay,WF,87,4.15%
State Representative 60,Windsor Locks,Jane Garibay,IND,41,1.96%
State Representative 61,Windsor Locks,Michael Malloy,D,1171,46.67%
State Representative 61,Windsor Locks,Tami Zawistowski,R,1338,53.33%
Presidential Electors for,Wolcott,Harris and Walz,D,3189,32.95%
Presidential Electors for,Wolcott,Trump and Vance,R,6343,65.54%
Presidential Electors for,Wolcott,Stein and Ware,G,76,0.79%
Presidential Electors for,Wolcott,Oliver and ter Maat,LI,24,0.25%
Presidential Electors for,Wolcott,"Kennedy, Jr. and Shanahan",PC,45,0.46%
Presidential Electors for,Wolcott,De la Cruz and Garcia,WI,0,0.00%
Presidential Electors for,Wolcott,Fox and McVay,WI,0,0.00%
Presidential Electors for,Wolcott,McNeil and McNeil,WI,0,0.00%
Presidential Electors for,Wolcott,Potus and Kennedy,WI,0,0.00%
Presidential Electors for,Wolcott,Ayyadurai and Ellis,WI,0,0.00%
Presidential Electors for,Wolcott,Sonski and Onak,WI,0,0.00%
Presidential Electors for,Wolcott,West and Abdullah,WI,1,0.01%
United States Senator,Wolcott,Christopher S. Murphy,D,3081,32.72%
United States Senator,Wolcott,Matthew M. Corey,R,5871,62.36%
United States Senator,Wolcott,Christopher S. Murphy,WF,304,3.23%
United States Senator,Wolcott,Justin C. Paglino,G,70,0.74%
United States Senator,Wolcott,Robert Finley Hyde,CGG,89,0.95%
United States Senator,Wolcott,John Flynn,WI,0,0.00%
Representative in Congress 5,Wolcott,Jahana Hayes,D,3030,32.08%
Representative in Congress 5,Wolcott,George Logan,R,6189,65.53%
Representative in Congress 5,Wolcott,Jahana Hayes,WF,223,2.36%
Representative in Congress 5,Wolcott,Ahmad AJ Darwish,WI,3,0.03%
Representative in Congress 5,Wolcott,Bertram Ferguson,WI,0,0.00%
State Senator 16,Wolcott,Christopher Robertson,D,2656,28.46%
State Senator 16,Wolcott,Rob Sampson,R,6502,69.66%
State Senator 16,Wolcott,Christopher Robertson,IND,176,1.89%
State Representative 80,Wolcott,Gale L. Mastrofrancesco,R,7193,100.00%
State Representative 80,Wolcott,Ashley Kathleen Frazer,WI,0,0.00%
Presidential Electors for,Woodbridge,Harris and Walz,D,3515,64.79%
Presidential Electors for,Woodbridge,Trump and Vance,R,1800,33.18%
Presidential Electors for,Woodbridge,Stein and Ware,G,61,1.12%
Presidential Electors for,Woodbridge,Oliver and ter Maat,LI,17,0.31%
Presidential Electors for,Woodbridge,"Kennedy, Jr. and Shanahan",PC,31,0.57%
Presidential Electors for,Woodbridge,De la Cruz and Garcia,WI,1,0.02%
Presidential Electors for,Woodbridge,Fox and McVay,WI,0,0.00%
Presidential Electors for,Woodbridge,McNeil and McNeil,WI,0,0.00%
Presidential Electors for,Woodbridge,Potus and Kennedy,WI,0,0.00%
Presidential Electors for,Woodbridge,Ayyadurai and Ellis,WI,0,0.00%
Presidential Electors for,Woodbridge,Sonski and Onak,WI,0,0.00%
Presidential Electors for,Woodbridge,West and Abdullah,WI,0,0.00%
United States Senator,Woodbridge,Christopher S. Murphy,D,3410,63.82%
United States Senator,Woodbridge,Matthew M. Corey,R,1699,31.80%
United States Senator,Woodbridge,Christopher S. Murphy,WF,133,2.49%
United States Senator,Woodbridge,Justin C. Paglino,G,67,1.25%
United States Senator,Woodbridge,Robert Finley Hyde,CGG,34,0.64%
United States Senator,Woodbridge,John Flynn,WI,0,0.00%
Representative in Congress 3,Woodbridge,Rosa L. DeLauro,D,3434,64.84%
Representative in Congress 3,Woodbridge,Michael Massey,R,1763,33.29%
Representative in Congress 3,Woodbridge,Michael Massey,IND,91,1.72%
Representative in Congress 3,Woodbridge,Leo Almoney,WI,0,0.00%
Representative in Congress 3,Woodbridge,Omar Scott Antar,WI,0,0.00%
Representative in Congress 3,Woodbridge,Shahd Omar,WI,8,0.15%
State Senator 14,Woodbridge,James Maroney,D,517,59.36%
State Senator 14,Woodbridge,Steven Johnstone,R,326,37.43%
State Senator 14,Woodbridge,James Maroney,IND,28,3.21%
State Senator 17,Woodbridge,Jorge Cabrera,D,2927,87.09%
State Senator 17,Woodbridge,Jorge Cabrera,WF,191,5.68%
State Senator 17,Woodbridge,Jorge Cabrera,IND,243,7.23%
State Representative 114,Woodbridge,Mary Welander,D,3538,88.81%
State Representative 114,Woodbridge,Mary Welander,IND,446,11.19%
Registrar of Voters,Woodbridge,Pennell Hamilton,D,3146,61.12%
Registrar of Voters,Woodbridge,Anna Dickerson,R,2001,38.88%
Presidential Electors for,Woodbury,Harris and Walz,D,3091,47.86%
Presidential Electors for,Woodbury,Trump and Vance,R,3278,50.76%
Presidential Electors for,Woodbury,Stein and Ware,G,28,0.43%
Presidential Electors for,Woodbury,Oliver and ter Maat,LI,22,0.34%
Presidential Electors for,Woodbury,"Kennedy, Jr. and Shanahan",PC,31,0.48%
Presidential Electors for,Woodbury,De la Cruz and Garcia,WI,4,0.06%
Presidential Electors for,Woodbury,Fox and McVay,WI,0,0.00%
Presidential Electors for,Woodbury,McNeil and McNeil,WI,0,0.00%
Presidential Electors for,Woodbury,Potus and Kennedy,WI,0,0.00%
Presidential Electors for,Woodbury,Ayyadurai and Ellis,WI,0,0.00%
Presidential Electors for,Woodbury,Sonski and Onak,WI,0,0.00%
Presidential Electors for,Woodbury,West and Abdullah,WI,4,0.06%
United States Senator,Woodbury,Christopher S. Murphy,D,2987,47.19%
United States Senator,Woodbury,Matthew M. Corey,R,3156,49.86%
United States Senator,Woodbury,Christopher S. Murphy,WF,119,1.88%
United States Senator,Woodbury,Justin C. Paglino,G,40,0.63%
United States Senator,Woodbury,Robert Finley Hyde,CGG,28,0.44%
United States Senator,Woodbury,John Flynn,WI,0,0.00%
Representative in Congress 5,Woodbury,Jahana Hayes,D,2980,46.77%
Representative in Congress 5,Woodbury,George Logan,R,3275,51.40%
Representative in Congress 5,Woodbury,Jahana Hayes,WF,116,1.82%
Representative in Congress 5,Woodbury,Ahmad AJ Darwish,WI,0,0.00%
Representative in Congress 5,Woodbury,Bertram Ferguson,WI,0,0.00%
State Senator 32,Woodbury,Jeff Desmarais,D,2854,45.61%
State Senator 32,Woodbury,Eric C. Berthel,R,3403,54.39%
State Representative 66,Woodbury,Sharon Sherman,D,2762,44.23%
State Representative 66,Woodbury,Karen Reddington-Hughes,R,3482,55.77%
Registrar of Voters,Woodbury,Daniel Lonegan,D,2841,45.75%
Registrar of Voters,Woodbury,Lisa M. Amatruda,R,3369,54.25%
Judge of Probate 22 To Fill Vacancy,Woodbury,David Labriola,R,4051,100.00%
Presidential Electors for,Woodstock,Harris and Walz,D,2451,47.41%
Presidential Electors for,Woodstock,Trump and Vance,R,2639,51.04%
Presidential Electors for,Woodstock,Stein and Ware,G,27,0.52%
Presidential Electors for,Woodstock,Oliver and ter Maat,LI,27,0.52%
Presidential Electors for,Woodstock,"Kennedy, Jr. and Shanahan",PC,26,0.50%
Presidential Electors for,Woodstock,De la Cruz and Garcia,WI,0,0.00%
Presidential Electors for,Woodstock,Fox and McVay,WI,0,0.00%
Presidential Electors for,Woodstock,McNeil and McNeil,WI,0,0.00%
Presidential Electors for,Woodstock,Potus and Kennedy,WI,0,0.00%
Presidential Electors for,Woodstock,Ayyadurai and Ellis,WI,0,0.00%
Presidential Electors for,Woodstock,Sonski and Onak,WI,0,0.00%
Presidential Electors for,Woodstock,West and Abdullah,WI,0,0.00%
United States Senator,Woodstock,Christopher S. Murphy,D,1930,44.57%
United States Senator,Woodstock,Matthew M. Corey,R,2252,52.01%
United States Senator,Woodstock,Christopher S. Murphy,WF,65,1.50%
United States Senator,Woodstock,Justin C. Paglino,G,37,0.85%
United States Senator,Woodstock,Robert Finley Hyde,CGG,46,1.06%
United States Senator,Woodstock,John Flynn,WI,0,0.00%
Representative in Congress 2,Woodstock,Joe Courtney,D,2619,52.04%
Representative in Congress 2,Woodstock,Mike France,R,2414,47.96%
Representative in Congress 2,Woodstock,"Kenneth Kusmierski, Jr.",WI,0,0.00%
Representative in Congress 2,Woodstock,Jeffery Russell,WI,0,0.00%
State Senator 35,Woodstock,Merry C. Garrett,D,1921,38.17%
State Senator 35,Woodstock,Jeff Gordon,R,3057,60.74%
State Senator 35,Woodstock,Merry C. Garrett,WF,30,0.60%
State Senator 35,Woodstock,Merry C. Garrett,IND,25,0.50%
State Representative 50,Woodstock,Pat Boyd,D,1783,100.00%
State Representative 52,Woodstock,Ethan R Werstler,D,1113,50.59%
State Representative 52,Woodstock,Kurt Vail,R,1087,49.41%
